N,P,K,temperature,humidity,ph,rainfall,label
94.9816047538945,59.01428612819832,49.6398788362281,27.18390181036444,73.12037280884873,5.733991780504304,158.71254182522992,rice
114.6470458309974,52.022300234864176,49.161451555920905,20.24701393154963,89.39819704323989,6.7486639612006325,181.85086660174142,rice
87.27299868828402,43.66809019706868,41.08484485919075,26.297077179586854,78.63890037284231,5.936843710297063,241.77793420835692,rice
85.57975442608168,45.84289297070436,42.327236865873836,25.47283981060443,85.70351922786027,5.799510673237539,227.13516576204174,rice
103.6965827544817,40.92900825439995,47.150897038028766,22.0462894842475,71.30103185970559,6.92332830588,294.8448049611839,rice
112.33589392465845,46.09227538346741,36.953442280127675,28.21079631814588,78.80304987479202,5.683057352267168,224.27653651669053,rice
81.37554084460874,58.186408041575646,40.17559963200034,27.950267412247783,76.23422152178821,6.280102031766717,232.00654190149194,rice
87.39417822102108,59.39169255529117,50.502656467222295,31.27398729877027,87.89654700855297,6.396849968216628,288.2811352534675,rice
83.53970008207678,43.919657248382904,35.90454577821076,23.90396396915917,77.77354579378964,5.9070235476608435,274.3106263727894,rice
94.27013306774357,45.61869019374762,45.85392166316497,21.691090699697153,86.0439396150808,5.611825965519656,298.0330404900776,rice
110.8897907718663,43.97431363068345,35.11044234247205,29.785537141458008,84.13714687695234,6.593510752061481,265.6905520028919,rice
82.96178606936361,47.169314570885454,37.317381190502594,30.357241110507122,82.46596253655116,5.996347037278974,159.53375254290356,rice
92.4392928686265,46.50366644053494,49.59212356676128,27.650689656262557,87.74425485152653,6.208322387742924,167.93913689074526,rice
108.5297914889198,55.21570097233795,46.22554395138992,29.25160615945473,79.87591192728782,6.284099244072991,214.13115275378243,rice
81.0167650697638,42.15782853986609,35.628583713734685,27.636924935165364,76.28711962152653,6.2628560367470545,286.13497108891397,rice
89.971689165955,48.207658460712594,50.11102277086097,22.74557798589947,71.53959819657587,5.934627179370652,174.18319308810067,rice
117.18790609370292,56.16240759128834,47.66807513020847,30.45752708225261,86.07344153798229,5.779855088329054,283.88384977349665,rice
101.57368967662603,56.14880310328125,52.92182599846986,23.816041699662367,72.20103849055353,5.841902743812913,214.06616829393846,rice
112.72059063689971,57.21461166512687,35.13904261062381,26.128967630930788,78.34822006297559,5.833161715706096,167.97980510005243,rice
93.50460685614512,58.858194078250385,41.464058640415104,26.22548746092039,84.06037917790356,6.045444403568941,295.7673124081441,rice
118.49789179768445,45.035645916507285,44.94497011784771,23.610539717801235,75.69680988754935,5.555330421031799,241.4346500969845,rice
100.10716092915446,41.02957502499979,40.572929284732226,30.899190631599843,74.79123781333945,5.717342308136835,223.41791404163445,rice
119.42601816442402,44.84110543023001,48.44271094811757,29.139435383944612,74.752750879848,6.59232452291779,205.16746990788798,rice
105.29223322374318,52.670594215217896,45.71549368149517,21.0834772406529,86.70604991178476,5.981170097457603,177.97777655997814,rice
81.63100566219056,51.81785886376484,48.55128723684565,20.199053947134274,80.24186116598563,5.839743662796907,246.77591856141748,rice
86.97465716019965,53.81875476204932,42.734706926010745,31.240759864840815,72.75041888291986,6.011599526575388,167.02102818608836,rice
116.98774473114251,57.54678706761962,40.15883255430311,27.91980855241015,86.34444400402433,6.332801217399194,229.44758675340097,rice
89.67409163601806,41.862055356117985,52.944315159066534,30.805016685959966,82.66202914546535,6.008544686573051,202.38143619189913,rice
109.03822715480958,57.94220519905154,52.741728485302346,29.358506550291487,82.84063292308575,5.6262099474925735,174.24430711419205,rice
115.94216754108317,52.1285811931918,35.18394103233259,21.217658514392387,83.27003538216111,5.507592375769328,174.1212077126248,rice
101.94935157466344,53.83790395385387,48.03922519005201,22.69123171352672,84.24358442695072,5.8558736312452,198.80995472389014,rice
109.85965620472096,52.992657980944294,51.98446820988356,27.891354707604123,81.36617206670942,5.640512151742139,205.157370458915,rice
90.60809470726902,44.87979286758167,54.46021109504891,24.717172696001125,87.84093110354226,6.446707938995894,269.2216955312473,rice
100.10548372420769,51.53807769252718,44.85035387637728,22.342915853576535,84.44904230523011,5.921158543661283,153.64739496471807,rice
105.81889183628671,43.54221358814098,53.80917168705828,31.44714292403105,88.29728780440897,6.055238050383167,152.3184924793301,rice
117.13274250350901,48.563682966346285,54.33309638087339,31.563439725071035,87.0601891093472,5.941673338104379,207.7646592902888,rice
114.04546686067428,46.33844010312555,38.38985493372185,26.681615149500203,88.72309548321562,6.54404469501246,235.50917551340473,rice
83.88705975083074,52.3001445339834,54.801077002085265,21.681008182838287,80.36659304727473,6.816059607891933,261.1152926631307,rice
107.88062963981072,54.049681679742186,42.1898230243951,23.52310213117392,86.18722310957027,6.715170092018771,280.0608477870155,rice
116.52962210225886,50.22684797721875,45.03032589374399,29.579542147601302,82.9992786155553,6.552950315886555,269.36890041541517,rice
115.60021367270265,46.75990313703072,42.511659052798876,21.127783278090426,81.56560281992348,5.553913410695113,219.83970271986902,rice
101.70578538830307,45.73082504256569,46.81666521138021,20.366002999268595,70.7469637749843,6.733900840989487,204.02859621168943,rice
85.0824205060754,50.444865201096086,50.39987106197222,22.589852329962117,82.45780951638001,5.628021197490652,157.75225817529116,rice
101.25418526272591,50.81270243220213,47.74859802996413,28.71309600467194,89.5170415892507,6.274450522451793,198.4434709411869,rice
111.80744779074814,45.416645025241486,43.77942841411272,20.941476576107192,70.50701486830916,6.943972622016887,275.3970180768309,rice
107.83896824374793,48.1790588882854,38.46588640141692,21.877244512053032,75.00485796329191,6.3238399970591805,257.18938840500937,rice
106.40789506870925,45.598677938918854,54.097305613263885,28.854763000349223,81.08708105022801,6.417581119351528,212.94000936416847,rice
89.9092395800463,47.11945357302523,50.15692220928738,20.172721863557072,72.32145281013833,5.569003963032629,156.1093203478455,rice
114.21842336044028,54.07315718760047,44.4834765817465,21.17400992781202,79.83231750233665,6.210207656170849,175.98028048650227,rice
97.35406596951893,47.970094687947466,47.317001961044326,27.621123810411724,70.9060801954409,6.061918921939707,243.87898735713546,rice
100.12545034320351,57.12979682376644,48.1738726323789,21.955213124977156,71.4113749480086,6.463628917309474,153.97669658124326,rice
103.43102325093852,58.80460482849915,46.509483557517584,24.658039114478264,82.86576436884707,6.187379335737275,231.84251839739022,rice
117.658592351061,47.722052756015486,54.22381127647829,30.864207703472765,73.91582269578593,5.604041951312748,165.11670020661398,rice
80.72887302606199,41.888859215118565,48.66013546832714,20.854263781522747,76.37951260587522,6.767312966454182,153.4907903603739,rice
112.57873930355743,45.637095495467996,37.36329655243313,28.36084598436981,82.57885693559768,6.8162080202905795,260.26065657058285,rice
112.13923721539393,45.64069145142613,38.548790875594456,29.0073770196903,86.13669478534528,6.98575771300101,211.89265153671397,rice
94.88072343171133,55.528259214839935,41.816070805060356,31.169087907242776,87.16825503686024,6.143491041062528,262.6306601687246,rice
110.1817149633873,42.062477376718654,53.05105813359133,26.063028469374288,86.52914932215484,5.9800744015459175,284.3284842744301,rice
95.56806714936653,40.21675302960597,53.10763952838528,21.095440121433604,76.38627275180829,6.925092950576207,292.59107204063343,rice
102.93751552493144,52.63674424339598,43.96891043956639,23.518529260376773,76.57329090739832,6.508777684115557,262.85617941565204,rice
111.66316174903395,55.79236285589108,36.82412206097381,25.93304365643098,71.15117520033289,6.324293323485604,216.22957520600656,rice
115.508167310332,47.01830025104157,37.341340328552114,21.71590018463403,85.23021263434944,6.427327094974392,165.16840141841854,rice
83.3642722445999,54.0193826291824,36.45526012728387,29.862320711484273,84.12484454312992,5.62202317096285,162.72565711277878,rice
119.46558314004702,47.4854159151224,42.412842941337814,29.753594807090032,88.94497154767717,6.979001595734307,263.00672778884126,rice
95.05038342123663,41.67001433397338,50.542938318548735,26.70085099682966,78.48444018493953,6.8595315776421035,166.6796223459227,rice
99.70500417163436,40.22707289534838,44.37321283988253,20.67563930818205,72.37635832536144,5.676289370165657,247.38154531740952,rice
109.84179517061693,51.667375301943196,54.24345096949084,24.498446954284447,75.71424172563721,6.80289869228419,183.53937577791788,rice
118.52890157762445,40.243089493796326,54.397576534152776,20.51791894340691,87.82286227396142,6.29155166362945,298.94471941789504,rice
82.95186258941595,51.077085688026415,54.38605071238198,26.277174130041786,82.58797276270525,6.543623033476926,218.181159715166,rice
105.10232320336254,51.686286238462,53.02316020981978,20.545356564097496,75.6192637918446,6.925617226114838,283.53956758363745,rice
98.22627011142852,52.40265195603074,40.54762365962265,22.257453916685137,79.27396809879964,6.0300283420390794,237.5484167776308,rice
83.10938547859939,59.487896153323334,54.72421488959206,28.37794056823694,80.72192732688241,5.964291424429492,272.0692529560423,rice
107.38924690215518,43.25233878689782,53.21854368987685,29.870446915078027,88.99599826583848,6.58857926258254,242.01227939036846,rice
96.72972145162475,58.65456966708027,52.32127779000817,20.542624041274273,70.52733948994504,6.0646950503170745,271.58299961727494,rice
119.49104517259778,43.008337822070565,46.8826143070427,24.570690279572258,89.39828795629207,6.763178384703563,275.74930570667067,rice
98.7477263917988,48.2963900467533,40.468141438614126,20.676505959811124,87.29444752510106,6.719351513695116,299.9576509929196,rice
119.86547348295622,51.10863411205255,50.379748303610214,31.337188758589136,86.99294781354823,5.871022152614796,217.58162029651402,rice
85.1663766060598,59.08102054517445,47.1234926890176,22.743713666041554,83.43401368811713,6.427192360686844,203.72440770492608,rice
84.54230368798517,53.43146391185599,45.40615401807587,29.26782070082767,80.40327002223987,6.77827225047781,232.78602581617284,rice
102.43751886141546,57.533072053166904,43.06965732424794,21.60818274140769,70.57565352626678,6.632705883510429,243.04643270301972,rice
108.16319072396894,44.25928323017821,37.727429511735394,20.174535988014583,77.01175117613194,6.38487653028195,208.83660676495984,rice
97.49899688094916,58.08317388987497,41.96510934046601,26.167873869917727,85.67306025482286,6.094814173481906,243.313005034181,rice
114.4945483498698,58.990412473152844,37.94146961858076,31.119051501937932,79.84232586159077,5.887366582448437,218.8703634357392,rice
119.20130301141909,49.85236187985739,41.57503220575016,27.60081025180071,74.80291237556386,5.613794992162996,169.3319582865974,rice
85.1218335583109,43.03805387024589,37.7765434529882,27.690496937638574,73.6376016879829,6.018500924985795,284.5182614859018,rice
98.95846561051489,53.35115477042054,38.4463974240326,22.30746822570405,70.81737232532957,5.7534025946082465,191.78855085479378,rice
87.08041937106987,41.77405067514111,37.412717422012015,25.52934521639271,74.12667436811586,6.0464047915721135,225.51259062822854,rice
107.61579314517462,40.78624279682198,50.98820797818085,27.534804673890893,71.63518063897743,6.810367936160166,288.130860079772,rice
82.44311839419456,45.537552962944076,51.12402559586123,28.9791162846039,73.69042038712755,5.814023985005066,205.5708154187073,rice
99.38091940764085,52.36509543060592,42.378272791395446,25.550416593597774,84.94941876267512,5.555024804335897,187.8655416516031,rice
108.5339834353821,57.904136753743984,45.233548842313326,26.385361823183786,72.14344022679552,6.171118550235182,229.89258996825347,rice
89.69882014538919,45.38486461898762,42.54568326209245,20.240854373332716,76.44158331166356,5.817172010494817,199.12460282668718,rice
84.79048527277004,57.8105456147979,46.87184907108097,28.149227829733874,85.78342477214676,6.247663298393586,163.03804321311355,rice
101.48426167274191,51.736822360417584,49.908789483686604,25.179914554756152,72.55160605591128,5.925663858698087,204.46234445979525,rice
105.83668965326405,51.41556609337824,42.12193451795692,31.838182985515758,82.11549638713774,5.855840187603992,165.26737089306056,rice
86.11436556737328,44.919154567690164,38.21362746519112,22.23880428861567,75.70190337387695,5.760060392942132,284.5148136939638,rice
83.20934982646568,50.49022779140509,43.20793653979323,31.788543402903276,72.24077804336105,6.096783398568612,295.42056499130535,rice
114.62028503575921,56.341441418985596,40.1580565408988,22.05065104868079,83.37286439848862,6.894063983691378,233.51443395208946,rice
102.864507578796,45.599581873205686,50.38985866383874,22.24452498269028,76.47358472808487,6.138154657924625,226.14155680266825,rice
89.69638929660321,42.29673649478407,47.21240084883265,23.46356663888307,81.62476442845224,5.731544072911303,222.17101527822263,rice
101.30357730206343,41.036470736448535,41.732085563878414,21.612976123267693,71.26749940945535,6.984940348584917,198.35307674620844,rice
112.3949778341854,45.092813095275275,48.63005444447859,29.122734318676237,81.91277481215688,6.207364282825237,211.7761371220903,rice
93.95473066171981,58.59058288495652,51.61238815575459,31.58032292799815,72.4859444697109,6.596301212805466,290.7510685231557,rice
87.24932264662641,41.329925347335546,49.82241298580118,26.893677358158943,86.83657553516544,5.709658564939434,269.2900967789835,rice
88.06509280190978,43.27311885731409,38.28531595861986,29.774896642776586,83.303944413924,6.284598137153679,203.82457261852537,rice
115.08802163252433,47.84890214845271,51.33198878943154,25.269618902842623,77.53888858849815,6.19401967850441,195.2066811246213,rice
109.90437520705004,50.054407801849585,39.64425390293635,30.794894879294823,77.67782442746423,6.315329291670983,285.97081664468203,rice
104.96951983655968,42.33796081416728,53.796642472269504,27.532496636857015,76.69811229314172,5.708908108995081,269.1037783905444,rice
104.80291023714054,50.66922183952643,52.87785166101915,29.46316653469437,73.03349759465502,5.9675831016933225,187.27337097216986,rice
109.75785170290708,40.67064869471559,46.39779369742633,29.149504228888286,87.53531273523498,6.013122623073861,273.1885957008019,rice
84.42526947820829,56.92904583469036,37.549773246639646,24.767447486724407,85.94590731559107,5.72487614102316,184.38770928489623,rice
108.89010273572265,54.40073073092149,47.82295265770595,28.3273813336052,80.85448886695193,5.877698588360429,201.85439902558792,rice
87.26390867205703,58.169011226672566,46.66783589532241,24.81021700116368,79.24011607288266,6.920925009417723,173.00271046741204,rice
103.44919328067189,50.11777357768932,47.22908470869296,20.217322205850085,87.44247817888302,6.898177423725419,234.76997753838134,rice
107.8660329550757,58.449987623545915,49.14477268626797,21.830468514971137,81.52576720333626,6.410072569574284,213.61960069535792,rice
109.45776942498891,58.687340295380295,53.51137025813553,25.410072456849583,72.2647609168151,6.977261798443502,275.83471296689015,rice
84.98650724813068,58.416837652347446,52.39792724124257,26.226056685512866,81.82550871489859,6.098504055805195,158.2142458233047,rice
93.40788966583604,56.05706897196023,35.092640460092056,24.00199006029373,77.96337387181887,6.306093404406885,287.97834246191405,rice
93.85383977463844,46.93906403792455,49.75002496219497,25.426615290677688,74.49209645879964,6.17865927419904,171.12855305696996,rice
87.05547946024893,49.9673554547896,43.37850899009096,30.9781508128172,77.24787798233267,6.370882525417065,244.83964318792954,rice
80.52377826353334,53.27074744033421,38.56071933739503,31.532843809633462,72.97325455506225,6.121936185590536,162.80245021179658,rice
119.87497007383789,50.043900206624855,46.90770034640087,20.80491772866113,84.99920940798356,5.814858389643379,284.7081434161071,rice
88.20558561928028,43.81375441327333,35.730993356961896,25.664803341319992,81.29682266525234,5.598562959142528,266.3291425042516,rice
98.13155338992111,50.4878053865516,43.81525493876456,24.80915673050391,81.19280662616436,5.732860368896069,177.28921957429066,rice
114.47142484054069,58.922309242672654,42.46618632559506,23.248936077722647,82.87999086478031,6.113101256647145,153.80795334905173,rice
86.24610389464762,54.31944457694795,48.17847883820303,20.325151910041804,74.43944323865898,5.846612194882107,250.78391153980925,rice
80.78842151017457,42.082171639691474,50.99832170746379,22.142535944652003,83.0549221570375,5.85727417157009,164.91620891390178,rice
89.72688763997816,54.44533863711318,52.11392936212572,29.9626383748039,77.9436705923691,6.502127704855969,180.74764431237315,rice
91.72590921044053,57.9267163704224,35.260038470214724,21.026102370253618,74.15772510292055,5.53979830581073,177.2153152634696,rice
103.32166243878768,48.42849101184996,52.8534342215395,29.80932274086129,76.83634703395752,5.889135150146939,206.95386122509004,rice
103.6117977005923,45.36127281645753,47.48297815698268,24.912939826294885,81.0409436170396,6.154189793702975,194.16986393128764,rice
117.93813227848626,55.27211588319521,37.80226351532905,30.421615710774955,79.74862396499027,6.841828340341137,269.9782883920973,rice
97.00854017876934,40.44938616640235,40.37354718769892,26.499610575930404,82.66956439652294,5.886831528149804,170.90341111092363,rice
113.39720947197196,59.68804361407104,45.51380364605372,22.06015143017964,75.44614653038738,5.5275860148212,287.14482098407484,rice
84.71004331560565,51.53032951028507,40.48110441374412,26.650136030189522,83.02840776703728,6.744612705560803,180.96319076409048,rice
80.43983314633923,42.737712601376145,53.0003728369621,30.486680930750182,81.94826204340616,6.40077529065048,249.7555011819383,rice
87.01485114493798,58.2882389184992,43.375410497841465,24.59766233899397,80.37835410565675,5.570448950162582,174.9425053134119,rice
109.52134465705481,41.65597335850253,47.06304218932776,22.94418931617585,77.78591228083953,5.93304060515605,203.35090746974237,rice
108.76183620736981,45.942434312463504,46.32809280593794,25.712604826389196,83.27342330725295,6.905244608987137,259.88581458153755,rice
88.59761514363026,40.62366270122569,40.2452808859965,27.140935168403058,71.02851626968501,6.244549370801854,239.5264273375334,rice
93.36975563267843,55.41824407491644,37.131965062675434,20.901653380829707,84.56377512407207,6.243236974309298,253.2603594641604,rice
97.39309354414985,44.92804066478214,51.38204635348399,29.59299054762775,83.89392941708854,5.908217705844944,238.53460003036307,rice
94.43895587760107,41.83164146653268,53.34627150924486,21.641823571027537,89.00474707641605,6.169008659436933,177.76993932579296,rice
101.67603789513433,57.45891671752817,49.644497728191226,29.678733774337395,83.17566733421435,6.538414846776779,277.3793477347979,rice
89.98672035436743,49.78849927286281,39.42418883639205,31.852016095959762,88.88118679373227,5.559140217052759,255.83627587735327,rice
117.00993269662663,43.61150690254667,46.35890461105259,30.9858595710565,70.67891957171598,6.546130400870259,194.6023511058826,rice
116.97584781506121,59.42116490330736,53.88532978226868,25.690570599889565,87.24085301978627,6.766824097802606,197.86507098648835,rice
113.1566189660271,40.740152694309856,46.92539756964106,22.760106047452435,72.41133771554557,5.615429802443813,254.44331638172096,rice
93.59499855072265,54.49533543057523,36.30712681597885,23.783484053967324,80.78982584750675,6.6860847472584455,197.81287543981048,rice
105.03565505748037,57.71955496472374,47.31726376364609,22.795513697043607,70.48801563113076,6.805148310851395,153.19041162755806,rice
114.98806690736798,50.57874268054424,53.781353970257925,29.585398829283985,89.95868221066675,6.026067723177565,265.07824333966903,rice
96.07723654436968,49.59751240607818,47.5501092643674,30.484125370236065,89.6816693839859,6.652410120796777,212.66501732510005,rice
96.85428009108281,54.75164603177783,39.775542915366046,21.325689357576735,77.09244315281553,5.930858487481123,194.4462180683985,rice
89.3443100419964,40.84186379272724,35.35747869466827,31.85266867683238,78.55546267471725,6.076489970739523,251.94709240396048,rice
88.73015551460257,58.99922367900451,50.72690028831104,21.072932027747115,78.35161551569857,6.818677461343247,291.70980334371154,rice
98.69606044999479,52.268227784214154,38.3406789218415,31.894023513643717,74.63343402766887,6.914097661202689,247.44699734885526,rice
104.30947179515437,50.25377022033017,39.61339623435517,22.118336384066097,74.4097241814035,5.7796573932163815,266.937671035013,rice
94.00501036666921,41.15685353126793,54.38205260281623,30.60543061956111,88.55504566390425,6.992361733969653,176.0842873829231,rice
95.84968075610635,55.164769514081826,48.92041236107585,21.84675087607826,86.31666249981235,5.836660857754991,183.57264222339347,rice
101.47897691573654,51.858798696834064,46.60172415675622,21.09784204877306,87.5492172526076,5.898400063883059,169.42723819242062,rice
115.54992319475909,59.11302996459507,52.24255234530901,29.714192896698535,83.10483961278044,6.326286055913709,163.0480139867115,rice
96.33812852282794,47.45377034024628,40.195075675206525,28.68104136426302,79.91751470157541,5.621569323861472,183.0274802924717,rice
107.33035054638384,41.522617189806006,52.02413828097538,25.941758324167694,79.61173154653297,6.388611676989276,273.7021448887724,rice
93.91236831608772,53.56032305118127,46.31463927991582,23.204339242033058,87.57259972710315,6.696139032410392,248.76777519876384,rice
114.02326916376967,57.34588401919605,49.1672595343007,30.044159940364064,83.94942923338567,6.520211157640451,242.79170673227765,rice
110.10866558230565,43.17210210586148,52.617415183978565,30.462122332942783,70.58494566069118,6.738725125847144,169.3304801210168,rice
93.40475417036568,54.87016512583216,38.21519792096616,29.815604289428748,86.64268355915485,6.261201600641254,150.95788075752503,rice
91.48152532699652,52.33853836751484,54.62372356054847,27.58176232420002,75.1960716212832,6.451008554649417,230.99780695737832,rice
111.19381580604575,42.13961277653917,50.22055805004056,26.495198944113323,89.25984007717989,6.012808249058029,244.89328397009223,rice
117.2811242204007,42.05019455981358,53.74456974472902,28.254628667609758,71.35674118210343,5.951445350420224,256.22581329679224,rice
82.69402405875087,51.643409203525465,41.917661139059135,27.450986213209724,70.91484067625025,6.807305209228565,296.02334537660954,rice
118.75511421142767,54.9930366348585,37.60172480261264,29.09915835114827,70.49173832917603,5.533185327293496,198.5415328724312,rice
99.54572761618664,55.40814835615586,48.665907532130106,25.350832476520978,75.47253332563332,6.995686750236567,213.92719533539594,rice
98.05548097318702,43.27247642383338,50.89619097499859,28.324186709377862,74.4153922557752,5.623571568423764,252.07489531120694,rice
106.1804485712454,45.46519053996418,54.0172712450082,21.812694701370802,78.64669602085203,6.9154238802513985,212.95909753891834,rice
105.54103790656342,47.951887959255885,40.4843040469734,31.807731775517937,78.18668012630086,6.841148805518701,184.49319088366292,rice
88.52418816100334,40.62268165769023,48.0333365075177,24.422316124685132,87.28716499679274,6.209814860037335,295.22901418720824,rice
87.42102062812485,57.37246335911222,50.53193705583483,29.251062135728624,86.89566456233776,6.641535986414498,243.93304824471232,rice
85.2497951072955,40.65052358982504,53.41695695631374,27.399803774248856,85.93074581952352,6.222283527268825,167.59622834435916,rice
85.00743168810202,53.71130574457943,43.60611789798925,22.40629672040404,79.83189093482873,5.596313405612701,237.2957102871598,rice
90.75973617740391,55.951182012743764,41.207239178471475,25.462641788981614,70.23241079816201,5.6086703316918385,208.87403346100274,rice
99.19755338868494,52.00041096238607,40.833251574186065,28.33978263351851,87.2024479437841,6.669776483340025,155.94282380225357,rice
99.22027789031316,42.0986035683635,39.84090031725055,31.839951119205757,72.84991085803027,6.248332230177034,242.72336014771787,rice
108.09859882176416,51.19297366973828,35.195416948383674,23.917535698927903,80.35423286769424,5.63179974871725,202.59403968137713,rice
81.32812435165467,41.571569943100414,42.93846552403192,21.592589048516725,81.35081696523116,6.534197453705898,270.08800486636244,rice
88.0060097697924,43.349651645181396,37.091356806688005,27.637162994523642,84.12951452973802,5.547379217238463,290.4318369365535,rice
82.0788513460589,50.825926706021406,49.18121038901833,30.451629484953028,84.28173864264855,6.702592124604688,200.9175288814209,rice
112.5930045498605,41.6022969276935,52.89633312121055,26.571108513844834,86.34595539924987,6.17847742677745,246.53665427947874,rice
101.05610643744453,54.63179043510664,36.632599640611794,20.724225007886766,74.94206468020293,5.739317020169782,280.7675349888302,rice
88.76855949432178,59.51730511638263,41.737915835422136,22.18541498826439,85.79397014284959,6.488061663251314,224.72935746797083,rice
102.21454203750525,54.384035565445274,39.56909482662597,31.956006992680905,89.49586324293566,6.475488529520406,179.93136763937179,rice
107.20912969725165,41.443968179583514,35.61305004411612,23.092194662134563,79.25245913478632,6.802408758112571,259.0753604649462,rice
109.70826084799924,48.50986668896151,41.91869985093926,24.452465155815233,89.75299127472115,5.560163787118723,280.0547244183673,rice
103.14701634289574,48.77230838379181,49.50515320830273,25.840027297096434,87.46846476163321,6.851052796016887,213.25813903101832,rice
91.07311188940207,51.84700657186724,53.24726691233382,22.527946268068,82.45933167126965,6.447340330138781,259.96695336229214,rice
85.2627074050904,54.31649929364177,53.18065041331282,22.156197306442905,74.75086649847755,6.957092641062459,177.14654290642346,rice
114.17540373478317,49.84555712896069,39.94462148806354,30.448998815270137,78.90610510005331,6.272226030894535,203.88500540996486,rice
103.71803405739709,43.27047745170046,42.821630733035214,31.63294786802345,75.16266865402255,6.4851049968119385,198.77850963370423,rice
110.93892502746402,42.617473214366996,54.39642090157089,25.445474496603673,74.72100926692929,5.610245120995019,175.4636857631311,rice
100.79095794224071,46.740063528625726,51.577667317652185,25.170650283941672,74.97428545175259,6.425717479906045,256.01658253281687,rice
76.681676316038,38.35238432576635,30.73342853867086,26.836824180787687,73.2760905524361,6.449261751499628,181.30045387630366,maize
102.22680611800213,46.70708728793504,47.36542561026518,20.47009452044122,62.238392387954555,6.039499223033979,86.85042273071778,maize
91.24678112004128,53.73211384589923,30.786870813370193,19.46531896812032,69.0439805656687,7.36775003505581,117.93873259721006,maize
90.2893923475357,35.83145718100784,32.966864019241775,29.839561475506162,79.30237392872091,5.509879961868819,194.2174142507887,maize
95.56479751262002,52.35836589040044,39.094797112677185,24.187152342951002,69.7769316051384,6.833728515092209,96.75815057075755,maize
71.19894359490712,41.15859883182382,44.09361525473294,20.42224142547538,73.46864866649835,7.439824092214541,91.2680858947302,maize
96.90408472900505,43.87500438609142,47.362845087550106,20.125797473368632,73.85251904452329,7.17623057929622,193.3537063368828,maize
97.32992113158583,44.94349528016855,42.35694480402428,28.42685981374462,71.4121949327766,5.560774119393674,191.71384346083732,maize
97.58107004126245,48.53026771554493,34.31350304795434,25.906625642791887,67.87728811308317,6.802465954082984,92.79116363695888,maize
96.31381218412145,54.98827451541333,30.96424077721112,29.72609021065581,68.13815921445742,7.241506900674518,173.88625808699283,maize
92.68065043946672,49.76898418502653,47.57031122602696,22.849683859812394,66.54066323126477,6.835186771127169,176.94151303295104,maize
100.49140539106463,50.95627297717269,38.711666296258656,27.81401059410026,62.40418110741217,6.588978195921699,80.69103925977458,maize
82.98343319601081,42.32923069742796,37.92345383218511,26.345606480278345,67.77116202540691,6.397387245245062,108.50529570491929,maize
84.9300716651736,39.54539254526303,31.46391847536887,25.241383120576536,73.36425597110032,6.738980692019229,135.61928525606868,maize
85.19143120716919,52.26667299143651,40.38163570272436,23.75018253155677,60.512841316128714,6.182495655252312,125.62347425430285,maize
85.95291123587602,46.60344738454665,40.672050934537566,25.294861113521335,75.29766523084257,7.125971477432187,166.17476914717935,maize
108.22094783819739,35.36465165352723,33.91555971367092,18.090754499737706,72.94949428309206,7.296061097899974,109.21787558915591,maize
107.08138179185227,36.20534780579122,48.68872053611028,22.21947224687561,62.02841656898433,6.4717435183726515,110.81318812646096,maize
81.39491607847691,41.14579929852573,46.06051795665327,24.469935320103055,66.22615398312007,6.720667566621836,165.93808090678323,maize
80.90496002934135,43.27098203050703,32.437721866738954,20.173792194416166,73.62235707929966,5.862876695391254,143.01960604004722,maize
98.3618504688973,37.13753846189488,41.34624439257807,21.078753404416364,79.2585375047516,6.467091293439849,176.71910597301897,maize
92.00906168625048,35.86825065709638,42.66302751188044,29.416840106479885,72.03223640292663,7.13837771885358,186.10477560180894,maize
79.1231908779573,39.240896798164535,42.21961977701984,22.93234163768046,76.7972260573344,7.300046246796022,122.41056551632617,maize
79.47482235897928,50.61051030487724,35.49612071096272,27.871371822164143,68.47476507297526,6.835099798582941,91.46423766016018,maize
94.95437298706292,44.03535357474458,41.73216926350948,20.01617049293836,74.73747489888365,7.225594155086457,106.00877601089309,maize
73.82858222080647,35.47277172092673,42.83943000886532,25.285128433065367,70.9339482542814,5.963894192231951,126.90871950866176,maize
93.77905340744692,44.935337177183385,49.755710404297744,19.6372770306808,73.90289108095187,6.308637536208584,131.38395379107376,maize
98.70391062632706,48.84872302648739,49.825119874043764,19.540731473449505,62.08219298768333,6.948677634257482,149.4064300407691,maize
80.96642666239224,36.58838737977973,31.71316499192861,28.73029049596942,63.837346494374856,6.146743124231041,107.19876826723856,maize
84.1998522332775,36.38847685492187,40.38119581816541,18.811350763106578,76.00713015644723,5.967424163820866,144.80142975254125,maize
105.20316350245832,48.01754738094388,40.65915573102671,21.892005037384507,66.66003826116396,6.83897391039638,199.2967233465401,maize
96.47356759397515,46.1556683474005,44.61301020478492,23.582467347404616,61.2028468520157,6.62459363175582,194.91503414064562,maize
77.01211769430638,48.80009781641331,34.01867377318113,24.429932213676977,61.93352899293439,6.40074187251637,170.7395994674295,maize
83.90286096955928,48.29823448974436,45.90899921579458,29.126133833753432,64.69284163710907,6.298631831618616,98.28992159965009,maize
109.69934008633501,53.54001935848591,40.799142605611195,28.104399532517057,70.41915954544085,6.74717137600552,90.69493185392199,maize
100.21081681987232,37.5542696727047,46.521352605050566,27.38433705204463,74.17489395485953,5.572320761049524,116.37540271343943,maize
80.52450279643372,42.202728149430385,31.752854935276773,29.243493876372753,71.07604481424752,6.111048621316047,127.637782048914,maize
87.88810162019342,47.011886667212345,40.313588553929954,29.032703678573007,69.9392696581166,7.484316029646625,182.1709949294115,maize
78.34042057429343,53.61190429287832,32.32732795770952,27.809396501894298,67.6124658695316,7.255948640890139,184.16680281289405,maize
102.23701600470486,50.80060872614123,36.09358278196082,18.971031396615025,68.05960357530323,5.847049029973017,163.39413066829542,maize
83.84398906151142,54.5122040171983,42.81944154690664,27.869766763612333,62.65049345483697,7.224028964545245,190.7308628616073,maize
89.48247675275744,47.12505875501955,45.29619601805991,20.09806352712495,70.05132152926885,6.297326055544627,97.56487905946989,maize
84.70137689166125,36.36344618770987,30.51623813898974,19.621995469857872,79.26230223178348,6.599059071790034,195.89865933838638,maize
87.29991513320527,41.23632266170519,40.122837256804885,23.274140263594923,62.11329368523488,6.781652629380412,105.92458190115195,maize
94.78351819591319,48.00402184796307,33.04049706257296,18.736195525328018,75.6152317213688,6.41960084753864,86.9796554606571,maize
109.79465268679068,36.15561121992733,43.90070457717106,29.804147103160965,64.78360208431852,5.784498737374392,94.56619273069147,maize
82.13100590270382,37.02091622021293,43.84322683388264,18.74750157756075,70.18844256299579,7.493393707705954,177.67643234072227,maize
94.60877752924043,41.125072415732234,42.47791672583277,24.32449756693982,68.52166767780743,5.761420753480399,186.392505828856,maize
87.99138595285291,38.8924502364153,37.355187017545795,22.969557030347126,76.55075791133748,6.967228761122804,172.31658723696077,maize
70.4412505771459,43.323079963595234,39.62688303270647,18.23030732187668,65.19626417490069,7.02057964624427,96.45316468747988,maize
91.41240525810366,39.30403744034475,30.242415492877864,20.8944174911945,79.51747509820107,7.103074223765979,195.149197318524,maize
89.5141617570545,37.19472397355007,40.95918977947386,23.45252801471953,76.88714165479232,5.696165161568489,138.58893644261337,maize
76.00194658775936,41.4935185378012,44.747141547755994,23.712217552425198,67.51776570291538,6.288952557140071,135.1336122087184,maize
101.40066175348227,52.84169377880469,49.10669373007856,27.44284063506354,66.30813791496026,6.876269412173084,132.51237488664702,maize
80.18682488184204,51.81743158851845,30.7685269792465,28.82114390562508,69.22954929249468,6.774402953616561,159.12247066469394,maize
105.80470962826146,47.733393643344144,42.27867169520124,18.79982448672828,70.36816043890408,5.800338001634083,168.49205224657828,maize
90.48887683250697,48.604555584167066,30.833458012047686,19.017504192549637,74.32646776125364,5.644168671997347,88.55080733183104,maize
70.4843390093955,54.1300279659896,44.75016718918014,22.23901690202477,65.9307116257531,6.1994064594916996,172.95842374174183,maize
96.45482444281657,38.703911357349355,33.48218670668169,19.180747796560766,73.20605439402676,7.028745324443472,111.80557139900048,maize
70.83779844123652,36.64343334952855,49.357200696900605,21.545337329729044,75.38446295676268,6.749327137708527,125.8327567583475,maize
78.22749048782221,37.42772836318813,42.30025936077733,27.295605367653458,72.8780850708226,6.560604266498316,85.03414681179635,maize
108.73955110377536,50.97428383309149,35.856440734019294,29.759643952306206,72.03763179272644,6.6648453164144925,169.76878153154385,maize
102.4707915236055,48.12957214663005,32.561914927324,22.059210071933983,78.56167280652099,5.949231223687704,124.66004286050159,maize
87.28307531776784,43.788099793889046,42.25879164989051,29.316910052936493,64.8138542366501,5.743002752601836,103.69645878319247,maize
105.47699600837078,47.916216253104125,35.7181357847832,27.791363267623407,77.22739992726872,7.193028677380556,190.27118403674655,maize
80.08964080693447,50.10083857492557,39.2107899454828,28.10398263468074,74.56981354323227,7.052894892999449,158.73942052172856,maize
77.09715077878828,45.900538377938766,49.69339479049016,29.248656797965428,60.863474715940235,5.829629631458874,95.80745281454743,maize
99.03919639941182,51.355706597138905,34.27022732621344,24.070232315421947,76.814060560224,6.965603089532501,145.0684646590218,maize
93.61390761835091,45.167210938325596,35.95096902637641,24.780263914308193,73.7777060410018,7.246645831721615,156.3549624775098,maize
100.44486148172632,38.20143269909146,39.2311494883958,18.111979437925118,64.93357729043245,6.95292343022601,199.0171941619236,maize
73.96712398348863,43.02988631722577,46.00141937398319,20.448427615546787,71.10169898604573,6.96614259205935,153.91825403122147,maize
77.52098938461664,42.107691373714786,45.675835689707945,24.6507181695842,60.104592270858255,7.021981520056188,84.23736259282869,maize
99.82935130924929,39.04961120330475,49.161469602387605,22.415289015625014,66.53863232676159,5.79777610066489,116.67250585882579,maize
105.06603047312802,54.926686752544946,37.36619061013697,23.38332757145451,74.44141876405475,7.272391560930149,151.1653201024141,maize
85.66102792711317,43.25243681697248,43.91236292993614,18.038619163251344,72.39178674919681,6.210986020882714,175.3036797532501,maize
73.71962559292528,46.76404533896781,39.619457797722475,25.70790631086273,61.297071889659364,6.659967574856262,147.37815055514284,maize
92.42640377664684,47.06975333192909,43.529358744527244,27.659867996169236,65.39641440256429,7.150098820360125,139.79068187161442,maize
73.08233116537325,36.17101858487958,36.684766373921214,27.418763725337612,74.15361869481832,7.077229929344813,142.07228677299312,maize
87.60795991821962,37.94905053412568,36.56385507218623,23.2082323940865,61.772008593592346,5.941223905422422,151.78703528764868,maize
99.42652456956759,54.966950227858995,48.66226662687116,25.7107823944223,68.42496106588143,6.772354729416465,174.27819416962785,maize
74.7334476369355,43.19809779392577,46.79604571271234,22.60599542319653,71.43744542454372,6.675538721724396,102.13715037603671,maize
84.48941766609154,41.690225774838645,30.523934170641297,18.290301166696263,76.63394087351547,6.046141619945625,142.16945194865787,maize
81.94902294355091,53.813584902306815,35.18593517731547,23.15588175286722,77.45460500969205,7.183867133583617,102.33217014155328,maize
102.10573239182841,44.16373773475785,39.65937744170711,19.601759668991324,61.612030275142494,6.95587861394753,139.57533828263598,maize
87.47402810460719,49.590164573047936,45.3102579798222,19.906898012032244,72.20450298955282,5.770708164555371,170.1650103234855,maize
96.27820625068559,54.13229242166916,31.379160327128425,18.68465665381505,65.643741493864,6.023411367471812,109.63745588863998,maize
106.25018322084146,39.99092399699012,35.43899452257262,27.112779149015566,68.9947968490108,7.053421113910362,87.84393890772623,maize
89.50284774693537,35.672272003665654,31.25306406910709,28.877249440132932,62.78490742235191,6.564841364550434,129.33147231208477,maize
83.8937330503537,52.99666691374545,30.43646793550979,25.96547623410707,79.26788868427101,6.620336366923684,192.41869544397102,maize
72.09031517144095,43.37586638148323,35.203155819241026,26.76985157976876,79.62594180994493,6.013060124888495,158.50095217688892,maize
77.9239053103896,46.306605091432196,39.27864973376673,29.664063955578445,72.17054545392934,6.199012744173638,93.691494186552,maize
76.04987314939738,39.5063385990247,35.01933322680596,28.207392694093656,71.2244557656505,6.546781822748732,93.7722646243061,maize
104.4055877339774,49.456286064169674,31.353367238000033,26.494021166757225,70.87076434685292,5.663450691493557,134.99607698343877,maize
89.38785148520188,38.31549080326552,48.913962940005646,28.199704457767943,73.38044674658217,6.424591122001214,129.41186499014103,maize
96.03893868603816,45.90863738813811,31.24546211763771,24.150031785243982,76.12807234465679,6.418479755193916,86.23478930651221,maize
101.45112797536132,39.02727564271949,35.172416697760774,19.97647624118755,66.60430129742996,7.01350301137727,142.32630314047248,maize
78.19525096602851,52.556601563040815,47.591637099030585,28.44694110055208,64.77592422763078,6.402478688361976,198.198758736905,maize
100.88049905239961,35.543348424511194,31.30409182520984,23.567176521747992,78.1844041172312,6.5774035959054284,139.73750096411482,maize
74.21894799826522,48.13560209448588,46.44206321200451,22.565040090090747,75.51223701850655,7.428953307801623,104.4519750953227,maize
90.93318524778965,40.74275916169151,45.857088380676785,24.931120390573888,72.69164835100608,7.095828319231789,127.51645671949458,maize
106.60360273628173,45.6605773449228,33.15909645670696,26.350789418025627,75.86522700876509,6.133523354135053,182.86151083985035,maize
106.24573019063065,40.53808974755618,49.67042945430444,19.6885383365851,64.0403133680498,5.868449678476052,187.27876520094446,maize
96.17170209299847,38.04208566444546,38.80646836736698,25.383576300837625,61.66928169978767,7.264832736814677,176.43242425298422,maize
90.20827094306553,54.34253230518341,38.35521958550199,29.809323828437975,73.35839997607255,6.7693425465078825,99.9145874354942,maize
105.27711033218576,43.54979375841231,33.24466811564959,18.15129023970911,71.19511367276765,6.554799244245353,166.32243468429903,maize
105.61032212071208,36.58813169286059,44.62992980680725,20.248943329170988,77.16354106314327,7.138127027723312,144.8952505982653,maize
98.40971194493247,41.287002263674964,39.42335797865629,27.85964277252566,69.18530394346428,6.215596530650884,139.305493670036,maize
103.12997009748874,41.704160947417456,33.47523186271488,26.54416824396937,76.51956425416164,5.701274957047067,108.78489353071336,maize
75.67887959043975,41.95882823164333,39.007019578108256,26.985916043559676,73.02295169763349,6.741857134956862,122.28499359315853,maize
103.6579021233904,44.42574334796329,49.58209876030309,25.609705659548844,62.525294831290054,6.8523551241508684,119.01248185180387,maize
97.4530878674439,36.392822963248115,33.497628743519186,28.268847106869437,64.5435911404703,7.17408225048588,113.51313061452925,maize
95.71527640234831,48.88301147019662,40.25309506290106,21.663728120360776,64.25288752742192,5.566378709124852,116.47356814888686,maize
96.12651162125132,53.766096368969656,47.42408964526104,27.19277731842363,75.76894686506597,6.829969806951991,111.23442290792036,maize
106.28780122823319,48.41464623811668,41.2088126196088,19.331873630561773,68.9411108761285,6.420716542403852,183.74763314272042,maize
91.86592880751154,42.60801097940819,49.53600657021319,19.32864711991579,68.45096856623888,5.584049350342811,168.78849449203165,maize
106.72306208796603,40.60074659100979,47.16683353598242,21.506618765542772,78.2154032328783,7.007923807193568,176.58881322097264,maize
70.72026222401819,54.256207141480516,44.53341984140646,21.6570131446336,76.58789329717695,6.06304239682986,184.73046074793535,maize
74.50321561647748,49.073719549215916,40.813969532898206,19.15841364234529,64.83787656517678,5.524808072554629,136.25215585574068,maize
82.05061043040001,46.96714968595518,35.944756154172346,21.599029338083817,74.86386397463207,5.596285671956707,188.34739942303847,maize
104.09055497564725,48.35609366452813,41.86443140214769,28.70762997767583,63.70660359057429,5.657938324381657,108.74122038914457,maize
101.78313114800761,35.693405334529665,41.656136701669794,29.945250194295717,77.1139218767508,6.5428913780871785,87.63690911439708,maize
103.25494057542839,46.97957016354421,32.29865994119134,19.126287417880274,78.19253638873185,6.838400525876157,179.51441591801068,maize
105.15915601129069,46.435447040966444,40.34892703510083,23.16512892385188,66.33893175582239,6.369191921717423,172.86555868761877,maize
94.07693724060526,52.85046579909692,38.867600287583755,25.28507494462505,72.62615106183978,6.683394324612651,164.31605277026196,maize
79.49733873499225,45.247275550915816,32.084496056166955,22.61413593173775,69.75334137242528,6.804448519090945,194.0637263103444,maize
94.02604266193424,49.87187832353119,40.12532118990406,25.609248376515975,61.41864432267547,6.008783161683694,123.42237118461665,maize
88.89973420026054,35.91297491004767,32.80048195106635,21.32177169349567,79.43065381802101,6.162694014206101,137.8449269734499,maize
77.84390850953572,47.215601421515366,35.613664310319486,20.483910941261122,70.33145256891959,5.511011598320842,80.91968391790704,maize
78.76275236407432,35.734427250016424,32.16051508261383,22.066327792065017,76.05171359159625,6.644097286738601,141.52012711476996,maize
81.73955292832487,53.63507438865633,37.94030082474383,19.045113201549256,72.34133032235603,5.727676786953203,121.42677713620304,maize
90.29647754871235,52.48445049370352,39.87093160680237,26.42710519237997,79.8563367799814,5.762978239795963,112.96778306234233,maize
85.78304302390586,43.43656357077663,38.22042150531092,28.891332030678658,74.28065288933713,6.715810428181408,117.12472614353385,maize
102.95161536885179,54.101210229699774,46.42396565100453,18.018781262297676,72.72802740366814,5.602270762884201,110.91286644004663,maize
72.38098801391087,47.075909058987754,43.731798269852135,19.373851656790862,67.67677766089959,6.4124730179110845,124.28636261130998,maize
74.84100001940772,43.378955803749506,45.02356095616836,18.852091974399066,61.603600281638066,6.209542583671968,193.007085394271,maize
96.74290586891657,48.5733991334513,37.2383998167573,25.123929494502462,60.202623680554865,6.772192092819084,189.5944337091484,maize
94.50293873379277,52.4739718693269,44.479461109321875,19.44670099684428,78.04906614571684,5.63288768871155,144.07609670573166,maize
75.6854849517383,35.23413221461808,38.44068520255278,21.540488491849874,69.72000987595206,6.654399773469102,85.24868867707369,maize
74.92013180494982,46.172847929008505,36.86334706345316,26.750081850593375,73.04583297183879,7.191208725979814,163.09913920030704,maize
87.19724309560593,48.45933244788865,35.50762348510837,21.675761985338553,75.77970319841586,6.392839032803164,175.8056408622023,maize
102.89689494673114,52.15124675322568,48.332704716824146,23.171822646159555,66.37733636642278,6.664397493188227,124.54069081251531,maize
94.04296667200931,49.11171725287649,43.76810036984274,22.494634644241458,63.337204033975055,6.361058676924415,97.11129728982905,maize
105.60388140735233,41.917549214757145,33.08919494446648,18.30537311886901,72.91644772572968,6.773804634909487,120.872499989755,maize
72.86847555390604,43.19257789790464,36.22434990126787,26.125447676820112,72.11558498905381,6.2291874563950795,106.1471065105988,maize
109.52143864622367,44.0800324239223,43.76548471560474,19.68663561094033,69.71179399318795,5.555073439738931,140.654614149254,maize
108.56069628470809,42.684134259716004,30.779920251498233,18.371469491032123,67.75973519893739,5.820049872926388,82.80225155938231,maize
100.24854455800707,44.170460177637814,35.78489543945309,28.800998196197767,62.322779204010516,7.411837657910638,117.67600608528234,maize
105.53614689234725,47.05885752958923,46.53414719482975,29.80815795852557,65.76810875637491,7.422270970815186,126.73782738829044,maize
85.42047618947689,41.80774208509011,40.8281521469517,19.849740518141846,71.07422970716023,6.583409624820008,171.4282175125844,maize
103.34599847750343,43.80882700624848,36.04666498702987,21.112018767805132,63.892476734097436,5.6152951643980495,121.09375746016559,maize
80.80990768523134,54.32834771732814,41.15417652500088,22.16732446836609,71.60935201987392,5.778393402691391,133.28524990426433,maize
95.04937285684255,44.77795663584903,38.035576013086484,29.926180666796377,77.60629524297855,6.74681191631888,148.32528334187393,maize
94.82641919298337,39.02624215644867,37.90275486528637,18.473514394690792,69.51092074973653,6.586049167915326,107.32996833238515,maize
108.56115388662056,53.18909221874484,44.44286470911812,24.40063954518435,77.3993831929537,5.761304687646926,174.8611753129862,maize
74.99283255867394,50.88421325098811,35.515351365027136,28.52508697221827,78.88084187650796,5.797591938810231,135.52107260784723,maize
109.2394951265074,44.668148719462934,47.270950450290904,25.06477826557584,67.50659815839204,6.07156711105174,104.38677093033047,maize
100.47192765510789,42.730810136460555,40.22550924401502,23.90790576001418,71.54558058466263,7.231154291249105,197.68872123001154,maize
86.30336834295268,51.55037844212606,45.29055589309435,24.882347417466878,79.12094287223866,5.900949031056806,93.11170523715457,maize
104.15847867821688,43.78299633267497,46.93937708414121,28.71708246234498,61.24915187238143,7.266929525972121,133.79828664433066,maize
90.41729956016928,47.531850221864204,48.52765213460174,18.229393133157167,69.53686936635634,6.875444084861122,166.7248349237874,maize
97.70129726148431,37.688702588162435,35.98791176743362,22.30458630500416,76.0887441535901,6.057519744829106,105.28459566406438,maize
108.29792076152384,35.17726570226938,49.95641711363956,26.121855586288746,76.56938598898233,6.089238792692386,81.71783332004719,maize
99.5147807424612,51.68289194001352,44.80952263907038,19.714203447610064,75.06855844513939,7.0378455642152815,159.0248618804066,maize
100.64463731182344,51.91842879355464,42.27208228474917,19.06325656763615,69.75255619334422,5.65529866934321,128.9051637238917,maize
86.28425956502511,36.32019688280483,36.97641067938959,19.331977185495777,76.16470420018445,7.395376051928942,88.67797703095263,maize
108.20460829166805,45.451531986734906,35.991313559077476,18.922344903313963,70.01248536140835,7.089031088981497,164.85037727200378,maize
72.00904045855896,36.45803670735807,38.05746565265274,21.54348592857532,64.64768646112095,6.062008997817427,176.41792919562616,maize
107.16912214527416,43.10205389055133,48.12222004264994,21.857948414974583,69.52873972687583,5.952057995632,156.85712506110127,maize
109.15924460699236,47.069861920867574,37.15628168227098,25.773809351886342,62.45841356930775,7.277318160530797,140.37007409358037,maize
87.97398968158568,46.71729576907038,42.49567725578805,18.861309674718157,73.65234442446805,5.983863360631059,165.67431590079076,maize
102.90139177536787,51.079170151050405,41.05001934815778,24.242038707729016,62.857519226788234,7.050692300806271,112.56912565360572,maize
89.86781691271787,40.68548185855033,32.67656725999386,25.55469236270084,61.086640696458076,6.9972904682524,118.11041543133399,maize
70.00538772017941,45.222582784744596,30.937038170552064,21.314034693850793,74.13952974911433,5.6253792432437315,180.72061908272028,maize
70.15279690634333,39.93647738403804,44.81808112304143,21.795241796751682,62.03784776132027,6.2204678376008555,112.44719436614307,maize
103.7084760864222,41.26695835170286,45.778649435520144,28.702465737728815,68.6763483915306,7.319886287708784,125.27816647558313,maize
108.56313665960433,36.78579049051146,43.74038533006485,23.925768485483143,67.75297610911294,6.765423757497202,164.46285099611976,maize
70.17453078601237,38.33906177494397,44.260921012686374,25.996624962938476,79.32095010257355,7.022075580501566,194.09272492776057,maize
98.10162006139228,40.96104417278886,32.10729844501713,27.381886360139227,72.88298442951832,5.596372024786593,123.2060559081174,maize
108.27199261937145,45.00802291420403,38.65458272039409,23.492395261911525,64.17765448010327,6.237414341729591,124.37759071846119,maize
72.0942008074989,50.351352570358365,38.330088638077584,27.866158641797078,77.0069600223979,5.923988109397316,158.88241786041544,maize
88.89127216651927,52.603134758429704,34.31481358352908,26.13375840372053,72.15504244505445,6.090602955143666,96.39210843814071,maize
96.06559041909107,49.771949162646614,36.312546875267,25.737991248267765,67.90261815223006,6.926413766565235,103.90583298728637,maize
105.60860010544698,40.748191929311595,37.35571975512306,18.697103424964197,62.23024424642553,6.531723805424656,112.11112120735658,maize
103.41920902968778,35.29386777309908,37.58188097343872,22.04814656122911,60.38655261835202,5.748736798001021,129.63712099023624,maize
89.71458337789787,43.08579494509738,40.61875356824188,25.14158009886818,60.19847642255671,6.428190318907008,195.6199089065106,maize
90.76129120518195,48.55084534917906,36.23727715833766,27.28789653783315,75.4584296375223,6.542592095308278,197.12165879350562,maize
75.02200859050613,35.33895329779162,45.403164235141915,27.68586644837859,62.404144582411526,6.031165665917213,82.10628360399546,maize
81.73234443122259,50.46283747837343,40.359210554251575,22.177147118019455,67.4347858981266,5.5027072514309365,115.9760633078283,maize
95.85834966551722,54.48388887632714,46.94121653967799,18.28313957574635,77.97121209349679,7.066396826597252,173.64513482851766,maize
88.31983036014286,42.960105859090056,36.058314576663854,18.78833830745239,64.56470726987398,5.9932072699560495,138.0892483652242,maize
99.89777626386775,44.47619656795894,31.156888988943212,29.493477611858445,78.85448638188225,7.070379086296817,198.95934818770647,maize
91.77929331201051,54.25536700506412,31.512100812335014,22.388168979136456,64.50762536013532,5.89166616826854,96.89635386712112,maize
94.89654566263987,50.6264371149461,41.56596798840721,19.763552515058517,76.22247539866942,6.771909414327457,126.57988473523946,maize
96.96521182144252,40.19809958485666,36.90384416988421,29.00983011758388,65.8100901134284,6.439976536315873,186.81693648752176,maize
98.3088540107011,36.24406452329406,32.946060885579406,18.094099089263,72.61843580458327,6.395346850820837,96.11298210827306,maize
108.31736484227082,45.593194478912395,34.83786588225779,24.00724285385649,73.59240665470216,5.652478435947129,112.96445780574703,maize
102.27861963535975,44.193297408053226,40.931542840645896,23.19379202651363,60.8779988528601,5.831499559640312,133.46499664902692,maize
78.36741861631711,35.999580573193576,46.87299328103647,29.77431034996939,75.86285747993479,7.207569843409334,109.03725563804545,maize
108.42507902052799,38.93851408906857,49.028596207236646,29.937831527591413,74.23445611492097,7.462287463583644,148.34477354805244,maize
80.38167132704362,43.739917713312416,41.87121870757572,18.87697874432418,72.44686529234492,7.4623556735245895,102.81291797404731,maize
51.703804651535336,58.157975875592385,48.874031856404414,27.601356044054473,50.42919277442944,7.954615815983008,100.58481657075511,chickpea
26.466857449478475,49.5380021293594,44.36662350744008,20.473403158190834,52.81230367097775,7.333200958093238,53.01597950468527,chickpea
42.60341249811025,55.43253821957215,39.97791329071884,18.121031167761075,40.18076938158585,6.714058687940025,114.09552547454255,chickpea
29.14707118414435,52.687273777433745,34.441517413866414,21.216699896595486,56.96084179202968,7.457722884539894,47.63194218505685,chickpea
37.14808083945734,40.58339527290529,39.61780293206018,24.624340117010682,42.37005247196303,6.577769877818332,71.82693004017256,chickpea
56.78124098624199,59.865100308459276,30.89822597991232,25.610079234953922,47.434481328046864,6.7849163724589605,100.34119786776182,chickpea
56.73705728581635,59.018571890050964,41.542451720766415,21.571211593005028,55.750981717175584,6.5020027665246,85.12592230668142,chickpea
34.34313846099492,53.132621474157524,34.80797825787014,19.91592945734826,58.36478173350874,6.203607365899074,80.47663261879453,chickpea
28.834111318520357,40.778599266513346,30.72037636582853,19.752217721058273,57.33540709012,6.564957487954054,116.03673364602366,chickpea
43.26489171956774,48.732283795375324,41.60177669338909,23.16698385226268,55.1755250751465,6.564992131945704,68.24403132802419,chickpea
55.76377210133003,58.929130263008105,47.85116454972949,22.194479939573135,55.607310060137635,6.952671466602197,79.80318817168818,chickpea
28.187204362291357,51.82260606517033,33.72271795506696,21.315646990671937,57.10060403239871,6.414151618421711,45.69266281387463,chickpea
22.76030370451265,58.81569041006216,40.1384087592367,22.09412071817018,56.21757162015837,7.6716518558210325,66.57528264924836,chickpea
47.744722298951814,55.42245631703773,43.09301373731909,19.515950748000993,57.51766167034114,7.078189105472017,62.597794109600294,chickpea
37.009127417507756,40.75142180797815,32.557336024448354,25.655467505158608,40.00023269510732,6.833131656964584,81.80081448684707,chickpea
22.185376800038892,59.461563259446656,34.52250662499344,21.041987196362808,46.07885024510055,6.4608333242347,40.11790576690491,chickpea
49.17379176351986,59.33690999598571,34.4858696657009,24.630471918034225,54.837926539174305,7.69685075818105,73.81033576108874,chickpea
32.11723622561717,46.50590268046062,44.252426661970254,26.167794665056363,43.632279355132056,6.741882016315531,112.155215739932,chickpea
52.26774078778957,59.69716805524952,45.084965193641615,21.931952010279222,51.81275667989276,7.322028508494641,46.27646530536992,chickpea
41.779878364154605,54.18641656945219,33.34642608002121,25.80631717425557,51.675455610282235,7.9044435713951895,43.39378385655134,chickpea
30.61304550221868,52.031077585996485,35.93119824411861,25.144241640712423,55.18010565043862,6.205031928132949,81.10835713654141,chickpea
40.355622223642236,47.38561540431082,48.65849725139344,26.275063198732212,53.94418763819274,7.4286532714699955,76.93729150504953,chickpea
56.83978084386303,53.891908545065704,44.57962123311633,26.61690903787345,45.48143178684382,7.6141418077334055,55.61924823651936,chickpea
33.813678089795516,46.71220908539685,49.57050936778281,26.565372237479266,54.02339723180519,7.45411352323078,84.96582355220568,chickpea
57.88362668434076,49.92517505764723,37.61035419739789,19.63035336931591,55.72411304522116,7.468887864151183,70.74840308193079,chickpea
21.007736558369174,56.779946554360215,30.228359669081474,25.03699779629051,59.40514219452114,6.875322656296407,58.79787239967622,chickpea
48.19484040173527,56.3425628403117,40.92860632155695,27.670352752561463,41.033374433159224,7.0095911966090565,97.476315785804,chickpea
54.505618845967156,43.5851122381558,46.00006963527363,23.527070757185452,47.931073639799266,6.263430057158187,109.223660712713,chickpea
26.290928327188613,46.195757184181986,35.80091063924874,26.714140341908543,53.45405988417796,7.593362794382744,60.03743190339992,chickpea
44.994963984279956,51.434919662874975,46.65660753576542,27.060870604812607,40.243135429547735,7.348039838117585,44.14686392957832,chickpea
41.95434660309424,45.75265458087357,36.13553199044282,21.529585034523567,52.4258489809922,6.668099931337538,98.61592404722244,chickpea
36.18109542295478,41.36706400619917,45.675196849682145,20.85758324592706,48.65533759198525,7.370887766443803,66.59649257189696,chickpea
22.263426245868626,47.47842094025627,48.88897165388607,24.41734397298558,53.42958297334414,7.26456430727528,55.919371116754945,chickpea
36.7333545640912,55.018795967266364,32.027457951063184,20.778527760897123,45.526382169317074,6.864037855189012,118.42949927537481,chickpea
22.700101867352878,50.3740198876119,33.58729364024421,27.706765454097443,42.266070094549285,6.807202004723182,99.03079878676849,chickpea
48.18217712109781,48.45457273787865,36.930483359054364,21.976123785528706,45.28552526317279,6.410665877413599,78.6431758047112,chickpea
30.741350242704293,45.749233297945004,43.13512126949114,27.68537331699892,52.0727440111875,6.153958934129933,46.04668910832536,chickpea
58.05692883382264,45.94581580614667,31.841339721649508,23.990445871503816,52.47297556580532,7.297009640237376,61.392162228603304,chickpea
20.604427368579003,59.30030738908944,35.01786091382205,24.760262880525474,54.13259739757419,7.220014834158971,65.03259153709186,chickpea
30.84385015056263,51.95336565405406,47.32191267223383,27.467337289233956,42.118116088075155,6.30965722519544,115.57890070264637,chickpea
49.461409133391705,57.65987649659546,34.052652682706864,23.87585871109402,54.022791888349474,7.3602237708939455,72.65213526933584,chickpea
20.61579566765234,51.65852113608526,35.06203078359218,22.502542461428902,59.151620301676346,6.798070635284869,107.18412853315414,chickpea
27.541624229970047,53.449209960500575,49.54013908877887,19.018931008729368,40.16639884454384,6.867165585265228,47.41003864410938,chickpea
49.93537398704925,58.29097327697118,38.68041945417518,20.58711642155441,48.6880663801322,7.4468956357000025,40.72433292642968,chickpea
43.578159579387886,52.26583369774758,42.75376493791871,20.42022079980877,54.281054467562534,6.182782972663553,55.94162691734407,chickpea
55.09880186617928,54.77446301453133,30.274911080226904,20.483762603698004,44.28812965986329,6.541612656073945,59.80478162239091,chickpea
22.50105182971383,49.178810331936404,44.654669495723304,24.067317247174365,53.4574333719616,6.162298357072478,116.11925681414297,chickpea
53.53967335372099,56.101806369913255,46.45967610083535,27.327105081327613,50.88507932227395,6.400564035735252,89.34268862820329,chickpea
49.715259746717564,54.75834786708051,40.428980483337604,18.68458719333578,47.42225876860256,7.841533216926715,86.75591278059409,chickpea
41.533277730228534,45.37707028764387,37.36897839833158,26.95346089153169,53.329260950536714,7.574774053504665,76.34763384541242,chickpea
45.20988877824632,44.96767217486415,44.10921660566973,22.276013337033373,48.85091029629491,7.298644649153763,114.90244971751413,chickpea
22.560253864344837,56.49486474694015,35.84766220824386,22.439194545063778,40.43826657550018,6.602092155668626,80.21049941041043,chickpea
22.24704309389756,49.8219145876633,48.54221257716854,19.053932181078054,55.28881456151009,6.819342106751986,92.41389716194703,chickpea
30.409463919409173,43.18984525082717,33.209252285424526,18.704919456431448,43.71293409802486,7.328438769977937,110.53524894748064,chickpea
52.56502742364647,53.70268619748968,32.208637268222056,20.8918744629595,46.19613750644938,6.4999138927952425,81.20045277677785,chickpea
41.4221525951869,47.137719503422204,37.07578317472872,26.285555979060813,55.78585696639371,6.615591663361491,113.10307550986074,chickpea
58.11260068010024,46.53485084060082,37.0884989758611,23.056341534219587,58.82241625067347,7.752638866284623,48.205437006687184,chickpea
35.70922973085665,51.067423794995435,40.0626494510308,19.938630679368927,57.17633542336309,7.3538815659936745,107.03266998814429,chickpea
54.350571173978885,54.967117073314796,38.784212024994346,24.105467550154245,43.20730812239486,7.347290834949815,54.340260459142456,chickpea
47.75798362040627,44.591963215079375,32.3510260030044,19.652844901429575,40.03984270438141,7.437479235707061,98.59208392467033,chickpea
40.59733399653038,43.22725602110767,31.671086750213796,18.19128966437287,43.314963539304415,7.781711069966294,59.32294733613454,chickpea
34.17085308868863,42.10690968962666,34.447226094963405,23.19224570780205,52.15505366191305,6.490704628332422,44.61857273800938,chickpea
35.64131476509594,44.68406741852668,34.391078464596035,27.598628027134552,52.326009718514484,7.113756886344191,73.26200828186575,chickpea
37.15777333720577,50.81810007676162,43.92859614072215,25.021460961818295,43.43387815410899,7.000225504153254,72.95664760272815,chickpea
54.82107865077537,52.628378424367526,40.65008132831964,19.153946421789172,52.11275778646823,6.234407811360467,66.97652604526016,chickpea
25.713678592573274,53.84147294048738,34.12504227672305,21.91859373188026,57.91349555237557,6.408632766797941,80.62440511670232,chickpea
36.77086644664088,40.3624808209146,45.85516227145625,18.690459063145997,49.48510041953907,7.1213565898779,90.27411652916697,chickpea
47.54526517231503,45.065447670454304,30.19957553316899,25.23443662354912,50.71313198695157,7.672235406414497,105.71106903205555,chickpea
53.73304671151533,49.7018931995908,36.672567916737314,25.9155820259137,49.0258822605851,6.366884392806869,108.39792156491795,chickpea
55.302395070893894,49.3261951228034,31.51399454619575,21.878260899169312,56.070753189252066,7.803548057092457,56.27781939980767,chickpea
22.67894448101086,57.54700906265677,37.78809877957751,23.417609642675632,59.361316241015174,6.1331294558284455,91.86544059616764,chickpea
22.964216902994682,47.50937856933001,46.07629090386894,22.334722327556342,59.94364707805901,7.118118569893205,65.69297221087628,chickpea
28.804453036190125,47.01041068572324,37.450665475191016,18.68713677723961,47.39148398853546,6.92847703947845,97.81902017910437,chickpea
46.269179388864316,54.17531310458308,30.167273637537143,20.17667399580536,53.23368576799713,6.967978736359495,40.42507805346767,chickpea
52.17978569727289,55.45619146580675,40.96838325987125,18.66463325776272,55.33030099065169,7.167427175462728,102.55679817263673,chickpea
50.06987969583362,56.06004143915674,40.360161328092495,19.40324518193515,53.423149467593774,7.240947570103941,99.38025497592697,chickpea
26.79524024202941,43.899503998005784,47.808190344386574,25.49977798452071,58.16456977400646,7.517430642327842,87.77242447922416,chickpea
46.165309481114946,57.7825584788002,41.57613509023881,24.323913243283876,43.12953432007201,6.947842440232206,97.31176895664791,chickpea
30.837707932654617,44.0450836104907,36.27653616448831,20.415006279928335,44.29825274072792,6.849701685736174,112.62708111068272,chickpea
40.28238586954873,43.758407616306464,31.539433387617482,24.961561451379254,47.65597528872776,7.6436618931707185,92.76086149126161,chickpea
51.84965802165474,45.438920788368975,43.84717844922116,20.640619846937188,58.781369589005834,7.272748563066749,65.96094401402738,chickpea
30.780474491690907,43.81853170143287,43.89281917787456,20.18715612997927,51.90606531854978,6.5292700538507145,92.95751558350949,chickpea
52.59758914162157,55.56050486289306,45.217026618615634,19.877224056922522,41.767698939690376,7.397897656974771,69.4677771035481,chickpea
37.293849056133894,40.62298185586782,35.19152898550098,18.33676403874464,57.583715452024954,6.486793366437061,84.58697356584065,chickpea
21.559172826445216,53.33694782611316,36.46054691508188,26.97919186957666,57.762363778680715,6.650581236723496,112.07687165523743,chickpea
59.846306939951155,56.508313282478966,46.89742695510458,20.4900873610909,51.534047977155126,6.134511827934736,47.59343494573358,chickpea
59.95570448133162,46.532784988518216,44.963678240976925,26.066650530268163,57.16046542014458,7.995256594804313,59.319718820549426,chickpea
21.61403307438799,48.22383035989172,32.60161339657894,18.22425889162055,47.20853654282972,7.567476502150473,85.29445529800567,chickpea
32.51111956841416,53.08684010985439,34.640363606176216,18.14381446072085,55.287067728728545,7.247486169728019,100.9842099600768,chickpea
21.557520667506623,56.74239255661304,42.39052400072607,23.6339535071264,52.492280962290636,7.728866493736728,86.95492052471256,chickpea
43.23801519552717,59.81358314131532,45.13460334137136,22.422938054511352,54.14794000065855,6.7784609433835765,58.31003699867992,chickpea
43.874075075510376,58.56364196227903,48.58279040030925,21.4190527810549,50.5535493244339,6.423271797139723,119.65048875991067,chickpea
59.24471631471743,52.990178594148944,46.08828119354946,25.151001612837,51.863164380789364,6.106695993977795,76.38114740421288,chickpea
46.99145208669642,53.55063227767369,37.46245236844767,27.416919866580308,43.34714064473562,7.000718892431121,95.27071812406582,chickpea
47.88543223567237,52.972779135376314,35.5057642690372,19.56206568686622,52.71880653653422,7.198604232278876,54.348480823139276,chickpea
48.205565822822535,49.103439834673125,43.35521183206306,26.373670797701507,43.394568571538464,6.038289735993674,102.32820691166295,chickpea
44.38789700610464,53.992791392442435,46.76309949977285,26.028109348245003,59.21840293857649,7.071870157704236,79.07965061279242,chickpea
36.0754879956292,43.07382085688409,41.452144657640446,20.770125243259788,58.42615024425951,7.166381608554195,87.42721444064881,chickpea
34.196986435080404,41.03978703955415,30.634875307459772,22.233351441531976,41.691307561944754,7.213693911080278,110.4778404511726,chickpea
55.31659266074889,53.180908202644645,34.22463662945862,26.62996831358872,57.72186870626416,6.393307169905917,98.99408686165418,chickpea
31.46078195708492,56.0528062470586,49.94475799807205,18.30026005329393,57.94731731581864,7.245261067197316,117.8706095331857,chickpea
38.600380701057105,56.947758611427474,31.247881371965544,21.35279050078296,41.3403307550242,7.950686266958141,105.35791258174694,chickpea
54.10189684983882,58.75930462867788,31.702069722395706,21.855975925133333,41.42069778088004,6.421586203100057,58.34926216301379,chickpea
38.76428844190315,45.371243349072856,32.01956213635522,19.674910890941078,42.945511271041816,7.946153595824597,100.7434005534779,chickpea
58.71045861078248,48.79480973015817,35.56736963325313,25.98293197209187,46.52507836082294,6.598766747410696,58.600479376626495,chickpea
25.187159128969412,45.12926122033532,37.106394969477755,24.739942081457304,41.25129684438903,6.421013879330686,104.72189122333411,chickpea
25.87687694335083,46.85290293045043,47.2931784371628,19.549253111434428,41.6547367123638,6.969075990160022,64.19356090228291,chickpea
42.53633457935416,56.076097809669506,32.742969763054866,23.80699084554285,50.110175207797276,6.2881575720264,89.9198788423186,chickpea
30.945616714430866,49.756686370880246,31.64544648554124,22.595840572136233,46.129269360856405,7.644762422370709,44.55829815978946,chickpea
36.7442909967332,49.16862848262876,44.50012152598237,23.742875750902108,53.34424674388362,7.554098571303513,108.9762378926551,chickpea
32.555019868898825,50.76045410727806,46.802161568784,27.894511309650564,57.79038622087526,6.742934525248754,55.613321377492035,chickpea
39.57570149626355,54.832829036720845,39.85138141506595,22.831808633136685,56.76460842163601,6.722807558134373,108.78357398493165,chickpea
36.272192038068944,46.56466211356679,39.079798223993976,25.624469586748685,42.520040557279884,6.3928384317440345,116.11558605304735,chickpea
27.019665095254297,51.35454635862109,41.58628933323875,22.896244620502447,52.89490497153637,6.459653451595237,84.21298142213985,chickpea
34.886930209875885,53.23334519258378,32.82447086746299,23.70877416839476,43.705407107666474,6.557286126230073,57.496784025886654,chickpea
27.313511194752685,56.514219031213344,35.71415135321781,27.271237818644494,59.39853050690382,7.142520939874195,51.44008981325811,chickpea
34.98192973518325,55.95464526696428,37.347814573941406,18.870172183027886,51.13569821856376,7.690241702992069,103.67411097148019,chickpea
27.00492560521413,53.45529228824933,34.41008526871294,20.182075345521724,57.481435466103704,6.49933790548046,61.0597877214409,chickpea
20.026135630451982,57.41338068251035,45.8518962641827,24.27328935090678,55.00531527877685,6.304097134848984,76.66588756700604,chickpea
34.04877549395124,41.87553052514033,39.72260970429848,27.207396503426352,40.80118238101389,6.5829218269875875,56.60327489645628,chickpea
29.525866146627852,58.16869103758751,39.3613810846858,22.662994129398186,55.211512849105645,6.308984408009851,78.98122832800406,chickpea
37.199408564842386,51.93821381093312,49.99115406500877,25.69448894082047,47.957314060348544,7.655106104548094,53.65666906499841,chickpea
21.218547452358404,44.08896744928546,36.80823112228519,23.105807574595598,52.30258281082399,7.821211434428843,80.78832076403661,chickpea
40.051025785029175,41.004860196459646,30.698231053124477,23.51159961916372,48.76357226496689,7.678360789960597,52.854366776947614,chickpea
20.998866484681983,48.980775358602514,34.74957113504515,18.496143733388376,54.49196573695258,6.223185999914495,88.66556000062174,chickpea
31.241990006675564,43.46992100710044,37.59503045838635,26.014457762229537,47.84187153809145,7.501539298422111,50.03890374393205,chickpea
50.91085678660316,44.73866649813297,43.54786259777745,23.657815548409964,58.58289434423375,6.774645035950628,45.293215106755234,chickpea
20.766219422050117,56.53717121945506,40.49471275322864,25.752440518349495,44.68851200023029,6.690167491026467,42.40830977690551,chickpea
58.459692982964484,53.357358134016266,48.664101755186124,20.654964074290724,52.22927222451322,7.356999936585275,65.40397602060708,chickpea
53.9243694006252,58.943229258004955,47.69710235392009,25.390669759393724,45.54929359449908,6.563232084211263,117.06882563568303,chickpea
20.41137983742768,54.32099946484289,44.124923251105244,24.226895409497974,59.80217692173731,6.623758871527451,67.19774910345986,chickpea
23.15757611786222,48.85596273087475,35.22097052469696,21.433867021776443,56.691435805112555,7.870969027054992,54.85864576041485,chickpea
34.900357262138634,58.572611242307886,31.236169213784454,18.923605281113787,43.25581978412459,7.1904256682537495,52.037781680479796,chickpea
58.72305525802934,48.934290545170406,40.03035920700333,20.466586158054064,49.41920504869467,7.323827265274023,100.09417095632342,chickpea
50.15472330839652,51.55782225388177,48.08719549987714,26.174078473061094,55.14096229397251,6.111211043360921,40.55023697757194,chickpea
28.497891087818918,53.27047187826905,38.223949777650915,22.02406259299312,57.691737764592276,7.791125696263677,112.73402112428685,chickpea
32.55512306060109,53.82111625478524,35.43266362548739,19.9060983307445,43.69264914694738,6.684215241727188,74.39660958238574,chickpea
53.23796684220274,42.39782186945424,44.698516947897886,23.314549141893053,45.758906853519846,6.985639169065649,63.99536558216181,chickpea
43.843278209532244,48.676878457104884,33.28811058157758,19.165830745556967,50.9339136414426,7.804826066572207,67.51661492461484,chickpea
49.320004288904926,53.17322709879534,48.63109828618962,26.20981017299141,51.33210517810926,7.314060996468214,111.87091732672279,chickpea
35.98075138347739,46.53589411715555,30.216221672703927,26.265510741914643,56.01961400806729,6.2089090362003025,86.14859049061602,chickpea
38.559267926675496,42.37418191018223,49.61136454121447,20.146958874633555,41.34468360181123,7.189694759003819,99.10933417064261,chickpea
21.29773784188748,53.174352774540445,40.64583751902909,19.032650088750483,43.45047753892724,7.135948594632161,63.708609081063074,chickpea
57.53262914605264,56.37480458968102,49.67134413027326,20.59670838950414,59.39447265595954,6.862467739583115,67.80150362510037,chickpea
22.01398107877413,41.05530515719205,43.84022511893309,22.579289944340278,44.530432520722115,7.227940612650466,60.228649460008896,chickpea
43.1052701737769,47.18417493965381,46.47104453223638,26.206961607667793,49.54700796244803,6.701638218670031,69.00478372472756,chickpea
52.22858102672872,46.56358965595224,34.18118747413692,18.84688341875307,49.33386241768817,6.964264197839684,107.27269683223257,chickpea
28.84954785784256,47.619825473367996,46.16811477787382,26.236236107489734,47.69222151957536,6.918248046573362,64.26287126794264,chickpea
57.30219513677248,42.3728753148316,48.6749884600294,24.838664518353433,50.63144305373463,6.065318121568992,78.04769534576067,chickpea
36.30992420010929,43.22437623950245,43.12819207001314,27.71150907368286,51.2437762212905,7.429506552887892,45.476036205281346,chickpea
36.70667983267979,42.32716970328992,42.255916710730204,27.384821582141548,53.23555464943277,6.1536060966288435,68.37329639880663,chickpea
42.02653517763406,48.06415512266504,46.67288020950345,26.146710047099894,52.23662040206443,6.74691589026541,60.42690990105953,chickpea
24.23497272852517,47.09795366973108,38.26345034415439,24.758229251040735,53.163196485951474,6.140216279282514,71.62074523449263,chickpea
27.271154688694477,43.13625410633611,46.54604299474492,18.419152167162576,48.383657518042426,6.336407311533036,110.34641725427792,chickpea
42.28162053100141,44.62761272753696,40.04854574332753,25.314863597031156,59.162360178388674,6.440892008490838,110.89454177034762,chickpea
57.37216456669961,58.32841089064132,42.708287137238194,24.298206544347078,48.06421266367646,7.504795764607576,82.50352146807455,chickpea
47.09752284913178,48.56915807697591,44.62992928086278,26.24471517604549,42.92872513205632,7.665859431148456,83.22372254322458,chickpea
53.78663636360897,48.626034126820294,37.5808097076607,27.150607325172224,45.02338535096803,7.688424650572286,78.72164580075233,chickpea
40.563817702050386,46.16936562978968,41.46084401238031,21.252111962762115,40.78538828483305,6.543997210688712,40.510323472527254,chickpea
59.13419148227427,59.31494419639495,37.9031059494461,25.28370854339646,46.9161219682085,7.342186314171952,104.43440344367832,chickpea
57.87024978768963,48.004245516993436,45.66595965912096,20.65928450632119,59.80664607587296,6.051539197528703,88.28230452008967,chickpea
46.38023926605308,53.76091114148258,32.40775157578178,27.385297834731304,43.62366558100165,7.245506806479682,57.814086329846795,chickpea
32.288656680850835,50.929170834562484,38.34386837129153,19.602256009765064,43.418728048416966,6.8362895763255995,100.58263826204006,chickpea
55.91858587391154,41.682553245187655,37.86207815118802,19.002455637228767,40.33184961265196,7.323437365287913,88.19595535732702,chickpea
26.52076455259545,44.67625666186128,30.47415507289037,26.349472056944037,59.49381192097103,6.270919073589382,58.51801710122385,chickpea
54.73638095787736,58.529275959123694,38.39254765613621,18.506224722690742,40.78783667385639,7.147899732138021,71.43160871145432,chickpea
21.14609710310618,51.665047846251134,30.22605073178045,25.87371958149273,46.12865645406743,6.080516006018464,87.06817767865226,chickpea
35.90737657732219,59.47600826714299,40.88397325007404,20.75239181037008,54.1887772926795,6.542984005085422,112.3394633126052,chickpea
34.98887882029506,50.9973712555241,31.011462076484577,22.261212379522306,56.6472707932199,7.611297610726684,57.9454847082821,chickpea
29.043162840422507,56.34610624426473,48.60796840338651,18.953609212730036,49.00117278852451,6.6749085579284575,109.65507643659515,chickpea
23.34099658720075,44.22251885116075,45.049366751729885,18.512938489812157,49.85070761428578,6.88421406935944,66.7520943190999,chickpea
35.78289261275695,50.59881173860466,33.22734716776766,23.719958782835928,56.10864658599972,7.520321859580318,52.311992375501895,chickpea
25.969978789658956,45.36348735489827,37.22149452682074,22.084555814084826,53.59394433666691,6.113360864331671,42.77381633808531,chickpea
35.676422517756365,53.94327384275961,33.86870685912965,24.415044812562517,45.19656275880599,7.772172217627032,111.65519554132932,chickpea
31.89148817125306,44.59987507926481,38.22607944132463,20.405315851801486,53.44767686583407,7.652129369096571,93.84737047289735,chickpea
52.97401788997398,47.939843244149486,33.12633941417722,25.379509473975922,47.209490102831076,7.342541650458265,61.65151535854125,chickpea
23.249185392266906,59.85163590975527,33.12403015861199,27.88420993963481,59.545598651328945,7.587636207816079,92.7538369665598,chickpea
43.11228201004339,57.322030907556695,35.78879043238976,22.67681212484877,52.387799387330034,6.822380951738982,74.19891632722144,chickpea
33.21138670008338,51.28463633369072,47.01149056030232,20.01528378006313,58.688660775068826,7.378175307496459,105.86185701440242,chickpea
42.247627705200465,55.590334028481266,30.324007946789344,26.18380424779535,40.80277718170733,7.779826752725725,119.35701977909146,chickpea
31.762698487071113,44.206371125715876,45.30726727716082,20.530263409202533,57.31124766344407,6.205685184314953,50.07641571034866,chickpea
59.16606220402463,53.47677796540009,46.93774448857906,21.24329377351518,53.52967499041209,7.188483654617194,88.25200960983577,chickpea
47.301298381508865,51.50718346258197,38.58124738605332,20.75922694380547,55.37162661826404,6.452544860006372,95.38834449235313,chickpea
29.333312905973067,52.50660339908908,44.941565342580574,20.18713888906539,41.198866017226166,6.261947485988348,88.47975738168203,chickpea
53.97785624902942,40.899936424708486,44.68302518083293,21.413186459500523,49.57056739839045,7.857719099691131,66.55772037886763,chickpea
38.61347735757944,40.27364829521362,31.631974400096766,20.58591591134784,40.55704481642149,7.262750652096502,74.1118685441298,chickpea
41.92580810912088,43.49294371792659,35.91864058873232,24.63824474852725,59.306054472608,6.100833547204418,111.23074566842129,chickpea
43.07524805244834,51.278391335112474,40.005570704155204,18.693940859041835,41.79753703472321,7.201824011318172,67.27668571484466,chickpea
56.69072266310722,48.13181074718945,32.86562917405282,25.14718833502036,45.8670684288202,7.050940614711786,95.8266228404136,chickpea
56.01056444808282,55.84382389603352,43.52722135745448,24.796331823951434,58.91849288064173,6.591648194993072,40.08896753569499,chickpea
30.87818237592795,44.35782759253488,43.23669170227996,24.33711599765529,51.86922765409447,6.032486886418908,98.3022443560518,chickpea
32.94121649941966,53.30111978013262,41.131568570043065,21.427309254279074,42.69152534208216,6.188837795320962,106.52146664897788,chickpea
56.73590168326232,52.99576093528599,32.06868229720967,22.020272168882407,54.57878400210315,7.559641768020136,49.45748978328709,chickpea
20.001228753815298,54.242740917612096,37.13192351972411,20.5448133161826,40.25794939579051,7.080598813522999,108.09205883407854,chickpea
58.30526585090352,51.31489901226578,40.289226554797885,18.85056385489241,50.977456030852,6.7599581579307895,88.57082247068615,chickpea
35.54905391506187,44.80598246900733,31.89930550456753,21.149184445888956,41.93289668575505,6.353793901647968,118.98689268636367,chickpea
37.76414227626475,50.63743533010033,47.4723705747443,27.95568900490688,51.65428898689363,7.624947642088343,66.15528194693402,chickpea
32.22975829789164,48.05407441989121,43.45014525347298,24.821916892550988,46.304788692989014,6.266419848273257,90.59170051724068,chickpea
25.13303448755058,51.5698501645866,43.86844256112618,25.006114963944515,55.069442213191934,7.745718843131329,79.99671935718308,chickpea
49.20996758118285,52.38345470731673,33.73279879595365,18.256896448694082,45.690827713538674,6.886067412675239,89.3684755542925,chickpea
35.498779915096165,53.924914334123315,22.510995797969542,27.634799474743275,52.160891187528144,6.717736605160784,106.84509830346414,kidneybeans
26.241232627223148,51.720643140658865,21.140538280072388,19.054834274610357,61.71175367745225,6.8165173314514815,78.69926336293955,kidneybeans
29.133224255367747,66.40135004111299,20.831579196931877,22.981299435480423,63.7862082420538,6.37846789060453,84.62167242345193,kidneybeans
28.409137089681515,67.95870586887474,36.19848840605799,23.831302190995835,64.60443435514499,6.547233705311698,111.27724224790062,kidneybeans
23.98544773382671,53.798722729151216,34.03476547754514,23.56464637348822,57.17243163907183,7.367008785117946,61.67472942613866,kidneybeans
19.47319453748488,51.13762795555293,35.33054632443255,25.021074541137928,56.62704437472634,7.01349435331061,91.67497809567598,kidneybeans
32.68761374267303,59.08367325473412,28.24559455663331,27.34729915488301,55.017581997814005,6.180671009994848,106.76344906075666,kidneybeans
39.07965436852537,57.55678427454373,21.24073527257563,21.393052673095674,60.11863308639117,6.24288450994832,112.64817744451936,kidneybeans
39.93248167030602,59.03478951962887,27.09457113460425,22.007041668344666,52.302923567904024,7.324910402139336,93.18605244170816,kidneybeans
21.618232342745237,63.19380545860949,28.84066841862247,24.48233468807846,51.22892580261575,7.220585015583341,135.24031623035222,kidneybeans
29.462961584781578,69.09131857717621,23.028646287399265,22.774161894803537,62.036134678908944,6.87260497113178,92.11694232712347,kidneybeans
20.142532280987844,52.53648045100837,27.834849011245563,19.626608151054853,64.68731352984437,6.313246403241885,64.6852244227627,kidneybeans
26.57098413451703,61.904594654388035,37.438261225610105,23.76981612417682,56.90961707446891,7.204517822289481,103.22231145499369,kidneybeans
12.378408538935751,61.31701120626494,38.16037090843325,21.963126254982207,55.926516037996,6.21520418552703,72.11564175482859,kidneybeans
22.983144530254567,61.91359648323059,21.612308103392035,27.395685890251656,65.10267234890392,6.879935877425494,126.27509367511927,kidneybeans
12.4056027043634,59.536777554662486,32.601862537233266,26.286529061182893,65.66939120098536,6.4156038745701,135.27041356473634,kidneybeans
13.730375242926112,67.50267237242304,39.418804992092376,19.771535232226256,64.44132128407571,6.060428278166998,92.4338260111324,kidneybeans
25.48849897593022,61.61290451819268,38.718744964971194,24.72250687294195,59.62555902438474,7.2145125543988335,136.0426256763527,kidneybeans
10.661984460468725,69.65042544512077,21.722642781273606,26.143867792687615,55.606695051028254,6.1982694866308075,95.1884511771068,kidneybeans
29.318697383428407,57.6190369004695,21.091308165653977,23.994611396587167,68.04806552221349,6.574823048920877,77.30662221046616,kidneybeans
23.27732037798446,50.96725422097562,36.4097516896055,26.263408109501867,61.76000926859257,6.529654333407584,123.98266915566268,kidneybeans
26.640610743651017,66.51864617100033,32.62917585166041,25.844054732127972,61.9712598643552,6.621211602323499,136.635668794091,kidneybeans
26.23341474636534,62.10179037081077,24.409752788294984,24.256507894272765,61.432152989658874,6.2772575969205375,64.76696778825149,kidneybeans
28.130779591443133,65.27384538700642,30.468027418440165,20.267726253196457,63.3304395338607,6.1201585899144035,95.34669638415636,kidneybeans
14.901002751952605,53.68918102119767,24.045878983164073,21.86707057043978,51.02300411240795,6.5966901613936475,100.93659576917607,kidneybeans
24.498828548989756,57.65568200806081,36.78293216141505,19.453266924205042,60.11393487562748,6.093062125434831,65.69245431023278,kidneybeans
27.21597549031289,61.32036849775642,37.56067025688914,23.578736756600733,69.195820408097,6.073042272599895,67.84061478245928,kidneybeans
11.321975847111442,53.7055370066708,30.82540221883356,24.45572181427428,50.911703158973374,7.418956334768399,127.37323013203049,kidneybeans
18.898374464712795,51.54375060452936,23.397741464381145,19.269444137549726,52.465675585978936,6.777842532998601,79.66779539947203,kidneybeans
20.744191495874333,69.79010666768644,33.6862849785069,27.489806670470013,52.851131100662315,6.5732092122488535,104.37854426258835,kidneybeans
12.302741856662141,50.083748872559156,33.40868667593835,24.418195168014353,58.215776199992234,6.734466114048049,93.23544004736718,kidneybeans
10.720151345346666,56.707432124349246,23.541645107945797,18.98424189101369,69.134408677787,6.899039587563248,118.29250273892822,kidneybeans
19.460912297983526,57.862942589880305,24.73847987793447,18.96965670965425,53.580632748831675,7.196271067944728,114.20366441470208,kidneybeans
26.407866279564306,59.50179745733536,38.44868567312249,18.727349477786685,55.61201626475832,6.524906780356071,122.59406497702302,kidneybeans
39.77543860485914,54.81341029514306,37.48614668274161,26.30622760431791,54.49314795283533,6.598998870298834,92.77382954340153,kidneybeans
39.34662005579675,53.61783802757797,35.98315942209564,21.341927141731098,64.6174069155232,6.630016506443495,106.2687810493232,kidneybeans
34.97835319978393,66.08331129967769,37.32846367079401,18.59617325344659,63.8410110607949,6.209981065082644,93.26548544147288,kidneybeans
26.457652451640655,58.054789694936616,30.392233516060152,27.96526308798619,52.70434627425709,7.013184068004638,91.68007731084921,kidneybeans
13.990293967219863,53.17473526748619,38.98546212491234,26.79601496711762,68.14083920830043,7.4872991637410795,76.66523120068143,kidneybeans
20.66318012092185,63.38438059849733,29.676050797212945,22.183895333783333,57.15622498671186,6.890670947915178,106.04747429120656,kidneybeans
14.843735021927202,59.43479675036878,31.069435524196997,23.702869387313903,54.202143858247034,7.11340708837843,62.015927585685574,kidneybeans
20.64495566629488,65.60425297071268,31.277858421108046,20.6116243251086,63.899062386860955,6.85108641623411,123.69948875651097,kidneybeans
32.0507555856947,62.202158440724695,29.76355350621628,19.331821256675234,55.22666035770767,6.628649209375628,107.9439429605111,kidneybeans
25.411235656459144,55.76369051919059,20.12928715579421,22.962392219008137,55.712519771244864,7.101912451065802,61.91570122163868,kidneybeans
27.544834339173725,68.82948475012131,23.48818534222999,22.716494907505954,51.82843983634277,6.938522868392029,104.04253444769805,kidneybeans
22.220965726384968,60.427540429474824,37.931493169380204,19.96294302311067,50.45129023410694,7.292497327048651,106.16936659103251,kidneybeans
36.71975366385527,61.93890446826345,36.203221799194054,22.29673363355148,64.99719862576538,7.369562200334784,105.7698370977765,kidneybeans
15.423554516871386,55.37595230060396,23.972891537948115,20.46857027595733,56.12830898702073,6.832700680129783,107.03933035710662,kidneybeans
22.794992417255834,62.30841559641671,21.631498512227317,18.8778823705816,53.43658920715317,6.777116247060517,77.11957429586508,kidneybeans
18.49853210477732,58.006256723459884,36.237322480207595,18.1386213591286,62.98757640473245,7.003314796561028,123.89246242853092,kidneybeans
37.9825881718094,50.4027569789858,23.075674110264323,26.861712940559933,59.170371243740306,6.846885958400195,113.0421762978518,kidneybeans
30.37199813486912,68.63480806633017,39.938988348233394,25.201574609309404,55.74442418410302,7.319628603441515,63.937673163260925,kidneybeans
16.932425586234885,67.94771434927429,25.123830288787097,20.206510596217484,52.76250586280494,7.288667636470375,100.00466073528693,kidneybeans
30.246796091624645,54.78132768150059,35.16080842022433,25.600055449620985,56.251960498166,6.616023949515425,76.77522219441607,kidneybeans
39.29683069968713,62.91205154116823,38.69087761431031,21.033855436291333,65.6378182599378,7.148787965827113,115.33245214932333,kidneybeans
38.969169258004015,57.871106722126314,22.614346471795145,24.717088592440607,64.58619600954412,6.862590860188222,76.5454314506717,kidneybeans
25.133678250080663,56.243794731382586,28.549330563333783,24.45218575844664,64.9042948538167,6.348337036352015,92.42602885175627,kidneybeans
18.074847129748875,53.97263227723738,35.66774439991677,27.092526944369922,57.404643713691534,7.12691838656065,131.7596231491529,kidneybeans
35.38372631590695,53.65626777078452,39.12583763026723,21.766764404294626,56.784813223476725,6.09364699091667,98.89389232839065,kidneybeans
13.270408469227862,54.97079641854852,26.33885243534563,26.08826323491684,67.50977300791793,6.453699476192204,128.6958496995659,kidneybeans
35.71692812109373,65.29301900769747,22.93390228030363,24.90322846900729,68.90048129161137,7.023810718150735,86.52934792862672,kidneybeans
25.01737952292494,62.914500867021076,30.21140817457007,19.199529417309698,56.24128089304041,7.203594045830449,128.9134436876414,kidneybeans
14.119000981467106,69.0477350479745,26.576452356972187,24.6231373873072,65.03650291913362,7.217919351956825,135.65997617807443,kidneybeans
19.38758644086468,67.17012909103109,22.633738068724142,25.050409063535927,64.83955459027972,7.016584861801981,80.18517889081224,kidneybeans
36.1912944104561,53.3771692674079,21.072695830416617,25.17464990611912,59.50951430465467,7.273647029938014,90.67177128466071,kidneybeans
15.048357655231385,66.72884384939739,30.978192632801434,19.891957923903547,64.40767997172891,6.766670457734251,108.34503857922559,kidneybeans
23.826950146197454,66.57417967636013,36.591254313661,25.093888218243862,52.10802754792925,7.2582807928561035,113.68103844263278,kidneybeans
30.910724980128986,57.25965680807743,37.585591123140134,25.253716002348575,52.25180933058389,6.611667051609244,130.91042895681133,kidneybeans
11.41590105092137,69.228332392841,33.58325136639125,24.313759776433766,55.41118512975983,6.373187683108766,135.36465755908762,kidneybeans
18.94817362702368,65.51010593438,27.862435964141582,19.39254070784704,50.21430595390718,6.816386005522876,138.0623054839146,kidneybeans
21.074085814276135,57.1438466798609,26.88183235698884,23.205438373048583,58.81329766848587,7.319871940090522,100.44166333787922,kidneybeans
25.232735145657063,52.76743189441113,39.654790818207715,20.499728908688297,51.467281349192056,6.9947193734628135,107.6293096125498,kidneybeans
22.45436961978237,58.44384467761356,35.701278420928624,19.95712640099649,66.4050663788978,6.973120670842527,93.51758190236195,kidneybeans
23.740858497516058,55.132944143721915,35.0422866539395,23.12874742305268,56.41709085499687,6.894075173641426,139.65875616410585,kidneybeans
23.057868389696615,68.41382801557239,26.900336798491324,18.54732706924986,54.084842127368574,6.628042714991526,77.57079428756552,kidneybeans
10.006811146547665,68.30003075495054,36.87758822461858,25.42292231486947,53.356291912920575,6.1805453643149795,65.40837995779066,kidneybeans
31.720875663187638,68.5761592137577,28.61071641826074,19.191406719960483,60.24785641464213,6.523247861187945,89.98599394799982,kidneybeans
28.63991872467122,64.37436226524405,22.212071977463218,18.355902308064763,69.8866060537143,6.3490925233733275,64.30644199267672,kidneybeans
15.696259872877599,50.779156926969286,27.836217892343434,26.024017844513242,56.82488899515441,6.6662751103175495,114.0469418853951,kidneybeans
25.266822102096405,67.22891372042648,37.32071350091513,18.099106954911537,65.56092612966398,6.691100400362511,139.10724330429304,kidneybeans
24.496962276263055,69.73791890776596,35.09138722411473,20.486048846133063,60.76789958573915,7.488203459217874,128.6024486201539,kidneybeans
12.921006813736632,64.12743993619992,26.91159171741626,18.06982261880348,58.06961938053999,6.352131632587457,125.50954164163772,kidneybeans
20.119918265372966,66.55047387907635,20.011958776695906,21.07819150026119,54.823304286155235,6.3503510416029165,65.45492958123701,kidneybeans
15.613728112315052,61.1109913977124,25.82722145675489,22.173947823291478,57.53733760694377,7.313857387499842,132.42391992084123,kidneybeans
24.788709149675803,56.603119006312085,22.13601408004727,27.53402879382095,51.20453889800595,6.4464754163524205,83.84529609360033,kidneybeans
19.612038584206445,53.285736865448186,35.663228618473944,19.224978619659893,62.698133183063256,6.185769040058727,65.64285100743652,kidneybeans
37.282885110576295,53.80257532637411,36.425003091194085,23.44630871107136,51.557130392175395,7.433172287157101,79.75689335935141,kidneybeans
35.78936036057819,53.37620011569128,37.07885764283706,18.132288129052938,60.235609131389616,7.1541638691323355,134.78364139942266,kidneybeans
37.27606408619461,66.3924973909529,37.76382699322608,19.992196858370765,55.68368591423457,6.433452787381587,90.16431448013591,kidneybeans
21.79962011155566,60.89110649309351,23.19759526732883,24.912466637859893,53.35133078609013,6.465462723156821,100.26761044849232,kidneybeans
33.893216845704316,64.78938466477454,32.91068712821044,19.5577326058017,60.940906912311554,6.131169752699829,90.18905414373206,kidneybeans
22.405495908698775,50.79622878891507,25.479761989399435,27.556494672664893,69.07265215659379,6.528490581378809,63.448008715865925,kidneybeans
15.372848179845446,57.8443558686708,38.9555939593846,19.41199063537185,65.27031687336424,6.163023809062038,138.50060619130215,kidneybeans
21.44849497327405,65.50469077798112,26.851821656222636,24.276688771588088,53.840321694800735,6.219031528945444,135.0451311654505,kidneybeans
37.529418337133,67.74937880425765,32.50866900333187,26.082682112162782,51.3807387382275,6.502183562836018,85.0962499805725,kidneybeans
29.0693596585784,57.11915546941281,22.970135632873617,23.964670754135437,66.28767841338163,6.57318524168996,70.58149720787854,kidneybeans
15.900645919384692,54.74966610338768,25.997951859890726,24.42795070506309,62.018909690754384,7.044119792350559,89.00015876252105,kidneybeans
34.71992955639935,54.08175322311521,29.380814950363078,26.009387215414304,53.603172954652386,6.164794670611174,130.69471741503918,kidneybeans
20.28788988277588,63.67740249818064,20.50697208527877,24.900468884094497,56.322026230939414,6.083611280381163,108.78502092384936,kidneybeans
17.224114482195198,57.7361448410376,21.61161624573027,19.471632510949455,55.95954470991688,6.134639250840236,132.86610117490522,kidneybeans
10.181411295519352,59.67720437728623,22.464949162651028,21.076790894779485,68.52119119636531,6.24254182991098,137.26658557746663,kidneybeans
16.17383130968265,64.83132216933659,30.933545297946235,26.84478727596759,61.07986511006262,6.801838828734463,75.63664002947199,kidneybeans
14.98688086154976,68.32978302231028,26.55676397700068,21.72082254962896,65.19647316856776,6.508235223634211,136.1649957311202,kidneybeans
32.13783306996401,61.9485848514684,37.61790321089505,18.496059083494828,55.14125384378418,6.697554501331365,78.15828315772168,kidneybeans
32.31715561906456,68.3841606210745,28.475402398618467,21.42132600111895,69.23101464275132,6.667278649241311,99.12387203594265,kidneybeans
20.54949617025716,68.19096946024277,31.379109665637017,25.621745871816447,66.23613436701773,6.512773562875887,94.6955465056304,kidneybeans
35.454153232187934,57.2651070335162,35.878702669037025,27.40992322574437,62.46420746136014,7.112440931177833,124.4077849632908,kidneybeans
35.35118946689927,57.90106675713592,21.025269183519963,22.018762712367394,63.47512459568179,6.67552557867119,119.91705206883188,kidneybeans
20.709472884059917,62.69488282208059,23.728396097079493,25.493694366449567,60.913919376260516,6.306096582819901,83.35289387982458,kidneybeans
32.45826125745497,59.65202471323042,24.320628807861446,27.672711903702975,64.30250039633776,7.435702248809694,94.16840362882746,kidneybeans
24.253010220751612,67.95910432370039,30.500986804907694,25.072789119056672,55.0434575499106,6.670089703053961,69.8759892648284,kidneybeans
16.17940107630885,50.01886830535262,20.785301032973205,27.772838231769292,54.84707390273525,6.994966064256003,127.12797590396892,kidneybeans
26.519813777096928,53.06289000167912,34.562328746723324,24.002514100995832,64.6250117869475,7.1546199342856305,138.0328294147796,kidneybeans
27.2068984008013,56.83282225381204,32.96929113800474,18.684407092426262,67.94794636643172,6.179071517007295,86.22742703086546,kidneybeans
34.47236141878363,61.94624756661423,27.872710405548844,22.734356593750213,67.09094786404361,6.510006579089838,129.5719747849737,kidneybeans
12.644032929300746,65.5359687441726,36.95095266109473,19.81817652837339,58.60693064744401,6.248249661995484,116.52833031953742,kidneybeans
26.060433041849702,62.70646693416642,23.92973933912422,20.117458620524197,50.82994651019813,6.483101302793594,104.779572906694,kidneybeans
35.738047419919866,63.338548949173614,28.70792646799503,27.531201143941377,64.38490401151664,7.395247804293825,102.20703786177324,kidneybeans
17.76712824379419,51.056533727294436,34.521697029677014,19.213029980055342,56.05550256543934,6.798706361825846,105.15332702237981,kidneybeans
28.01749590961408,53.32510660699401,27.594748096432973,24.171942271169666,69.3963772926757,7.091446706549533,133.80830056751662,kidneybeans
32.86636174942531,61.83433937784801,23.840467382726892,24.66685651892513,62.46759131919814,6.9037037556859,99.18286943905926,kidneybeans
25.85969811967827,56.68885054236208,30.386253852846064,19.975559056784782,66.10348794720754,6.2786654320480615,66.79730319115731,kidneybeans
23.08738079071472,63.16614879012124,28.754336498670828,20.767541319513086,61.163423677808815,6.5205035031183,134.62941521013065,kidneybeans
37.67935418810716,60.04743639944191,26.55767988036517,25.37132413956639,50.73425886966133,6.712153509065477,86.90587154162668,kidneybeans
37.61607655307664,50.24006054545365,31.05629751436698,25.40663581066626,59.70035975048083,6.128104545244082,137.7969112022322,kidneybeans
25.540312941282938,62.28372488638023,24.732195654150146,22.83498085106804,58.58298983916644,6.1123437630029755,68.49282828379738,kidneybeans
35.12417558856323,54.7963990441318,23.899165429972612,23.049114512501394,65.37494262725026,6.092919777868482,106.14463357106047,kidneybeans
13.5763132852172,50.72922101651237,21.05487904324435,26.341641082084415,52.35944967256123,6.067727046618438,95.03199097143298,kidneybeans
35.319804158260744,55.24816752978604,28.434252350518328,18.399225325637513,58.98157028269752,6.866419620955701,105.67256430017159,kidneybeans
19.972800765230957,56.31066361326271,22.132472378731958,21.667983206462683,51.989893377459296,7.149893917068077,137.30194381985487,kidneybeans
39.10223370000121,67.30142198750788,32.01584298679238,25.0086569724388,55.70411605360828,6.9461556302589305,96.4519639551902,kidneybeans
24.460520193307975,65.15553120750316,25.638367111945033,21.1803961169452,68.49283582257273,6.0843364422764585,98.85074387306723,kidneybeans
37.384024012235855,62.20726015636314,30.92814148424264,20.49744179229355,56.865509781288964,7.27807262370704,104.73745054147665,kidneybeans
25.442265812703397,51.991594270800576,20.320563129102464,27.63685188687049,57.53972334573683,6.904819593149257,66.3772058549828,kidneybeans
30.493428571691396,68.65133417411921,31.513305059948394,19.261153223754107,61.634430549469535,7.149520819656979,92.5133229259215,kidneybeans
36.39513243824403,62.97365906714729,37.98497836578405,24.235053112473373,52.62575944009649,6.464537566657784,76.14359586019656,kidneybeans
37.26479493150587,65.20800134574965,33.52796737820012,21.009663196316218,53.68089544100427,7.134676631983368,97.93263567032638,kidneybeans
16.773686564518876,62.3324395633055,20.80667704276904,21.261702541282535,59.37113989182269,6.221937501164109,138.77235820726716,kidneybeans
16.272920937688426,52.60706260086531,24.07069747773793,25.690611331597243,58.51011318543686,6.848123909628807,61.68073255890886,kidneybeans
11.032939257199438,58.916510996540325,36.33310486403247,26.852388787075654,51.73413135191281,6.807544653151535,133.05837490234165,kidneybeans
21.639182631936592,66.59131662856737,22.673913087988723,27.353944896677987,65.02846635062605,7.412001589180353,114.12937868420052,kidneybeans
20.90211795998281,68.76362345049445,25.51133552618357,21.321725220617324,64.01616836003481,7.147974449288079,134.3522787079323,kidneybeans
16.144072271686284,65.95996070438449,34.77092106793927,18.63794556253598,57.74446282420414,6.424148185590148,84.35923394832244,kidneybeans
39.488406386641024,62.85554826959856,34.35352315586999,27.766176373150092,57.544035649152775,7.202760252679209,94.76247706435963,kidneybeans
36.0860101544494,53.61315082622606,38.95372354128559,20.187717084108797,56.52441013961863,7.134288351160171,91.50041132523253,kidneybeans
28.2463413029934,58.89147002138857,34.84739874179564,20.283312523686106,51.16915974473754,6.449894096209599,97.94469318947442,kidneybeans
15.040601565780356,57.095945793127775,27.99966036587137,18.573918436882735,61.66614496368409,7.326515141956931,72.1394330362442,kidneybeans
27.934240402045422,63.29478409821692,28.386693608385766,25.0109758736427,58.21463086982024,6.756955931966152,60.58824356435416,kidneybeans
30.751603424040663,63.22685357889449,20.76801754652689,21.68250107395133,69.58063681583334,6.631104843852925,100.15563241054734,kidneybeans
37.29790474479155,64.34523751731513,31.64140262248447,25.978046813410725,67.28732532911947,6.6853321076059,98.00866919454683,kidneybeans
21.581528069555073,69.33412280036922,33.943325085807004,18.832230662080722,67.25919246626037,6.720839911254402,65.500312513799,kidneybeans
26.491517654899333,58.343285579514045,37.5549880972525,20.039946036093873,66.52929218984366,6.836533036778179,64.36882425707752,kidneybeans
39.15535903976454,60.252304882063996,25.81753708463165,22.69406841989258,67.15715567034978,6.457354686577595,75.41411171893603,kidneybeans
13.872137407926443,55.957187967804224,35.60096174080087,22.716263651952616,54.5496320738708,6.249277499414624,86.61835812083032,kidneybeans
38.19773118657126,56.86053425180049,39.7624815190927,22.85230455765356,53.58327836580302,7.336710137690265,96.82842985078615,kidneybeans
31.290140305135733,69.67423166418304,21.00350700639948,18.96694559787567,64.40913482925512,6.422737504943208,74.74411175600792,kidneybeans
11.180856394591885,50.43693423972404,35.48971206239582,19.3443342736955,59.35441231942302,6.908845222769225,94.2681440455077,kidneybeans
10.813199570086994,65.67003005175818,20.21026449083307,25.61889894377484,67.86608987576246,6.649259881585758,102.84339784782387,kidneybeans
24.309501778529615,57.784172372468774,37.74849070740721,26.939335106699907,56.71632729283069,6.922604631022047,134.15260497166912,kidneybeans
38.86175496824055,60.17918080844095,29.056496105686534,20.786943159285258,69.1774374638082,6.214221456709301,106.386366083818,kidneybeans
18.476508025559166,55.58016580695593,28.09937174752377,27.987929358156546,51.09932613679644,6.867812727305298,66.60577264282217,kidneybeans
14.63562489971557,58.791258835457974,30.20920262692883,20.58792408364524,56.32914261748832,6.130450530383899,84.25758270754004,kidneybeans
38.996753181416324,68.89414763344963,26.6975658027397,23.708539362787615,68.1919078222189,6.009275733961345,124.85468562700734,kidneybeans
38.451086583667575,51.82651468667114,23.22895372065842,27.607463027713553,60.75080287280693,6.021294951707586,80.61055990108233,kidneybeans
23.49831022806579,63.858178220495354,34.66320756273599,27.95421512925456,55.750223987675184,6.807330152802713,102.6658838287684,kidneybeans
22.169357783417126,53.383237876848405,39.549131263676855,26.53317186666586,59.966660565884744,6.904868134026045,78.18088428477299,kidneybeans
26.313612111752406,63.899402662429516,30.303340567731777,27.902851705849415,62.226833124954524,6.556460568888253,121.77216220926705,kidneybeans
15.113875347449262,57.69031627412533,26.939179007551715,22.31807095107777,65.63559651857453,6.726259548245111,123.52115602127702,kidneybeans
27.294667094195976,56.8413886931511,36.19957487366945,20.382896705530918,54.48765959599591,6.756754386082253,80.86793967696711,kidneybeans
10.27261104853649,62.96595054597603,30.22187642944796,22.45517814493161,69.33937029236631,6.8567987759443705,129.07452622315077,kidneybeans
14.183507086154805,61.38412926258855,37.35959253461806,23.83105757279898,64.36028356254003,6.558065351718311,67.39596136296532,kidneybeans
23.737008853812142,57.88958781677715,37.34120364757895,20.439953023524723,69.33468455070216,7.4372071797067445,79.8105314457151,kidneybeans
20.441558664319615,67.9111148174777,39.33244441792215,22.43439102836044,56.41994091281796,6.789141019877313,115.02153650925878,kidneybeans
18.204235461249393,64.72946349238146,21.03314714229282,18.492944927644164,57.725754102910905,6.5302097880910805,85.25065722937218,kidneybeans
24.7305928800673,56.414671646231426,23.84515836936184,21.09469549088601,69.4980854562047,6.616670125492273,95.57702214866686,kidneybeans
27.2963496985342,69.66681536828453,24.83202552871526,24.81282110532434,64.31969387083448,6.910986625189599,67.08626717093152,kidneybeans
30.306168274827293,51.28189422072351,31.92285299099794,25.395811772217428,54.21939781239901,7.262433011314161,62.42830444264034,kidneybeans
35.314385909749184,59.2065810128553,24.35175879863289,19.33778144993968,69.06614335164745,6.108998381371735,75.92747359487406,kidneybeans
20.43467042299138,62.40469697922241,30.896021705521967,19.25643492412314,55.794559674764294,6.358127656629036,77.08342835922731,kidneybeans
22.33433009439961,64.08062905183314,24.34905864434472,21.666788797029813,57.818348536823244,7.464684794153115,136.3733085503255,kidneybeans
34.00412748256228,54.8331784163837,21.360746281833393,21.16904137720625,55.33589098867662,6.7588887002195905,122.21823280542344,kidneybeans
35.74968816636574,66.89728170821017,27.193511224461353,24.87234343460683,56.2566839504844,6.091358314852774,116.12522124823539,kidneybeans
10.294826577093636,58.18365174916977,26.587585386041514,24.933775385188525,65.32490945520757,6.456141953956926,124.93016115558828,kidneybeans
18.81750281514801,58.926527199731225,34.54037054028268,24.929202292247886,69.747369446244,6.337741536323898,112.98543308316658,kidneybeans
28.29045724827332,68.3019690898006,23.1272428328975,25.51798163586933,61.36537232537537,6.411998804681858,97.95479313177393,kidneybeans
20.013297912093932,61.58626805576922,37.780012216293315,23.693049844122022,62.63444836653168,6.7781217706720645,64.09324051563807,kidneybeans
16.985756706282828,59.84003458864166,26.204705674894093,19.817635977611943,60.08265683836876,6.484214690171775,80.64861145387317,kidneybeans
23.919562523211425,52.66568516164347,38.55491466150815,26.677020979192392,64.15241171481071,6.159320741382684,122.07018035757544,kidneybeans
34.23871984327057,65.35529235428675,22.279317742384823,24.43907957067765,66.68649591498797,6.866030101829502,111.71259001824711,kidneybeans
23.750904382789187,60.57414639768105,20.687537167034506,24.389630219732844,51.628944257823186,6.652521891510335,83.41240781339263,kidneybeans
26.36283850635139,52.66832671046414,33.83286803946636,25.950115369284703,53.26708899486313,6.156469631027823,71.64123862298874,kidneybeans
36.31382685695505,60.56378523512713,29.34521992015005,19.067118191023543,62.991120135139234,7.301999387842635,126.25486954587623,kidneybeans
28.78164126942404,51.50557433303347,22.247940543520258,18.493089871098245,55.14958432984939,6.203492200740566,80.80384322019471,kidneybeans
21.55174167156885,68.85965568142271,32.207521195633845,26.349737856829623,64.20703001424664,6.168754695789947,118.87363250991591,kidneybeans
18.252966446773733,62.78215693989413,26.81923947285977,27.97672263264659,55.27102958993556,6.4186957061614045,134.45378044499188,kidneybeans
10.73933213908968,63.93377975746394,34.506527814717565,26.363785774103995,69.48878621276951,7.463402878734978,65.22214060531711,kidneybeans
34.655179682587075,62.926198673147624,32.946842687461825,19.283499266146947,63.00374332891307,7.473723870901871,132.94548556315576,kidneybeans
23.173919824145514,50.798959465721886,27.245869800004098,26.26390311600555,64.02998202930333,6.689015483390935,64.4081228127065,kidneybeans
22.806841834699078,59.38049879435767,38.57111065788272,24.410861035821593,56.23305833309298,6.787977396676082,65.2844246257728,kidneybeans
39.177047069492104,57.20119803861452,29.557347098262717,21.552839742369226,63.650234602324005,6.99334823749439,117.22578484233085,kidneybeans
28.044296888357625,46.31336962328132,32.50502462192416,27.866119662153352,50.79594254671305,6.695364671046918,181.75742387922872,pigeonpeas
46.72496444868901,48.980755207399234,39.18607376426148,20.92363019609621,63.41530050886071,7.142518840745691,94.25170764465983,pigeonpeas
32.63902644900094,56.77678673530541,47.54240935324576,22.91815976317071,61.011412690827285,5.884986301271654,74.26302697953791,pigeonpeas
47.333615041758726,56.41015008464218,45.20069803606348,20.585195825757687,66.87457585420515,6.376088151810768,107.93531726142035,pigeonpeas
36.39429083076129,41.82706485447112,45.13293098704798,26.98922092265955,53.73180193746335,5.876464399538091,85.7948112201744,pigeonpeas
21.71007162655802,51.7559689874337,46.80696355177017,20.209978567848662,50.98009289942547,6.645540553373891,174.72939595404733,pigeonpeas
29.80216671705901,46.992287976154444,41.92692994993552,23.290554669489765,50.532167321553686,6.970457036203192,147.59098781180342,pigeonpeas
37.42267997166977,54.83368257983646,43.50461675124075,22.470583858139854,57.04962093886702,5.75222028335725,78.17998187850334,pigeonpeas
40.28587239069618,57.17200213964996,49.25465167722278,27.540165410593332,53.68202646721914,5.711300690897861,173.79913601514608,pigeonpeas
37.36269429079998,52.36570042027439,45.62924177509419,28.439326732789418,66.68916505712193,5.6124278109197565,164.65288914451068,pigeonpeas
45.525582719662864,45.72270084916629,42.80894547986506,23.769944766043665,69.15942132964908,5.566847144871008,141.17099813661372,pigeonpeas
24.99510641148545,54.244404103543175,33.51780566837324,22.82459914278029,59.88741622091516,7.329669899993756,89.64001210071592,pigeonpeas
24.327200633543107,55.179536637080616,40.01239064667862,30.941421348581258,52.93229114319685,6.791855786046079,92.60308046125411,pigeonpeas
24.70281285954918,53.66858830314541,41.87369239817467,29.057929500347974,56.18925152892365,6.39594331276438,116.76603468625859,pigeonpeas
49.522683918995426,45.844979134787756,35.896344766935336,24.25457850594329,61.29188162580643,6.0046454885274905,188.14059165309834,pigeonpeas
27.970566945987905,57.91631463120389,32.069501272931696,27.878752428795828,68.13971036876487,5.8374988767964595,195.5657744138957,pigeonpeas
33.58650081246535,58.91430216882049,43.536400872600936,23.61904243848262,53.766050498342125,6.107470092450199,73.0224372967745,pigeonpeas
24.316038990299894,42.093208806929624,38.458870874831156,29.546940515091038,52.8276710843268,5.760640866344672,150.08005293242633,pigeonpeas
25.91548945904199,41.952200762179835,33.33697156411155,31.084776750521314,66.42942505552381,6.208129124710188,151.81490742583497,pigeonpeas
36.118270210041146,53.54248526965128,43.65342304925519,27.544808180719915,55.32202737074617,5.578012841525636,123.77934947861523,pigeonpeas
46.72921654072111,51.38994517037152,46.64782083403816,31.899492115534738,53.27232408276552,6.883555278283964,154.40110031800344,pigeonpeas
49.39866342074835,59.71201467905601,43.733572234482594,22.92337750378633,65.97111676261198,5.714058268422076,169.297902584028,pigeonpeas
47.30588372434089,47.656667895368706,42.612705899661606,25.161712785161917,58.75530109976257,6.1207417782162405,166.69814686304545,pigeonpeas
48.085296924995156,58.815017184689225,33.495625697498674,30.496923795878793,64.74862882854245,6.005674801380579,69.41984580901203,pigeonpeas
28.039918006531337,58.24416473563051,42.66357349791544,28.65265593077446,55.14304702218192,6.93877631114964,63.93701087890933,pigeonpeas
31.259640373190415,52.53506697084663,32.9219313108264,29.876042893363216,54.70062597623837,6.804562225636893,116.72759996054616,pigeonpeas
37.881307864329415,42.14901105257816,30.338255998432146,30.914773128563613,55.39260017534366,7.139354005560918,199.90904206610801,pigeonpeas
26.342937739967333,45.30341482366711,43.25719575269331,31.585383615207455,68.31628696381487,6.50575104013117,171.31543955374144,pigeonpeas
24.072375592997034,59.54876368408024,49.28706468071973,21.964747494550053,55.988462496062134,5.700309995013534,98.04046384574517,pigeonpeas
44.478673682456204,47.56631214330519,31.76793934293517,24.106706297346854,69.6276666848256,6.759367190518406,118.2625324968621,pigeonpeas
24.9961554049181,59.723535945673895,46.416980185262574,23.377727629411034,51.401373914423786,5.613251114755116,76.85294093077474,pigeonpeas
37.42305750843265,58.57526842410985,39.93486856011969,30.115345789474368,58.917732397196154,6.91716709153565,162.46218322011012,pigeonpeas
25.21891117710016,47.22432117951624,42.74604313076048,20.848359298212394,57.23080375525913,6.569598932562385,199.4714290262494,pigeonpeas
34.23600687867322,56.32113514228647,38.641345701332355,29.556688671436508,61.90829603240217,7.273190883004797,117.53195732901538,pigeonpeas
38.12913259464437,52.60037361237654,38.347658836009465,21.731744524249777,51.87118813824671,5.533343101199266,182.29479699433006,pigeonpeas
27.094247367160836,44.23013498563536,44.720708008521314,23.8401933570487,60.12089384823673,5.825022130594912,194.3644010046757,pigeonpeas
45.54744200051712,57.275792459300064,38.135474971440104,29.148334564486074,52.877523107795604,5.517238005183561,62.79621056092394,pigeonpeas
37.598052122136814,49.107898104958814,40.3603069781704,20.089557685006632,58.45373239314851,6.936136322401722,121.97711827544103,pigeonpeas
41.96657618936666,44.66037928793669,46.26284008963451,27.061174885441428,54.21526198859812,5.973440951707666,147.9242650397352,pigeonpeas
44.8981877963733,48.3125556405831,35.16600858255185,30.404139282927204,63.3853658350167,6.396170974566153,128.30602733910226,pigeonpeas
26.127694038091892,52.53605260129688,37.17485021085777,31.94774212009219,59.603670305237756,6.471771212379227,139.21925023749407,pigeonpeas
47.502680093562404,56.016361997195006,39.022601395956826,28.624391191673553,61.724709975615234,6.484734097402498,86.92420818980906,pigeonpeas
33.91808790364673,44.916371740451495,48.296842997033096,24.024881761956163,69.04528029066745,6.566110580189422,148.41621301466245,pigeonpeas
36.28821333467983,42.587612339334015,37.51642438015882,21.189753347331486,62.45908088366764,6.393748390400878,168.91789601993116,pigeonpeas
26.614114429981093,43.2913211685867,38.12664461927535,31.119024598620573,64.20843630024824,6.337847249585837,132.41810376560346,pigeonpeas
22.52639033531295,59.69151792752226,43.32814609389838,23.42484882156107,61.71616788430489,5.718964732137988,195.2171336330617,pigeonpeas
25.24354963650098,52.96060636110428,34.90908925077861,28.610736591782427,65.53642734480562,6.846839457822865,146.02992443572697,pigeonpeas
46.77407281856035,41.57253421979516,36.6182953156039,22.97944975557015,69.76027924130844,6.278779559333747,162.56577789365582,pigeonpeas
40.541754916430136,44.241624749547555,34.779953604231025,23.37541476263641,58.22254556518759,5.968650131301054,62.75120758455869,pigeonpeas
46.381791704215864,59.31219662761768,36.83140774063136,24.062082553105675,50.14183625548742,6.860501376660748,175.56158540480803,pigeonpeas
24.398249010800093,43.19332698734301,45.80166499942875,27.395488980249738,50.89721115255434,6.745093980924564,103.24848119812725,pigeonpeas
31.061754664125377,55.394628365937606,46.21870385345221,24.80427952207797,68.9430587201271,6.312925435904145,168.05704493221538,pigeonpeas
34.51631793692777,57.95064653044168,48.155224873003576,21.049001694453008,68.72986662620451,7.151069683040832,170.78350000377336,pigeonpeas
26.027340190565674,56.1023841750933,47.002654693700734,23.46980401344981,69.04520156724648,5.599720292798328,80.98729545459955,pigeonpeas
36.12743414154543,51.515849422446195,42.90300166601807,20.203629551785596,69.20733549244261,5.589176185468288,80.02867338127633,pigeonpeas
20.42043552578171,51.33716866588189,48.645337678419445,27.99136599296557,66.45314936960855,5.52656240691716,135.88214178716163,pigeonpeas
33.78688932516566,49.97935888441586,31.444263706703758,28.21322433283169,60.06440829717269,7.030297699722528,127.94068876864014,pigeonpeas
24.481449086792963,52.965139081556444,33.447727242103326,30.468734760257778,62.262324781384834,5.8144077671139085,194.72732804736896,pigeonpeas
35.55096390005962,41.4579690374331,42.536658088301344,23.038386884153724,66.07386903754605,7.135644147132381,197.05262981965265,pigeonpeas
35.05608593073511,49.09913759455474,45.069512108929615,21.58964787610312,60.938310275862484,6.592495200261702,72.52623719345421,pigeonpeas
32.539522565207406,57.06569597134404,47.12307243989321,21.19085197903617,51.814417654956614,6.02539095400387,182.4672487575591,pigeonpeas
23.867077552204968,54.399936052548924,32.02331239226206,27.477654244973905,57.1213459823829,7.077827925931734,92.7166628355509,pigeonpeas
39.176054881698796,44.7136506915177,44.27320566224307,30.484136414728987,52.5360359825352,7.233191377191007,143.10053561800171,pigeonpeas
23.81331472601072,48.55083710719424,33.21720586970196,28.404174666398834,65.177362688359,5.711593040545598,130.8595793772502,pigeonpeas
44.438751680777514,58.72326083101993,40.2703573348354,31.403350683336885,60.7137794091206,6.2883809891998155,178.74843799740535,pigeonpeas
34.78948131374267,49.43805021129046,39.80624978819657,30.161420022436943,66.63883083376103,6.307039984880422,106.6619803818735,pigeonpeas
34.75784072117388,51.455450194742184,34.76674421255994,29.52746101658709,59.729655314648454,6.16809109683992,74.95493901495868,pigeonpeas
27.16535481210821,58.98562343511968,36.10199373639053,22.026311472404423,59.213455833099864,6.114175486720497,64.92229503796719,pigeonpeas
29.69435651838252,50.88217247878937,41.03424744039934,24.278707054122663,58.94605512505201,7.431035836469533,112.82878681224364,pigeonpeas
27.74680439779949,44.869340881335205,39.15529225408268,29.11424178460333,54.11976368376946,6.918592254281537,62.96097526891828,pigeonpeas
32.56798933951838,55.517301304055735,36.77465911548863,26.764845217344792,54.09958465651822,6.983990782252345,67.31907445762634,pigeonpeas
45.57627934626501,43.96392772843336,47.48796063416661,24.230350895606207,64.45367148948974,6.138450595572377,186.82763397285066,pigeonpeas
23.79911376555123,43.57039578545197,39.86060250317605,20.983261268457753,53.91960369403524,7.387532764424028,196.7085525607042,pigeonpeas
31.28777987991266,58.465720420278714,40.896493513468634,23.236909590485205,64.04797442161197,6.817803613149715,198.47754467522267,pigeonpeas
27.9514186222785,53.441190053234706,31.04047510058894,21.363752464360633,50.078367499021866,7.498921362119346,172.31831760064688,pigeonpeas
43.60169044200622,50.194521505763596,36.0013416581088,21.81517141355211,55.69349477692927,6.251942443858278,165.88341357724119,pigeonpeas
36.18985366709457,41.54967253110966,30.360580179178246,21.227986154408757,58.20997427394759,7.366385834098036,149.23634736929102,pigeonpeas
44.05477699626545,49.32749189009097,37.23332166390085,21.300804472599474,67.5186604437241,7.066320058055806,83.53653366368152,pigeonpeas
35.367816916287815,49.747496158424894,42.50183105373057,31.354242727895134,61.59542883524959,6.580434533557237,67.04521061085295,pigeonpeas
21.887224280540718,43.746935826535776,30.649415433834967,28.920234746840148,64.46660607987926,5.772112468863286,177.05104611133933,pigeonpeas
24.64358104538336,46.023511739947175,34.9795379832273,24.467685182876572,55.09327531779924,6.477901852876904,117.03710338965595,pigeonpeas
49.597084723379794,41.11852700256451,32.84362752774703,20.63391072690323,62.51682389964752,5.609018554827439,177.10156323265727,pigeonpeas
35.35815892045783,50.54015249163068,41.231890154243885,22.04976447567453,53.95380606228975,6.13763464574601,143.0894982150592,pigeonpeas
26.303533278206437,42.326634542665225,49.40233772836864,20.263781777715476,66.05394810672044,7.076070299150044,101.60997593831344,pigeonpeas
24.068798480219403,42.91257293410847,43.94863234474385,27.713679093034084,65.65491348502773,7.37496234479821,156.86983085732288,pigeonpeas
24.675546096543304,44.86885233530821,46.84387461746229,22.511672910010503,51.45044633908963,6.906560108084501,116.35368976861989,pigeonpeas
47.60120157637711,53.005101421873235,31.808379555833216,31.37427880704393,55.17114527280492,6.174424980812572,116.31645791569588,pigeonpeas
21.536728892129396,49.930308444612095,32.46636982150584,24.81164392026022,57.014195759841684,7.045680166853007,172.44387162858237,pigeonpeas
24.60238647167264,47.331023747584524,37.46706322063663,21.816925327233022,65.96907010102382,6.914456656670847,86.65345008158486,pigeonpeas
31.00165725781397,42.11610049713028,42.56413194186088,21.456463094583437,69.71868337249836,7.061364149375724,114.63339694175932,pigeonpeas
37.35691796838063,58.226836324328175,41.08198560791652,22.093981836775463,57.57406711162319,7.186289730059491,150.1898222385465,pigeonpeas
39.52173153001401,57.33642971376978,47.87946114925009,31.037510861353233,51.89698386506312,6.588252003926202,163.6713329705646,pigeonpeas
42.707805353810414,52.13432403940008,33.335746703673486,29.56904664729997,64.40222667029892,5.672271543098073,124.93337545441267,pigeonpeas
25.21932198565411,46.74954091425944,30.36162184411371,24.8039584209291,60.99753842312421,6.739165185654174,152.88864831801942,pigeonpeas
45.088739393073794,44.309258145514605,32.40963644876936,30.218446062775108,53.132256297853,7.449520162672391,177.95535211580918,pigeonpeas
35.02629817668797,59.628428498440506,31.947534582160085,23.63678913410122,62.76448830081223,6.2000137369463575,189.97215727731086,pigeonpeas
21.968782645334528,50.98823664121929,41.81732534790229,27.83273748532669,55.113324466636286,6.229132855039729,178.11527415309686,pigeonpeas
25.848283069104795,56.537356943467245,41.25310845805485,29.146250134328987,64.27214732526943,5.915022990769758,139.63378310074222,pigeonpeas
46.031694584152774,48.64232473603859,49.33181540446633,25.426581201220618,52.85571273335769,6.278869360155347,193.2383368946752,pigeonpeas
29.591625480195628,57.361963197341254,47.62501363363779,24.202238291983534,51.66515316101264,6.949115818317637,103.61172186195805,pigeonpeas
43.48770842772717,48.853096965208664,39.70533484685243,29.334912880982444,57.64726662123256,6.3862546906458295,112.66666562774711,pigeonpeas
31.020215458318397,50.518931538029186,46.175988890023014,24.34121974307079,60.48509441075473,6.841454650885201,97.7215224825117,pigeonpeas
28.325684147071776,58.6682625404691,44.47069146662177,26.926240114679707,62.95440108841224,5.558598886206837,146.53441517863757,pigeonpeas
35.285266196726056,50.91499359558871,37.18847653661634,20.977686772555302,53.866784672241046,7.401489426425344,117.21793871793076,pigeonpeas
34.000494674925925,41.05419579706878,30.751324590879612,28.60617736456109,60.76189328242222,6.517411968432533,94.03743425917361,pigeonpeas
42.34252194889767,43.36473158216984,33.7986948732204,25.528546056179305,55.72559724223882,5.994925962466293,150.33327023746642,pigeonpeas
39.52915235655634,56.490341395998584,38.35417133945952,20.877021092313804,55.47332769842915,7.460010926393634,143.47620053257828,pigeonpeas
41.29211254403061,40.14715659250829,40.36411464365042,20.45034389038164,61.38460424182896,7.341541699272151,195.5786782700571,pigeonpeas
36.21658026166773,49.16409610504432,48.900341884969876,28.08331798396034,51.29798559076819,6.431451155334996,93.63430258500254,pigeonpeas
34.09412964346045,49.109311440127236,41.642896056294845,24.281245884191016,53.28540898911856,6.5074388691799125,176.22840380840668,pigeonpeas
39.92036684202807,46.76735731850432,48.71046045517714,30.946490854990188,54.186967987681975,5.578835170240726,163.7832191691067,pigeonpeas
44.828307840474594,59.357291319027105,47.796727881766216,27.20641721847698,60.601046784247615,5.555682102525172,94.5319025582689,pigeonpeas
33.78844255198779,52.570078001671355,41.14503666636821,28.911631876180287,55.595338617740815,6.629905215304946,72.33991407471089,pigeonpeas
32.40996570749621,55.00321665909202,43.86801706858088,31.887712846066147,55.55782251975512,6.496378598347958,106.13425792835955,pigeonpeas
33.218093421775244,57.13900259738776,43.684181503769736,30.58929429617098,54.07022216663773,7.246722235682876,68.36671838497382,pigeonpeas
46.65797841311458,46.581475589214556,36.29175266828133,26.145062920383968,68.81380375446463,5.595562729362811,109.31233650990434,pigeonpeas
45.69715966050008,47.92108954870933,33.98313795194134,25.097530175976942,57.71105002983339,7.330832402933407,166.67081260403359,pigeonpeas
35.15346667232019,59.76741133443142,39.305550625518464,20.698853969843302,55.2454864362997,6.372140960438625,81.96636738045682,pigeonpeas
48.42695378972129,55.33697795635546,35.36574400855545,27.08965440221499,64.42898314219144,7.382557857813596,183.42894888455749,pigeonpeas
35.45576678414641,55.49305239586035,41.242895076551704,26.63244668054648,52.294839166763836,5.752275316032304,134.13470610314403,pigeonpeas
28.065846349370197,40.420738049209376,44.45678407800425,20.38983916028198,61.90553682208109,6.578387588254628,195.63405668089263,pigeonpeas
34.52639418042925,41.27202872755595,41.03375935612924,30.093154047393217,69.9369856856288,6.360686347378145,104.84182394954395,pigeonpeas
47.19959890855996,43.824842581522425,42.30857830065853,24.868573090171374,50.821647299111106,6.194576948611395,97.13199315037444,pigeonpeas
40.582734618304606,58.975809953838365,35.360943747572755,29.73759126982018,51.10719633876819,6.5762420200796265,69.87700891938525,pigeonpeas
48.02098973391918,55.3270256111478,43.158998224091846,29.886756579495973,62.95039591140326,7.4378887943485825,159.95411270106803,pigeonpeas
47.7397582874674,50.34263784021276,32.34128825963725,26.338132657076205,52.53745656126186,6.68498695835281,127.54902847387281,pigeonpeas
38.67726193498345,40.20093962109663,33.896809833107284,25.89596518294557,69.01007123178269,6.267218080710316,119.41208364750885,pigeonpeas
41.44088267019866,52.07585514572236,35.978523001966664,24.92979674680913,54.35399597714465,7.432042918260417,78.28881341803036,pigeonpeas
31.155103536992584,40.51677944440022,34.43558983867093,29.36565366056186,54.02350464577759,5.660126805057931,126.42344517823327,pigeonpeas
20.299077042035556,41.69532308852666,46.1525173912595,29.257680138315276,68.30277640809791,7.209030871821499,155.64457885357453,pigeonpeas
21.569985719019886,55.656972359733146,46.91021621681121,29.588985749263454,60.169580706160524,5.965803677298963,178.34619659642175,pigeonpeas
41.814884292204155,59.61522348777703,33.11385195511866,22.70797499662466,54.235962997630054,7.085079535242674,86.16702150301654,pigeonpeas
21.999794894699182,59.97121613171257,30.496344228902984,30.02292872190639,57.30733683101305,7.183230919515631,137.64686876956029,pigeonpeas
47.0489368845908,58.523859728292535,30.18196362561552,20.90494611191346,55.00717459141711,6.838630832727003,184.35810751161085,pigeonpeas
33.798258538818885,52.13946232548531,33.769997055911226,29.659602006580222,69.3465622270694,6.037197865829195,129.2756332240765,pigeonpeas
22.583483315191213,51.18273312925937,40.05566883693361,21.73323780986093,58.841324262361496,6.168209304173127,133.0563225427265,pigeonpeas
37.56963006286398,40.16991157214419,45.22011965899111,28.556171502340888,57.325727724130445,5.605871871137636,165.69055556990705,pigeonpeas
48.65525481434398,44.80303192044028,36.47049227474076,22.20575467378178,61.53872246689679,5.80968278929491,109.86715208459313,pigeonpeas
40.91039041802789,51.202319660186966,37.72925128655871,25.042995221690504,61.24221765246459,5.511729455774322,70.99138158350539,pigeonpeas
46.43774203289035,41.557579781825815,44.1360719242101,31.040457969308633,55.41367208603462,6.2409828741190285,139.6489968182603,pigeonpeas
46.45126908915754,58.83811174520841,44.79126496222536,21.039437130256328,63.383083110697015,6.320607443745324,125.89813992874862,pigeonpeas
21.47445171035531,43.821242786927165,45.81027215067296,25.447505996574318,56.03324483262298,6.268038147929916,179.61593186559523,pigeonpeas
42.46997052214871,45.446307943621655,32.350036804247466,23.02397865972886,68.41512902109467,6.663177675699511,134.6872292242696,pigeonpeas
37.89180799077384,47.320565314930306,46.142140406390254,26.279434991602997,52.334958055375914,5.758130249658126,135.16028051036656,pigeonpeas
48.097106542125175,46.167042433523974,47.39082337718436,29.16914703894655,54.95624885813814,5.572681496632485,74.25861711993358,pigeonpeas
41.854818015423206,43.99339476081293,37.42541841010787,26.0203899920771,64.50936336900325,5.7264624465182505,116.8912967388446,pigeonpeas
34.55218727428086,50.816541279430794,46.36721282790433,22.060138340518602,66.15662903653245,6.885756855393304,137.82191398785432,pigeonpeas
40.98583611207716,48.240354779033126,32.76795171936249,27.98918288318441,60.493446133712446,6.778749601085551,107.3198293439886,pigeonpeas
47.20599732019508,51.74739737151154,31.70804968581748,25.397647888453143,65.12712109487269,7.088269123464545,129.2435873869262,pigeonpeas
46.842427124939036,45.35336874388595,38.21197394476533,30.783162926827643,67.92513432943159,6.871425537649362,180.25727659711083,pigeonpeas
22.66319800868698,57.29989952415553,36.41239813100454,22.139978149138596,54.787396726840925,6.335937016027774,95.16688064462541,pigeonpeas
29.61702758049497,42.699569721432844,35.92353531117997,26.867405774504014,58.83707416182128,6.1934375224718226,164.50329803999597,pigeonpeas
46.80529914179954,55.13578445804794,36.640014042353585,28.933306014050643,53.03960364948102,5.760635976182582,108.38778518506226,pigeonpeas
44.23107107132171,44.926964944846034,31.265068177973593,21.580514422476263,67.1748993705916,6.7675665694945755,95.44816287179674,pigeonpeas
36.65887475984544,50.55159244850701,43.10871956881323,22.798250653059394,67.28805974388796,6.118737124160026,157.17843155667316,pigeonpeas
20.483739391166445,47.453142597882945,37.034196359176164,26.521813142996173,51.45472523554393,7.080262747452217,90.4893122474596,pigeonpeas
40.31113444646031,56.064242464881865,41.23753912483026,28.890598480663826,63.23720624430011,6.211059594304015,173.24019546469913,pigeonpeas
28.84104109656584,51.42425835503035,44.90795478283079,24.54747091775009,56.055352152348505,6.418692020345645,174.5148892088815,pigeonpeas
47.89765289436994,50.901668257197805,43.22932410647304,30.83928346686697,51.970937028258845,5.96415715573233,159.24600087522154,pigeonpeas
44.71233385736899,57.14058056661156,38.30214353709865,21.072078827502402,58.7556295459924,5.961469180414108,100.76750369952738,pigeonpeas
43.16802670512517,41.510541720517736,46.551624349614045,25.132029029890028,61.9212786220119,5.679304462471358,107.23027097001915,pigeonpeas
22.691027570445375,59.23087445762219,46.14523298652501,25.515593052277524,54.47205096647342,7.366910210499705,108.24352340177605,pigeonpeas
24.829532950621243,51.2632877690791,48.875482406896325,20.04596348600387,54.762496865079974,7.376895280820815,83.95203536000268,pigeonpeas
23.397303549194596,51.40374431599609,47.2368764658966,25.725317812327113,69.8912851336905,6.858343399075986,70.37048700946268,pigeonpeas
49.78496395045926,48.15788473560381,35.74805067690965,26.69455020293463,56.08615183641729,5.672915014240305,60.199968031084744,pigeonpeas
33.48750058760787,56.73726844453185,41.446303712601534,31.99048758732129,55.736932912944,6.060910129520111,82.36492443275219,pigeonpeas
24.921907647960055,45.70373192020096,45.85680090547054,30.869081487637374,69.50174339415362,5.9645793081929055,183.38165638597283,pigeonpeas
29.84765267832011,42.25681089033769,47.40049851040331,27.633267615723422,53.29461792162123,6.359662515026005,100.21607728278947,pigeonpeas
42.10383706130591,49.06832461248536,49.7855989021277,20.656939787115142,57.100305322724935,6.463800334219955,130.4386976647648,pigeonpeas
29.478074671569104,54.584804981951365,47.49494146977949,31.264631623734356,66.10186753599052,7.201160394613199,137.07634208679937,pigeonpeas
44.77664679280444,46.070078182959044,37.96957524218429,23.802956165822533,59.34774670895851,6.071159232477273,194.62560191562255,pigeonpeas
29.385338840170043,41.960890762218796,40.53634332100827,20.685188941342115,52.21086332617161,5.938778778392493,125.00903498349983,pigeonpeas
32.997527969270834,55.993837240055825,44.789493077682266,25.115819527888416,56.6740841515126,6.132937568122998,168.35931222116125,pigeonpeas
21.562172186638094,40.25643299021212,45.91088783853296,25.725756511868592,52.61762277107152,5.971131869189002,190.55055343363355,pigeonpeas
45.785089268746944,54.19570100447945,39.64450460674653,26.243883514296627,69.50489070567917,7.431540887768574,90.1376664100168,pigeonpeas
44.33313698915954,43.94485332334034,34.270749557679025,28.11311640997492,58.10002197175097,7.36308881421304,72.46136288544123,pigeonpeas
35.345769224284794,58.37043060886242,48.0822732095901,21.878350560988896,57.33275400192913,6.738242800093392,82.3152838679963,pigeonpeas
49.04066516137216,58.29498657455321,33.339003580689386,21.453865535131825,51.7081696561653,7.318887328073262,87.10733337136452,pigeonpeas
32.48854785633064,48.97702731304006,41.98022088427135,20.8608241249691,54.53517234801032,7.362980773837852,187.17741501759974,pigeonpeas
43.43871942217076,40.38802491236431,36.54013536992204,27.535504824114895,55.50380423546952,7.319173390107554,148.74452465654187,pigeonpeas
22.15720151949337,58.18011177671406,49.155333163524446,20.932549020700705,60.6472046972263,6.106728564428341,114.99747070739633,pigeonpeas
25.389536538660256,51.56144204024825,49.15958706497781,26.03687120325931,51.658291627889625,6.740002666954817,107.63121922317598,pigeonpeas
45.67775568773894,48.6935629663294,33.85679217884491,22.29326747229374,65.37528361442321,6.03117519661472,167.41267518229122,pigeonpeas
26.176619322997983,46.43372737402619,39.30973944879399,31.318350196321408,68.6346284950765,5.913743750844576,110.15066577403019,pigeonpeas
24.48198165361317,50.19970158626994,39.21165101389333,30.80912194940879,68.60010755582145,6.267134782014584,128.84331202265852,pigeonpeas
46.88708747438399,56.134156154901234,30.073126226892985,23.84071477020299,58.435484838722516,5.959432567366464,87.94002622543142,pigeonpeas
21.13353519787039,52.86739450139521,35.25020580966331,20.628166141175758,54.61958621056127,7.103827905672253,179.20848543051653,pigeonpeas
34.49198735579908,48.321413408173726,49.55707387003564,22.40677591505684,54.30718565709217,6.083734354072799,84.18602455935222,pigeonpeas
31.380967946125597,58.216684539795075,42.306956812571485,24.943358583347162,68.68821589142429,5.596928464951644,89.43866490626058,pigeonpeas
36.97665815305277,52.31105246386358,30.791150131252262,24.836465094885586,62.983079296617454,6.896141092806803,149.3395863522777,pigeonpeas
29.616896730827737,41.87040247195819,38.542248928386684,21.545053248416664,68.95247317041334,6.450341732045256,104.41628440996146,pigeonpeas
42.989122133567,49.95897185164527,36.200680480249005,29.74361290868962,67.34304302002244,6.846016332577354,66.57501913707343,pigeonpeas
36.989686404995965,55.26589823994563,32.730060241671644,22.74404901661524,67.64990210136273,5.540243443706148,165.38179929563665,pigeonpeas
34.21319877543269,48.935443176792134,30.141930649897745,29.832778771597916,57.196498012731325,6.581531262601086,154.8220960869923,pigeonpeas
41.07888729313747,59.11960117652144,40.62679906473218,24.79663461169313,69.07407252983415,6.784220470051042,101.74104987871779,pigeonpeas
23.793927362107134,56.85109002930363,37.24363205588303,27.92563665637317,59.41632838731796,5.897859559590077,144.2361252068651,pigeonpeas
21.82049206852047,48.266849197423845,40.93229879327342,25.23256368942295,64.97344350501982,7.155849909090625,167.97403036464493,pigeonpeas
21.164388434354063,43.88257540891944,40.732150185275486,31.217864485325613,66.69913550104233,7.185069016703603,102.44914712635449,pigeonpeas
32.88343691236108,49.41411894631875,33.14743166699821,20.372817562933477,68.93805798921034,5.981425171327014,93.59284652130839,pigeonpeas
22.501371613062787,58.57015503887557,41.59474229879544,28.004442285504247,68.23153774526105,6.191240337801579,147.01102355933176,pigeonpeas
21.163983641866622,43.73545056462259,46.624916101798846,31.667683563383356,57.01285382914294,6.565215941661319,103.35544335535795,mungbean
20.007230140554036,44.82488672076056,34.164636172164286,26.504829467497636,66.11811685066883,6.419510784819665,69.15213220501482,mungbean
35.127903823790945,57.31290072745464,34.82699407675,24.785362427927986,57.128094716993296,7.121477736847467,105.06905446947945,mungbean
44.50380108723043,59.19184295218468,45.85324953503234,30.038030788437535,59.86683176104761,6.0601036295224,148.43219788140414,mungbean
31.504433677251278,43.04456427833733,43.334177107929136,26.84288289095459,61.715565418620955,6.880151861766887,94.57298209028691,mungbean
45.08355846635128,45.29934123110886,38.972651832354686,29.376921285909717,63.27249441534599,7.175957775758384,89.4807282878256,mungbean
39.38140832289788,43.01221906137038,48.65296201084957,27.830588064210033,64.59042843952876,6.0305116228232665,70.5187142904807,mungbean
34.61247632970734,57.56504935464693,40.545102999013544,33.29870482293879,59.67593793165592,6.735673645103925,61.97467885005319,mungbean
44.07968732456659,44.93930824934125,47.9922497874463,33.10824220330396,68.866202237483,6.780345733654635,117.70937847836443,mungbean
43.355476401849906,42.62029237300931,42.019143899949945,24.342979013033116,59.95132166777452,6.232264022430341,68.29229259620847,mungbean
30.951427000778047,48.648743334330064,42.46344849064374,24.744284184385158,60.07383522474889,6.273937695379652,107.39751750317419,mungbean
39.122138367835504,51.13418513105708,44.76591020956615,27.356092442409015,65.30213183266261,6.64915062256229,98.41844983225968,mungbean
39.44306381783214,40.367167679984476,43.07988442840497,30.185851490721156,56.1969423350656,6.128691427349234,59.093544991304114,mungbean
47.69671240955685,53.785586424516744,32.54205227541481,27.567231693089063,61.84965987803193,7.253357557635973,54.36609287130085,mungbean
27.098993944100265,57.7949798059076,30.18331100367633,26.013991027938875,69.18048351945932,6.920102769783257,76.16713666375065,mungbean
22.00973283187543,40.56382680894444,34.89490159273855,32.8148581958891,58.31827308595019,7.08050005374899,141.82850353799577,mungbean
32.2412138480845,43.82554742074794,40.34235861713839,33.080836870598546,66.08748828275401,6.098744765044731,119.25728000775818,mungbean
37.15692567376861,58.14926352692851,32.44962833700595,29.340361132046567,67.58925387023785,6.615035680112614,98.19949177328671,mungbean
22.11382033000875,45.56287280897821,36.49013298337895,33.45122448744887,55.653347210823185,6.691303102904478,117.13044235642798,mungbean
24.86550117223632,49.72884774283749,44.770780789518156,32.66855213027066,62.525185493248536,7.003580272975421,62.6283472584569,mungbean
48.37329491739041,42.65148154968965,45.49345874363597,26.64816321778319,68.67186287402504,7.079939309054219,125.38137129783689,mungbean
26.571775191796497,48.86079953270322,42.35626389178573,31.699736182066008,52.07918751824779,7.443547974681793,139.02206705545558,mungbean
28.11045771486753,56.45520486064664,40.36647846079647,28.618064815620187,56.28868211622811,6.871452879947388,122.98891177035978,mungbean
32.32798714888275,52.58438386016584,43.98625842310608,31.11121817015286,51.0393219626236,7.2896217085276005,95.8253314765048,mungbean
27.872482450886434,44.83529014959363,39.66028225687901,32.86831539468959,57.56695163365294,7.124588620175315,59.68187309872186,mungbean
34.28170106453185,59.83372280785471,45.40875605584674,26.10528488440613,60.02882947395821,6.35043714547285,90.95609272625092,mungbean
43.40252071204894,55.42449630580808,34.5620075580477,33.2222331815486,61.85136365529654,6.569886436443022,100.19355807808606,mungbean
38.15213760313231,51.197810636915705,39.72810071072357,29.049328040894,53.528238208557724,7.2190993564570185,104.17603199410154,mungbean
23.93239585114109,55.32314203165556,48.64887956754701,33.47306899236962,57.38035464822345,6.203275310341131,101.83996266330652,mungbean
23.37827688047662,58.67974837025234,33.67159254710292,26.52765859951164,58.13273053769941,6.574746702838689,129.46628923978892,mungbean
33.68950461652887,43.41536520006674,35.34419790972148,29.09113385187522,52.9490783485227,6.917483513469021,106.57473065511459,mungbean
41.44106949146773,58.75409230758736,48.24509122202311,33.460756180688314,54.89431194047402,6.197347959959032,80.22767004964484,mungbean
46.852555182989434,59.441069492469765,47.18649902140952,25.100177211275437,68.94855996119585,6.6350370410261785,50.93102907623537,mungbean
33.27181222244581,40.92138339350935,40.877558423222354,27.385540274370513,59.46869867188097,6.919755541114675,136.88010958178202,mungbean
39.85704729415786,48.680977369563614,46.3885570734073,33.05582137573132,52.39519932864395,6.797899466329187,78.45119597424441,mungbean
21.41183593630842,53.3709339022797,47.25541554918451,25.62902654477394,66.248273152478,7.280093600305412,141.43404426664836,mungbean
27.958552672581572,58.079061303797786,36.41325509472865,29.523380134555026,51.010149416645646,6.065821632553115,122.03732127322029,mungbean
33.33439933933373,45.12584750738435,33.808269920498205,30.69953490859218,50.008030880506794,7.208836753795281,57.924960612992884,mungbean
25.744688447243583,47.724727905981794,39.69717479432207,27.549951158139418,56.41424329968588,7.445874018109783,114.15796812433942,mungbean
20.702988661021646,48.60351816888627,47.500173994879404,27.01456186410668,51.891126895487766,7.137577157384877,110.60138319360813,mungbean
37.10937523479512,41.07153119214816,32.80998019591035,30.22549396213114,54.15647682917672,6.756105119622637,104.48816860293934,mungbean
28.505215708128183,58.96850311082986,46.8492821367115,31.223735076327984,51.55987732818818,6.159195028963529,99.27813458649557,mungbean
24.82140047572957,59.56530927058948,33.17040468054819,28.87467835463974,57.28242113683011,6.9590796321811474,62.90364088894249,mungbean
32.90949284127173,45.49410065614288,47.755030493433765,24.40585712134695,68.27454988012919,7.2494912078295,79.75707164408155,mungbean
43.67871964031314,40.62427120677495,49.337311005867875,29.265949425897894,56.06562052130891,6.543874818892015,56.64053534604974,mungbean
49.680485421261174,40.78583890301385,43.098142462957185,28.427359277064582,68.9783243637743,6.368999610460193,103.20868239380113,mungbean
34.47068625748259,54.05732888100203,31.360204639048412,25.93789130023355,54.291296401857,7.107226132262534,68.91386963267401,mungbean
37.204752916729305,44.30487641001908,47.23249900167957,33.421854544896384,60.36985949884481,6.5284633263137675,73.40577750174991,mungbean
21.493430045691312,45.37000152394991,43.08471559890636,29.336169313092107,68.88082556561855,6.594415893737551,119.38633423283946,mungbean
34.67968242425364,50.25152431848423,35.35548629208235,28.549507768419996,59.41569994025414,7.0599637826234005,144.0639999186114,mungbean
29.879638324475128,40.84400937162597,39.92590251001279,29.444613321491687,53.368811022638305,7.1406969094141,148.49291084414915,mungbean
48.37324151025383,43.94212077647305,47.507264798015214,31.044936364116847,59.07693127613823,6.810916491487093,134.9600174982458,mungbean
34.4040481891512,47.46414738210254,39.864949860519715,29.79129804035049,53.781553075566976,7.351361595400486,117.41869488296139,mungbean
38.998067520124664,41.989924523612764,42.083478763451836,25.209606622384925,51.57395350390798,6.79096634346359,90.2785534046495,mungbean
37.6643081046867,41.784443361144774,38.619661256945164,25.74786715045158,69.74200171848233,6.841725318652761,118.74368609408673,mungbean
29.762548420478232,41.89477829558688,49.517417255670736,26.862590353831834,58.476163703471485,6.974795882553862,52.46972976861113,mungbean
44.30777391551861,50.7315638005724,35.56434374137644,24.616079852924692,53.24996830948883,7.342550788280155,118.60242239358911,mungbean
27.497051649106695,41.31201529890059,43.81230624773273,29.72407725967765,58.090390489164704,6.545417173785095,71.68142759291084,mungbean
40.08833769612553,59.41336055587741,33.51430491673652,29.971166200155032,58.483701114919526,6.670033082616998,75.41472801278144,mungbean
44.754046269842576,49.70511208294482,40.868117043965285,27.047609127973256,53.636169313338996,6.128865582304231,121.41191409249159,mungbean
25.88702845063567,53.80150708377595,37.80752892093908,28.157748009896515,59.38354992185543,6.551562762191315,60.06199772225901,mungbean
29.288954300085372,53.27468721387877,43.31568802937742,26.862243072399945,59.20205253115376,6.290170842017906,71.03720815298358,mungbean
20.691412652198224,57.9349309981549,34.21413330149812,26.275338769364634,55.592028652902634,6.191112107543144,113.92628831813627,mungbean
22.254288595327598,42.68404852652701,42.89513453180186,27.39660620481443,64.15895653402379,6.836137117005213,75.60211730615131,mungbean
39.52483851467984,42.32547360585761,40.72820766160061,28.371481050450345,55.357471656348814,6.90600749660925,137.13335923402826,mungbean
49.9671409928923,52.15525537486849,38.0941174865834,26.252071002162015,55.141921787902234,6.719182467224648,86.72777012807092,mungbean
47.414435678748326,47.36590935311419,37.46889182290871,27.83534512433977,66.73240420735317,6.976182481270353,111.41688503188927,mungbean
30.024290671515864,56.35808353664879,30.767277227114022,32.707971723381135,60.25499799587859,6.597375352295119,99.71672807176857,mungbean
40.02246591601494,40.25530853035795,47.431037129164956,28.467395253113928,56.85933039400156,6.2073683484510855,93.94653743584422,mungbean
34.88968313853137,48.07293388986956,43.573201876537944,28.20896528759226,69.22835155693147,6.898916276735388,130.74779356519088,mungbean
23.280677093284364,47.94582585891811,36.73695402894305,29.69482388136592,67.22227040122851,6.11750732664301,57.257479804471075,mungbean
45.50953124472797,44.25700172076715,43.37506508899627,29.42878132360805,66.65787189774458,6.187633364754605,62.97829657226113,mungbean
36.704550808349225,58.927573067167415,38.299955167415085,27.26942100254695,62.13378646395772,7.395672900817546,133.69278328446237,mungbean
49.864508321996595,40.45137166404754,32.257162894255245,30.09467763366622,66.411528786677,6.42786651346015,73.92110880342187,mungbean
43.609273981436026,41.127637077064634,37.3876529516517,29.058092225923296,61.206973487006465,7.092922735189165,85.48457234306582,mungbean
38.38053034023822,51.707508455819124,40.95232201307494,30.40483293142212,55.18898342136153,6.1269731303769435,61.92716720397434,mungbean
26.73747147961703,50.003958710455706,46.808855010920404,31.01293342088384,65.78081208404095,6.526463435889137,90.465374164855,mungbean
31.810456579718384,43.83746368809003,31.22433316287144,29.909160928272268,69.78433366841172,6.250244557425394,54.66848198992737,mungbean
43.385950454717985,45.05172013369449,46.59287610705857,31.039366670345153,68.91347074101608,6.613390853635008,116.19698394506341,mungbean
33.94564342439812,52.61177394617087,38.99197812015475,25.88632246424075,60.15794832006762,6.792876302156164,131.0603848260161,mungbean
42.065621173807436,53.27583247882888,32.26774191105145,31.20616290663715,60.0061031270903,7.341149304159239,141.98709341305428,mungbean
21.654697718053562,56.412831207089575,30.75394780845341,27.671696256950227,60.845999512421585,6.222151197940692,124.63138125690769,mungbean
20.250641125164158,43.37198096868074,41.61593659706951,31.143875620372924,68.33286205387833,7.058244977901936,117.1779270254866,mungbean
31.83023439051993,40.02568851053603,32.40318517471244,29.34554544756039,63.502597716888395,6.626172425844693,123.06790115283903,mungbean
35.655868859965366,41.483523911886245,33.84032501935898,32.39998223243943,64.49825493248879,7.342142980518743,61.755724912093655,mungbean
49.706676038452215,44.188134278998675,30.23559752573284,33.97422939053554,55.62147770890226,7.00202917876884,67.66823141763052,mungbean
37.40685596597425,58.08069972909119,36.40362334856877,30.702539760443592,53.75807177596833,6.937193098078088,83.64503518175101,mungbean
26.33624775763855,46.263641014072704,33.57682137015599,33.01916107837883,57.943737726342576,6.367918957461551,94.84078410159329,mungbean
29.616085004194865,54.888385076266516,49.42439823770989,28.380336566976467,67.2206679994448,6.8487946103394295,65.72356650942335,mungbean
40.71868226244025,50.2686899425164,43.01213046504207,32.89687412571665,58.808691413120926,7.351766434826033,125.0669014281655,mungbean
34.65814777633955,52.06444271315927,36.51162265038023,33.83597299738774,63.34702326100792,6.065770278744945,82.66219057480087,mungbean
38.69943301277172,41.12666555598479,30.477683826382854,28.500242395278025,56.6538035938534,6.657447912049749,76.26933098800052,mungbean
24.941532408289426,53.78286713960675,40.29142232535601,26.001542112493667,56.39178852519996,6.887711861494989,57.222934827247784,mungbean
24.423590277985387,41.464912082147805,46.24634665428238,31.52409233212009,65.06625863758514,7.074488015214042,116.93854236698692,mungbean
34.30975746134525,52.8455632701423,30.76723109575949,30.214644226567845,65.55755411073754,6.750537540576586,85.75133284272368,mungbean
28.322802044029373,52.85604100324165,43.85602397259817,32.70967599862543,56.84668164921982,7.1546584610783786,106.1355824189338,mungbean
46.485094720342374,50.556242165912415,40.352596567959345,29.778770814409093,64.98630710284868,7.447035718242692,57.35633542157657,mungbean
21.603038071730516,58.75100674814677,40.597512510364126,30.14903014566936,59.64847203189458,6.140486178911212,126.80893784186665,mungbean
42.41673935265761,46.23406642985624,36.12478490456801,32.37841380905519,51.44714515482653,7.321657722534849,75.66616898959144,mungbean
37.78954243266482,58.71988358003556,43.56245003073293,28.144298124670364,63.79068417810831,6.515969454474555,77.72584163491861,mungbean
49.90049833804039,55.015804623595756,42.894399547636354,27.552896432193187,50.98321658310096,6.0465853140527335,105.41812554487989,mungbean
42.86098163117153,50.7475838088771,46.81570143878229,24.334265330932215,57.3350415285188,6.355605586761267,94.72729681571221,mungbean
22.171291795823674,59.08263283142145,34.465108021387216,33.22307775483585,58.517863100733635,7.478286199882827,105.40583834602108,mungbean
47.92498592527423,40.106979773884454,44.964776123618,33.03050653102515,52.794411339579085,6.144188777598227,92.45726071859556,mungbean
48.01036718398805,50.84773120380878,40.54912927443464,25.41126118299322,50.01579022186438,7.215210136118191,58.75745629862382,mungbean
39.015494562059715,58.29232909030383,34.17303826316862,30.652728362369107,51.57397153415019,6.905632715756419,66.39317209532027,mungbean
42.078606815455345,46.02462589587817,39.267820176092926,29.994305420276216,53.42546821332479,7.112456727926432,80.26403406368146,mungbean
39.871155797382606,43.165661013987474,43.76235318412701,25.281880728104618,58.507129925399674,6.370809110608315,124.83752494281826,mungbean
27.861050135206238,57.634346127907925,47.83640422813225,25.96441315222786,62.276918900154485,6.131576462579947,89.15370996016293,mungbean
41.39965188503817,53.18846493699833,42.49401338813216,26.825408636624434,57.56049898868804,6.154419217050429,121.9022820433601,mungbean
35.11666390373821,54.17531264691309,34.97887049593746,27.244382286350664,56.68430674520229,6.038613614620824,84.10478728306236,mungbean
44.099137205541005,57.94596991499477,40.364366312718545,28.555016952192204,50.616492373987406,7.318806506378074,51.30102134258727,mungbean
48.34250240630635,49.78432497376181,36.83868987149453,33.242184348426605,50.48781986220193,6.872137342303631,104.89325244993375,mungbean
26.579612036341462,48.57774862700421,43.045280118875404,31.271311968819276,50.0143371741316,7.405280145136523,66.45253723928124,mungbean
27.007413026670775,45.26946891387696,30.756402731040705,25.23052123590325,69.72699845888324,6.472825106065929,61.530109033904935,mungbean
23.2097378352387,54.389199353399434,47.09137328065282,26.5695229950847,50.4181902467047,6.334635027668034,55.65156907967573,mungbean
23.101848098901247,48.63016239695285,34.59836741723265,29.159458785254234,55.069875065143805,7.410805951654421,140.59439679262647,mungbean
37.00418315031398,47.08847983974772,37.622937640694715,28.11852283144497,64.55158644269888,6.677458493278257,135.67299465058974,mungbean
48.32284357791094,46.71892306757868,41.2138896275136,24.950565368325645,54.00938095532718,6.62019865006524,70.62027159017788,mungbean
46.29681472366153,43.165725121181964,39.11321643106184,30.056992404598756,63.83727816321689,6.57460405458976,136.90990687247285,mungbean
37.049574532337765,48.79015560895104,31.344812681040732,28.646894684451652,66.41471681631461,6.921811527331974,133.21624537291183,mungbean
34.82035011797917,42.36923410188964,30.27279691671762,27.03219546718591,63.959809429955854,7.185389855912541,79.57528346203294,mungbean
34.869617626497416,48.42237808868163,38.210455687028556,26.313487132001505,52.727422100589166,6.295032837346819,55.53323871633461,mungbean
25.94392225470731,40.18401795250759,42.545168012719564,27.16375407387683,69.46289422853818,6.290575576164446,84.58285703095939,mungbean
30.735234759245998,40.16902992124921,46.78415906078918,24.319944601443247,68.80359669458483,7.33811152664043,103.55219160859636,mungbean
36.30786724733876,53.07555845912313,37.74100023869774,30.472222833978556,50.895367773769735,6.08107144102459,95.72304196195444,mungbean
36.48866903318105,57.75635280671638,32.093212678157926,32.22647927193889,54.20094674584139,6.5911254727650475,81.6602434827413,mungbean
32.00465818596197,43.00990996145171,40.0714014880711,32.01642589831367,58.83068020757794,6.735920363847299,134.8767585281314,mungbean
41.181743439140924,49.8090881703957,35.1539129637836,32.84926746844967,61.54040803381117,6.33172141516604,76.91197526380104,mungbean
44.09399266808738,40.882911241749106,49.8418437405764,25.303516797147918,65.92137050793875,6.592162975157525,99.22161832874669,mungbean
46.419517323937335,48.25822379178426,40.74987507346469,24.4929966240917,50.04694947734906,6.367199809502589,118.05830929187672,mungbean
23.637946800774102,42.27523917609099,38.219212160718065,30.478370386082265,64.2414398449586,6.267676011147562,57.95881473720424,mungbean
48.21191101836632,45.21332765124203,47.066929952174476,32.634914504628185,65.45045183525089,6.253250409978855,132.18014592542005,mungbean
43.0775167772476,51.934459802124344,36.744040703379056,26.62508604266544,52.437784241607176,6.764635600351307,108.52608755098464,mungbean
30.78016971547362,49.50718135361737,37.270289147385334,30.410060573207012,68.02518415593127,6.245880393070418,88.14088099031234,mungbean
24.22605811852584,52.498875408156636,44.57741018977192,33.31912732597456,55.5774385252193,7.425316808798145,56.32626718206748,mungbean
38.09041590093764,41.142654386866596,47.875483755238896,29.29809057070054,63.38696701525592,7.247360888865678,65.03106224839688,mungbean
21.157746858144016,57.57762291825704,36.29866454917865,25.289789079271653,59.36922474174173,6.897459113544028,53.09706034225101,mungbean
28.24686974771263,40.655997485537924,38.40670778390998,32.95100029066244,69.65304822987139,6.955571330255442,66.16376937845918,mungbean
47.17548169997917,50.32495646400121,33.07498624205836,33.21726669451661,65.14938101446207,7.097557909084728,120.91807037944046,mungbean
26.01019463289327,44.22013383415052,43.7658599685451,26.197227501103967,58.773433936060975,7.173002738390912,128.3952518097841,mungbean
33.59785317577579,55.8437987655049,46.77243592396114,30.5477575128426,54.5685170461684,6.411017670578321,81.48411554087353,mungbean
23.50412323201856,45.4631924073989,34.19038448625064,28.55328749808602,68.1687509574453,6.156720475130937,122.02679239473956,mungbean
40.61849013239383,41.91508397326715,48.451448098116,29.684722021568195,57.27451042271368,7.13480787524296,75.7365458401634,mungbean
40.80529511138961,40.79422415144494,46.78816075218544,28.481708470213185,62.73385828715884,6.331856729710026,117.7073712658448,mungbean
43.1672082767983,49.46426373768797,42.354538481235885,28.563259238223985,67.88182738515691,6.7468037707714785,134.1808709028819,mungbean
44.04056174810746,48.21009642696713,34.6016898371495,28.060821325597708,66.5243475155044,6.341448803729088,102.44363458577493,mungbean
44.182902438822424,47.069549502567575,42.84419274005395,26.456315740488144,52.1855889073632,7.191576337639285,59.89686234087068,mungbean
28.141441852387537,57.102188439948804,36.92938574157334,33.73045349514161,69.5946866954772,6.402414030680335,54.097822224989045,mungbean
41.151898526161375,49.01973005296688,32.015056879191526,31.07522818978043,50.62349818223842,7.3052950357383635,63.86525291133037,mungbean
23.81935636240175,43.513445959371694,49.20532716984133,30.93169360253846,66.02743070927274,6.596452478599129,83.63127275049555,mungbean
27.0345202034951,49.61296056624818,41.03657467068337,30.317748436527552,55.14237007997389,7.422981121354486,66.97584982071359,mungbean
48.96959524299237,40.29712245015008,39.622513836336914,27.333678381165626,58.98246827860501,6.855996868471184,93.5589158012709,mungbean
32.445405509047845,54.65446830826613,43.71752550172929,32.33271282035848,54.99917962478991,6.914292764631096,108.51947853928539,mungbean
31.092134326180663,49.72115083805362,36.27564286611457,25.41844397616985,54.27602421325466,6.158270469601802,118.30695751901241,mungbean
39.821821793274545,59.012127431597456,44.59356827294482,24.520458387561316,67.68490347857909,7.2940127444185885,94.33203207726987,mungbean
37.57589151583765,59.52156664945038,40.64608727696333,33.0532182837609,51.66077515620373,6.286577803063024,94.07549434413178,mungbean
37.542704250119144,56.324557037256,49.76524230286374,27.888514964741162,50.948312722801695,7.201757254942987,110.43807190828082,mungbean
25.95628576604605,49.896569132428404,44.84620491067449,31.70411787068644,59.99236823997524,6.457821795193289,147.37425820384937,mungbean
39.90087832869479,48.164750386925974,35.609264484093046,31.311029830035622,54.843668911875355,6.257564983460532,102.98338889620703,mungbean
28.699621779324254,52.5781028984723,32.35877349748467,30.549411045673217,55.66593055995404,6.000364401651769,62.69360576741764,mungbean
48.00846133505282,57.34709278230716,34.67218064072473,31.783719045454912,62.171431863479484,7.456357067174804,87.36056595340591,mungbean
40.443818375515136,41.27071444847837,37.92494693632812,33.6381766118818,60.77961748900241,6.431819255002267,62.027096312860685,mungbean
41.10585020544591,52.897120868594534,37.47877427207549,33.50941351865834,50.444056259757005,6.455585777447738,142.10694862995814,mungbean
29.628063149583213,45.04505667710341,40.68440819862495,32.23801749920538,52.06293521756722,7.414531064468604,129.5072881181164,mungbean
25.43750766654656,54.24015922396325,37.699174452751144,28.022946780763185,65.66580184877733,7.444177211971098,62.66558728471939,mungbean
32.61890710636458,49.61883216168607,37.52623633909995,27.63189123716225,51.04537335123193,7.028307930843935,93.62144171200454,mungbean
25.843814079317802,56.32067004604137,46.05121496303256,28.863916280888937,55.96901322295521,6.957139088694679,78.81521357774031,mungbean
27.08023790971136,54.61029308052653,30.806504794419013,24.94768471034594,50.135763480471795,6.22941477971314,56.89900087104594,mungbean
49.874071033397556,45.77619939908179,32.98536025338495,26.409962579959178,68.7225114308027,6.780240334536593,86.48180963078569,mungbean
46.20174373727658,47.89980541098065,36.700171399153916,26.072825225497354,57.55593647818823,6.475026534025389,117.73039592981411,mungbean
28.68748114012181,51.54399492845123,31.317843300639453,25.912891566965143,58.14810543222698,7.405423880863044,87.72519857156954,mungbean
39.922223635995024,45.101744448427965,32.54067151946464,24.5853660008005,56.10826997085503,6.236491540195362,67.40104480161241,mungbean
42.8227792516085,40.316761418897485,41.15620251470869,27.79461380593465,60.13099999817094,6.844245355821904,81.33676944572781,mungbean
28.853265805528558,54.66803698669811,47.42553976242314,25.925816324585277,51.95237521070298,7.346693709588039,84.98954636473987,mungbean
36.539521719884426,47.19086289040007,32.516046726921026,29.893316449477283,60.502817035392596,6.304490338786795,95.18690446522778,mungbean
43.908425120469374,51.80852206215783,31.938346541339897,29.48021497229135,64.05476598579173,7.189055108671127,112.91175786342669,mungbean
24.579744936223513,54.203465331803216,43.54683692163033,24.244268829406334,58.23495335180486,6.49942537044356,116.94120642536434,mungbean
26.484074369327622,51.817438459485174,48.26411923628345,31.97802372208608,68.4291547243306,7.467758950399035,51.067012700616274,mungbean
38.682238291324325,48.256787955178126,47.19708980670244,26.518147020091316,69.62058978230152,6.920561954315621,129.3537402228831,mungbean
22.567986584683048,43.669157695177304,45.16807346068406,24.219865220393235,66.33755971787565,6.0209235280378675,115.71188390612733,mungbean
30.952817606954177,52.22989705438398,43.92062813978227,27.424752191863043,52.15924896221671,6.1044688016223985,108.89360225625478,mungbean
35.619660612023345,54.84402018242265,40.194710200078745,28.224457900308792,57.961743564724614,6.0396703538965015,83.5557201696657,mungbean
49.280604725734825,57.471111524541776,36.58756134068435,29.87795405066372,66.94593491070988,6.6619115051251026,51.7957863750151,mungbean
22.2353138545592,50.20785442697413,49.38878751351757,30.932095422188677,51.41832382877139,6.284041313687794,127.132314321685,mungbean
45.243192798687346,52.35389172377182,42.888463392596336,24.283374503833848,66.57060519163016,7.182412812256245,75.90351441033471,mungbean
41.26030159896521,44.29709212849996,30.806603221030258,26.011365425903772,53.57257753508599,6.506621995102271,91.8449497175458,mungbean
35.256166744931235,49.53507751016656,35.413492119305786,24.291706685740746,62.10203244474302,6.593617244771032,79.86721573875496,mungbean
46.00823128491537,54.93486615596319,47.15531096744884,28.94982794712461,52.61862504253555,7.044332154181909,70.60737799371752,mungbean
33.23689007275151,41.30001577897777,46.50616804845965,25.259406410475005,68.0619501409862,7.296345903392336,96.4582764439246,mungbean
42.33104612911972,52.38890147636307,46.061512846754894,28.31805100785912,65.716169684887,6.693685225597722,144.0965787842794,mungbean
34.59116302475443,49.252385438674594,45.701437231270255,32.21577691760838,61.089782286423414,6.269696720242613,96.77582309575794,mungbean
49.04217508729035,55.059723860783706,46.22325207758264,24.328254988192402,59.3571892526832,6.969931700486333,133.0032683628075,mungbean
21.478209607483144,57.04877771283746,40.96801873483823,25.973139705760598,56.345104328994,6.422894327627342,103.08590342884759,mungbean
21.550570397333956,43.17072316999847,46.25386086751565,25.32603990746811,54.66792538916254,6.680055908406236,101.71208881133305,mungbean
42.908314388424756,48.94664853332375,45.797292420710775,30.183463070454575,52.26199478847645,6.234497157589258,93.70337254497707,mungbean
31.906681792671186,54.87088539274589,41.61474279594704,27.881330810022494,53.41520566900771,6.340255653488243,107.5501018469059,mungbean
32.70316414699377,50.29855017721344,33.41354870604467,30.629062523445658,67.05077481711933,6.386909260180351,99.15142258318266,mungbean
49.265819870627055,46.66483481101455,41.90092689847522,24.901957002002444,62.12030004958886,6.134447659956927,145.9235435323822,mungbean
41.46987956216934,55.763195762714126,44.082087215432736,29.897290360764657,58.99825562171011,7.287560069641594,145.6835667543063,mungbean
34.97108518712244,58.63070098310524,41.66665819977035,29.383841868964332,59.08965465910713,6.31393164229518,50.37196608180592,blackgram
27.24518680568184,50.1944634320713,37.59919904519505,28.484852280026338,69.612964391281,6.525408556003992,95.21829393601078,blackgram
24.005466540584585,40.959154648739755,45.50819029184989,29.706831750719786,65.2140961208779,6.224794198329827,107.18287711826909,blackgram
27.609274230241265,44.5612363380004,30.230520281059704,25.30340723569072,56.185362229993906,6.175318140886408,148.58584404109376,blackgram
29.25897945571852,42.606478934046564,33.98164625655915,29.877032283414763,51.28087047729577,7.293651195211735,146.1499679237147,blackgram
27.402422620021426,49.00190537181719,30.442689020589942,30.407102247272213,58.27852116105178,6.405087699152333,70.68371106166084,blackgram
39.62069232976282,48.32434062064629,33.59318578059824,30.891090814868242,61.301445660733876,7.288008082394244,61.74758988764929,blackgram
43.56999805833368,53.47033573634518,32.30021873656196,30.948207298717207,58.83094577759661,7.4174771783337645,64.16113506178993,blackgram
39.28500172447214,47.63960090925892,49.136293411817554,27.299748952902764,69.243718189836,7.352228776651124,77.03832353106563,blackgram
44.10625330479283,59.91208403607012,35.053260043425645,28.367771693233195,60.403614731335196,6.442396703705796,51.526483964602974,blackgram
26.6038773259258,45.63873768683517,38.871994026363744,25.71102478413402,67.46508713383345,7.057366699097004,58.520047755966196,blackgram
39.50277353419794,53.07312952811241,49.12442347287255,24.030208713561613,54.958648996116146,7.391687219062973,143.2133915398283,blackgram
41.617592581119126,55.3152664209508,31.829659158592943,29.138758347782336,54.63165982577999,6.271827065420426,131.03032991233326,blackgram
24.051144100416423,49.37303273992771,48.771564791720664,25.858320555653425,69.5598684747647,7.491431978641589,105.5617154682403,blackgram
25.10428220531474,46.32209775881791,38.4898566535307,27.093242243582228,55.612711597530314,7.458344563824536,65.33648274157457,blackgram
41.99983726150587,40.0082057887835,41.92365338804754,33.159430039540524,55.758681881864376,6.278288962886579,115.1679794878427,blackgram
41.37804221895179,53.760610379039626,36.38633760042748,26.52202402159331,69.11837599924088,7.384949262404894,95.73166098928203,blackgram
45.38581598463121,49.04646955268592,38.487780361450206,25.567629475992945,58.528121129839455,6.80612540789971,52.25043274286865,blackgram
33.32339015526219,55.627124367904,43.60092112748539,30.35156988863935,68.19110856874406,6.027048014737845,105.70475861922341,blackgram
43.620465452291214,50.82670765402534,36.477911051607585,25.36250565091978,67.75126143632383,6.706143588581405,137.81151969857012,blackgram
37.575563672995045,53.483842332300014,46.085223087569005,30.591555446001344,57.961096813578756,6.770450075892977,130.304552467588,blackgram
31.209508891189525,47.76242913536994,31.913802321160023,33.14584435221748,51.82072629890884,6.972313766172833,91.31944788027977,blackgram
32.16858170766327,53.59103673145368,31.341874652597575,29.937057829514345,65.4406357194471,7.242319136829892,67.05303893937753,blackgram
46.92257150234521,53.12292183694885,47.63709601641366,28.852807171101983,60.84066690194404,7.378557415543007,139.99095433546717,blackgram
33.44482620107006,45.48825263271364,37.86340869128529,27.8776432852975,55.73733749965588,6.40286940649945,136.10629364797194,blackgram
22.09585762053985,53.55222364199189,33.45640102912905,27.445058933940633,51.230860682696736,6.404960455283193,126.84210711172422,blackgram
46.55045973641776,44.43054303804734,39.27095678517844,28.703240479372063,67.47150611519469,7.144198579313708,101.30772183680499,blackgram
40.1224160141532,56.94710107818734,30.1907790805109,28.028900310500486,68.14486334554158,7.110469546265927,104.28413743340747,blackgram
35.889335811054,46.955401952088756,40.41041067283029,30.553831994634532,58.36726076857586,7.071229719588261,136.1232227260386,blackgram
24.640545445545836,49.03094045634849,38.160401825701626,30.87464804049728,54.997349305158586,6.9603763724284144,137.7489241731488,blackgram
32.54394799380868,58.220313999584405,49.86327477866957,25.060920499479522,54.66106375969717,7.4255696272231395,145.83276864813868,blackgram
22.931218261602755,40.29997000754273,33.222000465128446,33.96012783382248,53.59999233221374,6.7538214100830345,134.84177264305112,blackgram
20.61204832064619,52.08977964516919,35.540508977392484,32.62334916439732,55.669222985281586,7.030133580422863,117.42196324473969,blackgram
26.644806465789202,40.695983997367,38.184991475707946,26.891931519658698,66.17955499227418,7.2005462826830176,95.70239521926254,blackgram
38.19536675969657,52.0851903197385,46.543162968552465,28.250024141231975,55.508933595810184,6.397552377210821,103.61922792822041,blackgram
33.47444608196638,48.802415419698725,31.822746781794145,31.186037406901956,54.27473375963822,6.295430445313082,91.27583202773934,blackgram
26.833350248534042,51.67716534616031,37.42926678668943,28.4891172259279,60.74338643208058,6.305303283722707,65.57516228655298,blackgram
46.41265708620814,48.67447405662842,38.24187219265078,24.356121502728413,59.959526051747865,6.8312545824165,105.88408709546664,blackgram
41.21093507968653,43.54963669982023,35.04446268461238,32.10730465230412,68.94341233686788,6.203899121050981,99.76495545052182,blackgram
26.425287582187607,41.20146336709965,36.51006676252271,25.43687625184213,64.19866146868492,6.800588120507166,64.38344709903109,blackgram
20.277247652165432,56.16314098048426,33.52388812328495,30.06216642220766,56.73843826153491,6.878228907472553,81.5653626982324,blackgram
22.608186820767624,44.45900017115507,33.761171329581515,28.280193524396438,63.16567566852315,6.395709112419536,51.206993530061794,blackgram
35.56812092794271,52.11518978717944,49.25740988003619,29.89470803093247,59.42345118756283,6.860102438846556,142.7900629862027,blackgram
44.85134436804938,46.45957466727616,34.745087273142744,26.626336123660735,60.08842079430426,7.116074176842867,100.32192071829621,blackgram
22.033891874843377,54.47161400879962,46.11940257341908,26.894978651197196,63.282514785667004,6.63988785158159,138.91193557274428,blackgram
45.356766744822195,50.508639966192845,43.83011091627189,32.83349701022104,59.91434020156551,6.4698761107332325,125.36661379095813,blackgram
26.601987643540753,47.77062296012084,47.31454474213587,31.24422340269315,58.07622010494998,6.322116753612536,85.59683908322364,blackgram
28.52312447682299,43.52178575887708,44.866658271313135,26.520698868501714,59.08334940335528,6.578789170254163,148.20773786356307,blackgram
31.732767324446616,41.599649655935096,31.79651505144168,29.90753721353065,61.987271034765314,6.628138485723983,93.18436923120296,blackgram
21.617977485226135,50.330930207785244,40.09478950760703,25.495493185569444,52.076787722218555,6.185358735899236,60.10282464912585,blackgram
38.2912458661028,43.92965304805837,35.02860304374927,25.735721441514396,69.15670608897005,7.281926194727753,73.04948373515208,blackgram
29.826988817663782,44.197856846099945,39.83751918921648,24.196105324742536,63.42736017793591,6.784737224726462,139.86389283011033,blackgram
24.931780529852425,56.082184921222634,45.839220289334314,25.27181189216887,57.97118448288255,6.255228961716775,75.47205004575488,blackgram
27.89738524491633,51.12472788051545,38.22821863520931,33.47732804006306,52.527402838940105,7.460538202275298,73.0638640214264,blackgram
43.18621809145559,46.77939852345643,32.86162790834628,32.5788918524624,56.17721798472927,6.988283106340264,106.64436850866267,blackgram
34.152689281726225,49.91638945297078,44.64475828184575,24.877729141234404,63.3636132391581,7.343718152097868,55.778819701986414,blackgram
24.21960017701,54.33263873404063,38.74563296489235,28.035486208136884,52.739332690884716,6.7601550610766825,62.654531119637724,blackgram
34.29861368931621,55.27230597923314,35.16528715774327,28.807861681797274,69.84031938793672,7.029975635031056,134.13567713051987,blackgram
32.44542819681637,55.35721846251711,30.810183458826437,25.22911182542245,54.06141185840124,6.60292788692283,134.57448783257632,blackgram
30.387981523637915,53.09242387030926,44.18628589606967,29.861823540883414,57.144839363402724,6.865580012570316,84.22655927897462,blackgram
22.516212156560364,59.856079563720286,32.54364907265022,24.723483838360572,67.57061498414312,6.452751991339342,115.02969740735077,blackgram
29.870171889866985,47.82908541588942,35.24225944033593,27.430440057930102,58.21400801173086,7.080624103638515,101.15361942347917,blackgram
48.30695651470931,40.83760787677551,40.06136645264056,29.842247888317182,68.40393972148547,6.073737785432141,107.3499584935216,blackgram
45.60889785583871,44.83855456238473,47.52584697047875,24.19043409274292,64.6490925826746,7.39966983175298,115.71976616400622,blackgram
33.170877319413435,40.89762032945436,48.402276266452574,28.702962226915748,50.57993488671896,7.034731606993143,98.18372535762582,blackgram
23.730359523272323,44.28543618620519,31.289813609116926,29.742935397085738,62.440589585040186,6.7586134475331665,131.7102133002615,blackgram
45.83026463924041,52.31248793366253,30.25512959414861,30.952296557477357,58.35998433840703,6.8483362248395805,114.90806020188845,blackgram
30.507098429812302,58.341970103435884,32.679497334995624,30.715118072810373,50.08719159913161,7.386976658107772,61.25041332380915,blackgram
22.84652690442724,46.66015266104488,37.471325720781614,26.143000723228788,61.702433218542495,6.664371147062946,53.417558904108745,blackgram
29.589561867659018,56.208658271463406,43.794030697237375,31.248708535798805,63.96233848167047,6.46645953207455,59.966392207677586,blackgram
28.17401552099288,56.635706003703184,49.60941595566142,28.938470147415615,50.194007098460844,6.210067218201344,82.20805753162658,blackgram
37.357560457788495,41.50187291610628,48.86714597419763,27.650836732844006,68.25168435849646,7.170782704135533,125.54372725155811,blackgram
38.20158739346696,52.53567634103689,42.76006470432496,30.28721387025582,61.07456462796723,7.479621027724333,123.22905674256961,blackgram
43.308391651775636,57.449256301673486,34.312795254516985,24.838041590950606,59.65788873197197,6.771121043428909,132.91817799499177,blackgram
33.31350737847007,51.41706051088626,40.54141877026917,24.38202783757391,62.30429793193828,7.242064928661378,65.75005480758038,blackgram
37.82995201779787,51.87221088892829,33.28369928112718,25.23463573730736,69.6010388595297,6.590578754479556,72.74217287235292,blackgram
25.139736333631248,53.3520342716647,42.188905946545574,30.435521229874176,51.76012055022905,7.340301875247656,88.92663968090483,blackgram
29.40108219291074,49.247228944954784,37.80132131495257,32.63577003139146,68.58521950395784,6.455179824674409,136.39358074599548,blackgram
43.445693885992014,58.61615344689524,34.915006243717755,29.769591501209792,55.490891694808894,7.236141735726561,50.532419057106424,blackgram
36.94457488659188,46.78406862543836,36.453674141556405,30.44906323864917,67.02968898627988,6.9137930870899895,135.31729786467224,blackgram
27.937913356430897,50.39003709529962,39.01073078134152,24.11644899503096,61.136242862814804,6.992286486219262,109.191440441907,blackgram
42.088396963502646,51.42679056906154,31.335005097015138,25.164455240847115,61.92949155087905,6.41246878796046,57.96451290347658,blackgram
32.8880823034564,51.086451961673106,36.57491976699213,31.20433702225778,62.875412162024894,6.499227541637508,125.48725289085606,blackgram
39.46085127599106,52.74890757435804,41.06855401574136,24.113896680885528,63.930143669537784,6.564062686663735,144.26097101586555,blackgram
44.53954313231616,51.75388939062624,35.043639636385386,26.037173932776668,56.807696753550985,6.714851915370028,79.60655100389471,blackgram
35.44788486177448,43.30740851026372,49.55425625651,25.07924554964994,68.63888279308745,7.3703670171040425,102.53604818194981,blackgram
41.747308155082536,48.72096595945176,42.600691550848765,27.405759374211186,56.023180395708906,6.867344679254271,99.81296741839805,blackgram
37.38609107449943,45.73321162574046,37.33915663633991,24.838979606289094,51.045527445444115,6.3801856945095246,57.424685933054576,blackgram
23.11324125904222,56.258568107878745,30.777473940333785,30.589427939347427,55.45115497630801,7.307318521062189,98.49922845774995,blackgram
29.167293779834772,50.352778713788695,37.63916038090538,29.6430106466983,52.290657366526965,7.4954857542188265,92.55558776967175,blackgram
30.44691919122106,54.2041969663253,37.277988129906646,32.332743050287576,59.0854144872085,7.079337619898152,60.74532164418866,blackgram
45.38357556665335,54.7143597355622,34.23433556923931,25.452860097457865,56.32584697451249,7.464105879047857,75.68315745670586,blackgram
33.683816268399,40.60040451434673,37.94455059132465,29.713200154331027,69.0624922501593,6.775104067410097,131.91073261776876,blackgram
36.413829277067016,40.81570026871036,36.30016550379548,29.755495078311032,69.01187931862249,7.2886955396268505,72.83556141788476,blackgram
26.603294900574905,44.02345934227802,48.44997792605007,32.526661531017204,65.49766864505898,6.589102671336342,100.43807042987669,blackgram
33.92995234385458,45.06796215118745,40.10056092297534,24.304965478527546,52.636207469949184,7.329884394253419,125.16797670314233,blackgram
32.68605227177261,50.34300724567754,37.39997771919955,31.407798671606724,65.68374358464159,7.144927785304739,122.26117248344495,blackgram
26.135130160783874,46.75939958480957,39.3969086996735,27.307929914276556,65.09880400316658,6.494030286374932,63.82320867853372,blackgram
31.971213561449122,59.59828865564761,34.51762825867152,30.12158658943229,58.659460996794124,6.10653685147399,98.78766059980595,blackgram
41.06492985944938,50.264399516556374,47.44212127493162,26.889370166575826,51.7249834260793,7.40484841748701,87.8196349528219,blackgram
37.292166543609,55.840062522603915,36.486273277511614,31.16164538177611,52.70837699635656,6.436940620808258,64.47106361365199,blackgram
44.336916752040736,44.45298470453571,44.34807110810421,33.432983972456526,60.55544418137754,6.810043788391032,96.1033568097812,blackgram
29.776704301809282,49.51310061849834,42.05615064533519,33.85991572170659,68.75529118636449,7.293229437439683,138.91305357048583,blackgram
34.035475498761286,53.148886543549295,47.90133445872428,27.929507649913532,69.23524956690937,6.623679093103775,110.10826653932156,blackgram
41.294141398171156,59.01184026151877,34.89232548104532,31.461309782386422,60.416311722881645,6.402835710930962,127.66068397963906,blackgram
36.566668405215395,53.219476412993515,36.45802137155802,28.81273951827605,62.34708501976134,6.6073662214047655,69.83725398477013,blackgram
48.849214769459124,50.229350800852345,44.67840740575401,28.110471935560582,57.10263528051433,6.610746447700688,90.91966437856499,blackgram
36.32540347825861,50.86939739962726,39.94307631765743,25.347857849174382,59.92150957001062,6.253655850630977,62.613578629576516,blackgram
47.979371520235034,52.099000262954085,43.18980116249168,28.01793670333364,68.17961783829728,6.956895734369498,126.91698695235874,blackgram
31.056874070831416,59.20023761638251,46.4092258031663,32.53948463014544,53.44388534851509,6.406444811806829,78.5626599683577,blackgram
28.127276697406135,57.10816324208576,30.637695904171842,24.760999889807742,55.478297412598074,6.299809461974165,73.18596138828484,blackgram
43.938295677599,51.26253187784094,30.11541322585936,28.293227657041953,58.15769853700718,6.170917904166815,117.61417886014571,blackgram
41.06291565138473,54.41786438104195,44.56941891117184,24.000528269322967,69.07841607693445,7.221313150581994,140.3981696589285,blackgram
20.469298859223024,58.677175915714784,46.19577057376209,32.372191429586984,51.86574769443937,7.108167043377897,145.9916689642091,blackgram
40.356420242544814,51.41122809249213,48.912593554979935,28.42937121734436,61.985871326209576,6.714507440241549,143.2846221360299,blackgram
22.28254180296522,50.022394016506965,43.739048827708764,31.91906538422237,61.660372948882724,7.363376616182181,144.19914468838715,blackgram
21.929576695807505,48.047410790827485,30.469180434423087,27.29416657374443,60.73736435941204,7.366192395764923,134.65543224654027,blackgram
23.824991800159573,41.86060749481791,41.78534677513334,29.32117972458783,55.327552828600474,7.349179626830753,142.73664094615535,blackgram
32.07834315020488,57.806051142270405,37.67897788525946,31.368168318297002,59.51884435095448,6.183874734760774,142.79342012370216,blackgram
33.6228978013261,54.68974080644807,37.343476288625844,24.188808785762347,52.01060717383672,6.744329219234887,118.99643571263624,blackgram
30.04205979737837,53.90976918355301,43.97271178863912,31.03935907327831,59.85043708041017,7.372329225182256,98.91965179806155,blackgram
33.50795580489915,43.98761638021254,36.153101747126726,24.423344925183034,62.6707058723234,6.372803615890639,80.4155254485465,blackgram
43.12443564992964,46.544423663229075,34.84391784026285,25.69057749133706,65.49716804363912,6.19455938698504,95.37537602503535,blackgram
35.20790348231583,53.74779825371429,42.66566964665991,32.10720672945175,50.89502867852476,6.444661087169096,78.01341187753798,blackgram
24.38050716776325,45.78356507712886,36.19530628285807,29.218844619274783,63.27408957852512,6.571650770417721,121.94702313133811,blackgram
30.0849601573874,45.80567354629521,40.823761117140485,24.237163603057905,51.59578247268001,6.62695431537979,144.29127113917565,blackgram
41.645353395302706,41.762531390011155,46.926360255617475,31.32300770608181,62.21893051405306,7.2304394409137664,90.41098477429571,blackgram
26.645031525615583,50.24046778217519,40.97683511186948,29.383263720099123,61.301475829602104,7.423057377358771,140.22456230962314,blackgram
46.27151109676818,56.02833621817254,48.8685621453057,24.98494641679403,55.30246522891479,6.742583918481877,134.6534493123405,blackgram
35.15497134568197,54.96069478683177,32.77919810497833,26.524138129765603,64.63552190075345,6.247101013331586,85.13559346549268,blackgram
27.945987734407144,46.99723388444957,44.1664809815594,27.67847181142801,61.1052664521588,6.149897815581615,130.50176932346278,blackgram
31.096658769443746,52.97068318066685,44.507792033236655,26.096609221117003,67.69349969906699,6.924336377410429,92.87251417514815,blackgram
25.470055507346586,58.84601875802413,45.1013640826325,26.080245627332488,56.75421549448449,7.214511387132109,119.5677663215339,blackgram
42.97352878147173,48.82402204425865,44.32952525284334,27.864937228639135,54.22525833876393,6.94901555226204,147.6013925598794,blackgram
29.31802914185989,49.219391844250794,43.48002742139707,29.41506282122488,66.86855591418099,7.1426140597042735,55.82972038623571,blackgram
49.95263701771322,55.04804907438935,47.278066325882264,30.511977120953464,67.12570256093525,6.168574462393064,84.77378355593156,blackgram
46.29262830813478,44.033104225337844,31.564841971600455,31.88118939945219,66.70972311286593,6.243978327284851,135.43459827827155,blackgram
40.60303386791509,50.401653664331675,46.6050038556277,28.192492493189658,53.87987912446795,6.4272790149159205,100.51640182933147,blackgram
35.93992378019527,56.11161652882467,45.82705447304669,29.81366557204575,65.61570966730953,6.2876601874405065,55.00645270932944,blackgram
46.209014679041005,41.511089875255394,34.93376859487994,30.953189496243844,58.188958752546185,7.314470954873263,79.79797946622696,blackgram
20.35614040008078,46.01311281121488,41.56150098369663,27.759383754032932,60.6974551151751,7.314897178252528,141.24850542303685,blackgram
27.979221939623365,49.24280946539801,40.982880304829024,33.49112456888247,69.97234638328769,6.35311087326229,122.69798713458154,blackgram
31.340931866995852,40.162163937724266,30.185050448718048,28.60566007562256,59.76669826008669,6.033854544860164,118.69274167743025,blackgram
28.820101657848593,51.19786203071899,36.01838146330837,25.671343148693072,58.14347477197751,6.348410047185751,103.4800976919168,blackgram
25.964855908594398,50.16811953289254,33.14757029737735,30.70974709485785,65.07875368882848,6.165591351374901,96.78024120373392,blackgram
22.12615101964621,51.96364891084005,35.28808595859291,29.276244568387078,60.34922018768582,7.386531519290701,104.90832225687228,blackgram
37.48995439154947,48.033062515287604,48.981592063656336,31.771859094396095,55.708105806056835,7.266314378664348,93.239636018509,blackgram
44.86001430600782,56.45776136587004,33.77740373525709,31.01141131383577,55.812859386130626,6.446239004989002,79.63480768805807,blackgram
41.76704742679844,44.596520835850725,30.018116704921805,31.15236853482633,53.423694876702505,6.156723592961752,73.75161205940601,blackgram
31.397015669681117,49.518126549464014,30.891400814252616,33.7057333262736,64.32126106839117,6.484791097986504,81.86972572853973,blackgram
33.45627648105378,52.52489645526066,32.927461331779355,25.889298137649522,67.18869165667101,6.384382385833609,88.01949979751775,blackgram
46.13815552850351,53.26295658799645,36.834237586833765,30.836995457246207,50.39366430762827,7.1034639900170475,98.70160405162395,blackgram
44.395464418533834,59.09275304012937,48.515770989891365,33.092650434553406,60.24339911867774,6.540213171208407,96.50353247306728,blackgram
40.69688009940082,57.67995553742374,34.13972606000239,33.18193158461703,66.30360463939778,7.468284022767352,138.0251773281687,blackgram
28.3981198907572,42.11911822688096,32.244821439831775,26.91223318578276,62.28367447969079,7.206480489145759,139.9250306981565,blackgram
38.712601531076984,40.11262625496107,33.72633553037067,24.99726203853368,57.2664895113802,6.752026490450619,54.33971785785609,blackgram
30.45433927386966,43.58359349250645,42.941403325177475,28.6427236932434,59.906352938678175,6.641537682050192,145.6019710486567,blackgram
26.442053753646896,50.33328519687748,44.720347367306715,29.568444131345625,68.58041771433602,6.566952533461926,96.3675805773178,blackgram
22.655669456441853,52.17998222103857,35.76423936896212,25.60309039515569,60.89062585809016,6.798465395069866,57.58716412240476,blackgram
40.94646360483418,52.47544381301706,33.780345654929945,28.69434862154044,64.4064583295712,6.7941536108119145,89.54890761835702,blackgram
29.670153742428308,52.20787733288107,48.78217396620481,30.717448404774835,51.49491807272631,6.691027460223201,139.08241315106275,blackgram
22.833872774032606,59.77751424275087,48.98138787290843,24.78274480729876,68.6682664089911,6.544698885389193,134.47091670758624,blackgram
32.55150013139814,48.81710225405032,42.684861819550854,31.744774192759834,50.67578301896497,6.889733993290701,68.6732994097371,blackgram
30.37848553589609,46.95937332310433,39.38120680442307,27.341364118761735,52.147222369013356,6.218443107788177,53.34379855610977,blackgram
34.10747255986263,59.08895389705977,32.31350447296233,33.46264493003082,64.66723029464187,6.956248204401245,114.52777553235629,blackgram
44.801829451888466,42.138397287596426,40.095086471310836,30.970911382607586,61.73640890147127,7.249168606534942,57.22717090113515,blackgram
40.721031184974976,50.680554607694354,37.58321727959887,27.402749822340308,62.41665265548386,7.336493061966397,99.61759261011153,blackgram
44.7416949223076,48.04312763687935,32.04788925586353,24.615057364586384,51.02668742647355,6.570225212936505,83.7237750835842,blackgram
41.53811070867708,54.856430031697315,31.017079376674797,26.21123262889015,55.48523700317799,6.821417976214214,64.45152239069503,blackgram
24.01823658200001,58.87577778415916,46.08405814595562,25.806549020911703,58.13135615810982,6.533432998886348,129.10040740654074,blackgram
35.30638749434366,42.55699473986934,44.77984126312488,27.96887978224919,55.258484952642945,6.5632479330310804,99.77565636068964,blackgram
30.293465492510283,44.83811545183516,37.970040576079604,24.191729107498983,65.44995692192627,6.256417340351379,54.39046136306372,blackgram
39.61096078715238,55.478722576473444,46.27658263185687,28.935091826605998,54.107363693799705,7.10584151587474,119.97130771543371,blackgram
27.388122023095196,58.068155117255856,32.08742916165658,33.82688239591326,67.20495621954929,7.031847968218613,143.8749888279833,blackgram
41.669335049711236,43.80913994060092,38.843122762256236,24.715030243316352,57.793148445762306,7.112404529605813,88.64433509308174,blackgram
29.908825264044022,51.90711445020624,47.444090579977896,24.475831925461126,57.70940869399471,6.237361112722894,119.53542507318696,blackgram
23.171736812934046,53.296155171604894,35.723617415958145,25.989168137372246,68.72705115649971,6.027786865118934,93.7777271889569,blackgram
20.648809773853813,49.67186096208658,40.02094755588836,27.21662471394747,52.64323555050047,6.564581306601713,117.2262939932566,blackgram
43.471874259333774,50.615012047762846,41.79668788879511,26.006163711246526,55.746606664552985,6.2428434150785375,74.92953500046113,blackgram
26.746603406765953,50.38897572782475,41.25377511581459,33.449474208215044,53.91141294203046,6.962513565242244,131.72592689875228,blackgram
36.807243913491575,45.100073050021514,35.2510046004,24.392530530709998,56.10888453096963,7.11690551850507,54.75177572071104,blackgram
26.57885847514492,54.12464997063564,45.65303125645753,28.553184100619283,63.96148676957298,6.581928252982338,65.99132450241275,blackgram
31.944484805687196,51.59935640406286,48.96106563705781,24.687509520886774,60.14788187689921,6.493379667316087,100.83116942766945,blackgram
20.71926342129595,46.260507094031624,46.3973629505401,29.539417338546375,59.01164985632235,6.42828760757301,79.8042522791356,blackgram
31.49304300771753,56.71141419929121,49.344264136165364,28.386553813503745,57.86705677495524,7.269826163729794,92.69053206363036,blackgram
36.56054516886954,44.61883329197489,44.870050715581506,29.31988318270782,66.18069100480683,7.1710990950430045,71.50047682700286,blackgram
41.46906651673287,56.00108815902743,36.922144815647904,25.726091129022745,50.05264311159176,6.676355479639723,85.24327315388416,blackgram
36.647295014762264,43.76082185177572,47.1933109533295,26.577552156281097,54.528592101753,6.721071084726534,99.88510237442742,blackgram
26.452556863552786,45.43721453451832,33.3941047831049,31.184601783231667,65.40178062508164,6.693492746188924,121.40870226850174,blackgram
42.07806175812337,42.76551055355617,49.32356049669073,32.21031947096431,54.089669223916474,6.279247553619105,62.56611455795827,blackgram
24.15135687625755,54.96323598057393,39.39308513903247,31.82934172739867,64.92509788700411,6.906919070257833,118.63666065786795,blackgram
20.550671731374255,46.23555293610044,42.75644358518821,24.093449534862444,50.65953887365187,7.277831973705575,118.40248616920718,blackgram
27.961091993610317,53.75925680237418,45.84913338278527,27.067942831101014,50.72074754998375,7.399168687031602,84.51798382956305,blackgram
23.19445289854119,49.83713742786295,45.369355913282675,26.21647314617559,55.38980100266727,6.3640724801978745,149.16730528316782,blackgram
25.922112011916276,51.51040433932248,48.505292833139286,25.468965688777793,69.41708395735401,7.421215851593437,138.45719870582627,blackgram
26.436695639900066,52.681101120219665,45.2178294592248,33.860279281964296,53.60847644162741,7.149038849278945,83.8801169927113,blackgram
25.268793967040068,48.4275388242771,45.87671824297233,28.648498037040522,60.75046200406097,7.492739115300182,89.9109299557426,blackgram
38.462022641277194,47.304884032307434,37.8557129265741,30.95640753445408,68.75773952189766,6.813538425738482,126.83999289487798,blackgram
22.676196764508916,44.22316074863854,40.04263281839065,24.20011723628775,55.05709957525117,6.776101934737449,51.496119825630075,blackgram
27.936388586781252,50.28061638951739,41.46298495962491,33.25751693055305,62.906912465012155,6.62210370379499,143.03511771330676,blackgram
51.39531933551177,44.000178422254955,32.6168472269764,24.75811635742733,51.19766331153968,7.579347227585512,99.10440400629491,lentil
45.0084613543006,59.72764343257784,40.67179460220817,19.131057565017198,56.56547129631977,6.503706724691418,102.18417185151347,lentil
58.284283840002054,53.93591027928682,41.92060321899602,22.603861756750405,47.288197319908065,6.706009501943672,90.90981645676725,lentil
50.05092467750984,53.57034138968829,33.96820202387126,22.93987180143491,55.83280144366126,6.951408156378113,82.92986237883952,lentil
50.84544192683289,53.22530612530183,38.18689841764785,26.95412711194219,43.25134137326957,7.9910328971806495,49.508206278098974,lentil
20.597998844169556,57.800378022975295,34.899070167319124,25.296996274467208,56.22030749864139,7.717972782064233,119.32753885313333,lentil
31.761588401599962,54.204866838545186,32.30799716561656,22.068092913568492,56.95943386625181,6.735316092118216,87.28763044284912,lentil
40.15093774898536,52.9190306222409,49.4578877877539,18.55735526501402,51.479230350032594,7.726057558500569,78.5106169398742,lentil
23.14108743766291,51.21078704833542,36.64147781647641,19.54941785337936,56.98069026566946,7.0431990259822435,114.66211299032534,lentil
52.24066018412276,53.859435875473345,30.10051006730624,22.2782345663825,43.94972563304064,7.821595822097736,53.96671877410882,lentil
31.44240206637142,50.336735354689985,35.26727237996158,20.098646772791213,51.98198650205505,6.177859045510048,44.65342069767398,lentil
34.889811807442854,54.41328909015725,41.096135165478955,22.228764684667787,51.315031284491646,6.730902969306547,114.89170683456904,lentil
22.19619563643097,53.4678295805967,47.82565329655501,26.038847087352536,43.68082069642894,6.591852697960577,97.36383509656838,lentil
23.370822367230623,56.23723399665168,44.378138892095805,25.296066492353425,42.004827405351826,7.435521089632462,94.3854500175976,lentil
53.23689963287402,40.83191912512939,30.462213369355844,21.730070998785607,42.97576567698306,7.116768955140444,113.38791212053991,lentil
35.659189213360634,56.89900754545208,30.00481749035733,19.685146434591843,40.608470793081715,6.656294361030137,112.65516765572022,lentil
23.87808494395951,52.128195534876006,39.02991878238888,27.384682123658123,42.450382850741875,6.424055701004458,42.36335748891946,lentil
37.35740998525495,45.556657991293086,47.39811867780642,24.04940813197755,52.281814759514035,7.063821393762605,47.34802697833608,lentil
37.80074734901421,59.99010379417033,46.7045858169203,26.93459054167116,56.46452718492999,6.206083386861965,58.19586032518397,lentil
20.124866054256387,46.07020249756223,32.17214804692985,22.72793345301583,53.542549771478036,7.749010590076154,99.93737320727186,lentil
57.54342383114021,41.07796580787578,30.243596708330827,24.613381138362126,45.78704820444492,6.507002032211546,66.47096701550353,lentil
30.791842315694566,50.22872812603175,38.80296894448265,23.124285513766562,53.454272230008726,6.774261017942297,60.10461497137254,lentil
26.648021472349818,46.98948239065251,44.83612950492344,25.567049101114698,53.338107733684204,6.468056350613749,87.04689966837581,lentil
42.82758646307392,49.68532396219451,40.999579727677286,22.917906326236682,51.309127321482165,7.431011909242257,48.77025555227518,lentil
49.98503008596095,42.717723002551885,31.332559968207494,27.760796862214676,59.13983537740883,6.120873089881128,75.46027531799697,lentil
27.44979753199099,49.70689794268836,46.60354485999174,27.506117747428902,52.685053069030744,6.707811334423634,88.26604525156787,lentil
32.48005224433801,58.196472816641204,47.408009262116735,23.58231750279661,46.49597830760721,6.586779351165957,42.67343957640476,lentil
52.63283404101181,49.00766426078016,36.50265856800529,22.711103549977537,56.374759809093035,6.249228415415042,108.61247905934619,lentil
55.90035340433416,58.934158300677765,37.94975984845256,20.171404040376718,47.47281636933397,6.665824192462806,54.092313000228806,lentil
44.29066680405952,49.53248321017258,47.31401984648007,18.321095804820583,52.877358551102525,7.525897757023122,100.75892553506456,lentil
55.442958683821004,54.58067485658988,48.556201232953924,21.326565998208913,50.06418833503086,6.028159326565781,40.5566069842633,lentil
29.605064818060796,42.0161439427817,35.20422735871507,19.770432945283975,40.57040049677296,7.818608292812099,40.65785051111132,lentil
49.44328577348342,43.04295773839033,48.244592439992005,26.92795939589886,53.07802292738515,7.3444682996012105,40.427131357575085,lentil
59.394862644544084,57.55665207151629,47.90212451460184,24.59244537050872,46.89573857309073,7.787297298180961,63.32135425209539,lentil
42.508461733688115,41.99461944687765,48.439112602655,19.407704577712135,44.497936114608144,7.11626831625643,101.12744001703852,lentil
44.774052237451954,44.64267825600312,30.018860850549807,25.57150580307439,59.704146518221876,7.619826240612181,76.81652945252922,lentil
56.150690455964266,48.196953462367,40.498681684869354,22.77129767395683,48.9524774533105,7.5503815385878115,82.14151258155937,lentil
32.668684881008645,45.163163353169566,30.754946339348667,23.83195161883046,44.599228308020685,6.296267844032766,92.3063971062142,lentil
47.24837031286195,55.04309784515332,40.07153792677183,26.940546052038865,58.72685506796456,7.614741879584979,90.84747856065498,lentil
32.148838143647545,59.65889843240443,35.48272334383877,20.02656921990431,48.84308227573165,6.113681141424777,118.27955717374326,lentil
43.53734225665699,51.13904183328351,43.1159255979944,22.970236477772065,40.64127034189083,7.224622577680794,97.29391015651444,lentil
36.66996242496212,55.14591144142386,34.54002598676841,20.21276591066184,43.22833975375148,6.7439895195783235,107.76096283112668,lentil
53.11648248596257,47.65648415927008,41.78237471960473,25.208163164749156,44.82413549256046,6.336282171789494,117.76767945698488,lentil
44.70229252838474,59.62831443667328,36.75511974264458,25.030316999741316,44.45207273082475,6.522400342547826,80.95216970156991,lentil
32.78472502032285,43.352431276811686,35.25761403978652,18.357483944658647,54.08847242954973,6.984233314171723,47.53944531236205,lentil
26.86775972513965,42.05069076225288,42.25185616551753,18.942103636124937,55.08564666070432,6.041021838640782,59.95006303967137,lentil
55.626667035676284,54.37062636244492,31.459366658513755,26.211261044851796,49.860702430804096,7.6935660543376585,88.05918195603147,lentil
47.27332128131435,59.87003120791417,34.646710918480366,24.23945574761388,49.20642780114797,6.078903905845383,41.157651320229206,lentil
24.769143112714346,52.98183481077096,41.34326175826784,23.534295611637276,40.6371352505652,6.938605992720014,113.96982542740228,lentil
35.903674772425866,52.49844939576913,45.596373512462876,25.839252791418875,50.385601647905425,7.715903890804673,71.31024746909975,lentil
55.54772859139193,44.804543327910906,35.60432813981142,18.53120624199001,55.91163673084566,6.834110472465412,58.32932911291192,lentil
29.271611104663187,58.027998824584664,46.67833200922074,23.535308853571834,52.32221600831442,6.948651141100582,71.33332343030472,lentil
56.61907524873326,42.512254070406044,38.36893579432456,21.445619079878753,49.96301440502297,6.91526374909035,81.51116253208652,lentil
25.596759089079764,50.26283003026554,34.848376277744215,19.84331348988191,41.29668437572383,7.525305117512282,74.1953536685248,lentil
45.06574733247034,54.55186686609487,43.58633330627107,22.705007190896822,47.7579705790346,6.751919819281327,91.20390375440451,lentil
39.79177419767494,56.98264495977021,47.494039686534244,19.705603780065186,42.724673030914516,7.2608018520719995,64.09805984498234,lentil
20.742828750603955,57.772853387259104,34.538015344876165,27.292806516858093,54.34868901756507,7.525306979822968,56.11691966345283,lentil
29.367777024672517,50.42535507648132,33.441997052997245,21.054316926830325,46.42924955895609,6.319259866505528,56.41462667161286,lentil
51.54207368033026,43.34391709094537,30.56914783687845,24.293549426289385,59.519662387848996,6.662427629246243,49.49245625570018,lentil
42.81549301470123,58.127084221912924,45.68123559656958,24.22515868412716,46.30112993215199,7.08376034655244,47.29958730434043,lentil
47.157816971226794,54.50192037795301,49.30063245819838,20.603973587450717,40.36912838086045,7.091216928854301,96.54324035174515,lentil
51.61629903531952,43.87477866049621,35.23505738074047,23.12590925267296,46.61201619940004,7.72102297317489,77.90081229909762,lentil
51.98314576408012,51.612395209647076,45.461802832342244,21.32672986530324,56.62833243860622,6.549144631102044,83.68790464026327,lentil
28.56028452695497,49.510530432523865,36.36350419017406,20.66703430637214,59.33970036056075,6.3201482109734615,102.98606699659162,lentil
59.36659837932859,40.398029674801556,43.9805482808419,20.529118055562872,40.80975648656609,6.805779157913261,114.81742481367,lentil
20.47060377467991,51.757713838595635,40.02792957190648,26.733841643710477,41.680034290412515,7.363052059773301,94.40877587466218,lentil
46.76320067449133,58.84668989870074,46.461750580137604,18.41972726243506,49.421657014090265,6.795906112402667,64.81177768726417,lentil
38.053469006163894,47.68388369851955,38.646677997573306,27.792618656086425,41.772659494991615,7.84446173967746,78.41893707768213,lentil
44.94968981998164,56.60365933235388,37.20926058298511,22.30421908087967,48.190369605574276,6.749462045071519,114.0423457317516,lentil
53.157195647720485,42.17999979725952,32.162467049541924,22.278695148529913,41.97314753465618,7.2381861905422396,51.49532858093871,lentil
40.894930558672044,40.14439894007435,36.33192696825294,24.771907236726555,49.680778804556965,7.956538971997976,109.92830368529687,lentil
34.36283116172605,40.90973082944549,46.912526002300375,27.112343103146713,56.412547868380734,6.25589988183953,119.83321075298302,lentil
30.343368862110953,54.4840982561674,48.16069752671443,20.356871143307096,58.16517109354132,6.618963158389734,118.1130577907245,lentil
31.250400815218985,59.06871649515671,31.0708930178535,25.092720116698132,50.642222676740076,6.9557541542454615,57.8795451404672,lentil
48.22383159105968,43.81618982892614,41.05683591969537,20.532453630402507,59.112427595627125,6.057262387671305,55.97826240889893,lentil
29.692424255497908,48.28135651535633,34.65460483740107,22.913490902687855,57.44931046517078,7.424126842818342,86.39695844280888,lentil
23.560127119307186,53.87984216778551,33.3282856862188,25.86367385961698,45.001135170203064,6.834097456641802,68.03761618543423,lentil
54.35255658699427,42.53088917426816,41.31289764769577,19.42061609443062,54.095916722643736,7.8101562555889625,74.76861230938027,lentil
39.52369041059903,58.54845672965524,40.41982777298714,22.87598438049561,51.56658205408608,7.378459472725904,48.55067000696251,lentil
52.844421109660644,48.71010054906519,31.44697019794971,25.86182669198213,47.538999433725444,6.200734990190108,90.70232316346005,lentil
55.20525413734567,57.75507018827973,49.15326949617946,26.67705459766688,40.0428183869095,6.760482332826781,105.48340639244024,lentil
34.65012023993897,52.030970127594124,42.12633894749064,21.65025304038823,58.08947854562575,7.006456690772235,77.18273647500007,lentil
59.90054982647584,49.87000728145233,33.56796503857162,23.130694228634383,56.280334710398606,7.553720653796563,103.08654120867769,lentil
48.32095135991647,45.084356581333765,47.24168171680463,26.93443465376265,43.883053932370984,6.260911273102788,118.04839748712897,lentil
54.732958546014714,57.86472294419893,47.727527692487904,23.416868240337283,52.928034733316,7.0907257042672835,44.09650793522633,lentil
49.82012341411091,50.10664066671761,42.9541814958046,23.026398049755354,49.83622644644912,6.343578218955534,62.29709721129191,lentil
26.354107677758233,43.91332591250685,49.4595476084061,19.531134457721983,45.385408486104154,7.18117931547717,88.81428609893135,lentil
26.15896518975316,55.87434851570425,45.7040573582565,20.37317704203891,45.77332605350921,7.875975730918994,106.05371567835824,lentil
47.91188132250095,41.64466443021201,38.36528161805151,23.59301872076827,43.74822575967554,6.8964531642164495,88.0820701990952,lentil
33.09506720461597,55.61889637900974,46.80899163277611,21.236094694340707,56.77314308984914,6.20715313220603,107.01832788981251,lentil
26.110017266704663,41.658543050194524,42.83550808882023,22.719373657552943,58.157812008256656,6.726378392181698,62.9721810750103,lentil
40.029396245767934,49.11892371537323,36.888560924343764,24.937412986983286,55.191236678278166,7.705967938060273,117.82852837682742,lentil
30.666247685300178,54.32186964979923,37.8851647099149,24.77081971951108,49.51963380698441,7.987546205535863,98.31217086326,lentil
58.09965201737298,56.699390989623716,48.05802022326742,26.14419197214675,49.183182607518226,6.503576906693769,69.62561403604178,lentil
20.80944930559802,50.47986334929334,40.10115600540817,23.252504648304882,59.48062449944128,7.822908006909678,52.93702226640864,lentil
34.75530086223557,48.47912358926524,37.210658357032955,25.98495963603913,50.48075339735174,7.14419963394325,108.24108471903403,lentil
52.23712613661434,42.64423045640599,44.278291681672684,22.354361289020353,45.892978061250005,6.100037641804373,78.97996482763608,lentil
34.217467228981256,45.030260793528015,43.893434591939155,25.69485387315587,44.895790380588494,6.098894873358694,107.9002160452188,lentil
20.398389648172135,58.74224987842944,42.55239747965412,21.218466352013202,44.929558191534724,6.01801132852895,58.83771336087017,lentil
25.509132060685644,52.24332441446291,33.330911771876025,23.286298375366194,51.80232844688942,6.596083396693829,42.8051959214975,lentil
21.490155224567843,40.526946643878354,44.78249334273092,21.180097048142983,55.926003719353275,6.863465647685699,76.23984806639712,lentil
40.51530410038295,54.26062912750208,35.47005731659414,19.21587349533527,51.121146703829226,6.653955246485479,75.39930509344299,lentil
45.877868333492216,49.882514822825414,42.40557634201686,23.44200002113628,54.79592743872198,7.41187323542324,82.73519134468954,lentil
47.156120834388275,57.471192045452256,38.64542575576337,22.127630727487936,55.2849124170476,7.165107674083988,45.68054241780708,lentil
55.684480627643254,40.6156620447528,44.96792712419486,25.587941427043127,59.062221705638606,6.1082688168046415,87.74854886275928,lentil
37.11362282508212,46.61265909719084,31.80637120598146,23.62654119671309,49.58081451349227,6.209108916302048,88.99916056776667,lentil
49.51812481011754,55.34556602107297,48.107463765248546,22.094707418887772,59.06145537244274,7.730858810165373,63.72012568191512,lentil
26.37132149397834,48.70778792256027,38.03797415911933,23.757193053312044,51.66772464655496,7.49997396875995,80.79119585644881,lentil
24.192905637630624,57.165826711062124,36.19529166370374,27.71297460306592,42.357202173595404,7.916502344465006,47.28094455060136,lentil
29.24144551788238,40.93159884173083,44.1022629327799,26.502987365717917,48.68142163631961,7.857044150084859,87.22392574044797,lentil
45.200285417860925,56.9083840340154,35.93600410103678,21.542657213276257,58.119038383892885,7.801926992077528,118.11862209606967,lentil
56.073532657666846,42.54744072066722,46.47448572273974,22.09838478109594,59.816027118918754,6.944561928657603,84.30688660017765,lentil
41.19099661027194,46.43474059716556,31.500441777858363,26.956512304019185,56.05351625052573,6.279053561119339,102.14146170800583,lentil
45.0338666420244,48.182875758352445,35.080422981911255,26.597287835022325,54.003765185881065,7.095479818938274,88.76548271187713,lentil
23.64264728328724,49.47839521822384,33.87400585571404,20.083836790088252,53.22607924573734,7.822512303668576,72.30052883826772,lentil
28.309970920487615,52.97493874473308,47.42374092700636,25.483188011224907,57.375144610731745,7.073109342021599,100.15009954953527,lentil
25.60258237435746,46.96549230726383,37.79098328963045,23.112957462460344,58.581527205136474,7.748593120444348,50.76203938313476,lentil
26.91158607529853,47.152810991778225,35.814877317813476,24.147709531562622,58.0555209552909,7.924583083345174,92.28823620281813,lentil
53.52636805604347,50.50404400461594,34.1665389372008,23.246884120934773,51.10165202875302,7.484915128427113,57.59063917658793,lentil
34.732415283469265,47.28054938429133,49.1887919148233,22.43944960326719,55.10187934596293,7.5016227627488785,61.24353478425931,lentil
42.87478757486929,57.886057866372965,39.50395438913899,27.45117507342546,44.28916458648323,6.1483182115480615,111.31630985157994,lentil
53.907247918488665,59.8517975186769,43.58786976224852,27.366879266671496,56.53898050168222,7.688852666240174,85.53132563634146,lentil
35.29458391666843,58.691161450865636,38.64234351231789,23.38819367249669,48.92228614250375,7.129636627920394,77.64040631938617,lentil
21.918702343179035,57.64096372015398,38.8878763783154,23.88943648507349,42.78375605515974,6.0067756959652785,59.623207491491435,lentil
48.18344128533401,41.983890602257574,48.17774880772936,20.150225693561847,44.091872285835514,6.363015923242991,41.11853703770918,lentil
50.87221873912938,57.500690624905175,42.283254052323976,19.881999816798622,45.70555993881759,6.951853394729927,116.34767612986407,lentil
29.894054872709713,54.632918078397765,38.788964465858406,20.97847348360022,49.11831874044228,6.1424134350824655,103.894989674429,lentil
29.732077119318685,54.50824246385941,31.366967428963896,27.55098556165686,43.86029970811397,7.765484152414161,104.75785676923476,lentil
58.71439696325664,49.557813218914994,44.54794587691903,21.70710657037784,43.687364760393876,6.886151865866898,53.25992123107639,lentil
59.28178491145536,41.92492982281433,41.78423446905241,24.26463855254056,50.76159085748108,7.324371771423667,49.29446200095128,lentil
42.20074096821165,45.74425142254723,48.803521266021136,25.620716534397257,59.45028964319485,6.075112139480379,62.810654014456695,lentil
27.81690346553396,40.22309174623661,34.846514604926426,24.78775983520429,44.62177844269137,7.018006890965236,111.02544919719989,lentil
47.75031681396301,47.89258139812064,37.44937877824216,22.557358140084848,43.540828821198126,7.268001534831976,69.13222552836844,lentil
54.094613970481745,55.13105320115633,42.2102632818432,21.64202222649516,44.19863663346969,7.552303728211246,78.91272791928692,lentil
28.9900015270943,43.903492300800124,33.30801809002718,25.77161196205595,44.579743706006234,7.053284527050395,76.1237088778445,lentil
43.18443596913136,57.543098007423886,47.35494780163461,22.510760718248598,40.30732501469446,6.852887611428606,88.49548299393123,lentil
42.31059036392247,53.02672211600411,33.08151464946167,24.465350987807327,43.653032374875444,7.501047961393498,67.1270090610144,lentil
48.395817335258144,40.95731197812214,38.15720051181827,25.050345222633325,44.53741032662988,7.590574089594445,90.46237864839455,lentil
43.50247088599193,47.07097708408674,39.64902940762235,23.97349300977853,49.44924227829781,7.396626647881121,74.69575464855677,lentil
28.090927269681213,44.278675656020944,30.116075376858824,21.009577155586726,54.978352809570396,7.588325417675219,56.19740336766,lentil
58.36175987485631,50.048055869602535,48.33957498037005,25.06765281861631,54.44866846044826,6.1700872426121425,57.59929015175445,lentil
20.352593331778905,54.32255280953475,36.8887657685702,25.866525160763466,46.77872439874052,7.638667504597722,50.45586029986504,lentil
26.934926270300327,46.81753079167873,38.16974777764547,21.487028108429783,55.2729406504644,6.19390278525343,68.09736157107905,lentil
53.48959998061837,41.33594154524344,48.84687015342715,27.86316842272013,41.771363476501605,6.582545044511474,69.79205328282849,lentil
51.05565474610904,51.918536242334675,42.88731400985135,25.57509822818506,42.359579988740514,7.666418913820525,96.44958433441153,lentil
43.093669007854814,57.794706695661134,44.00612707767614,20.016999626310255,48.594907621513336,6.988085733871467,44.41741014003245,lentil
58.18550053440223,42.57154521593757,43.94922534453454,23.062310360908803,40.512644997688454,7.849494951728723,108.14694470551466,lentil
40.970317116153424,44.5788467227889,32.432457813601886,21.633924794321267,45.10856562092181,7.013382402012597,117.31274368987431,lentil
42.99813972918565,57.79862111780196,43.01757674991555,22.752465265872004,57.09215125466743,6.942736220345995,109.49025364082888,lentil
31.663070783030612,42.57626147525976,47.10628928725877,23.874151637926666,57.78184796497921,7.875654413984766,44.290271229715934,lentil
40.03877207435473,47.49929098149059,42.51716794140234,25.935911972023234,45.611804319487376,7.113596768746343,96.69828639239196,lentil
25.37724331342936,56.281338119025335,42.12219199705946,27.495374371136517,46.790578382613866,6.216291884674398,80.52009608295403,lentil
23.432430868377555,59.390530466480136,30.77369916514383,25.53503901107308,50.502047962844884,6.737241304996577,45.26737316069237,lentil
44.88667696694431,51.70440658781911,35.617665461352,27.102217014103122,46.082200146856735,6.899450821184212,83.50099647349245,lentil
24.009275127051446,58.643234384272645,37.49072304902082,18.807792138743437,47.7458234735066,7.200405094185161,81.09221374570637,lentil
47.78167896149096,41.10967884135821,35.69081220544112,26.19230576840102,41.597873755827216,7.710971909391915,47.3516873661685,lentil
53.37816859566785,47.21576802157453,42.24418126514432,19.528871156479983,41.32337443450362,6.43187640804027,50.22830543269564,lentil
32.49623590718527,50.2876649302204,41.77518927130019,25.898681073797427,53.12479786496717,7.217516650259106,72.94256219886196,lentil
38.95233739840555,48.29041658780362,46.84332060122766,20.300004525484,40.114418630839296,7.302639794452478,56.19697469110651,lentil
55.60460545239237,57.180926594133126,31.53454743856412,19.06388405414077,49.90343184493332,7.21844532553871,61.99266699857926,lentil
48.671908667974826,51.89832041837743,36.496482194971094,18.253714880423157,55.00300562597035,6.429507331650165,106.75789947701027,lentil
36.8116104021702,51.54154885263531,47.45897460818004,26.636230009199533,47.430391504871466,6.417777785429687,102.01168621828756,lentil
37.32320814408524,43.84083987118008,48.08850684634301,19.981041942410872,40.516143363824625,6.04055994753484,89.78522851634114,lentil
46.467002428701214,46.22083410113968,36.40021978494127,21.394939150599427,53.60317093517757,6.116267582053657,114.32930821530606,lentil
28.90084176709786,59.99346410484185,33.43045387574374,25.715464573123775,44.4682508985925,6.161693603286508,109.9946659480519,lentil
54.350050367635674,48.071407848992024,44.04792285080853,23.57065932683917,57.059122273474976,6.630111938637309,81.89379199991882,lentil
39.414894848182016,47.078116525137176,47.829101291127444,19.658779246625354,42.99017279041392,7.153819070645502,92.59953839879536,lentil
27.784770172982608,47.81434884509248,48.93127685957488,20.46617422690674,53.36721404234788,7.480298787395181,75.85029595721277,lentil
57.50103947038332,54.733134704375814,39.15849159721796,23.69335201776094,53.852268868502016,7.1843803608584365,110.29580670608607,lentil
34.27554649121605,45.997714801116096,34.27677778990529,18.377829680645952,40.86027928760111,7.740110386218566,94.27145171247258,lentil
46.42129661745945,52.29285637869772,46.9843828938821,22.802669256656273,57.40821657116601,6.718890052364478,114.13660034712724,lentil
47.9462792032496,45.14354272048855,41.281698433772505,23.330305614882555,42.75797643460668,7.182485811501229,65.18284989735663,lentil
22.093950672384096,58.9731231541313,42.829807381285754,26.76918931870847,53.521120100265065,6.713967384280226,81.01504578630491,lentil
47.02987041388708,59.20504650402875,35.07338918243393,26.749770586241176,58.48155610588539,7.340831029317913,114.50133019210702,lentil
35.91514349909474,59.06032352080885,44.0556575433195,18.42005767418812,58.13745663638106,6.968945618066385,76.82615878222663,lentil
42.65866423918537,42.98769093542456,39.38332097134797,26.311272167177457,40.309649182750306,6.545834320648742,40.19636691550754,lentil
36.62845236599394,54.56631020987469,45.97543658229257,27.451897611270066,52.17009225941573,6.5092537333057905,113.93183593093592,lentil
51.01263015521504,51.48856966006289,43.91280431437872,27.243163550074293,54.24788056945843,6.736749015169468,97.04225618312773,lentil
21.611126509415513,47.728311236611624,38.12646063691159,19.668382344208347,40.4617096110354,6.266762473275485,92.36971966376441,lentil
52.0915526545475,59.764069854539486,36.92727006216988,23.993792222611017,58.74289933630244,6.334083562676305,97.41164690741941,lentil
50.19914932596653,41.77951071738677,47.2249877036613,26.131050471108438,40.668060131548685,6.182168829760103,43.930151511348186,lentil
33.389741271974486,50.18577981359852,40.64695455909258,20.676667597694426,58.231937731205484,6.736525579743827,43.6440124772282,lentil
32.009084461655455,50.62218845088311,38.164436451764644,20.738425190992594,42.62646499528635,7.63832900019246,119.69161936993535,lentil
33.18168534095528,47.63242088353208,42.36075049353914,25.18441474735541,47.84059069607183,7.8098590339636305,84.80031913831347,lentil
38.01560305623724,52.9334550631981,49.05607696498346,25.945522944217053,40.80026261070249,6.664619821479919,77.64357479609782,lentil
32.580702888364215,54.00375121660913,46.525382997251626,25.313450951852715,59.78666573656551,6.545095295786059,109.99915960195372,lentil
50.66490660697944,47.24357515116292,44.68249087313937,19.04075956418247,55.78666964681105,7.064661205174206,63.38321381674025,lentil
46.23109207136721,52.83239997428818,34.18972445439199,18.303974148115262,48.67245173803347,7.139023738688842,110.12842226964787,lentil
57.12867182590378,50.57610436313533,45.076069675370896,22.39303272327997,54.921643131457856,6.409603049878334,69.68517878428251,lentil
45.369119952544594,40.363159312141576,44.44922620677908,26.35535501268167,47.98283322187903,6.895884834354328,108.10257697732249,lentil
51.02618541304133,45.762989780667496,36.47952213123078,24.788782323905966,51.26396184896322,6.324459142192994,64.79439273833331,lentil
55.999331075146166,53.76348873444527,49.719486353710394,25.670125299807694,58.8394886428718,6.432377147740951,101.71878998535405,lentil
20.808700805911897,53.41520043423068,39.385645562404825,21.467600719200686,57.24808704586178,7.708535385315061,41.78413639189149,lentil
44.38020489797724,47.35664448641913,38.313220030008985,26.32040739218776,46.196795430553564,7.8860976212752405,54.37070610977126,lentil
46.50889693472711,53.44210134027529,35.043903228558364,21.24750608967202,56.695969851598804,7.523610509909905,66.32767042518077,lentil
41.358261877397354,41.23360592506191,34.174917647972585,22.85820558860399,41.71947470558423,7.686664709783875,97.44049680861183,lentil
57.74534682593979,53.86933811928054,48.80802744524371,23.54512555690965,52.004372221239386,7.953942109252521,91.37033174914083,lentil
21.231462754429863,54.47605553261047,48.10937384274831,25.955802497943267,51.67666545250845,7.342607026187032,119.21534314013374,lentil
23.626483540373535,53.344896572664794,35.66795389141188,24.4009039658617,52.15247151767878,6.306913664216324,56.53973165921913,lentil
44.86518312172854,42.564598946075485,35.30361750260646,26.352455477380026,46.54183012003277,6.976120312539326,115.29122681166723,lentil
29.085963553477853,17.792520347160206,22.129155510870913,31.330083942559583,58.033067734254104,7.3309459751470305,102.13120594980984,pomegranate
29.133233463732417,10.496186600851317,17.675478607112474,22.12323276481735,54.20775294876596,6.822261173651434,43.51773132971638,pomegranate
53.463751165238044,14.974865325823645,18.644541509820844,30.019006031836135,48.58837573704507,6.382575605599887,45.250239626859226,pomegranate
36.05774197040015,25.29695786439967,28.303526743731954,26.202457055950575,48.47171653758158,6.905254212647304,115.42176008842213,pomegranate
30.682437609574407,18.802884130758738,25.919464871046024,29.14540354061058,42.2117268792791,6.755465471124531,54.93970276778615,pomegranate
40.408637363136165,20.58206535320877,27.524067244499697,26.937414110186573,45.58884844471788,5.961932696432063,109.94015013474689,pomegranate
26.840434176729136,18.517371217662877,13.74346229853894,31.59956060171563,49.48745279949238,6.202287381113624,68.88797125011735,pomegranate
54.088568268919175,21.075479085888762,24.357357022625273,33.455577743760266,58.03483352081284,6.157018108675726,116.19610105171083,pomegranate
20.99503528058422,17.536711220323312,27.915977150176833,24.119553197254746,45.461629006426364,6.105244570163777,88.98507078775378,pomegranate
37.533311024574154,24.53469672706685,27.898212851293316,30.11299062414291,44.08933440395151,7.365363804721005,61.15942986779828,pomegranate
25.995771813126325,11.799345577219217,21.26767481332331,21.706436937209777,42.77551768225261,6.1000609611909935,62.532240774757106,pomegranate
44.16958041328569,26.33490558945363,25.22699312405785,23.93726682074715,44.9062099597196,7.431583060213935,40.65889932735681,pomegranate
55.18882132240863,13.9945703824481,28.945686461795358,25.134609272412796,48.80703547786504,6.914241227888762,87.01352411786083,pomegranate
32.71757318827291,21.07661831735647,24.614137687257724,20.635024188537383,40.22398610511408,6.416133878145782,50.54692942428113,pomegranate
46.573771658588576,14.281049124548684,18.65702213591342,22.965064053114034,50.96967171498249,5.732106918769138,41.84854822299842,pomegranate
22.045265524267887,29.0851688303062,12.845724372218717,30.627173797052528,41.358524084456526,5.716320704470364,80.71010011274677,pomegranate
38.59483720617375,29.03160618879739,28.896709060414747,31.694129638136978,52.04203660254699,6.4099206347860225,68.49428274627368,pomegranate
57.88350187902222,22.05817622849371,21.58145055371989,23.478516826533724,40.933956357702264,7.390377159519089,65.09882070757232,pomegranate
37.70356093297835,12.292798871714137,26.73848659818584,20.41447749283896,56.67981524198193,5.780570025575933,110.92512901049217,pomegranate
49.190905493446294,13.293405250146101,21.31635985718936,24.68984471532829,43.56466197823167,7.218364398822217,72.28182132057836,pomegranate
35.9417485746153,13.3977334961324,17.661313521715574,33.07425269493275,47.26257420979272,7.403207124999576,115.704711936671,pomegranate
25.79594637229384,13.546225070452898,27.253481406637782,25.89141378387079,40.08747964566019,6.047743639410742,87.81031945564479,pomegranate
51.970638638398725,12.667772341865192,12.210827288334707,33.831389803584976,55.02296735645165,6.679559201556157,101.53494319967425,pomegranate
37.154174452265536,25.169114946182532,17.436059825490716,23.661418587389036,54.58026842585937,6.339344584314537,118.51016834609558,pomegranate
33.97940729232404,28.434548410621318,28.65925097134159,23.627794205971192,55.96442363176027,6.3661490102891305,113.40197817842784,pomegranate
38.00497090540955,24.88607434674732,19.33934818327596,23.41701133569284,43.98700257889372,6.350862388512692,100.4395725611372,pomegranate
44.202859407230676,23.772585798010866,15.646527014638849,27.22153018936408,40.88790529938654,7.1350648319162415,119.19137297918996,pomegranate
36.27516250498684,10.219273062630867,13.395852791018948,29.787903166256285,52.241586364077186,7.075729439171088,60.310720876885455,pomegranate
50.545276621885364,23.759680430473395,16.456289954276865,28.18232222085443,42.94547616996653,6.4051290068711655,110.49578716445127,pomegranate
36.84765519301563,26.79133412950844,21.805067305193887,22.87815069653535,51.62212489395793,6.511966658314127,71.89130681571072,pomegranate
24.785217580642815,18.334173276944597,11.455247524792542,21.481535770981267,48.31833065865432,6.110762963936928,114.04354606897788,pomegranate
35.02823221521082,25.157162441442004,20.604950527324853,30.56128502963503,45.202319660307985,7.383809945676658,82.40707975315391,pomegranate
53.25296285140999,17.30091386952227,12.00422698101049,30.105674715812732,40.15519296674849,6.450585953131016,55.42415221331674,pomegranate
45.09502017741448,29.588397462757044,19.28805812641292,32.262473847885,50.15568373902242,6.491680062208048,114.43387945430223,pomegranate
55.59863474986726,25.71600930375949,15.925115066335682,28.17512623585911,44.4779446661137,6.38783339609308,78.73704526078325,pomegranate
53.26560160677324,27.920567306499862,18.292401247929558,20.265566676098558,57.23547679578709,5.848557357002721,89.75055711123147,pomegranate
20.99883601736525,17.990129505211286,29.719206042306997,21.510404016557047,48.47386303999285,6.114299900379905,112.40704987106115,pomegranate
54.773604316294204,14.753975206124576,11.623755741008623,29.407075910916763,46.7273742376742,6.844168781212126,42.569580485425156,pomegranate
25.335969407099576,23.727444655452867,14.247413106049954,32.863815136436024,41.171817754202706,5.9309639655711495,119.88481987880549,pomegranate
37.3230441034717,24.059313270892872,13.653260977140274,29.148031024783066,54.522121367388365,6.128953271733021,106.31176895807022,pomegranate
44.136703138891335,17.782460192300604,21.15284786686317,28.651412711538864,43.31070585387732,6.3054647397339325,67.47444704155944,pomegranate
36.036108903165044,25.222211769705158,19.65076814933345,34.10474229858897,45.87352826716872,6.331407156569858,102.95654483832331,pomegranate
41.84098373283001,20.940562928488955,11.06680326010367,25.978994940776836,45.41467464843465,7.498670245662231,64.66840565058482,pomegranate
55.37986139175454,23.52467470080955,16.818328183841807,28.153015675611854,56.81071759898387,7.266736596061824,52.83151000049162,pomegranate
33.582925648326786,16.70446360427143,10.840895921518893,28.97356639777845,57.09640105984376,6.263148775651036,99.20287559873415,pomegranate
45.108016544029596,17.512974709860018,12.821195989845942,30.63985779163951,57.091303378824804,6.871708984802984,41.430278722785445,pomegranate
28.64931577563965,11.389599697670638,21.407721991524536,31.347165182606187,42.21158374137319,7.176675641186771,84.44071827163866,pomegranate
47.598760485669,29.428036972172926,11.673619764953946,33.51836034466684,42.52205391974819,6.285917613273364,108.11509570648914,pomegranate
56.25016946951473,20.127433470902908,21.882092765508503,30.622210018978357,56.65517336905428,5.743022339075332,104.8055446583382,pomegranate
39.25104602046467,19.01246850216338,18.477995039939966,27.63817377869064,58.90101106789207,6.596407545584303,116.25420306105114,pomegranate
27.21160522462562,24.482719576652663,26.244790772174944,30.186932470022928,52.13844560453081,6.6296255621723645,108.87443860629568,pomegranate
52.86586388658,12.44577442361199,26.97175314061756,26.211029291606636,45.073936599916216,7.2395371360278515,74.56198397069933,pomegranate
52.33458760707266,15.26807223911689,10.078586428444357,27.431887893544165,42.004565132857685,7.008751911049819,62.08601088555283,pomegranate
37.74582586413915,11.740671301831085,15.733184968945054,31.72235364887858,43.031758238046386,6.794319122253915,113.3940682243601,pomegranate
47.19347039030881,26.220433785844538,12.179432586078317,23.760977390030817,57.89077704481182,6.930211227236178,91.1643061101849,pomegranate
46.550669444868,18.284011086092868,10.891132632353065,31.766623131060935,53.57426472430708,6.445608928225449,111.98076922946059,pomegranate
33.44638659940395,15.886434884624718,27.455926501588856,31.95481482138478,50.2995962129669,5.7614694789157,57.205717717204195,pomegranate
46.24911961635227,17.70082475680823,26.729463833319425,34.249325139983064,56.11273850549836,6.2550908459911145,103.09491433851392,pomegranate
34.05766693882734,13.342001755312678,10.667864097317148,25.785750691415302,58.07118607394564,5.977973175511353,56.521053194382716,pomegranate
58.792831409641614,10.500082257011842,25.715643007875087,24.820549336113054,40.749759137393184,7.3356050804191675,51.17138641676669,pomegranate
42.071171349027814,15.481084148590956,11.30385604369382,20.748837284950685,42.31113397672678,5.64273402777876,100.84464924159383,pomegranate
39.422648091337166,16.857841826979595,18.367378202640143,33.934201033589346,58.21503625476294,6.931352960245154,110.77459019373502,pomegranate
32.78592110350499,17.622186520165656,22.27424363708456,29.354389209458965,49.633996760246816,6.301315696875907,118.89442492869561,pomegranate
52.84494504470898,18.699603957760903,24.54584954479137,24.043425398786894,42.003386524746595,6.204862051105481,72.23782400987153,pomegranate
20.66148498242683,26.29584003271792,17.18386804778363,28.706272486702204,41.47926374541912,5.849993657501168,111.17549802620479,pomegranate
44.34750111531203,29.005681003409713,29.975000687826338,25.577901729996416,45.976061281665494,7.216712110318193,119.88891416299634,pomegranate
45.18564936929829,25.902814450230448,25.63491717630549,25.330095623293204,51.485407605141745,7.166113882528427,95.04911010088443,pomegranate
20.84655255928153,16.73411337795067,12.889513931892107,23.494583181170587,58.109789549826516,5.5737865778215365,57.5840569569539,pomegranate
32.382774089529256,22.337681439327895,20.68203380171731,23.274042242800792,43.28482134446309,5.973596069192237,80.20237013613244,pomegranate
30.847111428448137,28.952050032154443,19.27730442857695,20.881940248169556,54.58532811673267,6.157690576417979,92.2791145646598,pomegranate
31.18377482092928,21.4148748346664,25.443050096149292,33.92013112661831,45.22254288866154,6.169713901997962,77.14131362287517,pomegranate
57.08699350943955,28.02773713621314,11.79756560201276,21.978947386307162,49.910183546612764,5.713238545610847,67.6464698678958,pomegranate
25.935415128699105,22.720807102637718,28.989908634783234,34.95100655441572,47.5048226499383,6.698025274229225,108.5014122819265,pomegranate
24.698482911855358,23.7912882210393,18.176873234501365,23.09219240420246,48.055072374948836,5.651920573929834,95.63257188714445,pomegranate
30.109706749938123,16.22811290089756,12.421625964829255,32.969886708348376,49.86888558565477,6.6442937555728,85.55461464758837,pomegranate
36.41972458165367,13.85059830876279,24.902654969967998,21.905843980365116,42.07747580557621,6.920290075193007,56.70696163615871,pomegranate
32.270910054113294,19.504549340034806,18.987026334590922,30.62868687597499,52.46863586886722,6.788792324563731,97.12434645243658,pomegranate
31.704509096938615,16.446666236009474,18.759954957911084,24.611932595502893,59.69875737941727,7.128103852842859,53.172375060482366,pomegranate
20.22376623527478,10.855665364945358,14.881269020858506,21.71436928755285,50.66676229785144,7.215990445454717,98.9400176730582,pomegranate
28.624362523287616,17.985985120515718,20.157884190625552,32.153087742550035,56.78243206212329,7.319436623815552,80.73962004023002,pomegranate
47.770989857434515,12.236007424678743,21.30577919907964,23.730377142067027,48.63433770053222,6.768101016613439,60.55887502830249,pomegranate
22.08740231187044,10.20467712817515,10.44319071089043,20.125246062706545,42.20710113115751,5.97897742914026,57.69772113458394,pomegranate
59.47186376719587,16.120122104178865,12.548415667187982,28.183438162516367,57.15914910795017,6.85612075357535,63.686567130836025,pomegranate
42.4646463916582,24.297119484008185,24.562089847354848,29.998076829465333,57.416208495512365,7.240210916688209,86.31492475256026,pomegranate
37.19425476444849,22.831405911301996,26.364240027409263,20.08478157261777,59.83994018029702,5.8657875446583985,77.6199188527981,pomegranate
54.88118939371467,14.500807980883987,19.535904478007666,21.988732702717687,47.901526507763855,5.854270909586005,69.09021990169256,pomegranate
34.93856867170888,29.863415791966656,29.896260586075446,21.721794179909185,54.519375586566944,5.6034909593382025,42.415361226975094,pomegranate
24.21335576979857,29.309713140158678,28.817270957893946,22.908917304210206,43.23344671107423,5.981070173031894,81.24375952601137,pomegranate
42.788185281416396,14.431868608788946,25.132455761798905,24.64329754103976,58.442626510588205,6.813445412913461,74.90809554428893,pomegranate
51.59648006811381,26.358292520933297,15.809632112178873,25.095718157541263,58.71910307457207,5.829482076726544,43.37203335703474,pomegranate
38.16221290438197,26.024198004872577,25.433362126214917,33.79295943369249,50.664013287380804,5.700129343133066,87.09511794688129,pomegranate
51.13582457412846,11.866562405396529,13.453148021951796,20.184359917335062,51.87305158893621,7.273468783891809,93.65306528016797,pomegranate
59.28160350363928,11.260673049995232,28.060021703029925,32.21102431080021,46.2848304099901,7.447053103674504,63.0350198537132,pomegranate
55.57218895312874,27.61497154148379,25.15315233205945,28.45205710719278,42.40005499233776,6.5639434689929965,68.54370045239477,pomegranate
51.688681326214066,25.162584129936896,28.212250147452103,20.222452436475617,56.182064336460925,7.376924106249337,103.14403592865202,pomegranate
25.207778394814667,11.625582096817755,10.416904796154016,29.431178387421063,52.59345303719775,7.473827428436424,71.84345392832766,pomegranate
33.27625139589987,22.48849854368785,26.512173450151877,34.05160924284503,56.06248332358077,6.353347961231609,90.79313882496513,pomegranate
54.25197306864468,19.81219376623479,14.333732874107854,22.545851596218093,40.00315489156114,6.9364759899625685,48.88777670767924,pomegranate
29.753563987837616,15.957526630455867,21.207597202735364,25.96935915943654,53.49347984046324,5.611277318657406,49.91513554115515,pomegranate
39.96846014133067,16.739295756936595,15.916267255027194,21.00542118556284,57.91438349496003,6.8836371722501015,49.72945254557195,pomegranate
22.601838309485625,29.49745066862486,23.6234510087901,26.261841066406124,54.0346208151157,7.012663572960318,102.39697619110234,pomegranate
39.11509222612231,18.59765516249696,10.220561685378007,33.89835672712757,52.06615756777886,5.906307874379936,113.56827355371493,pomegranate
56.59727607081186,29.783683287321917,27.481131262779577,34.96676581730097,44.893723762465456,7.184499170398468,105.84226470366116,pomegranate
29.237614368829348,11.968750980019816,29.588410273551993,24.440368272809156,57.41783580935612,5.508254309349208,41.68198457756817,pomegranate
38.63485234785473,14.774293678701271,23.796825668719286,28.483464883519314,41.54971594900983,5.825256592631434,71.04394160467314,pomegranate
27.424162558217326,25.84444694487857,18.3214047110656,21.40147800263749,49.6868580454425,5.681676362122828,50.31498443358537,pomegranate
29.58439328112821,27.190554104949797,28.49225064665944,32.39386593998104,46.681544348356944,6.044892882217663,83.93245526321914,pomegranate
48.87412642132449,29.867455763203495,12.631414237578525,20.739379985357065,53.887117779905424,7.164451567007811,107.70790238931386,pomegranate
47.138541963086425,29.080316082383742,20.22009527089174,33.70722197504319,59.35624273983046,7.194314914006215,64.78068506068965,pomegranate
27.84862604681181,20.96240129963637,19.06029500760377,33.16637513289099,42.000633421343075,6.015480122623037,100.14391556149668,pomegranate
23.799465799092484,16.415288280434005,17.743107881079663,29.33890694844035,43.162652914387294,7.221208980699419,75.80337883730195,pomegranate
56.68086847522226,19.35739827267863,15.500805178814668,22.127432430315125,40.0749018942257,6.564314969969671,48.572535754153876,pomegranate
35.66911054524713,21.785435224741732,15.513717938054006,22.62836438549173,55.49443245218683,7.393582344563241,48.035233428957284,pomegranate
26.223612975400314,29.200253145054372,10.755684436244925,34.664485048257085,40.09288966169977,7.247337311302663,64.58601447901997,pomegranate
57.54355432709186,16.33890577271171,23.08612643068112,21.200488546489048,44.84659622907478,7.047358692958501,82.29486829430557,pomegranate
57.11876247148179,18.575028166827085,27.396247316278462,26.734331562173562,59.58496557403971,7.419668762797754,66.33093644448643,pomegranate
55.436946816672126,26.952227484312985,14.213607946551257,29.364356011749045,41.4536463117963,7.173421441166923,53.96367068027972,pomegranate
22.83258805543058,18.004381910776225,21.53844277199287,32.823754378396565,59.484850510434725,6.378985025139727,44.83575383882162,pomegranate
49.96462316103482,21.30346512447875,18.957826896889262,24.639033181882844,50.04797055687071,6.177359208914062,100.56094941978883,pomegranate
41.75574785970564,27.536955483082238,20.87087829298884,23.57393620009895,57.021837644642886,6.614438089860088,56.5472830514849,pomegranate
44.940312398248885,17.15433529884855,26.888112245841317,26.799496079698145,54.52882716214833,5.691072415272474,71.68194770418769,pomegranate
59.32965745889595,26.169205789542968,13.198816047338573,24.166460742158826,46.59631617712722,6.800731120990891,100.55958075917245,pomegranate
49.981064352316395,20.197481126128057,26.216410756763025,26.556171241362126,42.47761130591124,6.628883683307627,116.18411076808853,pomegranate
51.719746055700455,21.57401295384485,22.936113206981936,33.95843040553359,48.56685588869921,6.162788277885275,118.17932520003592,pomegranate
54.53772534041334,16.46087169237205,19.275611947218458,26.226171935116987,42.98191357342868,7.415638647626518,72.3449944975807,pomegranate
55.01316330551632,13.787124553613301,20.957416212744395,20.35942077686405,55.28440967684617,6.661827796492557,90.04716667758021,pomegranate
22.068835302186137,14.220766604172308,11.486617447071604,24.33371473705718,52.54878015364302,6.63237196863475,88.97198572907122,pomegranate
41.97005085511577,15.460575913517188,14.890149946888505,22.055895253048718,56.981417498069845,6.732958717082489,54.92088100032478,pomegranate
27.088375192849583,27.460712030522735,24.854617275266385,29.89098619858057,48.13728215078599,6.0239511285570355,118.3560610490259,pomegranate
51.88958300091201,16.03558446272553,26.951295925569895,31.383979229220223,45.94161099755997,6.353105708483279,54.876275631282134,pomegranate
24.442097775124374,24.455240656793933,15.350237147077333,32.30089048619381,59.91217423028852,5.653239627859297,77.84281000669603,pomegranate
52.082502372432124,25.779017930824672,25.19994316661937,25.234924029528663,49.077065113701046,6.689936714682941,117.91524668586058,pomegranate
33.10189083753971,28.462877754337153,15.387138363609882,34.836116982105565,53.405273736551834,6.427022960717101,89.07123424508839,pomegranate
30.90124676160827,15.483477150229332,12.271090876869877,21.710754465580983,46.953434829378224,7.025710955792743,88.63769340785299,pomegranate
24.103382413240833,27.04473049951822,22.027352539801328,34.41283365177169,53.403709348224154,5.8503497274083625,77.90266898462578,pomegranate
45.939903901888165,10.565294020999554,10.298205283096157,21.94104500897852,45.03328870090942,6.359098247041351,78.99523790078307,pomegranate
25.52110435751587,23.467831582316617,21.922761233930697,24.416961482617403,40.27319766870584,5.6552958307065815,71.33558204086715,pomegranate
26.158974046627357,17.536392122959416,22.563652090207103,28.208561418189255,44.62351766274789,6.187644982517504,89.12249587589204,pomegranate
54.43420112173795,25.064268774777545,21.0680005366683,25.434394974747292,47.30102555083611,7.258834620528792,43.13948608324371,pomegranate
59.51930577681044,23.287508217031245,23.62275398144781,20.569967559571133,52.11058549782544,6.4695561201808935,48.46231255152536,pomegranate
31.116880430774362,27.806289124273025,20.99976831731906,26.20124862760863,41.45364311681622,6.928243054804611,96.2280658716826,pomegranate
44.56174427890254,20.205252924412985,18.675688044147453,28.899066394819883,44.66790903456813,7.382518128355295,87.10356233441837,pomegranate
32.44769777417506,18.993597017703145,26.113695777537846,22.42424091095446,45.856712449205205,6.859016045473111,65.23913651857791,pomegranate
51.70006727445864,12.609069743547217,25.25372340909217,21.025275722758494,40.251852253349895,7.296447037664324,86.50713735458389,pomegranate
34.073075883472455,14.651892739277008,22.337715665216322,27.63503275305107,59.831955510599705,7.4664319733074915,90.80196529132877,pomegranate
37.714820244235625,19.82281938269324,23.64958132473724,21.52361816353072,46.567041476214364,5.6505444820072075,45.86886076135357,pomegranate
27.83356967576935,19.705065091864537,25.695486423255787,27.282438367488087,46.70953221121739,5.664705980673516,84.02364185465036,pomegranate
30.85074345932707,22.29868355834295,29.543754782648367,21.669714822163254,44.242507974438794,6.446189076198749,117.48910522767436,pomegranate
50.87239105079982,27.964583863256603,16.674296969515858,34.88057710667892,42.05665632128315,5.605945812092202,108.44821016432225,pomegranate
57.09059480827945,11.811707150922036,12.26854853491683,20.497612366336607,42.09015125285448,5.9188396336005615,117.60612951280008,pomegranate
46.71440888958722,25.57106051037084,25.52278807383044,28.02610624668822,55.949779554260346,6.691615064779939,65.1636878082686,pomegranate
42.44440435073603,20.67017172269027,26.469061075186413,34.725908260724886,48.22085130841861,7.0267813568827195,47.981040323050685,pomegranate
51.07325477793154,17.428338239864644,10.787803257793733,25.448692678432657,52.2128550184329,5.738500335362933,113.92275939442037,pomegranate
23.106896530913545,28.600134396663325,24.14275035871373,24.945682631213053,47.81500695418187,6.981618729465488,88.1176880704966,pomegranate
46.86571685819781,17.7832923302696,19.75626963615198,34.8480122605684,44.27845740999435,6.335712373044263,63.345855005917386,pomegranate
50.60446041759399,25.280252513314416,15.848909219947917,21.220854749494745,40.22865353344408,6.354901066484971,72.82700754686167,pomegranate
59.53559514559452,19.39604151395359,15.128367391508412,33.36844161547201,49.82135899307157,6.698351270421155,47.65349683425701,pomegranate
35.31665629319096,28.884473489475734,21.79010768350851,25.167527827136926,52.513343612631864,7.320822179156233,61.91924803780721,pomegranate
40.204668738826975,29.173813078235106,13.447922865969053,30.794958883950674,52.28962016405965,6.85935026228127,68.09757045340558,pomegranate
32.55517493935059,23.68419341176741,14.310865702090908,26.294821172885076,43.76349292105836,5.51660968224666,117.60458880304556,pomegranate
37.268119146256765,29.386992288396506,12.806470395356522,28.810501691862292,44.01948065582479,7.0801482539265495,102.69623910087802,pomegranate
24.50428596157247,28.241289057527784,13.892592944064493,29.194660123840407,59.71267240175408,7.264793069532727,116.52511428489352,pomegranate
33.70395084872477,12.111512844389267,13.766937465789002,27.50742342614921,55.86459356546644,5.80030728836775,92.77852258086057,pomegranate
32.94310416158048,16.824041447843072,23.238354603158527,27.004991292998305,56.24066586051988,5.8118370193256546,103.19586158136308,pomegranate
22.569409922296835,13.8810776049121,23.122994290063307,32.823884847666065,45.05359255478698,6.154383211657826,82.9696598629392,pomegranate
28.462912259572093,26.223125231750114,25.472732900115215,22.179375679486725,49.276594636332646,7.0496555333092425,66.98636248827319,pomegranate
45.32427290870927,11.004262429151455,22.17377521058636,22.289794700009104,56.611666502289026,6.210898927160957,62.52430901825566,pomegranate
53.6355590684594,11.002880461436204,17.932175986686897,25.55005310862547,45.696007484991014,7.323508664002954,100.07427148133777,pomegranate
22.55692656767755,24.293748988699083,20.54598266257588,33.51301841602369,46.25891234696717,6.648323999219166,80.06042197927889,pomegranate
39.582436249104234,19.122107990344254,14.112589510645625,31.33564883738589,49.02672065478578,7.417032550005212,60.8646741754221,pomegranate
47.309753585081644,28.81434159278217,23.26916646032185,33.06909361426092,56.549619195140124,6.220235430978008,88.00991519515972,pomegranate
26.250453592454225,20.710517653911992,14.608439436286744,31.156052224286682,50.56116843784249,6.322454725263321,61.503767693358206,pomegranate
59.94793927365147,11.434210417698655,10.8712136114484,23.25886100740797,59.42144917255639,7.4584763366399685,92.39421878177087,pomegranate
55.20426668825619,14.279234616815907,29.44084188353247,22.14177275209347,42.02250376363317,5.724423078494546,85.85023386180518,pomegranate
51.23897602872209,17.33334355749266,29.55791975572253,26.51630207177494,43.008971015464326,6.431933496372274,94.32297323379518,pomegranate
53.28903122017515,19.17536579913186,21.87213652098335,24.0101706823828,52.91833052811028,7.471943887900688,43.92428580702351,pomegranate
55.46122682820671,21.245650055350456,15.041973191245999,34.32334565013887,49.66708606117798,6.1633805033467715,54.51981026166729,pomegranate
29.778088410266484,26.65698083182885,22.288200186343317,33.69868429232474,44.63936904315572,5.742277147697803,40.4870024780472,pomegranate
40.31448150463975,29.966138607639763,23.89930537637278,24.62591887947719,57.537171660523434,7.06344453197592,41.23321328612314,pomegranate
52.674419221640896,16.010535144769918,12.993469291672021,23.394962596056118,49.37159608750278,6.349735854136022,63.11098394993814,pomegranate
26.888732888281307,25.244615792843383,29.802195674698343,31.666873706295355,45.91873935343082,5.989617922824267,57.41327008527506,pomegranate
25.46780297956145,21.026610993846024,22.10800743906688,30.58253990994706,53.60426741867336,6.084666622566765,66.42488043174772,pomegranate
47.260581417693516,16.98895281567257,14.25246379238626,25.615042305451095,45.44168315155955,5.676625442437156,106.41111218213229,pomegranate
54.124455566281455,14.395006003337588,11.295443990504035,31.082411560267694,44.23057251726827,6.28687097887372,45.13082017899066,pomegranate
29.050783390337408,25.858045566592715,26.08792893830404,23.106272373315655,46.718276902133795,5.768476838187487,45.93381042279379,pomegranate
59.68686857793638,23.111879024896783,20.841930183966376,31.48247750607949,56.80154319375448,7.1134295360894555,41.32315594319013,pomegranate
27.47231592761994,23.09810604235662,17.51518695607926,34.737239765916605,53.30809585276508,7.413097817458413,56.115718531663504,pomegranate
54.558281124600924,16.427046116304506,29.791296164756137,22.36533008109721,50.32679637676653,7.0856890676742434,74.61139844832287,pomegranate
38.72336240750587,29.727115910114822,18.506163006023066,29.061081508985954,41.09079321350301,7.18442016042052,91.85344391836348,pomegranate
36.160804114512544,10.323390799090395,21.833376411870077,20.18986742726243,40.024072278180356,6.732197124298709,55.12136538676434,pomegranate
27.675501988723813,23.065431316654873,11.073943758787486,24.701083422118344,42.98863804284038,6.660352739593067,92.94121237819166,pomegranate
48.84543414396174,15.104624338371309,11.784995032731679,21.180254854128467,48.52303096901448,7.39168881812543,57.41832273976197,pomegranate
30.269664053661973,12.017776042117179,22.111405477878606,30.198093109207623,52.8586241632152,7.222260486089563,78.91406680208574,pomegranate
25.37828163068258,15.788102614088253,23.248599468427038,29.196829606123398,50.62006259485925,6.865928837377375,90.99126802986395,pomegranate
55.25299557859807,21.72032754956593,25.57202717401113,23.73060733949702,53.56365169178136,7.304388236765352,70.85858623198666,pomegranate
51.16416749354586,24.495786023908707,11.19052393743645,28.722624644361083,42.60378698401605,7.434638344461183,104.9126002160525,pomegranate
24.388952049884804,12.435039952953568,21.889477098252378,25.17333761259775,40.69811718146219,6.583283015666106,71.02760797486775,pomegranate
24.043059694869704,26.038407845119654,28.30153530557612,31.348909010211948,56.44844620032555,5.932981134532235,61.08583607348808,pomegranate
28.34110161196751,25.30126862731128,28.95834157868994,30.75255810100854,57.62933529759112,6.777398189766345,71.01279204470393,pomegranate
37.03046459721221,11.506428643348096,10.629143904920522,30.432134062836163,48.768577840223614,6.604430136109259,84.6128998097933,pomegranate
101.09503253333206,49.517850216589814,49.41520443335405,25.88427221227857,86.41350766802141,6.402328007375192,198.4737881857784,banana
125.82080481523305,57.32467245717845,57.8084440755833,24.70004996465014,70.69964976616126,6.022133599790658,156.23195493069213,banana
126.37441306899872,52.98485465675941,41.634079192044574,23.35378596011101,73.1135225108395,6.760843496337847,215.6038233159104,banana
124.38575642261584,58.81273101612486,44.03409114772884,25.097724847240492,74.80645761489662,6.217523134932275,238.90646396508743,banana
113.00450267757446,54.763837946489986,49.80238472253564,22.288579133361246,71.28390971995628,6.5758460625357715,213.44257452660332,banana
98.61322110114926,54.43819147984608,56.21331546967025,26.118974783621113,84.9283846568821,6.30805990065692,208.1855818291526,banana
120.55988197278172,59.83853236616221,46.90793324127192,26.110407805746114,73.31240118820342,5.908146116803614,210.1413503377891,banana
126.68182360617905,47.89209903322481,43.596888936710826,24.85099499382994,79.10103409616278,6.081300658730736,150.36528080584262,banana
119.43937955028318,40.15689842481246,50.78461054672967,29.93766807029754,75.32456572634936,6.706583021224034,206.95701373042033,banana
116.2009878562036,48.91699268397436,46.931559757515586,30.359240730278135,85.16891913999729,6.142510346827825,133.3924952774868,banana
92.87230181781877,41.88551955797872,51.65738722384086,22.516621758289897,76.73853749928077,7.006399403828459,158.26526164699914,banana
120.53232308720519,54.909340764141106,44.916542652664326,29.288221800927452,84.95553276544202,6.294907851334054,147.35466288639736,banana
110.85083227567476,58.42795176000393,52.79233464864124,23.72922497627261,83.6551384946704,6.354406054563669,196.8987436561985,banana
119.36256140092432,50.2989470302889,56.27967949146617,29.221555793166278,82.3014668003702,5.801585631664703,228.67338441850387,banana
127.43622341279264,42.7393024761859,49.76482258866861,24.588887419705046,85.0904661485113,6.9432592720094,138.31506567415184,banana
125.08109085046549,43.61946127956004,55.94518051296215,26.56980359628005,76.56544587116302,5.816478525348427,141.78985329906183,banana
116.47562218803601,51.00860775894241,42.44170843302465,23.12697860438325,71.44621149545583,6.987534694747088,212.54467107980759,banana
92.337239634183,51.205401511939456,41.693523104853796,31.037457706089416,88.14234838360265,6.89646597962626,240.4045597871285,banana
122.45812121654762,56.57077151854099,51.39415701139866,25.06059198216176,74.35598230232843,6.154400044077859,201.70440591157808,banana
96.90626143329595,45.17280473274643,49.36121725590929,24.330500985246154,81.77287339432124,7.34635205691266,217.25161754140643,banana
116.65706456595652,51.654429519675574,49.758958185141296,23.865638596346596,87.89420910853731,5.997072004025672,131.8701540851609,banana
120.00060716914781,43.51231068662333,47.43791999082352,22.282849282909797,72.74135885080896,5.846407261519824,127.07331660752314,banana
116.26627826491381,56.74015591606235,47.46630812731882,30.745764767182006,74.26693149120253,6.150780847122479,139.5958090940519,banana
114.82236781675994,48.39739181740614,52.265666936837974,29.616749053941838,80.91406032065896,6.755260709803576,241.5825408712633,banana
101.96257238435372,47.18327877267906,54.354067234186736,28.113055170553867,73.5706580907943,6.25229462002098,180.81894170621294,banana
106.77559351873558,43.565496166440816,58.488601835685245,29.62318761693976,79.62711664215705,6.860122056613673,236.64674737761783,banana
95.44696569446285,45.00746101413955,50.8540249451329,29.990103713523588,70.72509790883055,7.468036300392721,179.13785837471164,banana
104.36924562486892,45.85448875679543,43.487134153017436,29.915739089300278,89.10828329492193,6.327289509690797,243.81469031794933,banana
122.95190461740137,49.621022549526366,53.48052358252265,26.34984179170463,81.17446816425105,5.616092674037008,210.5142517890693,banana
92.11298577936547,56.341698938392994,56.49893858921115,24.370772875562146,76.473255620716,6.462620757116587,197.5661779012226,banana
101.49414646967986,51.8497280926385,45.95574146458598,22.554907210710606,70.05055099663818,5.702302115836857,222.99259102132237,banana
128.45725249533348,48.539323985624385,50.253679068998856,23.46848169073426,81.02062705360314,5.7893098040139535,199.4578630558479,banana
127.33034670323416,43.913970786060794,55.291274361142044,22.235024228183242,77.50994482643242,5.7214970156610185,165.82180740744093,banana
96.94147678555534,47.46609980245775,48.350456122150604,25.005911227809182,83.13243898946259,7.33770410251782,172.0773986336854,banana
97.69372625900085,45.41445516391967,57.08001646992738,27.71639723270148,79.10022064613915,5.799273443017853,178.46455008209165,banana
101.13968013429547,58.86326255706699,57.68140218831462,22.83902541828198,80.33306978522486,5.950116691029344,173.40102163815777,banana
125.07391993005825,50.550290397770894,46.6843058674152,24.07888354104997,86.00649718812979,6.7490360307286945,180.84850985541004,banana
98.69937415451912,46.68492748314263,59.196868534770374,27.200899376058345,78.01398562486506,6.542844084696648,221.26850576694915,banana
103.60435746011476,43.57412241865218,51.698722366780956,28.652041034810672,84.25436005917099,7.26397518153226,168.25263568958468,banana
93.01419584915567,59.16697167261884,48.7002385487495,28.232575096731313,83.32610646256585,6.593027417402407,146.6834788657151,banana
120.20572200464565,56.075039486081636,51.059511720348794,26.885611605848418,72.27876366255971,5.6679033229995675,164.14342992325874,banana
102.43384622069573,59.07312901926542,55.6724548488686,28.5992429525906,80.3529617803521,5.834735061453303,247.1993673839569,banana
105.0016279296084,42.1385120489449,49.87597791431492,30.73998011613083,87.74582003554659,5.5219318321128945,235.21844681768198,banana
100.85936869999435,40.77944727936846,56.955805407257486,30.638667559882084,81.924621596847,6.648867514592717,225.70563544078453,banana
121.4523821084112,57.802109468854084,51.054948951934065,31.676470927328086,89.92293661866677,5.733089219997265,230.4406887420359,banana
109.99289030994356,47.751326765996644,52.2614461976543,22.55965557262007,80.1292223753416,7.241781140053334,147.74999709806593,banana
107.055595790777,58.78961775429751,48.571276756113946,25.583676323323985,78.81073296246757,6.538905533035113,202.15887473709097,banana
122.02771203666924,49.04204411528629,56.34961870180281,27.337206613520806,76.76961020735955,6.815901656238829,213.30389311665388,banana
112.3219590251795,41.13229946269447,43.3976575032165,24.85297720890228,75.65251211902986,6.846841600493741,122.38532601757224,banana
120.2272710819808,45.30684949613867,46.20043692432205,27.279098279439243,74.31851201877915,7.2689426271510555,131.0979413124535,banana
107.77529449204259,56.9884453890978,52.31687788842471,24.923295158426335,78.41520415552921,6.913388760685029,246.5238966373069,banana
125.72554873517734,46.84865616764753,59.96395758575715,22.035046635310582,70.5525951161683,7.147681030342388,145.93014928829678,banana
92.43077073584963,44.742961464730044,48.52200307961721,29.305662704334047,82.48671053102412,5.97524243512084,185.42515825307598,banana
127.04856421594275,56.30015553967515,46.46379569663587,31.822645613556965,84.17240800870262,5.624898711333564,124.57089272752303,banana
96.7363179604012,54.55711736100294,43.674778516848555,27.114867692088335,71.86520240361664,7.34177231566039,164.71487976586377,banana
126.32528226242523,58.897512838210886,40.122572946273614,26.641351871987318,70.49312111413786,7.317385532605812,187.39298081549487,banana
92.99776050793987,42.20553456553134,47.67018048985478,31.402341928728895,83.85818303136162,7.235237732378264,167.63936402419736,banana
91.72854798199994,59.48635274408828,40.34345981324739,31.47651653081089,77.37354847698289,5.5201808100437635,209.59044012418607,banana
129.22161216125417,59.31251445675185,43.21874022404837,23.81247806066155,81.3107782923932,6.774609652856649,216.12432877656255,banana
97.2420144188859,59.180141735288686,52.77478512578476,30.47046918870555,80.80131430568343,6.328553695179766,247.0337778573495,banana
113.28485483279344,57.33747165598358,59.0658479273258,28.75354627008659,80.9787735703735,5.5070217018213015,125.20255329607077,banana
98.03404864204465,43.720168637119905,45.0951759039969,25.049346376976608,77.20130987101456,6.341075380137753,132.85262399928192,banana
91.69447727811128,53.47888898146047,50.74669649686155,26.441442022201194,82.68879882336705,7.155358814407081,175.6000781851066,banana
115.64477860207917,59.07144447670318,56.792489917231215,26.260008105024095,82.89433675629486,5.854141843831879,192.8678840363617,banana
129.2531316455377,50.36630230405045,58.55276598380294,26.073349205032606,89.97689654369262,6.658440070455116,125.49496925067149,banana
113.47019186765553,45.49145391359193,40.649626440717896,30.208533046946634,75.51459273961513,7.093097108092997,157.46828578426272,banana
97.77305415495097,59.47871148208855,47.23290655510039,28.013762114431604,82.19962985628943,6.620946964347004,238.91044665775792,banana
116.97764285467474,48.0746600820986,57.24760769048548,23.810628991159643,80.88473515220835,7.401100743887513,201.30169188445365,banana
122.67873801899505,53.07121451090386,56.78741727075781,31.444878798452436,75.45843455065474,5.8393221625134375,182.9187975432302,banana
118.07449707296863,44.54382506364432,40.08202900860334,25.429351158367055,89.37718670935577,6.889934921211694,172.1723077123591,banana
97.70304389387361,47.12179347509494,43.39678866602496,23.063058213129516,88.13484745145108,7.495300676750947,141.33487714745274,banana
92.1809023551312,46.594622142924244,49.233183615228306,24.048212470758543,76.02849823597117,5.901741471383316,220.65387389621867,banana
118.50311772989043,52.69903031521963,47.744357141584096,31.09040941314236,89.3906508307004,5.847278625250824,148.99164338354416,banana
111.02524112001478,41.825011385644906,48.72896797646226,27.8179126477771,80.44147142274666,6.161817166156052,190.51795479003687,banana
128.35203817035392,44.12034808582752,53.09662716788007,22.43396694156052,71.3283280896287,6.60365644844717,133.64209344263344,banana
90.89387153707429,43.43025995296044,51.29698341999149,29.033409545189322,74.0495712828276,6.836518874416349,143.72192304289982,banana
114.53829706525028,48.23919359791598,53.075990186672335,31.950527524792474,88.75633930465123,5.508563515672208,235.10703936709973,banana
92.65963180699066,59.0609317231969,45.6365135819937,25.82034830411271,71.83276410351456,5.72454551665782,214.47627347981154,banana
127.77328942993167,52.21496989908619,54.31700031053622,29.619697445971536,75.25628549105883,5.590459261840429,120.24345670949191,banana
104.02597131816074,44.829284563984324,41.24635450098371,23.795282924936668,72.48997796535896,7.329756761234741,138.23473774969196,banana
111.50593855950717,51.86211910224329,50.86978915417268,22.990564342159878,76.37596723501102,5.602540664926306,171.43708883252108,banana
97.54395725086368,51.23265066568759,53.85616787698201,27.321198602047065,78.68473393222791,6.274666841713385,229.4199298526105,banana
98.77472260261081,54.68436679057738,55.14964649480238,26.192000072707344,75.94601198451278,6.441082972091951,132.1178103660508,banana
91.8372012891636,42.23206398903783,43.742900629244524,27.04176820338043,86.98273272322244,5.9712846639993735,241.57106139708117,banana
128.19631635740012,59.17809209690411,56.75125469352648,25.638250407977207,71.45367822005247,6.63763746353299,192.6285877118404,banana
123.99903068438383,59.91982101892211,50.16314613120295,25.45204031039784,73.71803423112534,5.509599649634741,186.1847800235543,banana
112.22074666810383,56.49876959634795,50.091539357856014,31.164683486660564,82.5616695314287,7.180672476442166,139.27922552500712,banana
124.21344521209258,53.50287708887697,43.40466064876661,23.897635581460108,88.53001238088443,5.564430720900746,180.12954262844178,banana
102.53901159736407,53.30154879996856,56.79258775137984,25.603781215565697,78.53804174645674,7.463835569002828,221.90914625829635,banana
125.88816523727166,48.775244413032596,44.681524079682305,26.118634653864518,84.32183835663027,5.718860809671959,155.16098373014614,banana
91.86543601846361,48.64695476676263,56.54891471959226,22.24663688298011,83.50647053614333,7.364991749027479,150.80062199645369,banana
117.74539362910593,59.50203802200401,59.24556120304926,24.349291930291432,72.00662106424137,5.796565075791832,211.2646369026785,banana
119.03035501813102,53.48473123256398,46.72156775484476,23.697769397581222,81.61522183904506,6.4673608915157335,214.74843912589944,banana
107.65440314742486,46.77279389372937,45.869571547180286,24.114703200497466,75.31492752373323,5.689660877688203,165.09141142075563,banana
91.46279249451833,43.728276943326534,54.93540889238858,25.254689886766226,83.36474033954687,6.933768351194555,195.55409455517474,banana
128.34790965461593,40.42879733246227,54.77305301176284,31.58786643940408,87.24543458705878,5.835785383610027,162.48663981272517,banana
96.89807359505862,52.02616727629408,54.24375963958985,25.17073769363058,80.79013147968591,6.88184114014239,174.77417615943628,banana
124.16062121821838,55.430998705756345,41.293310877011415,28.211252990908292,74.70651101919499,6.61503652933455,244.39549754228563,banana
125.16248018209001,48.09032806230263,45.83027716688707,24.34405744408259,80.6502973951304,5.728496906516113,191.40575105667233,banana
90.05334557963168,46.476992614916895,44.39868627661163,31.71218789960782,84.54484639139957,6.199306760924475,132.06986124898066,banana
110.67202378762497,44.268957626520844,50.72859091796715,30.353623541788927,82.3158510420277,6.767576839090005,190.3339375781655,banana
127.09062530525637,58.638053688412064,50.254464021471044,25.057594871435043,79.19174011758888,5.873115824391231,202.72476099135162,banana
110.00369343128932,42.0660095562656,43.95295562239231,26.79631956199527,87.75177981437716,6.632781441262194,208.5995500271012,banana
103.5611419897564,51.42822786088469,48.947596452761346,28.591299126231608,71.0115113215802,6.4866004324779185,158.47904126871572,banana
103.04740245111637,59.21834863116123,43.653896254227654,25.11245252578597,80.19785151461744,7.2260538962992475,174.16711081682814,banana
119.75461123552684,57.12748196429605,46.20032711643698,25.927501835387098,77.13112447376713,7.165711617235842,125.76509205396815,banana
102.3368435531472,53.5881711519026,51.30886999130685,26.362893592936942,80.79896454442769,5.895169171656637,175.99316080904134,banana
110.06811936705397,58.02378243909203,45.216703256079526,30.678285021649327,82.88482801651963,5.540681662135202,214.20207379692118,banana
91.4220751019622,59.94762253627626,57.452733753823956,24.973437475400456,75.14822460393411,6.262882164211218,166.3017054908776,banana
104.89351273541524,46.36553092238961,52.42266813696663,23.64263663720624,86.91962584892026,7.12480496806263,181.94281702118516,banana
124.1091986111419,44.94290140060586,40.35130911407934,28.192079250298228,79.15818813929431,6.6343290925917415,236.9141231723924,banana
128.79702294263774,52.689062795112065,55.281111797048766,22.838084334871642,73.21431169783011,6.966409609905953,176.07750933044025,banana
107.83861081617623,46.172153632708735,52.14712766955488,23.851650454162026,82.5383255862779,5.84759771427048,128.29738451226277,banana
103.21430754796245,44.62280684019695,57.77983277112665,22.549534538686267,73.53227385148246,6.597439211166099,182.53873481017158,banana
91.83408073498806,40.14504856030289,59.76135883922299,28.58834700358838,77.30812261803113,6.440864495326482,154.6515156590573,banana
103.79495134772839,52.980889345364275,57.656235977347414,23.84130023081185,86.80723010770637,5.743113259036538,147.94898906649087,banana
91.48701152198583,42.81623724185999,58.34606290928101,26.594387466183786,71.55331723556706,7.419453676077922,234.26900000862452,banana
120.18730083472565,58.66945583895116,44.40258841671528,30.363692930100864,83.79982392708612,7.239518499135377,223.59850354654188,banana
103.859802527073,55.48797074034511,45.24912605969781,25.285921630280548,72.15811434445952,7.370153231960938,157.8304372420366,banana
110.82489860685807,47.82665672932385,59.19856241167003,25.350491709384823,85.57091642845378,7.21083230926236,176.62884467252556,banana
105.12687257811726,54.95491641865256,58.25791960612468,29.54931733072238,74.54252731183732,7.2766154948754105,170.3856167667883,banana
113.04917647111736,56.62871238585422,43.767895348009844,29.84510135677553,81.92325595821355,7.286683283655217,142.3561522396606,banana
106.82728948163714,56.65686185733675,40.3846340691352,23.12201366765643,89.8113042551347,6.0607883571807015,246.82061518411393,banana
97.30126204034696,47.22188886014671,55.05738889007141,28.577784072381785,81.62244799858111,6.559798351610015,229.64725767641625,banana
99.3979425133357,48.84941853987037,43.109045843129145,27.959415957307044,75.0108884854264,6.167684128686772,181.26259316105865,banana
91.07082342812511,41.838758718416756,53.71858441416439,26.289699807175072,87.29580443999791,6.889344007288399,121.05312241415191,banana
114.66849323068539,41.874497321194326,55.618663595809885,31.91507688278502,80.62397588483023,6.865559000388261,150.8508409163177,banana
107.50390975015173,57.12190664472767,43.34845895492502,24.65535605613762,78.9086735057206,6.924497783688028,168.8649141234376,banana
127.10929119132015,41.889141025374386,47.41608395089695,29.08954123428422,74.51973531322984,6.812826268459346,141.34820456955498,banana
92.23921139446746,42.42031433497298,58.59969566268269,27.517508829395513,85.92691550959299,6.165309001810103,197.04562422510804,banana
109.79808534819966,58.91475918804588,54.951492721082204,29.305426314965793,70.92706538868559,6.599339338007383,180.70888900723594,banana
127.11369066424778,45.146839763790645,45.39666906582188,26.113462488815003,74.86739426812753,5.7583678356174985,231.46393006460409,banana
112.33106097615664,57.22725437913134,56.622695308073915,24.82042354789671,80.95474888648548,5.666435405480141,238.9827449239986,banana
106.17050860260612,47.873523677780426,46.055107412359064,26.60663744710704,75.03518773090896,6.249704545593609,223.99311631603464,banana
123.37022014340687,46.08364955257032,49.38028861105576,30.738197762800525,71.05346663659394,7.27828992399157,148.49396493480313,banana
117.14156976857504,51.651033927692005,51.05881496378504,30.593602247528214,72.03144287289322,6.194056050651272,189.97285702481952,banana
122.4515541578416,44.32886166823343,56.05859682748552,25.99638482493936,73.7782771286739,7.0179728808869655,131.8168571916912,banana
110.59069496301771,41.277515677237766,47.12835710315575,28.010767990063925,81.12231082974426,6.309310835809333,175.77623921637505,banana
99.07078213403067,49.11765176848206,59.06509711441669,30.504529177837902,72.90465738152687,5.559561574641842,241.35816065316197,banana
111.0699899952299,50.756756462986154,55.614359914130446,25.146889738713266,79.63815137672005,7.437325826293475,207.37932930121292,banana
96.14980127983144,42.66453495968707,44.08529516666011,29.667116744207174,75.90754007681232,5.54277769335016,242.74266725573602,banana
96.78853665579642,40.19116372296137,44.74263204766646,24.350287871181337,78.44010501691446,7.340779663000074,234.29403931128275,banana
108.27578219929711,48.21799809983613,51.100181729497024,24.434540119717656,71.04369983932726,7.378448272342413,144.27086803403245,banana
97.93602916982866,49.449206577078954,49.832266896806615,22.18434209700742,72.95909477547941,6.2563096371214835,208.88499015637007,banana
99.13673827327743,48.460288924835254,51.14690129432934,30.88592494623292,76.52141004654247,5.767116531726967,183.60538936668905,banana
119.86886406736248,42.19719514105467,48.49366983393921,22.177851412624833,70.67118363294502,6.465906726433332,158.76564875962083,banana
123.80429196021649,52.04308612252909,49.078659234859806,26.079353710542964,79.94490960379126,5.580877662425323,236.0631363346858,banana
129.93212622935835,43.62974249717397,42.407659295492394,23.435774634485952,83.22054116468735,6.82288167690155,230.23014109619342,banana
120.07305553705012,48.993793467386794,52.25710723130638,28.88284670368008,80.25472940570451,6.451301968903273,203.8626679335449,banana
112.29898195902615,52.87884610671821,52.25709547926728,29.191965605136545,82.85607017565752,6.539484972874535,208.63358546697026,banana
107.97927860741711,44.833424519452024,40.02836440267831,27.599641471458433,81.81310453217282,7.444097929551429,166.9921834322558,banana
105.76532971313247,44.0359916268438,41.41068590474644,29.728044928617408,74.9936212867865,6.717809722060076,209.4104946209126,banana
108.8494674916659,57.52704226054384,48.87589681959457,24.84908623041765,87.92031045923244,7.223128568499913,141.3251931199337,banana
91.03844073415684,41.79971112699241,45.73094797107634,31.722598017417106,81.1703230632165,6.246523464058537,235.53309229965703,banana
108.12545325913999,46.304772568020425,58.82439057491315,30.49517666192678,86.87336750838881,6.524569486100426,222.62699184600916,banana
97.17413437058208,51.46445915112487,59.676918456950915,24.909584305179617,85.88704658495351,6.4809568144161345,125.17473881887135,banana
120.5207759126267,43.37138288784226,52.629471342655,22.85664194046973,88.9373479499193,6.083447774360722,149.44040991806133,banana
95.16545616265337,58.92004386678096,54.2380748488261,29.416608887180885,79.9880912276049,6.449455570540967,134.30276158889197,banana
112.39364382335967,44.93832990217581,59.542906656008114,29.96580940015147,78.25984120385775,5.802682517383066,222.0931198480419,banana
94.88215068325263,43.78667506994141,44.23041035488455,27.568906382730944,85.74113307980733,6.128629757449384,131.00707585578763,banana
108.58153854097677,54.96220482319871,44.433276861747764,24.199245480393742,88.94454054693422,7.408307454238356,248.76054516800494,banana
122.30638406299121,43.76368338335891,44.239630415985225,25.40225241522392,76.36265062666982,7.413055498156018,222.57961777462017,banana
118.96035168646216,43.71926448116264,58.19051118724659,30.278703795061737,73.27283682655847,7.242340663921945,155.39217972816127,banana
93.23478983328424,53.1364461302842,53.07609318768661,22.94932009565618,76.37703617873164,7.485628924511078,208.1954667111358,banana
119.20300666413317,44.25834571208611,41.575641420078284,24.769016897409376,74.97796770386384,5.969088201496106,145.05806184531514,banana
112.99022762621618,46.56206951683644,56.40690030095061,23.83947417847384,79.29254141737088,5.5273156728521595,182.61870191917495,banana
92.23352883505898,59.554470237452875,55.811842573008256,26.901114766364554,71.731747163587,6.684890881580829,218.63928759124406,banana
97.62869012018982,51.36416681574982,56.284217967657355,29.682477776463163,86.05984035734306,7.258646849739439,241.89867328073115,banana
106.22084620814144,51.375382050457546,55.813190520912215,28.971398139457833,89.91040456528758,5.527355302209289,166.16731799105278,banana
101.2411170508081,45.24631700331069,44.450595649977714,29.09123840815229,71.69518946550643,6.983217667886676,210.14535946211555,banana
100.03216530003586,45.056675663303224,52.57721170689004,29.62171105483678,87.5297122617473,7.2042791277089515,245.4347892413009,banana
113.25539581346044,58.173111226807194,56.17026546520822,30.946676243140136,70.23253202570733,7.431805983731622,181.5589211700422,banana
121.92731958299372,42.54408238675562,47.918821916279484,24.714606630209907,75.83317541001874,5.746511239901763,224.7492982305909,banana
90.36969258324312,46.25010913970405,43.4882108643283,27.890389406083404,75.08504805229087,6.017996909056199,183.48395871939144,banana
116.10756157363703,42.42609409130327,43.51022904930992,24.471747445945176,89.47496428235921,6.29430499988584,197.86871178203344,banana
99.66171250863911,49.80919050314976,41.48238348771916,22.34742145922327,79.3746705364292,6.297318575036824,137.7944415599376,banana
117.50405715682935,59.85806981798529,47.91293642393425,28.245586359173945,89.25951884728971,7.163069944893751,180.26178902934913,banana
119.49957937839677,42.56270080501048,50.24207710927598,24.790602771799364,73.22327375792322,6.3525618125090695,137.03189207636987,banana
117.95940432697942,49.12480088106671,50.62289265129328,23.46375938668157,72.79543322186989,6.666830870520248,248.051267217828,banana
93.85002332950903,45.71462857131563,57.38918233075775,22.72272012255237,87.51771442733903,6.548571966749503,173.07468061043537,banana
102.38722257405823,45.94234316255684,46.116051648989576,30.84803080960196,84.4759046034957,6.839446015662301,223.8373893637601,banana
100.2845865201658,52.36085624163511,49.20132477915902,29.824416352001933,76.1851222094657,6.786357233739792,234.68761353625075,banana
106.08601904779715,41.33244174734923,50.321016446835856,25.45972487807026,83.4445076109435,7.4020658494972125,183.1290813395901,banana
108.64760920622135,53.091696003829206,42.069950071871354,24.535061889250144,88.37958651000797,6.8398852267275325,121.74772571784412,banana
98.1850189023608,53.65674532057798,55.287984051251485,30.398595726740417,75.8435360676409,7.362057192555126,191.883096165126,banana
117.86156089551571,51.93477725559816,42.45480109349241,31.631146593848797,72.45751159788306,6.009763912822367,225.77162442898742,banana
114.74387846004406,56.762983307527136,50.3147237674809,25.76993235366635,88.4369099909557,5.57250463502959,231.29692864589595,banana
99.23271140751126,56.97472655507936,42.783932268337715,27.802189636905403,87.76215838022944,6.447079293797781,217.0536675944411,banana
122.18686471422234,54.72988417433558,58.506594737491966,26.468342305199286,73.46250878330312,5.59562212740496,152.03978305287566,banana
95.72790015520968,51.15897482868961,43.69890674423464,22.38933707289371,70.71979657737336,7.163138996729723,196.88849108759322,banana
104.32341207573512,57.88456085480494,41.403932228154275,31.80322072727826,82.32583580508921,5.866928507937697,208.2789828670059,banana
120.5352503913425,48.58685566741549,57.23265212491095,23.507324072964703,75.57675167155216,5.6869847231679795,147.41411927895578,banana
99.5491524764458,58.3526638184342,41.562193775023125,26.274151201877096,80.64797374453826,7.297386107604321,249.70050842595776,banana
120.13552459679343,59.41581981138059,55.74202265071747,31.632026409714165,84.1454145188891,5.659526850902142,172.24962430904793,banana
115.86389135209882,47.01437018908502,45.46767836227557,27.77399267133091,88.6700375340487,5.569963747032308,220.0000564603869,banana
118.90909112178508,59.27906850776574,58.61422444665087,29.622325620441927,80.40817529365198,5.90853510646704,190.88064338232465,banana
120.61407975678615,57.913384252757865,55.79424018421098,23.95266935191054,81.99372628456119,6.164346919062714,121.1967367607836,banana
98.00883743154664,42.26441299866899,56.854382470789375,24.58506252147812,75.69395937775111,7.419873143597768,169.2812739963508,banana
90.38342560577578,45.67692296692273,42.38599161203625,23.02808561735854,71.549745802715,6.686518940350755,144.61520407188164,banana
104.44971176164042,57.24035432260034,48.486762795925515,31.156913500516374,79.95876106791212,6.2976732296795115,217.55056052179123,banana
22.927003950720085,21.78956765964835,33.03947427845921,29.84328855887098,65.8083050063842,7.332541674687063,126.6040253205857,mango
43.856401063385846,30.013932555906198,39.63221311284866,33.97301288827914,68.23475416554707,6.008680175155209,172.7031707795113,mango
30.618928999905958,24.1748506685678,38.88532319311102,24.2316530006144,69.30777407326859,5.798523793977612,178.3325698151922,mango
31.036902122724122,27.014046548614548,24.3351542264397,31.026168509772955,56.96191095015748,6.814786078989327,81.87767815304792,mango
22.574995340601586,21.993223054624973,28.37987370620462,33.77755407191971,67.76355820756766,5.9896214801218015,148.9243669086817,mango
50.73459970770402,25.776588598392173,28.180154734725463,30.287690432228565,52.69749692816095,5.551964587451561,98.336697118194,mango
45.07414485014134,21.472365230673635,23.793927297002565,28.054246628343645,51.55740128612733,5.883398542323269,189.35237467802133,mango
20.77196528907939,33.06863848348724,27.6881786183037,32.071784873188456,61.77383440726809,5.946997508709289,181.66513850880662,mango
39.67761530437427,36.45072037826944,28.120250723764386,35.81622664698287,65.40978717002592,7.431900410225147,141.71917746918305,mango
38.94764529162802,35.109076186505156,37.6058252602686,35.569749550386696,56.491038120649996,7.097409147685278,105.2774717162644,mango
41.82297386981781,23.596962968183984,26.94794723500678,35.17630040647751,52.92181399546172,6.764801790270393,151.1545127512884,mango
24.82953410835946,26.519580875376242,31.259630090305315,26.24614330786188,66.0124731282563,7.4443130190695,105.77112799549664,mango
27.476478591623035,29.098701435948893,34.955305542800645,27.379207322823017,50.39759817394561,6.582441256065788,194.7920681320769,mango
35.65107421627782,28.402691083662006,39.378034342280756,32.33529133952074,64.3834384568425,6.625404010742136,196.95310530358898,mango
47.55465937702225,37.90065503210339,33.98757731466442,32.82138989808475,55.80821844284493,6.106957396027638,173.95815794912352,mango
31.868251566795983,31.255401416030633,24.98704621813404,33.803800569708834,52.2100270245538,7.158893279523329,152.32757606091224,mango
27.47638139308309,30.840707710122363,25.649976736946808,27.88160801676596,57.030560831937606,5.626638493944641,198.3154021281701,mango
21.261385125248964,33.24993746368557,27.424552955148613,31.752123491360386,57.12496506175167,6.847501292517718,167.50826113620332,mango
47.62210561598579,22.279239627163044,33.13786469309369,27.359850593449167,50.57602741138667,6.329661343777908,132.02517233645614,mango
38.68696533409786,34.096483307814324,26.176876182849185,27.78336615724707,51.21104512482521,6.873642431984592,148.13913096795008,mango
33.97700450775152,34.103779578347094,30.747154984537545,29.630939350446475,60.22649087322253,6.772696250534113,159.20031254895196,mango
31.558312765628685,22.814867267823065,23.132683623810376,31.67269063083602,67.45746571534252,6.318992556691104,100.34241923953549,mango
50.26409993175419,36.649789488388976,37.61164886241933,31.2819771469648,67.21457118776169,5.530829916896815,92.86829621234283,mango
23.70304268208395,34.252093685094664,21.39163567087158,29.956372469595685,59.45413797272578,6.121407047116482,184.44862039305198,mango
26.81732807519984,27.049255687984797,35.48343000045858,24.36506777271941,63.45900800492737,7.132795452723141,191.87214066058007,mango
55.051865619659395,26.387682336673706,31.727282826459053,24.927521917805592,55.15740007096017,5.688444757495015,117.82247481847565,mango
55.00748853834916,26.94333679348585,31.23796206002853,29.20057017737929,59.178330485974705,7.439144103673117,115.53853619166296,mango
45.092978780926856,28.40125339158894,21.222923620953726,29.87196997949083,66.26686658090216,5.697505937363377,88.35102168755708,mango
26.145260815730666,35.28800222778612,34.47990768289476,30.78021322687333,59.36452808185265,7.276651629405244,172.0037388600179,mango
52.477690052072205,36.265246027013085,32.85434309491116,29.496175491791348,67.29355505171301,7.352014835206502,82.85672519100116,mango
22.06219493065005,39.17486593816875,25.543212276883896,34.480433275793025,57.77590237922805,5.738200115218711,89.65318402512011,mango
26.26031596321826,24.997863897347294,29.770367078616523,32.4179748067894,69.727971529706,6.383013486578342,142.18219308117318,mango
40.872628055330225,30.78868710975872,30.354813142089245,24.105297060743013,50.03449644219681,5.695332636252246,92.18679241150146,mango
48.19587635819184,24.098320650319994,37.89428209511226,35.143275954924235,69.51786675791797,7.378162609774041,112.62659863022296,mango
40.3910737881405,23.50909940393882,36.12419310344866,34.66118046172915,67.0257767859503,6.36673389739367,171.04086616241372,mango
23.90316678305078,20.804895412385015,35.06472828617522,29.104263291944203,69.91098529479139,5.694508431711065,182.67532178422806,mango
39.199322621159666,36.543003910077545,36.3425456434029,34.99190401634493,55.957000225722055,7.399598706924007,98.20003524291444,mango
23.278751103739623,28.632310347446982,36.56645937283685,29.681053567601346,66.58573355061029,6.95937361158861,105.13140633667203,mango
57.95526499597855,21.21562337258807,37.9655941508759,27.65332138788449,60.002961663287984,6.344703745401469,100.62014683002994,mango
34.325874656067725,23.858688725855906,24.077729509210478,26.244682032316565,59.78034760693188,7.0958627350226315,148.27640405134892,mango
55.72826354203367,32.730889771534486,33.786802312652085,32.01128675672404,58.989183863674825,6.878677644400166,88.36492957627534,mango
54.394058876626524,35.55624286887834,24.904599164633577,33.21638945104899,50.25285202800037,5.934493144961761,87.81646864050751,mango
51.20907666471579,35.11748302356774,36.27272047603661,24.053780319906345,60.02465453356816,6.909672395034673,98.64813544868186,mango
45.99162910050499,21.682201986193714,23.626517122086263,29.709561779935214,63.07130305362204,5.791738253907792,102.22679969971254,mango
28.17785468262652,24.77401609397957,24.531076970525824,28.741789301971643,63.07579301673446,6.3760635662689396,173.11686904998658,mango
48.770740237944594,22.530538280981514,20.97683246641488,34.53529876799527,51.59662133125747,5.796678361439426,82.65599306697416,mango
45.13345461194615,31.647411263166973,39.73807332870511,34.643188755806065,58.216863549618196,6.2431716818250695,115.62224411359821,mango
26.096276801515256,22.76167313204018,22.645674160192108,25.369377086241343,54.81024084811074,6.113337260626233,195.3894765246699,mango
43.13893004007543,39.75191549026562,27.449338956513465,29.491519591073292,56.49157318330558,5.865775301793105,97.1797649333095,mango
57.80316791231328,39.73621363597512,20.89818993017463,25.804150496781197,58.47048184602045,5.872666952688815,123.665647235226,mango
25.163853994385335,29.130235134435804,25.433892323385187,28.22286066910393,51.88625302925495,6.356256101420284,197.99091331538838,mango
33.15332187524761,37.528585496848706,36.8639828324737,35.42470101956653,65.80219024534189,6.81919365411763,182.79013330729492,mango
23.025787226293986,29.256613143976153,39.785124772301174,33.23520181553678,69.24150756074447,7.059268712266958,184.9858360930573,mango
48.261185292127635,35.2100400883448,30.463560196790013,35.090852409769596,66.50077821246722,7.187769931331264,160.76109211556627,mango
32.18319788348996,20.712595907802786,38.71310258819089,31.033444185665964,55.96285942296281,5.798270215695076,179.54277986009055,mango
53.460807777903156,36.29015936261063,32.90165383933572,28.39218465110251,56.08140569560514,5.517109540236341,180.03290704258885,mango
23.4973078997457,32.61509996081536,30.081498936801765,30.320272307116213,68.53425690615546,5.563230022542484,172.80706695545268,mango
22.082095934692283,20.763072118707544,28.59635396282764,24.756902092115602,65.78287902585824,6.559126187296674,83.48465391917293,mango
21.62002745927678,32.25337059478959,36.1222363531681,29.253594375297283,61.091613430712485,7.099658908099803,153.2607408850183,mango
28.99040950635278,32.261040517389574,32.56558918130427,32.80928377057352,62.417483751136025,7.438484260916076,103.67459704604822,mango
58.04362718268305,30.766789807000325,33.43912280989824,25.193539169426277,57.611518827562136,7.038758292926345,164.82932181187886,mango
21.605575526616406,30.931885269944893,21.76556385936819,35.95027715013795,67.9459317706659,5.542161320857074,183.0379494683157,mango
56.77718402233631,27.070964451269102,34.39003310095532,29.305244954493347,63.10464969152688,6.180634808596383,118.70710839599221,mango
36.97735555430316,22.911355173050023,36.62277928870765,28.18437474433964,58.00299107811691,7.288109225404289,139.59485768758057,mango
41.770156374034514,39.129962495541974,37.73452766289978,26.033600506661273,59.4643005983621,7.442592454857091,124.68395578743232,mango
34.86292434064801,23.900604635783086,22.286462282382505,32.88365748907178,65.40060937403032,7.438025927006,172.81018530864355,mango
29.73409976134395,20.80233156577031,39.708747687393206,28.08540834652327,56.23943084864842,7.311910419498765,150.21198782539835,mango
28.594846953965384,37.78192485432479,39.867217101094866,25.04014273380997,67.24503256604974,6.281031395368788,142.88869358080453,mango
56.59263903059923,39.467583915502345,25.243278208175987,26.554209251518966,51.61033117183024,6.623595705324276,81.63252745408019,mango
36.47593190439746,21.46768033304017,28.104515658586678,24.47918627118731,66.70434521217538,5.919477987877132,119.39704524294945,mango
54.80191986425567,34.9253212266441,24.38076723284117,24.862793023889953,64.3134755371068,6.281405101376219,171.92959989418654,mango
37.811790895008414,26.92004825944553,29.02410816424793,32.98270782804812,68.04440573080748,5.5995343931771515,142.8933849472346,mango
21.313417163355105,29.368190900487175,37.70565658193801,28.339083197043717,68.64900842161286,6.761216943301219,192.09864125516077,mango
50.28666501650079,22.068703332975247,24.62302735125354,28.730045455002074,53.40213764024152,6.489823209553321,136.56417868417887,mango
58.25036792109525,28.674557657919557,35.71253608575996,35.30292653821776,67.53977661947971,5.917335249023184,139.5235873104253,mango
33.90959129183703,27.997173902744308,27.216136524915022,33.91631052210005,59.04278110244895,6.547388664489376,197.89368284564895,mango
22.39917088766066,29.759152795814977,35.48123413892232,25.81394349825872,62.23063189229548,5.978929559068933,184.08849358694812,mango
33.08398661600317,26.581256338018193,31.96387757035787,26.202754897438904,55.69777277806122,6.333263700238823,122.43654357681325,mango
40.99508872022329,31.992802881379326,31.33334907500329,31.85001974390319,56.1549903321564,5.752852454310056,171.29690497172925,mango
54.03121530522728,25.140124644448644,28.141839123160395,29.98283060356266,60.66653685505873,6.818980342175304,84.99238800263856,mango
48.859083309360685,21.239420139588205,29.365771353457358,33.93205362683033,59.02430626556793,5.798179497536496,198.20406140071515,mango
55.57141848297053,35.42627266450028,28.23023205798421,26.206148722671575,68.82822362837003,6.5647022530342785,182.28265524649822,mango
33.68380023037703,26.70576634158941,39.710809613480784,30.2619965819382,52.81390847721492,5.939349355989415,137.8333135271265,mango
21.698836419536455,29.250679707566007,28.37881684160255,33.35203518383384,57.098839289784834,7.465097523079199,101.69239031610837,mango
43.639467398725394,21.793985940165093,34.67727967987964,35.93704425674366,66.38277275503265,6.6114070814406025,138.16896288796306,mango
53.401198450673874,38.71948169421449,39.78413051596186,28.75847073077381,69.81834949589025,5.811852504347663,110.42597311182911,mango
23.560644989355847,25.434770329689634,35.358751032360225,34.235092298141396,65.57785290205143,6.762131556335392,141.67598150271746,mango
48.34817156854586,27.816670985344437,36.82616702999404,32.12628112772143,63.95609396988817,6.5718719862581425,186.2274781053407,mango
30.0805893471621,27.622953067221015,35.55285139355378,29.912986753552055,67.78428026848381,6.192798639525705,124.31962025835736,mango
55.549431575465015,29.287406403640823,30.322491684049737,27.993164584028154,55.53339884358164,6.811897421676784,94.38087938494446,mango
55.170905647316374,35.584062735302155,23.814965274116055,32.32823934989479,62.05265842571269,5.869070101473288,112.78442072602789,mango
36.359460149353374,33.98485470490948,32.77446817634012,30.386818172120375,65.36821086228068,7.0158754792123315,154.1430984874707,mango
51.47960333539301,26.685267495584185,37.62499056645211,31.37892102962329,66.44727027624862,6.592558209580568,106.21258939864164,mango
41.696405147132346,27.422233275531763,33.94998072074189,29.70952550081683,66.72225609855376,6.856145024643833,162.14533196375888,mango
28.6862133396426,39.68499532982581,36.833504185429774,33.468058614728335,56.60430450320055,6.571263305694464,96.45238256891943,mango
41.53903906650824,22.917784929665746,31.060756879792024,31.784662561858866,57.80391934499805,6.497089756662587,185.0784065209503,mango
24.342525788112376,35.83465785999306,23.415091019923928,24.44049579365554,53.71149205490096,7.030086379940979,128.6151288004232,mango
54.90082067384728,30.494150823645317,20.44500703852662,32.60056331522312,52.20465817442465,7.078759266923849,100.1723059766216,mango
33.81785543222054,35.22542859250721,39.08462714952843,28.457207407760787,66.58800440397872,5.881584530951677,176.8615724242989,mango
46.29976237025004,23.854870144247368,26.050079207028233,25.581250663164433,57.659340221286264,5.907297282246555,157.27975443565683,mango
59.78020416882235,20.24018326168528,30.818396265745974,30.88399917058812,68.28417579361624,6.5120106695338755,145.2441703573901,mango
38.866112053135545,25.378086091229626,21.120582664978272,28.903892186518036,51.05182942481357,6.600984938931836,116.87523718907518,mango
41.34409606101711,22.685939287903732,38.652599314787196,34.73425492259922,53.79993018404569,6.18688856658802,153.61913262223754,mango
23.82744829223625,27.091356422323017,25.02224573638012,34.98620074460036,67.0502127257841,6.659665482533727,142.44156042458889,mango
57.229031781815884,38.6485556595763,39.38660250703321,25.504546609298252,53.2111562152634,6.853473397359773,144.97213719318137,mango
20.738636195729438,21.23950071979039,37.7616076451761,34.42644954647264,57.1454184399209,7.282101233861069,151.24100892774823,mango
52.23622588075607,28.548621423204285,22.267966546898176,29.204724751752195,59.145995959937956,6.601888387681206,92.66992554853135,mango
59.65607452198446,24.882736416138126,23.97104807074186,30.321635026271238,60.74416358789777,6.379641475666489,172.62705755903053,mango
40.66617602914411,32.19390910289968,34.47492770815571,24.3003012187664,61.412883650900895,7.268388942456738,82.08664915105207,mango
36.20728415203844,38.5245490041166,27.06308804565076,29.50474589040289,69.63082786088626,5.898647717901148,87.83062269500071,mango
54.37690363445218,37.369306824247374,29.441556693600262,30.170486093727433,66.71612739235673,6.9771189962315905,111.81788026604127,mango
20.67573420286074,29.594003250670916,37.178246521912826,34.75001612028194,69.12452394152308,7.259126475225562,149.6052266357718,mango
37.784223969444035,35.49699693068198,34.79643268731193,30.457721160977453,51.746547451169384,7.352162693573837,134.67230450019946,mango
34.53335127665057,32.591347903375436,33.47675922333954,26.52825500436362,66.73877689619913,6.079874187324756,102.40207110971801,mango
36.2559941141799,34.611201617949305,39.309163568796066,33.711375172457196,68.80696755340384,5.781211608153054,88.54121586364121,mango
42.308190476266844,25.805949660880685,36.56109945938546,32.06385445682791,69.41456327971589,6.009584711462608,138.29409372262788,mango
40.04961909701413,24.783535897147523,31.801867989760154,29.319431832950876,58.93443111979747,6.225473295944967,82.0315222910642,mango
40.88380947659156,26.70495671400662,20.026397379686593,27.695324491943182,55.572566661795136,6.286896306447272,95.82223875720763,mango
40.30735298540338,33.848807050362595,32.60371138109145,33.64505937083029,59.040165759741626,6.538183460679456,177.248232903078,mango
37.108046832769546,34.031986997991936,28.692047374359838,29.012834334138752,65.20411249058321,5.8496738309324225,120.63031663298884,mango
28.96689106987607,27.182198859351942,24.60749644732048,30.952867573039857,65.9634160523569,7.073226122435804,123.74011574585509,mango
59.55041623577047,31.877087294116016,27.988006035565896,34.026471350897104,64.59748025285282,6.998550673648209,103.5367219680646,mango
38.732972294742204,37.23656261649205,30.080760152575145,32.2014329210526,61.75867466068529,7.184713575436764,114.14730077139231,mango
43.019011115454596,22.46469336019608,33.80421553398936,32.783614060232544,50.85674642377997,6.85158192725597,129.76281849989437,mango
24.963875044387294,28.398150953969353,23.884658593911634,28.9867143854798,57.68678055917056,6.976783273872115,172.90586697996304,mango
44.28114617538186,20.45373684364895,38.62044558141988,32.23479936115737,50.683908998423775,7.137665798428236,104.03193856615954,mango
43.16884758284427,29.332687399003742,28.396775647101535,34.676564641492774,58.747225831252294,5.650688235146301,193.5966472657943,mango
56.8214092495851,33.68865379163198,29.3578505626405,25.114313675322254,65.81496237154953,5.650955828848058,88.23211818741748,mango
41.49535369757473,23.202564803692805,20.15460534680698,29.077361171949434,52.74434463220132,5.821030830561383,89.22927664824016,mango
28.203750148944398,34.30968359548778,36.17854614435583,29.430403728351607,60.131076317628356,5.565310069188405,88.31795136455803,mango
30.302709025980676,30.877968414262952,34.79102297469986,31.260036736056396,57.842557099735764,5.736648146006276,173.69278818646274,mango
34.551442063962284,34.72108028965579,30.259576838286836,32.8639446427419,68.14579122905144,7.3420590321076045,144.21281360007242,mango
40.46033459062555,25.313569310056746,38.71599663058583,29.495030006395453,52.55182478574754,6.3654098292531,95.24639002856047,mango
40.101267370283004,31.225510297124245,26.755115229871706,24.859807370777816,68.87007071266478,7.046706226966859,180.66572966061452,mango
34.67473577144918,35.21662060038901,29.707457903383883,26.41300186087255,52.48846753814426,6.190101738644113,96.50625337701676,mango
59.93075904816274,20.98377980464044,28.822871987381532,29.42512226868461,56.01263857163351,6.6427031314138905,97.99724289818536,mango
51.35649522348935,26.648954364952765,31.826851795972836,32.58767083280351,67.78084235380322,7.1715748729044,152.99708337242714,mango
35.53572721535548,30.064093401499278,35.37469586757605,34.53054651071368,52.07563856353344,6.269712524986107,173.13399180962006,mango
37.26607050375844,26.644555281325676,28.22645393646539,31.23413696143621,69.99610288267603,6.485984858209063,105.01933699451126,mango
26.51386301116379,20.846994949528288,31.176344698366428,30.53486509786601,54.10467853560618,6.890658812905134,168.9328449955617,mango
30.36392821528445,26.88199528059473,39.809433446945135,28.49117361420881,65.21603343512203,6.40545085325988,175.20137934331711,mango
50.760929551305914,33.35512050397071,37.095566925911584,35.27062193853222,61.599666409041674,5.974937814445491,127.835475397289,mango
50.33222854053173,33.01766970247739,23.555966771304973,24.614874493757096,63.659231870841296,6.002158048058691,139.96042924748642,mango
49.86987090050377,31.253335613126662,21.66605166223593,26.226962841402663,54.38656368061838,6.0157285072896896,147.84840703406053,mango
40.15863119301574,24.06320076728418,21.351096869113743,26.057186453696616,69.68762625237207,6.437093899582944,184.0814605642535,mango
53.95009866675373,30.230391149257475,34.133754169210874,26.31302412495255,63.76793409853816,6.044769158526579,179.8474516104981,mango
23.348965324356396,35.46277345770555,21.99873813137239,34.57427084273171,56.084090362700074,6.80878672966115,138.50027343443358,mango
34.65212581049356,32.90883666366993,38.950459611024755,24.495236968495462,68.37705711766209,6.718163310042027,176.87771609228628,mango
35.354998137371105,29.436859496752277,37.37701503602328,28.978175637717875,60.6931913349817,5.540389846168666,99.03176070056507,mango
45.66746031899199,34.33953802127754,31.65201873568999,25.719720435307327,58.908108571556696,6.21018953272638,139.4793612842106,mango
54.81316138216377,35.51722877317304,21.679790027783177,34.68371037329477,59.43534302299647,6.987724289771997,96.80470775172225,mango
46.828781028281924,24.72652035218916,28.76761794281863,24.202354440985253,53.03221275860952,5.68416098624724,108.76930075259102,mango
24.00072360097289,33.83820053239124,20.580798044184387,31.412886007499978,52.81415661651148,7.390322914355794,191.9712887731825,mango
29.020124100838505,32.288425964460586,20.560106389449167,35.18146251661409,60.4597461638342,5.586446302835558,121.0999991609765,mango
23.07397847444937,27.858888787467198,33.39852684322646,29.638678896497275,57.67444349438909,5.738314091080929,109.39268548323875,mango
24.005731509534044,36.14997463313321,22.70479655969445,31.144480398586722,56.85480827177692,5.951956769310367,156.73621273905246,mango
38.28009237507763,28.002909345691183,31.857040097844433,29.89521154188001,56.06968417103121,6.618122575530503,160.33982918608336,mango
21.06772634347417,29.31743457815351,21.153665691670874,26.236864968817333,61.210174681559465,7.232377830531162,185.93668150261817,mango
22.79776040554525,28.38210172573413,31.660129660091023,25.764838854604122,65.30864433489543,6.988470516874478,188.40092164481536,mango
20.33944048333772,24.33368487978005,36.543734284906435,32.046960609923225,67.88779707396981,5.614359309060533,151.63567588597314,mango
42.76186299574697,20.713488327210648,30.27044153824967,31.31424373571909,53.825863484042145,6.046659166249325,156.84168155572843,mango
38.73203790399833,37.16027315136654,26.847635320183766,27.199915900658414,69.69731880689686,7.322271540260167,83.47912939987758,mango
50.82914461226264,22.20669547650406,20.54970389658742,27.284346191596185,55.386917581222086,7.138637524693929,165.28006951314023,mango
59.26437709328057,34.23025800623637,28.365111065120956,32.3871319313426,69.98918134372803,6.920283765125056,171.40176271763818,mango
57.53460060761037,22.273025226233667,34.09568586895453,34.209671495609385,69.08757200441786,5.921938579423399,140.4714809269093,mango
47.22219390577927,24.94935459002675,32.00945726500548,27.090945389975992,56.66914041063295,6.383037393021731,143.50281184958803,mango
37.974634865006024,29.863910395758584,25.971775125765852,25.907581128271566,50.94699954653679,5.891957444983335,149.83323698069398,mango
51.444617912125295,23.38495194885789,22.17110715545297,32.99148432659101,56.103166610745795,7.402998878454705,165.71815647324476,mango
33.07024188972123,25.7908549558741,30.47396772542618,24.949736019338513,52.35353025290598,5.851715762632385,172.96683119654722,mango
40.5542943707649,20.211342455488857,33.47033054944218,29.084282143925964,60.21704729927596,5.928232486825872,146.21386740729244,mango
59.16612959005954,21.46889382011523,25.67834799328861,26.915971114329956,54.97098621502359,6.257412715130755,178.1731741693001,mango
56.5143475985755,24.044301749179468,30.858998758962255,31.642787665985765,60.4365494872769,6.368152788393839,103.03706070310854,mango
39.52877436796954,28.024296554226577,35.91126725004539,33.16325230995594,52.679973624113416,5.677038105126135,188.97847318730035,mango
41.42033555857991,37.156018745651814,21.163022411328022,30.318187398259564,60.78853029152473,7.2214040650843,91.7131997875649,mango
29.617822547036372,28.130766277740264,37.31682950839884,35.2665997808468,69.85449239187255,7.418386972917043,80.71301070132253,mango
21.90833365815488,22.952136383151775,26.977241935405463,33.959016371843504,67.85312390670961,5.873668812589166,154.35969819436502,mango
56.694479402611066,29.274634718626416,22.07087143905568,29.493763801015497,57.51589804576115,6.655315992132014,132.63904212885245,mango
20.693837074148718,39.87995466827343,30.87080475461142,29.683569065815313,69.09234743008108,5.811720735174154,102.70851230542979,mango
52.32058996251134,25.216621600500176,35.98454212583054,27.25840179490203,50.66375260450003,6.534029447773432,103.60237209522336,mango
50.313851717298846,32.82399266464296,38.47205335955836,33.39586028718883,53.61551909681454,7.100316473329593,157.0084453776828,mango
46.758065670425,36.64525771940298,31.476481383778804,29.592042172236155,62.73282070717456,6.095914857916718,101.91165573045191,mango
44.663513522849854,24.676967381709552,21.598302186932134,24.006650215023047,62.16638802800134,6.224297566960473,170.2773164808147,mango
35.007055932524096,29.720068964764536,28.1416994563077,31.806897493312153,57.12278324029936,7.427535299884617,192.33763839182362,mango
53.92111610629125,38.40600541145496,28.982793769187822,30.437164761473905,64.84185185116489,6.892291849877083,186.88143147265652,mango
48.65324109026781,39.95769416456921,26.97011599663182,33.995972906873014,63.952696456653285,6.882772890430037,119.10027138139986,mango
51.424071696920905,38.007520446951986,24.37096923041126,31.50596204540045,57.8426965820555,7.479096238589754,137.4599378998018,mango
29.132806951877708,27.63715250443665,33.076767796332526,24.913072456194914,62.07203840442475,7.362449518357796,182.04353451894207,mango
22.706941466319336,39.86779757478136,33.97453847407758,25.947369891768282,50.24832178338847,5.842565272584302,180.58111048228864,mango
20.86557299780655,24.66294607236173,35.146111906697506,31.03332643077762,65.65471420720384,6.992301007653576,86.07216645461656,mango
55.70045676376606,24.540636685645374,31.067848804595275,31.731457878333345,53.37256421770191,7.452462513401949,138.5787147304771,mango
22.305707823895737,38.745240895556805,31.72535686386536,32.390318375776516,60.50351579868448,7.169475909553935,83.9760154631853,mango
30.73513461108591,29.392967128053844,21.5320723262742,32.4708800319199,57.873268281112814,6.045335980536288,80.40546161700948,mango
48.79321246999815,36.67618617745724,27.90081071362997,30.770615724400386,54.55373251859197,6.744395292560267,81.45649499782407,mango
39.545755883950335,32.88410963681385,38.36383546459468,28.57602980546741,65.3038040596206,6.695374059887001,191.24145355100967,mango
35.935107026377224,26.38190679745976,37.74283997388288,24.590932816899468,52.72770785867353,5.664808869168089,181.17319478916832,mango
20.424296934812777,37.23314310994096,29.025355907425336,24.04830334624765,58.03290354424084,5.873601682090071,154.92805849665956,mango
47.17435159686586,29.750551408099994,20.8103905087934,31.87354565240642,66.84077567211042,6.940648554652803,179.59495027463822,mango
28.020380942035498,37.77775879312965,26.443869012959254,24.160857771023892,66.86783292658141,7.383642537929454,158.66698369008185,mango
29.257465218536986,25.034889285650607,29.33185746871239,34.77397295521703,52.991953122951166,7.1519473391669734,114.95633704461804,mango
52.34344677716392,38.40542395203077,28.549877439886405,28.38060784926637,66.04442637942603,6.5589657647587885,162.13388581558365,mango
38.68487710883539,23.057776912895925,36.89580720579123,21.957751114131362,68.64564288141561,6.375856937133221,126.04928759463677,grapes
28.53966180480776,26.355708171737277,26.200037055646106,27.478922540260832,61.13630235938786,7.324428683771246,87.66354472836403,grapes
40.759775661702335,35.05897199326221,23.029642260599164,24.00589357319811,59.65634988700822,6.533531084841561,88.99013363722243,grapes
40.592596819929256,24.31732795318977,34.18781490502258,29.350441963907308,61.30395042355502,6.917151355109211,66.20394319116802,grapes
45.93430710853485,25.70895574399731,32.301023310571296,29.791121697448023,61.91005201145616,7.087064231196567,100.07876564013768,grapes
21.81097530545172,35.95198698979577,20.699976825279713,27.00657828887854,50.45843146299274,7.2934578548650055,74.18724322496826,grapes
35.428144863276536,31.943014089662945,29.150908147468243,23.407634893488872,59.35628592361944,6.467123630821738,99.43101123727769,grapes
30.76738972994092,31.324096470142905,24.75848324489967,29.886565549140123,60.01739906764331,6.291243116121764,102.93600746105452,grapes
45.99245388574472,20.436135862487912,33.59108238214578,25.47967796793928,53.39115988740271,7.226214658957381,93.19961601366052,grapes
28.814060864465223,36.562503837138024,32.770500923833296,28.982590836748244,62.59767407342399,7.111226486898173,135.28013066336516,grapes
21.642189077298106,35.5209791773876,32.27412963699153,20.69507796515193,60.1715584373743,6.123687116975931,126.23524815509002,grapes
36.3950514169365,39.07147074824594,23.662707431435397,26.060334525203785,54.231642691409824,6.921097477091098,125.03847321247709,grapes
41.66912987988616,36.30147981365219,37.07100455916633,20.77271726267177,56.86534314144808,7.030683780539709,104.87276586520909,grapes
25.720278402643743,31.05419140333396,28.148713055322876,23.90038277654305,66.19507434871328,6.6113975007482715,62.380905493238174,grapes
21.741900166732737,37.12488083383241,39.212016200250424,26.884093364557074,57.2873658820016,7.4079004736920915,119.65227777381622,grapes
45.33000647598013,35.317046080740184,27.58278631545185,24.787022008507854,53.72264308736199,6.438021150661101,130.03130951578697,grapes
46.81935175649325,34.489208465028234,29.303473933132764,20.865092689397475,51.13895897396896,6.561488346919281,101.74395468908968,grapes
38.2736186663989,20.129790427739945,39.794457809326126,23.639388834040428,66.96189327602244,6.802450058498106,71.73955090800118,grapes
43.92696657603565,34.19654149839752,30.548721698584558,25.1455309133378,51.74959211501856,6.9837734228608115,142.01206401788698,grapes
22.79734757664075,25.2702290129781,38.04615946884198,22.843439098197933,63.078873443598525,6.8022272474147165,113.66948445034758,grapes
32.47366704731759,25.999829411074224,20.97066901459338,27.44280939294164,64.92186924388454,7.006088610118085,117.92704093076586,grapes
27.31151396502579,20.446898675325823,36.17430793770879,24.91138535695827,56.136762614052365,6.152897860170855,65.64494318112496,grapes
30.46600165385532,36.09474129533881,38.37447498667661,28.967513646130648,68.4000166949931,7.361588014694014,107.45022764403564,grapes
26.582469156707113,35.960931656736406,24.27425949705158,22.67207276756569,54.66508643645097,6.772473605543709,88.96447573521719,grapes
24.624681488760245,29.063468237877647,37.47814477570334,25.70552854949972,67.56671211775173,6.293808277618706,75.02764863052985,grapes
37.26731377095261,29.26657803092546,33.203452832939135,27.946267910267814,65.02614591304354,7.413391760487841,95.84307682413103,grapes
26.191602267445422,31.018252798957715,22.214862403823712,22.888511233316315,54.15776110526289,6.594845575195621,70.00949175019939,grapes
20.955252336442936,33.13588009260064,32.204979565796094,27.08358936038661,63.20772880542688,6.171442021713576,86.19709932380817,grapes
23.88579829701057,36.85944804097126,34.93807310711047,22.015270029182425,56.826184809797866,7.4499224883963215,113.47434220916864,grapes
44.03466791903472,25.291820695374582,24.201058403586103,27.839169288465484,63.7174491046288,7.021466893817646,109.73711236462745,grapes
36.907350283296466,34.713950106125075,25.400049622423907,23.52768465856956,67.43273541040111,6.4632978015182365,109.16786142413692,grapes
41.07918392020052,39.99849653666353,28.70582662990664,24.28092876624944,66.85176758867335,7.208254666889795,125.79682935610937,grapes
33.89688912227086,26.478782403214318,32.17460965169697,28.76223293131641,67.67554916417173,6.162747517605657,98.55152554318356,grapes
33.94165868596248,39.55230735047506,33.55996030485169,24.072464172620705,50.52115771971186,6.848077740148794,68.64683780745204,grapes
45.03349872043289,35.05037321140724,29.210183198163577,24.292107795416996,67.94677931137537,6.432687525627193,82.41179658960937,grapes
48.17592298477286,36.18491673506965,36.412511861343894,21.951938142759253,52.865919828618686,6.039044324725702,81.3337358026812,grapes
43.22571475142974,24.800768375282995,34.582065671897524,22.519082653674214,57.90584995901344,7.474743434867113,82.0330558155722,grapes
31.29111881894803,26.021743609304274,22.192499726600047,24.89894142130825,57.573813266660046,7.04233062871092,133.58350922563915,grapes
36.32749143486916,20.643928441746738,32.37844712469443,20.553907300209392,62.3271264719805,7.027544923903783,77.79908648557665,grapes
44.58038446165313,38.22170263148097,36.261739282276395,23.05109190212082,61.73286024891269,7.372222723786842,88.85982536005649,grapes
44.60083466796275,20.18950262523393,20.072934055693526,27.597116603389672,65.22895164254243,7.183465781778441,143.7024154099346,grapes
23.537189354608525,24.639699699673766,38.074498407476156,21.772361977723534,63.64458535153168,6.795694500061223,67.48743091663565,grapes
28.557909858245985,30.40744432881936,37.04700233367668,27.075384896146737,62.43766322909866,6.744049334912122,86.88155854327209,grapes
23.577347339577834,28.18152069132191,20.57036987822585,22.110558892668507,58.649667517453196,6.627907778507873,63.98658878972932,grapes
37.67180460575874,30.993685117064725,21.562086080418258,29.431630524604394,51.9876555790172,7.282251226856005,60.027875872350535,grapes
46.46843285136149,20.39439464408625,35.156240637842316,23.61690811300253,64.7643360027264,6.602617808137468,66.38171300986576,grapes
43.025200861860924,21.4250537064273,38.44240871922436,20.509740357916613,59.58650555543031,7.084551646276194,95.3921818312834,grapes
26.51700423777304,35.18181922792054,35.68589409577453,29.22694983954367,57.52330220862155,6.759377601745991,92.68155985614649,grapes
27.712454655541045,35.02065923075217,26.79303690033911,24.28149441992352,58.07347315248056,7.068991838470119,142.60160634996117,grapes
40.00268183922132,29.43165192188465,35.584102294777665,26.409713241221375,51.21220714235627,6.143495379628263,63.412524966627,grapes
33.7044897861896,36.5170686867793,26.261663387027042,23.841601830924816,68.18954216735781,7.255355167974982,119.85433011443041,grapes
28.00411346276754,22.34082965376887,20.321176453602273,21.07010672604421,55.85192887247886,6.827685095369244,65.76000744771483,grapes
24.08683334955347,23.62161404615882,32.63964185966613,26.157897989801242,61.01531452744306,6.375752137043909,93.40077220968588,grapes
22.900691490132292,24.529212075161098,37.95410452945161,29.796917464358284,62.95319171280589,7.37523493803513,117.84677103612826,grapes
20.995894583164095,39.935251699728184,21.979046033730697,26.826418014450606,55.0567240614958,6.58797166936044,118.13407663208444,grapes
33.09462047923121,25.010921178622567,26.688923737566494,23.415481169231764,69.18647809016427,7.197919523885177,101.26938943314602,grapes
25.994627610240926,36.22032220525312,23.14364943216747,22.104622171420033,57.320267836803026,7.3205222937779855,71.86080017706992,grapes
23.667025785635783,29.87949976610532,25.528210821873493,25.687279416481598,59.03273369366447,6.652438659526825,70.0775673438294,grapes
24.231490707495205,36.421571548937,37.71765475143489,22.346835328852503,52.26921003049538,6.080125007901766,114.7467852367707,grapes
41.46059637500616,27.45619978406411,33.59351734981279,27.12958815559526,68.70684562793811,6.097310456752661,77.30625509079718,grapes
22.055779627909644,37.35987866672221,35.85174320067137,25.74642070621839,51.67326820102366,6.409968537980579,86.79478632526653,grapes
36.82229588046251,25.16087788073431,21.459197278259097,27.307623018532993,55.98160423310823,6.678561265534951,71.48999714840748,grapes
44.07644910183738,31.310637538481153,38.03171252419726,24.954715630653332,68.8285134363576,7.337802306571989,111.88138708133106,grapes
48.0168031444959,26.461774945891044,27.31284325408423,20.45477951306037,61.784018135277066,7.0828859548934,129.61672712178927,grapes
24.4944885813831,28.883181446250006,23.53726424187831,26.62127348854249,53.158927448435364,7.356245525934113,80.7571181095272,grapes
28.742067988647346,37.018126443019995,29.169352202914475,20.23995945800073,59.89172502405292,6.126815003070185,148.68102468185796,grapes
37.64334711366807,25.13065235221957,31.274353590952355,20.768671033817547,65.99782608537635,7.387992080796246,138.69999493855437,grapes
30.252728068956884,26.51536239286737,20.701752224326,26.514003587009167,60.6980956837959,6.689019556991012,141.68678580012363,grapes
25.036367032485387,20.193325333803646,21.46632904241531,22.23371437827369,50.665710985269136,6.754265565964703,88.26814097102202,grapes
25.414490242043982,35.00168149897324,24.0890265246506,26.87605100993793,56.98529811695278,6.767741640993831,144.04803358661877,grapes
21.120549044474384,30.00529014954924,37.088459206552365,25.879742483703485,55.537410339303136,6.596521702717552,121.22390658557171,grapes
46.72435682941409,20.821327474932232,21.430776437807527,23.250515236095875,54.655593688749576,6.397396329333609,79.91429987632928,grapes
25.874751465654732,22.612479337385835,38.67908263590476,21.44189463906153,54.088075495310726,6.369398585971179,143.97133858173785,grapes
42.671424008032545,35.79398860631029,22.09516519076996,28.363098750156716,58.16386163634836,6.3942345393185835,111.81750751682796,grapes
44.66548717450202,35.57304302149819,37.79994965162264,29.28132186015444,54.76244142855499,6.635786841253908,61.3165685284563,grapes
46.3796497779518,23.091443029495352,37.229496246853884,23.293873219865965,57.36267179962277,6.058698381725789,89.41909107887876,grapes
46.65091048403792,20.510948022432082,28.126549460934505,20.31399629812741,57.4184685021813,6.258960961170437,82.69965539415348,grapes
46.32795119484257,28.720984412437822,25.475959828038242,25.893383779505477,52.842139196651644,6.389087411131284,109.16231708425997,grapes
27.125691255442064,33.582554748017465,29.82982604519045,27.71989070254691,68.96489071444937,6.1737073340211115,90.11985089860903,grapes
29.586471886352196,23.023658386745083,36.20606274666942,27.5987870403879,59.68850941668798,6.806656166691914,65.35897242022466,grapes
36.66522056981137,35.82683048039273,31.476551471677144,22.65306370120419,63.35096544668674,6.542232644947871,109.03859558571617,grapes
34.62696089836774,27.623500019303602,34.3775596078827,28.838761119858816,50.1042503695385,7.400424778845551,106.03636224749025,grapes
41.02195641089796,37.112491323517546,29.3420738462854,28.3497407336489,53.55239638910405,6.238751301719722,119.17242319705382,grapes
46.10429016655212,37.848523550720785,32.87480916754493,25.254892302093175,56.627861753930326,7.470000623398997,88.77261179996255,grapes
42.32558321694779,30.639635998100015,32.170246850506935,23.93480550588626,69.29646250944495,6.857523489148907,144.40088674129112,grapes
20.227742485217423,31.45341166382242,34.34373779450543,27.45080171162218,68.09953763563362,6.0066024135056795,60.02971433335288,grapes
34.16790382385646,20.585874100107414,39.49065107324749,22.22065174541392,59.453294587296895,6.091706445018335,106.98435745541326,grapes
31.398683754422255,20.893200577544476,26.702485333924493,23.914360202228558,69.7984298254988,6.311828807879063,109.03016538330897,grapes
49.61946647595886,35.840384158802706,39.86735001764178,29.682983146601693,59.79079084188309,7.044563774805849,69.9398814247036,grapes
33.234464751404055,36.180370845333954,30.106706419542867,27.026990328172317,64.91502659968555,6.380203711864341,138.8129435648309,grapes
33.79467292727537,24.203702072430875,37.30831763576887,24.178188061062535,65.0062487675944,6.82204960833239,94.36845770110503,grapes
44.29629245115708,31.68939863289226,27.811242048540635,21.09597870335127,67.90890627533416,6.0532043780124996,137.68686135312504,grapes
30.798845746494663,32.786775270028116,38.443994476713705,21.517066155038982,61.3390095127762,7.1466492935552886,128.18254494471518,grapes
35.76895743798512,32.49478919812916,35.15053988265689,28.410276377574117,65.23626193751727,6.531007414771864,149.705376095196,grapes
33.035080811579135,20.489294055178668,27.25233903170924,21.27782954573843,52.4288523145675,6.422302560160341,64.80379447595348,grapes
40.65536565228689,21.4797776840381,24.065791108719125,20.928997144941192,51.263354618060625,6.401627498309312,111.4709070894333,grapes
48.94056669340525,37.511133086992125,37.5186785089065,21.760670360376576,55.298143869956405,6.114589975192959,130.06215059236666,grapes
22.09448904456686,31.133913416417066,24.957511446479014,22.434456340287447,69.8145011049521,7.135169710467807,135.3245422461945,grapes
37.159480560320375,37.420285747874985,32.90981078332706,29.461737047963453,55.626771720912735,6.892979318674342,122.11182131432028,grapes
31.7881191508342,37.59415964808106,39.59606326208309,24.937694913726617,57.812813096086785,6.707906892834688,136.74630711587383,grapes
39.364052765545026,20.8954474503619,30.843398208914294,20.1730012274097,65.5707074200681,6.492468410313696,102.48067339055964,grapes
43.960343177228964,20.92897634571523,23.17083071183221,23.97960376445115,54.59850327091121,6.506852138662595,149.83572641032185,grapes
44.76243312721432,37.67803629920217,38.741092671315506,23.409358803141956,55.941539155929455,6.351093738858112,134.71052201773102,grapes
40.38655586855555,24.723439649657546,27.539876584209097,25.067117639327982,60.56280114547508,7.3330915928275715,94.25095196524947,grapes
47.255720915015374,28.827351206395793,34.927453495847075,29.30254319985056,68.15151407926533,6.085429300943522,78.51338654789129,grapes
34.30716276596826,28.631085799062145,32.81783329674414,29.44709050825412,52.24809422555898,6.677787997701361,77.31699340984254,grapes
46.82322795193842,39.29160371603305,29.574033637807002,21.040102977281407,65.70589333445346,7.045712025738599,91.92037439492793,grapes
46.622224219068904,39.51663779565415,31.157076982603908,25.657279113442925,55.95027010227555,6.876759053974971,99.5678088472362,grapes
29.065730807841557,21.343703930478025,25.054157194182498,21.978546496776644,60.840839691078976,6.902505032645391,114.77145518754148,grapes
31.645430031370374,28.42459467370992,36.6847685928128,24.762328135171625,69.75546664274245,6.659425845013297,118.46228501560552,grapes
21.510889969801873,33.066798488376214,37.02852788830012,29.424578385332964,69.94641223279541,6.42326796847385,111.78330583431452,grapes
33.52153956596442,31.27634961150342,23.149059143796933,28.561495725959414,68.19137886689175,6.6744924946693835,85.23868754162191,grapes
24.22500282959037,33.67529649555609,26.244636792414703,29.095385699133885,63.4202494968974,6.968527987761361,110.34619043084167,grapes
21.37329018286177,38.63844871371174,32.5587498659892,29.940619833831104,60.74712809545774,7.06516633785932,65.05886020796,grapes
38.95208530470232,35.29299223180715,35.57028589705115,27.701116522302854,54.525652545873356,7.463097716407839,149.56639085624448,grapes
22.267876254848037,38.728928456235145,25.788983886087387,26.892840817509647,56.76221841472264,7.451631485059682,69.1353472473182,grapes
34.93240450869128,28.560955838841494,26.5204690455597,26.455339908801484,52.62111486843335,7.074993627200545,148.25329114243084,grapes
44.136761434058904,37.20033505819091,27.19273486358005,23.248866064812187,60.34096709380266,6.068589922143409,145.08223210108793,grapes
24.313555190485765,38.06026078336185,21.671644440007114,28.2262492767856,53.039250517564305,6.057197421137209,124.75405052334678,grapes
28.407959005232847,34.28992305568699,31.101705009456396,21.088073902300657,68.64260146602328,6.678471262145217,126.10025500188192,grapes
35.03061716046875,32.087229499224094,26.05547184713385,22.003603040034502,60.85140406816136,6.660328459456503,95.11018920905398,grapes
40.17701585283869,33.81013264022272,20.918401121825262,23.387444942436723,58.23529100452755,6.145338241746252,81.23107800284595,grapes
21.549253916682698,39.92484197234042,34.73114405939689,20.874501565027536,50.40498759580184,7.07893170022842,99.52729491144002,grapes
43.603901271937275,38.46952075636767,31.986007780327448,21.87108422917253,65.64388072092905,7.433717614761562,112.22081583539604,grapes
40.45992341842201,26.749493900733462,27.630553893206226,27.346544978530638,68.55542196813639,6.943482580836529,131.08631176368127,grapes
25.14905052246119,24.239181805159472,30.6406937366678,21.765541922428405,62.69990140441847,6.437479778092048,131.23793568002026,grapes
44.2433103984303,29.27574911510706,23.616212700752705,26.467749610819325,69.85574036527173,6.933886346913785,63.21972216426071,grapes
20.51881927301248,26.407239409846124,23.9156761372081,28.13051207143308,66.89611334072,6.387928156965714,89.30802992549035,grapes
27.08740903145344,38.16765094742528,30.052986692445643,26.5613704408202,58.309641733992066,6.946521290256797,94.72698390495626,grapes
30.190353131876762,32.6896014634696,31.821241560979786,22.935279541679495,52.986969006389465,6.552865040757206,97.36778752277183,grapes
38.860530002738145,38.29057527273727,20.723695950658502,22.436610125418447,53.874318845591205,6.753441613040676,98.67307263388439,grapes
41.87112871460565,24.84831825089728,31.88996731499517,28.838572635999594,68.21355479836609,7.438176907087547,129.59350368719896,grapes
47.179637187767455,24.690617439705484,23.95161888700954,20.064880837805266,64.13688714858196,7.406200781720616,76.82418105375088,grapes
39.10830726280636,34.92919518443555,38.55228470296113,26.468602240172217,69.40587465497505,6.5170097115188215,91.49356803942669,grapes
36.29037530043037,27.67003762231814,20.02851456575065,27.317720250869876,65.03434082956967,7.120461907030156,91.05185999494199,grapes
35.66868419933516,27.19947036353339,20.320728000612917,25.624489412714187,52.47521332168022,6.120061986137161,127.99491618271085,grapes
20.28518607254317,39.18016887217452,30.305107282251537,29.830164307061484,51.15995144945417,6.87529432329887,91.439433237832,grapes
45.30447478442858,27.224454704685726,25.209751581146982,28.575531270999132,57.49306183306522,6.025249979790842,95.12601907554003,grapes
39.63566807032826,25.087190776127635,28.639751848503145,20.567151382822257,61.761855830279146,7.1344423857905905,97.19813052609993,grapes
32.606978984043806,21.76564997169833,24.03881729023965,21.546753031279128,59.633755373230755,6.793883311426125,145.4046118155834,grapes
22.19694512831702,31.997359463100942,30.529970546564826,25.16233097935829,67.46318574765652,6.308307706043229,63.66959469072343,grapes
40.168145229025775,26.903149282719603,20.351798324250492,22.513740072904138,56.18653548433624,6.925257565176363,75.53272146443449,grapes
32.391630438601936,29.64950888835665,29.184747827281818,29.739407666667816,50.910084755805926,7.426452279678599,112.374349259463,grapes
43.87183144909515,28.60785236032151,29.076757625139606,28.793264990158235,67.91868992583804,6.358033322146946,77.93176907261564,grapes
34.88705521609853,38.00554054255383,26.447101868123525,26.520146153391313,64.16303375481202,7.1680119973412335,110.7532012128867,grapes
32.07365534836909,39.34031977597946,32.22661506605705,27.285652116332706,56.89965691391757,7.00492377150462,83.20178959477133,grapes
27.352907525859084,34.29444403618852,30.427894725258703,26.832766104223897,55.38876981496183,6.898085011585096,99.95402847328013,grapes
37.908808605365834,25.817594644884387,34.309019272982475,28.059293661594655,55.19832947715447,6.450930839783463,119.50388427471836,grapes
40.86755522910633,34.081993687949,33.65397009551674,23.928077169525388,57.897073488073566,6.382226435466572,74.11503299067267,grapes
40.77732138190717,21.863775719446256,38.75584573573563,28.26686303671451,67.15011479914511,7.360003221922785,96.77444736509162,grapes
45.40102170051203,23.161226005832987,20.432835892164714,27.8489139466385,51.495932959938784,7.482787000988882,120.73167866414003,grapes
42.60349130726317,24.91607712555732,33.47730787839376,20.432199372549572,66.75651439847202,6.254436139547359,122.76222601503935,grapes
26.73441503698185,21.369063388520853,29.629873570987886,21.692862102727894,64.588879766531,6.356348765075227,90.8225300612246,grapes
37.02317753793419,25.69936555154623,27.559762324199234,28.156217710403865,53.584196991220516,6.1233023842229,89.55220066197174,grapes
32.73130301041635,30.853185642731354,27.44847392350014,27.899117002228053,50.78638975336946,6.647651307297837,94.40303231907642,grapes
39.42735472420577,39.32552503794792,30.207508132577242,29.868768469417205,56.04498789826395,6.046302198813692,74.90968507287715,grapes
31.85374654323702,26.326678183771044,21.941082619667554,24.326601076907167,56.762315433191254,6.183928830686158,86.6505417550718,grapes
46.59308166066171,26.040977309786804,34.27910846484103,26.120470796577557,58.543623248167435,6.358538455205504,93.21132294113508,grapes
37.763216404131285,27.0150642949871,24.297928671484637,21.16462748891632,67.5953387581913,6.660469463627859,116.2687489568637,grapes
34.71231083410416,37.45133036715927,30.938697048964215,24.80781417949113,68.49201980843425,7.079534394068032,70.03949166121716,grapes
25.33113383590442,35.74245725878884,36.71702642359909,25.451908290902963,61.08910455733279,6.947899444277167,99.52041968543756,grapes
40.40597370451712,22.169625151328315,39.225584847347726,27.501548237949216,62.623484080180134,6.474483085514221,74.48599387110562,grapes
32.280288914868336,33.23153481148117,32.67419486846222,23.826411550655713,62.265727876662595,7.2206224433513215,62.365629510384636,grapes
33.51863143790827,35.171104569335824,30.922889409267544,26.514760879290698,60.33352785210684,7.487811817023466,64.91593828401344,grapes
34.73134465317132,21.828330982290353,23.195711242271408,23.83038350418262,53.11080183000975,7.445530748934976,145.2110799052643,grapes
30.083289386618112,32.79495424075359,30.675066411875722,28.155869805157685,62.54891219633885,6.000378681735843,128.68569470487648,grapes
42.40544363888354,30.19445411132962,38.05837946466107,29.084462056904016,60.47823353408795,6.911982346794806,149.68698647322051,grapes
28.964607044342525,26.49234484622955,23.655478053269928,28.95866939157868,64.88976779898533,6.158464273305363,148.3590616078169,grapes
41.92885124483348,37.01044219209949,20.96301578346402,25.049609189421677,63.97196573454079,6.814419876857762,119.99827191293497,grapes
44.53622190771418,27.486741259203924,36.973373512374195,21.629161047652907,55.417721100527494,6.065018429890989,92.7984130201726,grapes
31.39728634472361,36.10541194414502,33.062613405793115,24.367225581556667,63.04227957247497,6.079175025773536,76.22443824165384,grapes
38.80843565725265,32.82733638450605,35.482693174148544,24.02999759053602,64.45108193232312,7.025970498840284,146.70540405328643,grapes
26.453906792740376,31.03359127505279,32.03528884220938,29.986478849342205,54.023682843333034,6.784827029950939,91.1566776942275,grapes
35.776789057369996,24.64257204206212,20.952247568549762,25.72565453897689,56.71708631721664,6.272912102622651,89.15420094702304,grapes
21.478406043432347,39.00884468180207,31.62295829946521,28.147686813470248,58.46236395095461,7.354972001349278,103.4986399397028,grapes
37.21835966602008,29.835879601253136,34.665565917353035,25.666560776020624,55.431978471607955,6.2183092969839695,114.551194999468,grapes
34.675398846411085,21.91951393392226,27.91234931586537,25.147764220004536,66.5378646765118,6.1141515837500435,91.36458134214027,grapes
44.67968368131156,32.96847863543157,25.799166436075737,28.453351220226423,59.86587161125385,6.747527836965691,147.8928605280346,grapes
48.41349509709136,27.170653667396877,22.811582573261646,23.25666732278094,50.60966520622776,6.031151830065586,95.59699226262774,grapes
48.23059468091702,37.427146824644154,30.22885667835246,25.65226381170831,50.11866993492113,6.323251733750649,62.22967142409453,grapes
42.636185980861626,22.912915920529954,37.38094204953634,26.43324313675788,54.588373530314264,6.236580475624875,116.48622308307478,grapes
47.0251094084697,34.36720437828763,26.970933032067553,25.87383595268647,56.21523390744843,7.498724350167988,127.3955269615666,grapes
38.43144919270261,28.465182855316584,32.36304580519115,23.41616062467335,50.57729678916061,6.592632783534949,143.74327376218804,grapes
38.78903284321598,21.679114061418034,37.69987226790052,22.688748493415147,54.87538986165455,6.445636453170481,111.94820125133617,grapes
36.3406428030193,29.828275092457634,34.35073727025254,23.16537731334959,65.64129043144862,6.262982517567899,130.43587101693083,grapes
39.914303157508485,33.66416619095173,29.6310679425452,26.670015326808645,51.59594093118915,7.27732667557405,64.99925101388814,grapes
24.462245296144925,31.535794169944726,34.78822910913383,20.762515643462535,68.41529628244639,7.460411473201048,114.535515570694,grapes
34.437303661305094,34.827899445594994,26.567147046544108,24.932644341051066,68.32302053628803,7.4334831378623,143.43622044460665,grapes
27.873442008915205,24.649380804335266,25.953290118586285,24.4131111238846,56.28334825583927,6.561319193608587,115.85732569086835,grapes
42.87577031281928,34.71116396535834,36.28847134158304,20.321844032154022,50.95467579357512,7.184074441032944,107.97709400921687,grapes
37.344220212863604,21.05173720428754,25.106276023425416,26.383543048854776,67.18363780221352,7.375475095772104,105.03775462515736,grapes
36.36422698214593,36.66099262137982,30.752492014947094,25.168585255373173,68.10168075521908,7.18489908158382,141.8165273725165,grapes
26.547411643434614,30.487509733107135,36.84944257186716,21.11147827467109,65.89324308587923,6.274460075122304,132.7306879486789,grapes
38.36002812670604,23.864719829697343,29.467083586656024,26.819051664607716,62.677058017670845,6.640870794347556,140.94298760288342,grapes
35.57790243463533,30.117345970573766,21.245011798829086,29.221203897976373,53.54233137356746,6.792517040154832,132.32108412602793,grapes
26.463598308669297,30.54746579941682,24.813698184466816,27.596949977999117,61.286823357463014,7.283963790592715,140.51022025896447,grapes
39.462004473361944,34.50782492317889,30.984401997737272,23.84428733067383,62.962358460416695,7.362432935230993,97.50123423882943,grapes
29.432300791213862,27.76873877105148,28.70795260423199,20.735610289777163,59.96883680869989,6.74147137207509,112.95994448764708,grapes
30.884600914139945,32.262151919111794,37.564326205484065,29.554709904951643,61.672244322820994,6.06388643095547,147.2312397540398,grapes
41.17586182688768,26.719272971073043,22.943154019274466,21.43418612236275,53.354888122792055,6.068358782420731,141.19387697876203,grapes
101.63072931309345,33.999188254276746,36.56217018536615,29.915410063332004,77.65211247457682,7.450881933787428,80.73494303193577,watermelon
118.01341866673562,34.465798966856326,21.41336380616157,28.817831212123455,73.73433319209697,7.358790845688791,76.10524927290645,watermelon
103.39646001087272,20.24375102023485,26.64150484362672,22.62243726158781,70.43745945529794,7.22617147576043,64.45098844903482,watermelon
101.09764182231115,24.08017273021534,22.41376935692481,27.109967919343426,61.58297241899455,6.881031946706984,52.19362224737084,watermelon
84.26859887473502,30.999949709747156,31.828148257978278,22.289869300937582,71.46753576003117,7.257753787985456,100.56213241057677,watermelon
85.24740415683195,31.849492951272296,33.44505000148427,22.37231201752292,77.10695337367245,7.359401095934746,109.5316591353581,watermelon
112.98525871956453,34.89930396921787,32.6686406256392,28.786270049882518,76.12790586669966,6.993747687541957,72.94088696774497,watermelon
95.03844408645415,37.941149367445846,20.342441715943238,28.98820581244282,79.0955510485043,7.05934225493696,119.57383917622474,watermelon
107.50179622113323,20.68726058433722,36.54019763293847,24.84629911939319,68.92114451328882,6.468137873860623,68.79878743467756,watermelon
97.25622814679141,27.575028968813477,32.66677163685179,30.131512009875106,65.94177306374482,6.320581729233026,96.68266896092396,watermelon
106.81280263323126,38.02262478572344,20.318913729066217,30.5304066211651,70.42004345896714,6.931953133758149,56.396000839299035,watermelon
97.30459731488182,24.546048144770474,25.08450060165018,27.040951146760275,76.24911900806225,7.115671395217284,91.36999713601676,watermelon
101.57672771013868,28.546120864689797,39.454199471227724,27.601925542342332,65.07932796624445,6.345136188060059,92.79471215425993,watermelon
100.91310109243715,20.153956059094256,36.60130744391559,29.041223542324346,73.23658579356207,6.1031709865464885,75.3439095120744,watermelon
117.41529042931145,37.251784826827276,25.710858757390668,23.570588840991388,68.98175914337153,6.533745568001491,97.75584636941937,watermelon
118.65739240337278,27.26002899965123,21.24448345304484,30.97614008342385,60.758994604797415,7.4291488457299995,96.5205599606328,watermelon
117.66756833767796,23.993193732979567,20.81399590507615,26.882099782764918,69.0124682914025,6.497238409882324,117.03595320720882,watermelon
112.90334928645728,33.23164042751186,23.257165832756556,29.343234082185248,74.54024909399448,6.6376022604240115,114.73501367998095,watermelon
86.67911528916042,25.346751248233286,21.26448678501267,29.954509581775874,72.43518772190795,6.472410458521875,61.46695645160207,watermelon
81.60591080114962,23.334911372518732,29.065692926753165,24.47176969010606,65.17964354863933,7.313364550001571,86.05963714227704,watermelon
109.17007892513658,20.714218980562862,27.303267113560572,26.791693473954417,63.728337104203696,6.180287312168308,110.92126449498898,watermelon
117.57726508399186,21.576133960908148,26.98037425084886,31.582856281444737,61.663234662649295,6.96546205931809,118.05549596769039,watermelon
119.12894674325499,29.424466618074867,23.25498215564761,24.02084314977439,77.79202790248789,7.367524506494604,92.55157507114883,watermelon
110.64705597879646,34.798625029408164,33.23643195978214,30.27276954871939,73.70813246080643,6.801003458621249,66.58694538117098,watermelon
109.75552576474476,29.46875735676549,25.895833680150186,30.019462757417756,73.93427200706057,7.40600934468705,61.58091480132144,watermelon
105.96757138545973,24.88478936176352,38.07165970603283,22.994994142566156,73.12323612889755,7.186628582292045,74.8442488255295,watermelon
118.16552317535238,37.01461369172075,25.892365993698068,22.075410927159986,65.93314352236122,6.421965705706114,112.29752252506363,watermelon
118.6848471301899,21.408799719405206,29.425896570666335,27.483319985297957,61.858233226594066,6.566246563706284,72.19576921750655,watermelon
101.44225417308348,33.223817994638765,34.069702209931336,23.367550236133876,76.25895403889243,7.017813044686139,112.23524417227037,watermelon
97.97344237741737,37.87779525444383,37.31548244712151,26.384093323592694,67.62286630585957,7.399218022455385,100.06153141769065,watermelon
117.12981385752303,35.93949557791626,32.18594878582829,23.158527770037644,65.82961345158196,7.453263610647587,72.35954690999431,watermelon
83.73019479141483,34.15106711838639,34.68008509087369,24.854577202871507,65.95343958692608,6.703339478263176,51.52522648335789,watermelon
111.57292041444654,26.34177574548251,37.07526204003955,30.026304216000337,73.22804066237566,6.487312300648933,86.14215931628189,watermelon
97.79317030391836,26.777637724973484,36.962725786063565,26.835070745776655,76.65446195594293,6.157827711212736,59.8717352020235,watermelon
119.09281220451908,31.755369252121792,30.195393469980978,27.231560631441116,64.30537548065719,7.0780559242529595,55.9346436610828,watermelon
102.93294852412093,31.415375931718028,38.28376848267022,27.261828101048604,62.74125391948359,6.859129888872244,56.392935105573265,watermelon
88.15175341199686,20.622171683748324,30.265871649189968,22.845326152935723,69.38788757062659,7.3994175529862165,100.38329891135325,watermelon
83.09646696901171,24.484196244176864,33.47324839786869,30.947018610241837,60.658371735279076,7.218676697580891,89.3269716236816,watermelon
101.84365301185571,39.15626365506716,34.95289225193546,30.50118868056112,67.07991139089333,6.831546061242615,93.07839741994395,watermelon
92.8633576144986,31.404962498947988,24.733107589594276,23.433756710682395,67.47940518554665,7.108934443119655,114.13310036517213,watermelon
98.3085620599293,32.85647376550863,22.060742619502008,31.044637585523287,71.37208427139869,7.170507371437735,105.61088406449757,watermelon
90.25922105472424,30.58348906363699,39.20959503121955,22.89634544820828,73.66099796059126,7.4433961170527585,71.04039756378155,watermelon
114.45791685617392,38.67315090816543,34.9417241878965,24.31328312306958,66.68001437653187,6.053713941626596,108.20172639717487,watermelon
113.98444746044319,32.65420619932385,27.050557025277026,22.768110276399206,75.06115219829819,7.089789290414885,113.88217652172307,watermelon
109.22128084021449,36.573898844880034,34.91909235807999,28.306871883123165,68.53932788382019,7.353175962963417,95.56780003352289,watermelon
95.93421287863636,21.669385903639146,25.81409711808764,27.437267348301646,65.51270740032389,6.331853021876853,86.91754598614929,watermelon
86.79281383582938,36.00820126650207,29.68736302685316,27.7386277396265,62.94766535194697,6.4868645034440515,78.7062778282807,watermelon
112.32851322066011,35.40319046172305,24.459549495753627,28.161790816070077,64.86912715543995,7.482370733535368,116.64867146916094,watermelon
102.53058882082482,33.97805143788286,36.0286076441729,29.20998420044904,73.99657382164841,7.437831011924292,91.75192744150982,watermelon
105.45210687276223,36.985375008763626,33.39781735716814,29.329326220175226,64.68337372393285,6.5569003861726065,60.31109419983251,watermelon
100.23061769339222,29.114548013604924,39.943256285589136,28.112086528155423,75.72889646388846,6.501022006136481,108.20817319399575,watermelon
104.60339865950733,33.93984663196877,25.888615558989088,27.486383916955774,72.68073946827218,6.883642013724872,114.06355979971966,watermelon
115.93090657970214,39.41968115753741,33.34856012013979,31.719141301256847,76.64956000063817,6.406248210509939,79.92049686859079,watermelon
89.53569768756039,20.083943216611303,23.760975062938172,22.040605862868755,74.3967692270098,6.638301446581799,71.88023089545008,watermelon
110.46883564380752,36.6497354923929,39.5059907729976,28.420135846752412,69.23057917080104,6.457896452411154,65.56227464499584,watermelon
88.51703801930405,28.183787494395975,39.83572710575859,22.00853697437403,63.94411794462002,6.282589473605361,100.19836398726046,watermelon
94.09938910392248,29.14521609183641,22.9724826093981,26.049970388769477,62.06399623811672,6.799564931832875,56.855685576799914,watermelon
111.62033524692625,31.332034350809792,34.47935747547034,26.18516386652684,67.62982586484455,6.147313333573296,86.66989249299758,watermelon
100.58008659428367,29.362040888992105,34.81036729364899,30.325044000323544,75.01579349897017,6.215798614210266,93.54416564974755,watermelon
83.21292422758134,33.89244574880953,27.636781931222533,23.324989562662864,77.24101713952255,6.921012508558406,74.83074775632693,watermelon
81.22908718601998,30.74620518007221,38.46451756972465,27.963798327023657,79.43301209238986,6.204676677405688,89.78135732163858,watermelon
111.92500192025719,30.510814622514324,21.82132711974945,27.828860015472177,72.23475811684943,7.093063872713029,103.28480606158317,watermelon
110.83090752842429,33.26888787277932,24.316223728373163,26.042357558394794,75.52259945228798,7.43014047510122,55.52628753856354,watermelon
101.4214671118878,26.25044542648613,24.507877886336594,27.05810683519715,72.12178681113073,6.014658347129222,104.61446005408337,watermelon
112.7952852503779,39.31021649135866,23.612874664493898,27.94552562360948,68.53250746952789,6.502241777333026,89.59434160062533,watermelon
111.29532372894201,20.4610556689042,39.388002251323734,30.098815857057108,75.02307407291157,7.140581073270756,77.23424967330568,watermelon
110.06482203379255,27.73540417205915,37.97413659149586,23.772223833064697,65.84694848430303,6.827006314048614,72.34477251210907,watermelon
96.96948981181094,29.84845378797189,37.12706697627017,27.231922536086927,67.24919697229122,6.371604246052674,78.60731851545381,watermelon
100.6294441765748,34.92229714406473,22.420975523446774,24.21609188239151,67.59308031737346,6.540597607679272,77.42236613236483,watermelon
111.74085058561298,26.483088059243464,30.037963608053293,28.239070328578965,64.64357100367211,7.078043080721308,88.29779238167967,watermelon
97.87124652125513,36.195680534766275,24.86990518370364,30.83175970614323,71.22097470733408,6.9137623190694875,111.254127491826,watermelon
112.70330751397344,32.031241376438004,35.063754076963484,26.33319490232897,70.94755506999492,6.093105205062766,56.29005426000328,watermelon
113.17701616745327,21.193433113649935,23.387982512652144,29.958326589504416,60.022919012565126,6.423606493268797,90.88270604786352,watermelon
103.81799725877187,35.54305816458947,30.11852508984341,27.094018695309703,74.50621151081401,6.747936694899425,92.59437605945317,watermelon
115.91096273020204,28.02902015224744,27.702501418384443,22.035489918647713,72.26852523042464,6.044657861110698,85.29039428098214,watermelon
112.16935156128906,30.998421410393263,25.392723304333522,29.861684214493714,65.39434008165078,7.099547671418848,92.71809186331619,watermelon
86.79985186992005,38.102677496883715,24.012873659143914,31.895870741406696,60.14620977309882,6.395225065714355,63.99022080919392,watermelon
80.5597364068185,34.64735800294631,33.868516041991924,29.923509643549306,65.13397092929131,6.6665027506244545,96.13794651350833,watermelon
97.59074015552574,33.946515406358316,32.67946816880884,23.146478030221765,75.62086242153936,7.081014538638778,95.90840713321838,watermelon
86.20374425084009,25.359928975907273,27.86354063175201,24.799296216564436,64.55620581352262,7.208036505242664,94.67625724521417,watermelon
102.61888526201001,24.519054217065076,38.36153124537283,23.91183039097316,75.89901865649354,7.450009000057939,100.89649104569652,watermelon
119.71435100738519,33.02102233955893,24.3492068720779,24.038194937165112,66.49128568510953,6.010695030331509,97.71889290579841,watermelon
90.7467113851131,36.30366464585506,27.183453011186003,26.799564934633125,79.31377833120739,6.363258184570916,100.48778682008177,watermelon
110.2047115722167,24.419963150472704,30.019936732243913,25.50201925312968,75.43812486800178,6.933724978543556,83.31881384023829,watermelon
111.17453060190873,24.70311140016834,35.07243761168718,30.653743120928244,77.57243193615145,7.175510389529405,78.56099168987882,watermelon
119.27232090871308,27.591872876448797,32.77250798204851,23.61074178069469,79.60897797272786,7.055978882796995,102.73642816724578,watermelon
82.63106813644579,35.268356284413436,35.494468584412026,28.717727263622297,65.83819227580688,6.734535063241323,57.730405991610155,watermelon
98.86348265836611,24.8764770520081,26.981939729881642,23.626004084036985,64.60108735493795,6.114852962730175,114.3930956505845,watermelon
101.21642751901614,27.934839425254793,30.700584255375677,28.282932284815526,78.43757586738698,6.26803942842947,70.68867490446523,watermelon
119.0315734537646,27.423859732970488,20.451233015146553,23.47643492637159,60.52677403497104,7.484884713631093,69.52095942938561,watermelon
116.94171027744903,39.91772551519432,31.996824422862282,22.331963150655618,61.63183260773854,6.722383582661816,78.43204090380402,watermelon
104.2470922312707,28.776956194227278,38.68153698542969,27.34739715413511,73.87452122924884,7.344727908963745,60.281031308324515,watermelon
89.18938616474114,22.146373209480302,22.792767984598246,27.125839669342334,66.42358517934927,6.634759259290132,118.77428822558433,watermelon
86.26817391183792,30.816241415961514,21.97742310107302,25.184963132638785,70.55051847349198,7.419947618948006,77.38597548984382,watermelon
82.59626784858679,27.763228959206337,22.914823517479554,24.299896132914455,72.36181246329981,6.101135799305522,82.53066293750263,watermelon
104.37846344043058,28.43716784734994,20.382527012474608,31.855193569028653,67.34231534681071,7.1678657803999,72.79525445312173,watermelon
99.00067027973675,27.76927285221993,26.850784590192156,22.218513772077788,67.20041875709006,7.334234985599295,98.32753370155785,watermelon
85.81691436381759,31.823100092454784,37.84461719897743,29.000340409648555,62.97368784713393,7.3017487451017455,71.10808093022058,watermelon
98.16304577249367,30.522855193782927,37.0101320875639,31.316074951476608,78.59305755581113,6.011931271917811,114.53219399098201,watermelon
82.17547864006289,25.315473136348707,30.29975709455666,26.799256890043942,72.09419587774784,6.719169343105508,115.40629757482945,watermelon
89.62195392858348,25.480493880769718,38.41475871386112,22.767395137452564,72.1912164380962,7.022603928098416,85.38792064008176,watermelon
107.76927515292549,23.45509292023934,37.0526446554308,23.400256894698856,68.016248886315,6.112886401962308,88.164775517218,watermelon
106.78983229702557,38.824432701905806,34.786723917920014,27.41102916454151,78.65234034340668,6.717655257061315,89.28439571692086,watermelon
103.84394110680383,28.199594517731335,36.76965381131649,23.851759388450592,71.09684380743217,7.083349884280791,113.2783320313604,watermelon
115.35673585737113,30.17480578860284,32.86322902326683,25.942377361293012,69.363555257604,7.359398688859574,115.14927952347318,watermelon
115.8165623226808,22.767417236272763,37.00168042661272,31.483637310214803,67.2249938914721,6.777969434132504,104.53666790690971,watermelon
102.48312550262595,39.869670434124984,29.114267303136568,29.139427112073776,75.85182280393089,6.741150623637659,109.98886639979631,watermelon
101.84618364828786,28.23301593603263,22.15647347703894,25.93413576350424,74.67872909466568,7.381929617520161,67.61755827022172,watermelon
94.20942069322011,23.079219882088523,33.814457884579376,31.60188430009925,72.8190443969635,6.92561479500934,88.74429513503037,watermelon
83.53822962742146,34.59007652858767,32.04099087098702,28.61476768856287,77.97622186054843,7.175941180591527,104.66406765081683,watermelon
117.0873507551739,39.79869902925999,31.625654639221192,23.08881616031166,69.18259815550873,7.181401719692467,51.940772733329446,watermelon
82.27549753424596,21.343155647656427,34.620715166566214,27.01166628563172,67.37795887041187,6.158425567892604,101.25681751441223,watermelon
92.84079242203599,25.306481401293343,33.04638403107102,27.590108925968416,67.24821283626603,6.962231206208382,68.98550642688826,watermelon
111.79321046417307,24.58637900615308,23.17675390764031,29.824394094988747,74.15784061395867,6.273958463552698,58.13720268829566,watermelon
113.53596353946769,35.53196964393376,26.545147473993286,28.581974082133666,62.48320373095622,6.760571488571517,51.31112044422939,watermelon
95.66407523686222,21.496856429428103,29.502943603137652,26.216816468528943,68.88770053276112,6.067996953071991,75.31314388972827,watermelon
110.25935396399666,27.378287467072404,34.303439052191614,25.694787236337334,68.46478882980372,6.845838169243899,116.54773557649577,watermelon
84.35441786586621,20.658275373223475,32.159143676200905,31.490970889284263,79.7944626510943,6.726246371088003,82.76571347595689,watermelon
105.79855082980785,31.112695144099398,32.68176115228236,30.739994255378942,74.92612338975219,6.745316087530194,82.33051213001187,watermelon
105.58406994052464,29.11412568840595,29.155587025312798,22.16305901786505,63.48128274814617,6.732770459993629,107.58574213352584,watermelon
91.14908026908496,30.452868662622983,26.899241695184642,23.048039895395892,79.165969661426,7.282010805375453,55.49446971268345,watermelon
108.79149049873138,26.951598087150003,39.89699614123585,25.02398519828978,64.774768907252,6.851835822458108,108.45883143402429,watermelon
87.70075487279192,34.18805539438662,21.228131662822435,31.189347431104974,61.621498322945975,7.371347064516244,84.3565074616892,watermelon
97.9236445118368,39.46614159000753,39.80768355396438,28.50178125961012,62.54238583714097,6.7592551284828035,87.04141706689637,watermelon
100.5778571254124,31.389836770400194,20.374494275887812,29.112272814705022,74.24788603905976,6.173204662766832,89.91676097120606,watermelon
102.73444729743099,33.649008403808004,21.70795384270162,28.265033072660962,65.61503901492682,6.760504485744258,104.13264868928536,watermelon
108.22583745452053,22.378060353559867,31.823695742321465,31.691165309407385,63.135388746700045,7.279360631588123,99.17836563876438,watermelon
110.96013251639039,25.63916654285291,25.75777858759685,31.06019455776488,67.19664064185118,6.094523086039215,92.0417692505615,watermelon
84.9927067616737,35.93192482815816,32.83492885002115,30.747265052212082,75.69674499565271,6.1681704725072946,76.67494735040955,watermelon
110.9824099965835,28.346829465326515,39.447309695599564,29.357404498934493,60.30999833380642,7.319978537341255,57.05633494079903,watermelon
85.62094896720343,34.68984801222102,37.299371188609605,27.36349627899556,65.78099465891559,6.526973317879763,74.00225307172391,watermelon
93.06712415238049,24.858193436432998,32.177341892584664,31.004053185650672,66.14164826166683,6.280041446192119,108.70043664599973,watermelon
109.67133323558812,38.61674063119821,23.310394712098194,23.442513141165914,70.82858788609994,6.921650482252643,83.61214093017126,watermelon
103.95866545295502,23.607595377501426,29.592275083281667,28.58092560939668,68.65412898497408,7.019171003724897,81.58338963876878,watermelon
93.34398323369109,26.072100941741848,28.21804117977176,22.230896226822008,73.37050276892228,7.2676584614703925,74.8238966110183,watermelon
81.84132544566874,39.73551194771115,25.27396510902134,23.26621121690773,67.39505015946055,7.107835560950335,70.5741617823396,watermelon
102.98812815677951,28.311199888742845,22.35527984553237,25.302870124921103,74.49741011428134,6.918005845997168,58.38448659184927,watermelon
86.53289638857234,32.81466718614891,36.26830828641738,25.49474495958169,71.906215036869,6.255965383128158,71.79634358337267,watermelon
80.8108082269221,35.36551895599045,28.020196395459337,30.161255736539538,74.16745992045452,7.243116398592715,69.9961068708018,watermelon
87.4043492171138,39.43811365303341,34.346555740817394,30.340422679266702,60.26266747419867,6.5316924304438295,101.99716834041322,watermelon
83.11931331959933,31.346798591378715,28.581455349100064,22.176165071411074,64.71951154238903,6.427187983600072,57.83019624424257,watermelon
105.26147638970642,24.84795752503778,25.552389992387766,30.982385982001475,69.34246185386279,6.588192220453909,100.6709726820302,watermelon
116.38455187531648,20.500726724748876,28.964776931107927,28.107813560779473,66.3712619625198,7.158611583184863,118.00339491891917,watermelon
117.73709465001133,25.31965078759884,24.52676556874972,31.57490531021221,69.17256974862931,6.312446584627038,99.48978745412927,watermelon
91.37681295615167,25.344939501421045,37.58498086155569,23.624791533769034,61.28785892932473,6.4037796602575305,92.48617889867427,watermelon
84.92351413613082,29.431893445535877,32.546742208506394,30.487369925931738,64.59739182404509,7.226019485074184,66.4434382791867,watermelon
107.07066164958562,28.613471429649103,22.293624847573405,29.142634628218488,64.35525237098035,6.264935139036887,75.08260500125682,watermelon
106.13160979037934,24.679929575812558,23.673230775637716,22.099536257133643,69.43286194203446,6.642968353972774,66.37074205461634,watermelon
82.14608656038763,28.58511749191674,35.76410222143262,29.15282131327177,77.21589779720341,6.014374031569734,117.6493521763219,watermelon
93.65649010509793,39.807955921839294,25.052389212035493,26.715363875782447,67.07855353150607,6.533641072491454,108.95974691237511,watermelon
109.85675758949355,39.84302870460096,32.270293654350255,26.632566043945026,61.80147725893782,7.494842129270785,88.6071457052598,watermelon
108.01909878760567,28.134847743826228,30.95431416358472,31.425777318928873,63.32838875863205,6.438558876495382,60.64418094446226,watermelon
111.68863615219098,21.24090520843659,21.632632997026768,24.984941127873686,70.28376361842022,6.60941220083938,53.13714174695651,watermelon
118.29966231483806,39.05739040716168,25.5871264648152,29.315256152685816,71.57150822766448,6.3562150425084365,68.35200862191309,watermelon
99.64612697241802,28.384738829947203,25.824586564625285,30.075115963051488,69.6292583527477,6.982272093583692,63.24914501175128,watermelon
101.34030650065947,26.35952098893243,30.528272207897565,29.808258334109283,75.37826420182523,6.531331017051414,98.59939819557474,watermelon
117.65159801577107,32.51338659849813,22.968202467652745,28.79708629279095,62.09808772698623,7.308165613189541,86.16623470613581,watermelon
95.40562945246319,21.140131892993846,27.615674691842194,31.032066679157893,60.419659925726066,6.7119722366727075,115.18106637774356,watermelon
95.79363999060084,28.563513749243008,31.571201103982396,26.629373335771835,63.37203382475105,6.027833308604791,92.68681605850912,watermelon
116.83226348031249,22.12728266054331,24.219054385055067,25.702294858249736,76.17484458042239,6.403890474706467,111.7438082995138,watermelon
82.19831498600266,38.819132425178694,31.2149415574753,28.587776784877043,67.35379045072706,7.172991428266591,61.65963750590842,watermelon
81.95647301113948,27.910338862151143,37.073914279620794,29.549268366376946,70.34311940977916,6.85820662074803,59.092497840912884,watermelon
113.62726034470329,35.73919365928394,33.129407877738856,26.661910363289383,79.28918536559024,7.318547957814706,95.11013454602329,watermelon
94.87203990869152,32.360445573630244,31.508818530613308,25.942419878349163,66.13347943376152,6.610516188355984,90.17379842233785,watermelon
97.12539378844377,25.271489764027677,35.21926635521618,27.31467495957413,61.353503264512,6.552474758439188,111.94394200483956,watermelon
110.20946124799808,26.464935678880142,38.76366304089018,22.7660290835821,79.22469407784378,6.3685576387270135,50.63659262116935,watermelon
97.35232146073307,27.179408593740174,30.781780104135876,29.967728605698454,76.84861604300895,6.601844999417538,80.08920205944452,watermelon
85.92710921317895,20.95095217762327,32.824299804700495,22.64437625552692,74.67660238842912,6.8086352175333715,63.90080847582584,watermelon
101.58091774050598,23.659954332041977,28.774744150208242,29.995603162422288,69.23838586821275,6.2230489774463225,100.66800772760615,watermelon
87.47073665080035,34.77099748740219,29.587045784316665,26.537417590943015,77.0287007571495,7.062905286511003,52.30375578684575,watermelon
91.84697258406409,37.418413216997976,20.366523370903973,27.452534462619703,74.55651338347887,6.932784128226864,103.23725414731055,watermelon
109.02767395658984,33.84061390306226,36.43079721851304,28.456906684495383,68.04836988513964,6.707863664871882,100.17073478770155,watermelon
115.05224118667175,25.444376016795513,26.841535919421418,31.307393963624126,71.5702358481889,6.268442725702502,96.45865972386679,watermelon
119.63048622157518,36.46907128940801,34.91482273102805,24.08046654266269,77.52279569368014,6.78868326530332,112.25030154503689,watermelon
93.19311317699517,21.241021052708653,29.519519373194925,24.698376048178776,74.30458579552597,7.435659829284049,98.36819058060948,watermelon
115.47735718836813,29.06048027202413,35.432814743906036,30.430434366717034,74.21751255167085,6.761665929104347,93.81062767307577,watermelon
108.0202798271552,25.061688064428537,36.19158521829969,31.503245389672735,69.30478630359872,7.051600774664816,101.59181340532479,watermelon
106.48990190085921,30.94230216657271,37.63295909149621,26.489267092688944,61.222059129732074,7.26683456356824,97.17868906215855,watermelon
113.97034505998586,22.770948848893887,20.615058810194327,31.34374540382501,62.95456611701149,7.214478498105677,107.62469595264452,watermelon
108.34820802196012,22.625244221857418,33.347972491216154,30.890865833268656,68.51063289601767,6.620275281567898,81.00008167055934,watermelon
83.29087562704825,37.840511380599466,37.383657279610205,31.979093217902864,71.70366282996827,7.126787454677078,64.18703344151133,watermelon
106.70115272896678,32.99465697514781,38.02417471683225,30.307927228390742,78.76932925235526,7.303250209052411,110.80857264291964,watermelon
82.54893306754873,36.919239053919114,32.149567890062364,25.80444451765961,61.130292487761245,7.01651066215207,72.97412253763322,watermelon
98.71105059944139,33.63456874110268,38.23549094048286,30.254369156049982,69.011942582072,6.581674736169568,66.78458171908332,watermelon
94.89707004703872,22.220927745837965,39.42211016729509,27.73917443959579,62.55611685590426,6.529209013898859,88.29274005344593,watermelon
101.31542546563479,20.71006737437265,39.01682068458223,24.753756814749448,60.32369337863783,6.114666013425424,90.61364322735838,watermelon
85.51142082700387,20.834495857070067,27.592529328254226,28.227611923401888,62.23679609683225,6.469991748226973,79.24324701371796,watermelon
86.37840391147068,30.1214779693342,21.70428173803542,22.465184963450685,70.39670734310269,6.371845459126313,56.67616655286193,watermelon
96.95650349950529,38.302814790347895,34.483848933083095,30.156159153470277,77.43827977517273,7.458941612094629,103.42726014599211,watermelon
104.33631687757918,27.308517606044944,23.63286473115432,28.866598739832945,79.89899972243884,6.701038026928378,100.65755576649653,watermelon
99.80369799972624,28.638668467269532,28.2061122711983,27.046246829316978,67.3379132373075,7.1231599827327114,111.19904186140616,watermelon
115.31541226580737,24.55397426851652,37.91818277462981,25.415512318551052,66.18615330970596,7.090134086097354,71.32874380604026,watermelon
82.1186562243884,27.47235544620616,34.42931200716698,25.269584202701765,72.59118111990293,6.990179166394696,101.36152082084493,watermelon
115.88521865243746,28.651289985368628,23.32864153324914,25.189257154318895,68.64334510347972,7.07083720399217,50.91854878931434,watermelon
92.63141533759516,35.59685162038633,33.417154066613904,29.31739973585605,76.23621538878389,7.174853578316943,97.75282163069446,watermelon
97.58646129482362,39.67196657756308,31.381463911801475,24.02769209368839,65.85625710209568,7.0403436839557045,114.73176956396244,watermelon
87.1488051682359,21.646929914915727,37.63062096084012,31.152779789128346,65.52758690631799,6.5659285865568595,96.2131598248501,watermelon
93.19720083369899,37.543174165401055,22.151574054277255,22.37982220960195,64.16972413485578,6.429131667307454,57.90486139022126,watermelon
82.62761717362586,35.112154270035965,23.285531318045148,31.13922199066304,67.35999322896193,7.005908714582018,65.77814803381602,watermelon
89.61291073967467,31.494184057351507,31.212858502919723,29.687292280120815,75.15626611388532,7.006031646995492,81.43913961254437,watermelon
115.62561545122469,32.45156980442597,39.80396980924714,30.193698179343585,60.88619622476652,6.480890860620477,90.03130015296662,muskmelon
108.85878151485949,31.006729955238832,35.72260844924364,24.826556527573445,63.6782410246565,6.080875025684655,90.13196212000653,muskmelon
107.54398082701981,26.522994342387232,32.27168369711753,22.521572308533294,61.98586692593607,7.052632158387747,75.76487936521092,muskmelon
106.85336124412022,36.63442240559836,37.05244874952234,23.72167645464451,69.72571144702692,7.10089008544873,104.17864173868372,muskmelon
111.3870392291551,24.56334668761169,23.850696354475467,27.90012468273696,74.82171595476439,6.47870927330129,57.32936098036951,muskmelon
108.6698553164031,25.99395662760009,23.327254486234438,23.477235283971318,66.29819095053432,6.889017098870618,75.08815670856717,muskmelon
80.82647406373727,21.93816869355622,25.81006494397238,28.597044821470917,61.970301469370675,6.840985280251022,58.3920109576803,muskmelon
88.46461309397526,23.443770551115254,21.34457271141621,28.7132981738659,69.26807094772069,7.2465801613460075,56.92235879876219,muskmelon
85.78931733352289,26.12915462700901,35.31731973877616,25.057588231556988,68.16837414997386,6.452405349445747,55.615700426072095,muskmelon
117.5773449158475,30.970779841423777,35.75666376370994,28.58357092185296,70.2850855812395,6.134517384989071,94.9913481689213,muskmelon
86.21481423747329,28.287663387125534,32.582262869608606,29.822290004721232,73.7009035141724,7.0073002935819435,60.43295464226453,muskmelon
93.84514160286352,20.85824545320388,34.38953786352929,31.525859813174193,65.28220780358151,6.131545063743464,83.28990537275575,muskmelon
114.26792892510275,31.039483905435596,20.935543003802266,31.74272240527946,76.57299819925201,6.197391115577266,114.52584295524562,muskmelon
98.02753154420755,27.437959811498825,29.221066610543765,30.34571956870947,73.18959356573572,6.088872678599591,117.03230597813196,muskmelon
85.91136533913271,34.91135903470702,32.72273060856262,23.87528047946561,63.41464152226099,7.305491390557038,79.3786446449718,muskmelon
106.18306056696554,30.081420077133465,34.54707034151919,26.792423750393304,65.74759830511137,6.545075056494745,110.135438611524,muskmelon
98.72138771690908,24.268986644892188,38.69210776154506,29.96600456498377,61.11332292112398,7.498414442970777,98.64486875080716,muskmelon
86.41066396162347,24.743353625971928,33.84890962483094,29.79761055279122,64.78071886299612,6.385453280848906,71.49844864104426,muskmelon
103.92073459346547,23.43632356602554,22.08486397769555,28.788640890855135,75.5819587958634,6.751394106624758,75.46828971878698,muskmelon
97.28170854105906,27.768156677439038,39.19969816475351,29.680899052191403,64.1617442970022,6.57628372808097,88.08086039541769,muskmelon
104.51943448254754,29.36367792057534,36.20253270023918,29.676060194582316,70.10315837256334,7.281644080172596,102.57626713096701,muskmelon
111.14327394882574,39.12801558866833,25.329338824184052,24.676481623668494,77.7790451138128,7.158339560078519,114.85818790049392,muskmelon
82.52520641297812,32.55514154523193,22.89256676246895,27.038971982925826,63.11493863706888,6.192117763477319,50.85178417674232,muskmelon
105.20955249531617,27.18045233380172,22.103765697579433,25.2283777773131,63.3788818290317,7.412542247252489,72.40034200329437,muskmelon
93.35814093157559,36.79716006799171,32.955115225720085,29.101716074030016,72.7200360797792,7.419294425922848,64.49005820906316,muskmelon
119.56156967023182,36.619123551130265,31.779451777526845,28.62371624396249,72.97651753001227,6.087594336088731,65.2611548972357,muskmelon
118.45883538098997,30.687288577187587,27.567072065238243,29.62038463389075,70.4903788531162,6.019744157147846,101.53663177005825,muskmelon
109.28870240211445,23.30297424219949,39.13320176848427,24.23908131541114,69.15498734764398,6.172103941891372,92.22976236154119,muskmelon
95.0180448022885,27.06346924419411,36.53953754441895,22.09561712850478,75.95893541784845,6.857172848622118,119.02689594361394,muskmelon
103.57772882416995,21.10758268295916,21.012906528874527,30.83152986371832,76.82428291022106,6.518835113373035,93.2622738926796,muskmelon
99.58365428222402,39.34328110272104,38.99921801753783,31.838390085407745,77.32897561268528,7.3643273861626515,65.20951451369955,muskmelon
113.24027155959098,34.17714226408549,39.2557301765614,27.712618284426192,61.70334333421113,6.89609833678073,98.06066496149015,muskmelon
88.81284114849713,27.882267670254567,31.970068281033598,25.741057373165056,67.49895434477328,6.199629958759196,115.85227061543662,muskmelon
110.01977537980386,20.02486877732204,35.3122656804433,29.397949926578587,60.19461920311046,6.554406446420646,92.47233832278715,muskmelon
98.11002607432144,35.55972237441014,28.50916665268868,23.538629694538372,79.52831248547658,6.36305998916407,100.23846173789326,muskmelon
85.72625246656288,26.580252275678653,28.840552168608475,23.922320045270638,68.99919152737219,6.235744234487625,89.1304577290123,muskmelon
106.54853010080777,21.248685680560214,37.42264242164336,23.851408850420356,64.50724850640648,6.992024760124594,82.81257423040898,muskmelon
99.97582396684263,22.563099691262654,36.114716437528166,28.1705424610421,62.707640866189124,6.560999050538394,106.72869529145211,muskmelon
102.73420183946483,22.17297558265861,27.455540915785733,24.426943984557347,70.34931107307453,7.265041693307984,80.53869943630939,muskmelon
97.33368121473292,38.10701804654074,31.523708250145447,27.66191087397407,65.23819783750778,6.9115841217556895,90.31373271921774,muskmelon
95.87405881367457,39.81391131798361,37.63781929896173,29.495862900768156,70.74691176826,6.693089702841945,62.942817665623956,muskmelon
92.22949896058495,35.479215996464205,29.074979078751028,30.822695165695013,62.95822272691058,6.762520644020455,95.2875978814916,muskmelon
100.67393825231704,37.784537831699744,39.79126563658279,23.158346583413696,62.59909808153842,6.195486170340182,97.68239672493692,muskmelon
94.90704381983352,34.66629322531812,28.109429457739573,28.276067213320637,75.39716011357787,6.822323865982381,87.76525133150042,muskmelon
83.52937301142538,28.215634858188697,30.915543064498753,26.6198082566641,78.01564000376851,7.359795948179234,107.53421664121332,muskmelon
95.0119230149248,34.345983033750684,27.905769221392198,24.32593598975759,66.85805287101763,6.106446949928303,73.2244256303253,muskmelon
98.42968869044687,39.1096178956166,26.2682117243925,31.024535392055206,64.57716551646995,6.286453346638874,86.32968195025154,muskmelon
106.90045477189624,20.886645016045627,24.421317300944335,26.556836665013165,66.62008671966363,7.068931619022482,85.78124172289218,muskmelon
86.414364224156,37.88930758630181,25.85811350966719,29.311311089644235,75.5983155821082,7.444736550384153,84.89552265668709,muskmelon
104.63342061857729,26.697525869590674,33.56358586824133,26.6338348586632,68.75304729448844,7.283201293674158,53.51181904490821,muskmelon
115.27849711327474,37.04139675657114,30.12732507123578,26.902028542056282,67.23614736070981,7.491260687522601,57.781853292768886,muskmelon
103.60860942514428,33.63363180224834,38.686600164338884,29.802034968567614,72.87694405623094,6.175218475218184,76.16134617820272,muskmelon
85.55366570191941,37.624254649310274,34.992423111272856,29.575367867972293,73.04513035547089,6.7605653054050645,60.497974162444805,muskmelon
93.18779546820207,22.738315849537813,34.49826285704687,23.60228776022005,74.04227100343371,7.038383084393857,82.15131352939022,muskmelon
85.40914616472209,26.296016522680734,26.401862181511028,29.003851331432934,62.27486038827449,7.243602969324137,103.27051031301397,muskmelon
87.45227672697095,34.38328763557779,33.37026362935644,29.481208001109263,63.77857110897389,6.236385483234703,66.5538790145928,muskmelon
94.63486812595903,35.873299620716026,34.758478749577,31.25451592278533,61.17259118197231,6.017334421521278,98.93971807905594,muskmelon
91.17149983176662,26.681577910676353,30.936040518290245,23.024131231267987,72.853888330961,6.487721169346726,94.29005870106941,muskmelon
113.36027652293544,23.422226666748593,38.617461858290405,27.306881410624438,78.45855530347937,6.311595123302667,92.31938652229664,muskmelon
96.15548469294419,35.484443823120266,32.11817886426593,26.945154569583185,78.25970812862018,6.56567559625752,65.3986143428727,muskmelon
104.32404747408367,32.480568743456274,28.78189243143751,26.866100436893824,79.191068285998,7.099028537095202,57.74212260378039,muskmelon
88.48520283482443,39.51153268871118,34.52931107587062,31.150451261446534,66.07722927977444,7.112800290129888,99.9801895966458,muskmelon
91.787599417575,31.016326509014107,32.548302225405905,26.81131810827465,76.54357413316026,7.249303562696984,109.54203838110897,muskmelon
112.13694276392651,29.761669543942894,27.628765962980143,30.313762837143706,69.80402917112534,6.369557097941973,85.51404726255514,muskmelon
85.67399287676969,33.83258981197598,26.718425632478127,24.606587984474544,79.1301749246949,7.165321493637461,105.09486519067522,muskmelon
104.94887877116733,36.78345621020594,35.18324962326763,27.987737041336167,79.22248803703434,6.287392424526635,116.03658032963257,muskmelon
96.05752647995459,30.567979668029732,22.454786390886177,27.40107438921791,72.22413503716388,7.496552312712786,118.26346877500686,muskmelon
118.65589167497149,26.967761202041146,39.82532997490087,26.55478151595111,77.03672517523802,6.324479953528458,85.40832257596216,muskmelon
118.64048384510421,38.94062793846855,33.674697556428534,29.978143225530598,63.52853393204803,7.082487824226236,93.26355658347606,muskmelon
83.66206943004984,22.263180131793526,22.168872355025236,29.243569348298358,62.83430416495145,6.701598406671706,74.98872641144304,muskmelon
102.02016563080872,34.12952974438806,33.69445074442664,27.155199159143766,69.2866974722077,6.596723392683388,110.33369638130657,muskmelon
93.23407219490579,25.1873164233499,34.86630987310542,25.597634616967266,76.93997199514537,6.491833077955717,99.13613772022117,muskmelon
81.80436025141344,27.711257602206402,26.86460349935103,30.166787392759232,79.3411080645662,6.691321915039442,107.73853940076307,muskmelon
107.98778803829461,39.347719753273864,36.222170286856496,22.774780659637305,74.26563444764473,6.80324957313356,51.1505240552629,muskmelon
90.05251834901775,38.43510490053786,38.52122745573506,29.988504602006344,79.63559206555979,7.209817836936307,50.714293109967166,muskmelon
91.51337361206048,20.612483644755258,21.88215937475119,24.18840816950776,70.07117092651045,7.271298005193026,110.33767293099757,muskmelon
104.64807434229186,38.5635187813247,30.001246531804163,30.890360441332014,69.08130512664025,6.415837511132823,114.14890426702993,muskmelon
95.51740302715477,30.068082176889234,26.577212650613546,28.6283760029073,79.90062450012071,6.038270323297154,112.98936042049709,muskmelon
80.15704227957062,27.284557622924222,23.372136125790284,29.573417806725512,61.01221681514347,6.830227430376492,70.64482936917189,muskmelon
85.34680995458808,35.43636424205282,24.348336685105135,24.23675212054939,65.50153570275846,6.880150145742041,96.17661521835238,muskmelon
80.70410094805379,24.83739272227581,28.619416850105658,25.31976952161233,77.68341317021772,7.181563096329628,93.81231508771793,muskmelon
93.52169663988158,34.0134468969232,36.87276025691589,27.948303773589867,75.68922933786759,7.1236574420996215,90.02161178122256,muskmelon
92.48732867286044,34.91564316002544,24.135927327152128,29.794883464715337,76.09093384285066,7.23321731935556,83.10411796849203,muskmelon
87.69923071081686,21.994472001321373,34.867225009758485,30.86261384529813,73.01676717673813,6.216240090582555,115.44275139623018,muskmelon
119.56408058157278,28.667572198698437,31.896505785475426,29.772285200016576,74.7277958010009,7.451680787900174,58.041816375515225,muskmelon
103.22899464571222,33.838628393461846,37.8019684837534,30.741096277181505,79.5599958712258,6.768117680906519,108.15326067692587,muskmelon
97.09126832509311,28.446277557120645,25.066967289457182,30.182372870192296,79.71630211627031,6.3845125925208865,53.92921116147506,muskmelon
112.62169749676029,32.40460105069512,39.193976011020084,24.522392190769523,61.42055316002562,6.7386633912997524,55.982621607560326,muskmelon
90.4716000441083,22.519557216383365,24.482643593201573,23.061446528213917,79.07811998854571,6.417844070174604,81.07283101947958,muskmelon
115.94447230536889,33.546431759229485,32.36074961123549,29.055631903608372,76.57644514210764,7.316503901777642,94.98477694655185,muskmelon
115.6002909877623,30.707950548509537,25.54581712536847,30.800767088838445,70.82945654826175,7.359206381350852,52.81174697654068,muskmelon
95.90063006164942,38.95610036724936,24.993001855166057,31.415362460384927,79.078049222585,7.323213471338791,89.45676315653091,muskmelon
105.87757796322555,37.39233996899738,35.51794164778369,28.300938494554117,79.64518815741405,7.028514954500541,118.28373947134328,muskmelon
82.29553898428362,22.77920741484425,29.02917692000981,25.84879460884315,75.65469682714055,6.240921039703806,118.3266625378042,muskmelon
92.60263501043656,28.57847415480319,25.49490064880046,27.793636173265472,61.172574008451676,6.224516258355673,102.20583923931069,muskmelon
87.46002333619215,24.710289031133257,35.85964471449675,22.933011783572535,68.74947645541681,6.034595080495841,74.27651795225327,muskmelon
107.95925610443018,21.802065594344565,37.7666925355752,31.09499042940716,62.0998075025027,7.486098654563665,70.82706873768423,muskmelon
83.36406684526425,20.101342289945244,28.170457915277254,28.298099857061175,66.64358499806626,7.255076048211934,100.1624392895535,muskmelon
94.0064612787213,34.686193332172095,38.809754739385,22.93095998543017,66.12207920315234,6.69498890867504,84.85930894283379,muskmelon
101.68782579544295,26.01253813077297,33.34519291964698,28.450845035298297,71.55643012543229,6.170642582566315,83.38775237671612,muskmelon
94.24907549957503,29.82076939676245,38.43732871030052,26.805313431584082,60.279615836790235,6.658255107126196,107.44537260345675,muskmelon
111.20243692872673,30.26780147056362,24.995380257186305,26.65088662914545,71.27404438836383,7.499807157411201,95.09246631185641,muskmelon
107.77059720250455,29.829082871361038,27.089791015650597,30.12952983647206,69.89864648678473,7.492035194946787,81.99844019876309,muskmelon
82.72001134590309,33.651562741801655,20.932829018516223,24.505015968847033,67.07476505559806,7.109225378431992,84.5965148485329,muskmelon
81.14583725241026,32.33699702551844,28.228724748533246,31.21834509967107,69.9912462228047,7.063462718909008,65.32079446306828,muskmelon
110.43894258126613,34.419106209673444,38.08163417082616,22.338216417191994,68.95001395234902,7.018733104109446,56.66147300561505,muskmelon
96.4241626859565,38.84293206132391,28.718689817822565,31.854047834806316,61.136781221596394,7.076744664211337,90.67113653737886,muskmelon
100.02158708528502,39.41694802970019,22.593008009822572,30.959989516809134,73.8248082227322,6.388494109949449,113.11684019426053,muskmelon
97.17179671444053,36.28454656146142,27.776730340948,30.50930827433241,72.73258236890098,6.211569950375591,95.47642144286692,muskmelon
87.6537905080749,28.238452557883253,23.405911685040675,22.220161156671185,64.23773078899914,6.804558035586188,83.70926774441422,muskmelon
100.05988382144255,24.953737568932027,33.70322401228373,29.04263286820346,67.15935651119331,7.321755132711262,95.08162516448834,muskmelon
108.52157101034527,25.546798358778787,20.012232703111742,30.653756121021097,76.44848769159617,6.184787832064245,76.18735944694146,muskmelon
106.4535723355433,33.04221714437456,37.207006696171135,23.402681616354286,68.59879495570237,6.145836626889637,77.27166739070397,muskmelon
80.60429782350818,37.96546130220254,30.54087993657362,30.498022608023536,61.19809402006727,6.341187165709381,68.15659966548264,muskmelon
95.46765978555152,36.057327447950925,27.731157474629853,24.04653529646327,61.29980520677537,6.119237622529031,103.20330441726841,muskmelon
97.79211964146532,34.52362244000031,33.64574243527395,23.353624617602577,62.85775868384535,7.133013023151201,100.4887805439792,muskmelon
95.12123067497241,21.548445266656802,20.241960433969044,24.881569494617448,60.18444547174454,6.345108931655555,79.3650518147937,muskmelon
84.85663061247817,22.085555156630925,37.928748714374734,27.85470029022889,78.68911373525563,6.5187392456785185,97.40014561304142,muskmelon
88.18766698487161,32.366806345598825,22.591714600199687,22.020806391762857,78.63063602819159,6.832341564262814,114.88584639474276,muskmelon
93.35326094808288,26.555721383235138,28.013100035460635,29.06040983958168,71.31617268372348,7.388032360648677,51.78086307927075,muskmelon
108.32783751890146,26.606553787331087,23.604673036369224,27.10395622520099,70.10127568359992,6.205516543032642,64.13272392930229,muskmelon
96.3265865960622,28.176228247846307,26.351162792393694,23.48545151509981,60.08747358201959,7.455352593642031,116.0449460792749,muskmelon
99.34601516704541,39.90103506550011,33.47308661564487,22.688575376075416,62.35436398165255,7.374166265804456,94.103654150474,muskmelon
113.72734506629405,37.96539299267688,28.95884022564772,22.48525951576693,63.76560697794644,6.099857920953653,63.21178919889552,muskmelon
96.42131705823508,22.36393621029971,23.334664956106867,26.45821782071679,66.80341900776979,6.701487186282062,80.04204194313434,muskmelon
105.77912103919533,38.743790977517094,22.15728676888485,22.99260149309195,77.05612222181804,6.7595950569786885,103.64835164979095,muskmelon
88.61687614429125,36.57725146335103,38.476932483853915,28.35483015546488,62.11758042947604,7.342942221234509,105.474140915905,muskmelon
110.0351110605796,20.73456377811831,35.979250505139426,23.37951010468357,64.44772352393777,6.865702252303886,68.54865410418182,muskmelon
106.45392825247679,32.161408953981635,22.162991960265252,28.560145795915062,78.4790981964986,6.2416648577787495,91.79434146600212,muskmelon
93.67461487746776,29.19223343547208,25.740003581579398,25.541306363476952,60.578236465331145,7.472327606875831,93.73599454509238,muskmelon
100.02822361975541,27.674306990006535,30.78749117648055,25.80105998715804,67.19815854987347,6.6959198125830195,69.31881235698336,muskmelon
87.20199599867142,31.13211796360587,36.85530872300602,23.528281777258922,60.65468681208437,6.370217617731054,118.58044504176675,muskmelon
113.15032294973358,31.91732107057193,38.584978304862716,26.452791168372446,79.66561205150347,6.444453067678926,66.82140246611573,muskmelon
105.52192804588044,27.563079359007208,32.52731083952516,25.049955183026857,72.35836513675983,6.413619390877555,53.568044817322296,muskmelon
116.48543607692733,37.664104037469244,39.41596298545344,29.165271762214047,73.65442355470606,6.838504605112246,58.815969144676586,muskmelon
87.5694124379708,25.789393773450726,37.803127251467885,23.72969524603075,78.45746348975781,6.7841785995771255,100.08987448311505,muskmelon
84.40977946722266,25.380670975518218,39.17037216362853,24.661499469297315,65.93043440782293,6.296396077261619,59.03515657147807,muskmelon
89.33030565815992,32.846537839015966,29.10735467007127,27.537558363378984,62.447296575320486,7.20317467074435,104.88662904058936,muskmelon
80.86359644570702,27.670301890206098,21.375412039422955,29.921057794149583,74.74539366251409,7.352982141439734,66.54827712671802,muskmelon
98.25183532511195,23.689757543287953,27.42469868948239,27.222432515668842,61.06661579677178,7.072305616016077,88.03053522597526,muskmelon
113.15836068842694,25.435610023823944,38.06642210538509,31.986942530304432,78.38596876755349,7.166838713749732,106.86581620116465,muskmelon
102.94976970178345,23.80307725825221,33.540813702954345,29.127530020599316,79.70770280535811,6.811951974384483,68.99583105175395,muskmelon
107.34690086958027,39.587516393329096,23.54427816538188,25.259979185356027,70.83761907545362,6.2553219523230075,51.55544476639569,muskmelon
93.47932489765003,37.30741603002116,20.869367986474295,26.289290590169173,75.24401545852164,7.429773895366328,118.98327793031027,muskmelon
96.87877522434967,39.007685887582355,20.708379465617273,29.459169379985564,72.85492069267227,6.374282786379228,85.51229504757542,muskmelon
85.18214951041982,37.43194301903122,27.157961710912957,28.260444704657164,63.175525725745246,6.3092472669468105,119.43694595622064,muskmelon
110.12345577765316,39.23943739548142,25.91702330424088,23.645628766198204,70.06136926957662,6.742002423341015,62.24625596305915,muskmelon
109.3287827832564,27.23555068877468,23.727304618610347,25.319833945432883,71.27317399270031,7.089706398270665,83.73236202402393,muskmelon
101.02379959313494,22.778918718854968,38.29381849416464,31.287241979920445,73.66853180836007,6.026447113401037,87.59519511323282,muskmelon
105.16875888354454,39.893084459162196,39.92133910389593,30.576112353255574,61.27661984052227,7.429914586168095,92.88628730063994,muskmelon
112.03547081916719,28.143856993717073,26.393389424691797,26.63244145483808,62.93749025937654,6.535599208129959,110.0332249837795,muskmelon
81.51801945043526,23.01756093649209,22.50232319298971,26.03075542700228,79.93973801781723,6.260036895317074,60.18378547194821,muskmelon
116.60222919104618,37.641010339319315,20.64480739993109,29.51705960179315,73.10931402952859,7.151611214779063,84.61517183571455,muskmelon
119.65516873793183,20.876940374219263,24.687431728076113,25.96545986973615,68.99555883131407,7.382051104049278,89.20030548540811,muskmelon
81.80443982081576,28.157259268513236,28.3298082473814,31.65490938437785,71.98394182042216,6.953476606738408,99.92771218758895,muskmelon
110.80157262728493,32.70102140404978,24.74388702267871,30.74045914341164,74.6423960082126,7.1128057276454335,119.75897174643244,muskmelon
112.10106139453264,36.583028063103065,39.02811031420317,23.51133999848894,69.95454752956135,6.8708505353861815,73.04930104557204,muskmelon
113.57613375578022,35.24839243291447,34.41766149016248,31.97149439758167,65.1876274681678,7.103185877513132,88.59831324341305,muskmelon
92.51956729975504,23.211737414462515,37.917676741350945,27.954554827078454,76.4986767528159,6.818017476002318,65.39839564578136,muskmelon
93.501952524013,27.63077684947093,39.45869625007404,22.056332783813826,79.71332046049014,7.470692452664746,119.73055533710956,muskmelon
99.06352715678538,39.27617939241999,27.911983636996545,22.262944406683868,64.48694372743529,7.417944367406077,50.963528533478,muskmelon
101.839765416919,21.512031777893583,25.72793156855157,22.880928507118867,77.19057242226113,6.886606064471559,113.1474526002819,muskmelon
107.53412798160913,39.420582624901996,30.197553095208132,28.387105817628743,71.52617639778113,6.7263906441699195,109.21715557961087,muskmelon
105.7810054268144,36.026245297109455,35.72727873204826,23.910451606552954,73.00327065035287,6.299472028772001,90.83243347706396,muskmelon
107.09738737785202,39.94470143175174,20.610839562994766,22.91242394113721,61.54053392742463,6.59754192940011,107.51118530400696,muskmelon
113.76225331148542,34.73959191442303,37.93756483659895,25.228599441694527,61.763092885045985,6.087229541984775,109.64929037335705,muskmelon
109.21745177414765,33.97230612022241,26.793526770913374,25.799051886182262,79.16227057798639,6.095707116146903,104.16122158564548,muskmelon
92.38533294833573,20.781092368251123,34.85140221484912,25.309118856783748,74.44295037485594,7.06148157467718,87.43508128031806,muskmelon
111.09492516842195,31.62076648342487,25.732737056965213,29.34115301064419,71.78279631755447,6.019090922534881,113.11509244392165,muskmelon
101.82574473297254,37.372545309590635,37.65473677964489,26.449666567350885,70.15319992902462,6.623631581513402,81.46057427156319,muskmelon
115.80588635886912,35.76288027935822,22.53051352631156,28.103077815400958,79.91813280772685,6.893326051848729,105.01101379151739,muskmelon
110.76245893524684,27.00635051744657,27.436986054079178,29.240764217904033,69.9996706320967,6.855856063695582,99.90340532553863,muskmelon
111.10300108156201,25.43033155466143,22.93587518873926,24.91794646723725,70.1507665018415,6.513211975945559,89.78539311933156,muskmelon
82.13862896502513,30.195008232275345,27.35969813875416,27.346667548928824,68.45066709769954,6.426338775956314,113.2875533820345,muskmelon
87.39059953685428,33.6273115116112,38.49289425164828,27.38669959685433,77.52816977158965,6.187277217649926,84.56521391794857,muskmelon
98.28101121923757,20.162376140739898,28.865146827186692,25.69029756382598,73.3959745554923,7.407494667864778,56.00537617834256,muskmelon
93.09905546858492,28.881294747885036,29.103707560687667,29.748097208422536,68.86791331666882,6.04074195218048,99.70728662149818,muskmelon
115.39318780582687,30.278094250993455,31.622170433970105,23.629364389690462,64.41291889357915,6.352755358686918,80.15193824169067,muskmelon
117.1258088358257,30.43569533429772,23.841952904027053,24.660877358689497,67.68030059454368,6.934888463539199,80.80232071028038,muskmelon
95.697793767077,31.294572007979895,24.83669989908931,22.78903272584582,60.48828629644444,6.376888745200691,56.41144239011281,muskmelon
93.45362554083067,35.45867080719511,34.32588660973677,28.109276227880287,77.05000487758957,6.423101436816415,111.9537627120976,muskmelon
95.96956678676716,28.01786636533253,28.10703227251043,22.980943662409814,79.5098099666211,6.207760166737739,73.86200071284291,muskmelon
92.77201281307029,21.493588656334193,23.045202602237534,22.448583361853856,65.84808987121026,7.2999853860433594,73.76095440161691,muskmelon
84.94767328269516,32.91387736767836,39.932018241098206,24.323237895319274,65.5914201074114,7.457770581421183,62.5143401285341,muskmelon
100.44856269836656,24.7930426603219,38.64703795802488,31.81521014576294,76.29395692240031,6.472175723719216,78.24412326963535,muskmelon
89.69222734665685,37.81515934017983,38.291165553763165,26.188706622460472,73.13066139806004,6.248329769662041,80.44551302543863,muskmelon
105.2599642669399,27.70806237036039,27.1519905137292,22.009989922669426,76.08586927554228,7.334006418032173,117.86244706820825,muskmelon
108.77085540276862,30.97584624739769,25.385690396174187,31.992994759634982,71.7950570906421,7.021731108495669,97.76843133687224,muskmelon
113.81007183028726,20.193450776938384,24.404938808627435,28.65534000170014,77.90291473649135,7.028008172882034,78.94439040455761,muskmelon
94.46221983481047,34.75896016566641,34.82475394274387,28.070579925056904,65.82934048194674,7.387732227585815,88.63159594830474,muskmelon
111.61969424993322,24.28616524323663,26.880815772294557,30.745795163873424,61.00214059879937,6.7684729668849934,83.71938358908062,muskmelon
110.04920755632328,25.63787541198665,24.38133643719199,31.261328387732338,71.4341930391693,6.157034352425482,63.51253135500247,muskmelon
119.95304238056994,23.912179925043848,32.20951022707357,26.20128078995618,77.7119818969967,7.132752888442992,91.78659773832712,muskmelon
80.4295592719193,37.59590414986919,28.893349416774328,31.315776530185765,69.91078025708403,7.041336733774088,54.85048546266495,muskmelon
109.80606614107143,26.759920626238458,27.027180286635616,23.1865584470939,62.93714297280405,6.2786385843093155,72.97443179999956,muskmelon
115.67879651102422,27.365204764601607,34.487254131264365,22.827475038898715,71.82197598543985,6.722836846905659,118.45705628681532,muskmelon
113.84831079515851,29.096595448772995,35.50285528090677,23.930387412937776,71.24672654783556,6.1119285833530625,74.36623225761781,muskmelon
89.03448726488682,34.37819630650422,29.80181382428723,29.510704788480105,70.30590875262891,6.129726663227458,101.47573548127687,muskmelon
113.32917055951222,38.070624518255855,31.439838906134163,29.53585358999495,75.04088673765254,6.233624639698417,61.495448122169954,muskmelon
82.83542023236504,26.39827270280603,29.47017175482129,31.978978527542168,68.61986684136339,7.089363882761056,98.53779183907741,muskmelon
26.134458507517387,11.17014302898873,20.92013503067175,18.403667107773714,79.96503580372512,6.037916578421756,189.63645620810968,apple
31.457973676075593,23.788234168610256,21.96505861034104,10.635745519631163,61.56776853940517,5.531146134586692,137.08340845939895,apple
42.37403146298033,13.455107879814454,22.117059367677918,13.465933360372935,75.93985247958145,6.6975942235044865,177.54145149664237,apple
35.7450054140413,15.691334201597034,26.188880877572693,12.233206743270898,65.79519204057311,5.775921559240932,167.42101603876478,apple
40.58708084347454,23.05019985573506,18.312029337293357,11.202052086417199,78.22339169030042,6.261596446018357,140.69721949110914,apple
37.6647467974488,13.855808716382116,12.650975582097487,14.866302657495323,64.54441388199821,5.866435441805747,189.25114877785293,apple
35.92277531557475,19.669381286467022,23.789591874571947,21.418577364120875,62.243971289411284,6.750301850663886,158.40191798678458,apple
24.384960614355116,15.942986373779833,19.64722832929479,18.294125734929075,64.85214033906904,6.302318223201385,168.46716274158618,apple
33.46222252542519,27.260519222403516,27.38918205680809,15.64829461168535,79.45851420817799,5.613377638608171,100.33623783229366,apple
31.42004791411757,22.021941227450185,22.58400314899322,15.717348835525943,62.49766626481292,5.755746282681842,185.21479838520094,apple
46.03733395217784,23.477970757214404,23.284359445577646,17.17218553633369,64.05851771403977,6.142376050389855,169.5894651463379,apple
36.11756816010016,10.371606681101984,29.071136134401968,20.13779263086572,65.21090028219476,6.424688402749444,192.32393837281876,apple
22.88033036340954,20.060589615934013,19.124860516925892,14.922460063402388,76.7117721778585,6.0709692200461856,106.36633332410076,apple
21.975132264929076,10.85489213049218,18.182908437480744,18.62087533238032,64.07444923861031,6.469702780647324,168.70884721037044,apple
27.656063720467937,22.011153121212587,23.697366800536948,15.599363473625509,66.7343319456019,6.428727327361491,197.7847087328057,apple
32.80524228106934,17.83470192570242,19.285338048522267,10.91462072134058,71.0632655934278,5.993046080825895,112.14221223312624,apple
33.987702233521205,10.067679731479549,18.03570490325518,11.268823215117406,60.485854067995604,6.7367125693667536,191.6248803282635,apple
26.230239450773198,20.785965276685225,15.559163142619699,15.922929264066186,68.73262641788321,5.903576582620729,170.03935796352977,apple
23.794728779607627,11.061455643427342,25.353508660745582,17.99116037464816,69.97052248292796,6.201684655708812,149.74113794914263,apple
33.11072228296018,17.85784591662358,19.99381205772241,16.342182053917124,73.83804628167242,6.566810741101034,137.76290801401447,apple
32.40621568230466,17.47394339472446,20.730715472514206,15.440242454970344,77.79192926272387,6.544541900374709,189.86563837544458,apple
41.27410974678277,29.41984297047628,22.714735565105382,21.562601657956655,63.16339780818852,5.578716521244106,157.91251852038593,apple
49.50479617399324,18.352104946047938,14.240867243859192,16.25849739032217,72.97597249157778,5.972768043273834,171.47693584992595,apple
49.25343521137177,27.93926243421234,15.831707470243906,13.92068419773518,67.43082448899177,6.091829167590468,110.03194991932794,apple
42.858885166678675,17.306785272214007,27.596399534109043,21.123287477441306,60.48862618615376,6.9827546048923095,171.00227315001845,apple
35.611766779788866,17.790552167451068,20.37036265219426,13.895496687741334,72.45375627393096,5.639470414667187,162.11226029118103,apple
28.260345504153324,10.352696581046928,21.05411532325755,16.941373070232356,68.53138009423071,5.608429348825475,189.33429528041916,apple
38.342924216836664,12.314265991379392,20.218611531882953,15.967051791381657,61.20803737585854,6.410289555404422,180.83263989215646,apple
42.47024162745434,14.059388283283667,27.245850591084228,14.11050598791221,78.93016756583883,5.60762194633857,148.62086885198426,apple
37.91373131532647,14.953001969492094,25.427603774404552,17.522748157728604,60.36218874575911,6.412552886044354,149.14782344184465,apple
25.880876051105233,29.914964541190592,27.9432438965523,13.510092340348763,70.82141841597233,5.974753209865436,177.5495751636078,apple
47.90994299589365,17.17657213828767,26.11168498287255,15.980890512558458,67.93157122623154,6.907632778148155,151.04046887190316,apple
34.02231500772395,23.44868803924686,15.22468402036569,13.89751444945979,78.64091672477245,6.517794768155413,182.66371477710055,apple
28.13335285806289,20.875803798597442,29.427925339789965,13.824446788338612,63.20952952634084,6.266329012336996,138.7821088724876,apple
24.787316983601407,27.77102765406736,29.814478211075556,16.822986168279975,75.49353536746908,6.78855755431945,170.0982006021827,apple
21.324681473351937,13.152684634336357,11.419783823027728,10.11855527970468,66.11992817514474,6.088533940722339,124.10297323359256,apple
21.938139442589627,20.59726181673355,15.466386399142833,19.55244585836275,60.16105243250563,6.763790576931416,195.4753678945957,apple
41.48405189460709,24.67288130525133,28.671246232054663,12.508855423604189,79.89131136417153,6.660221805067813,172.65707083277937,apple
30.832717369858784,20.91554970811221,23.078355765466938,17.444114335806592,74.09969276955161,5.623572608617616,135.5648432831697,apple
33.02000049786432,15.212585957499329,13.452545405384475,11.667129758954353,67.3276678451317,6.2401625508438485,106.29764401466608,apple
48.39374283771649,25.30486645721517,24.617035463709332,12.074326299864723,72.07601536024379,6.294587420213001,198.24688457866938,apple
42.43015310240474,21.515237674324624,27.016253329402446,11.861131250328514,60.30433059381954,6.535350000121785,109.83114602372375,apple
23.463009199505276,24.89361452849061,15.410696882679781,17.543574586826715,78.34813852185496,5.974711797456788,121.71441578399188,apple
23.19688651223155,12.609247228394523,11.244453907576855,11.051708545956881,68.64009177618308,5.981297567535955,170.6560814322998,apple
46.10724974741005,25.695464062847684,20.612745133313044,11.22930539479184,74.19534567883107,6.04424308709031,108.56503939154102,apple
45.27399221637877,16.764330343650112,14.364976650231426,20.45742477542612,78.0426773689401,6.0084562557873396,135.48014192813736,apple
37.388855827494325,24.668829876213163,11.262984038137269,17.12012388626166,79.05640123567163,5.89314084576993,190.88272140969337,apple
48.505050222892805,15.383072819421795,25.08403731770701,12.86530009983472,74.75222323464266,6.696129956933239,124.72057037106495,apple
41.47608630749705,26.242090777281796,17.171577442138236,12.012433311876723,61.83929134635027,6.363072555414913,197.80981193157132,apple
44.688509600666485,18.716792778691058,20.73241805709917,13.354334624941828,63.26131734720127,6.22312173734841,146.35015661671852,apple
35.65789858411281,29.056091711278814,22.077906002895446,17.269262039468487,62.56049525722153,6.9947332992652305,177.28449442346687,apple
46.31610032282015,18.28600823661988,20.042561915712497,16.265005709947317,63.8818907857921,6.534233734490436,190.29767236174567,apple
24.91117454415257,11.72636546972329,24.764378110806845,13.278421980075784,72.47725083234658,6.543637506988271,132.1910763581822,apple
44.45433792277353,20.999779642284338,27.379988159036056,19.15952263070737,77.37151264074907,5.530242073176841,124.35062607385947,apple
22.70023821337816,18.841660343786984,27.799202432306366,15.61048314720243,76.99426089160788,5.990767357028977,133.95700728052523,apple
46.86685190980633,18.516342930234032,25.795309755893328,12.839722574582815,78.97601659355271,6.361867369795856,175.9323568578402,apple
22.685470993846565,19.853284516610575,28.020769954680464,20.524463548519655,60.93627914468455,5.95554770369342,144.33200064790802,apple
25.167944430673646,24.599966219799406,13.690239911974231,14.159676332438634,73.26561273715636,6.2231340167867195,173.85710386348939,apple
48.83623703668579,12.330933754303949,24.191354327961218,12.764129867585375,68.28953454815138,5.54929408869271,113.59073822926989,apple
29.59331867146699,16.8397161057597,27.991704329241916,18.901754911198182,79.44365936374082,6.398607265502861,124.1713732091318,apple
29.829650897649287,16.396718465839342,16.52988655326503,18.075570077341787,70.61615856180832,6.078136267129967,114.90897687287166,apple
20.664174888264377,14.376693551753853,12.149428079373624,19.425340370226873,62.24995915627771,6.586342355960254,138.56586897760826,apple
22.20135169231328,26.254600988631715,21.592611404732267,12.829138154362877,77.89362348665335,5.567887470805827,120.1819608197763,apple
42.56140783417583,24.187558606197783,15.785433874489561,10.744298504233397,77.16156144449887,5.970546457104854,119.57134149282652,apple
35.481854670829314,28.204543985648947,10.870931556867507,19.189649056370655,71.44946455877418,6.138173674827725,174.40804441050602,apple
48.97473273324897,14.58412422325382,12.872947301442393,20.954580942672365,73.37906154914607,6.156979032342949,157.3259570264283,apple
42.36841715528732,25.460637974114345,28.397883616379293,15.122113466747471,65.8682182003879,6.459496400184763,141.57278992795304,apple
37.83795361846934,18.399715969119004,13.05991573356349,15.6331210199075,73.81835643882066,6.698925711501475,149.33262767965468,apple
24.957136706312028,18.29375419298863,25.725878576833964,14.954311247404874,73.93061587208445,6.260820522517134,124.12231251093966,apple
43.884515240692224,11.68426908141374,20.49780565510301,12.50669241092086,61.34131257082751,6.254400905624873,149.95621559349235,apple
41.20702705027163,24.895013861038098,24.555829773857937,14.914704795001061,72.63379574453126,6.3654178639659404,142.15617561169196,apple
37.91638082557979,28.94495753412525,13.857874873627548,20.869265149426315,61.06911027966397,5.962583819352491,128.81452486115282,apple
38.79095323642717,12.624499035545806,27.646952236795073,19.942616901580493,73.04131639370556,6.187620747688297,193.29560421420786,apple
44.92239664161668,19.986302961624897,24.037467089086224,16.803159426156213,71.7588447677653,5.996464104156207,146.20846046248968,apple
22.343642923692325,17.14697383329185,23.91657030724304,21.438592366074236,79.2612822552604,6.333584303687338,160.66222518095822,apple
25.571635565029027,23.906162161870615,11.413175853487726,13.416228229593335,73.36726694570885,5.965465197315234,104.98468741144544,apple
44.95611228052891,16.20660014269126,11.262104497173569,10.897457974034381,65.03517597577508,5.7670239208322895,177.43001177801509,apple
29.650521400011034,26.09391570079665,13.476919956463057,15.914550154529005,73.76074267106257,6.477986280798782,160.11294099302688,apple
47.744648057935095,14.570502954134888,19.874384089242106,20.607910600868905,61.55787531190314,5.583832402379613,123.33022875582914,apple
38.99063658614055,15.197592528996138,13.80479767617598,15.505627784299506,72.27196137538823,5.87283656052511,130.0691186723742,apple
38.40677914434542,28.914768439789054,23.494834548761766,19.39484972301472,67.33620189510938,5.908381539076699,145.42677432026227,apple
44.21398486135021,19.125992835811118,26.93450817579722,21.865263768341524,61.440533314606725,5.568115234125555,114.95897029133619,apple
31.531090272030387,12.620844182908648,27.41328955237512,10.277755012324766,66.31585432671645,5.777041944241308,193.15393301575324,apple
40.08443014670084,28.24060512902749,29.446574206207867,15.96517892412843,64.68638216096052,5.790593179294884,122.29188616858406,apple
41.25779922866009,10.808914562460014,11.027221460654298,17.2977153085978,72.84114293474813,6.49789438648369,137.18805045885912,apple
44.1783466614246,20.672491754532352,12.109312600188389,19.56519168480814,79.06135572540916,5.590054469503538,139.13513387005798,apple
34.62548134504243,12.92941520156634,27.35417895565754,13.409795738680529,75.6601707987632,6.506491723042474,159.80458224670235,apple
25.76428546089663,14.414070411018114,10.946968094931385,12.888549157387196,66.90887218921029,6.749717955793638,136.63926667148053,apple
42.638653482968195,18.78884562590975,25.697366239877766,21.71525920524448,64.7968311611516,6.793512417945815,162.18240863057747,apple
44.518827847659644,23.031718045356104,18.478990145483003,12.736899273301484,61.4007045066233,6.303277546691076,199.03260945268656,apple
42.14125415042619,16.546910827980334,26.544096001734705,19.22780800211688,65.63271586706914,5.521461234691352,111.81626385339496,apple
46.319185709361726,26.731260706097434,15.90418001756725,13.422345115413044,75.85729974204942,6.906606204843133,177.91372567975998,apple
38.167360310922845,14.85342700663609,20.514958281905216,12.802142303119176,76.16022840193547,6.0804416192766055,183.36972169940262,apple
31.44827653948176,26.482988103997826,16.666356303304838,15.281592455412039,72.30976838685315,5.605431421044878,194.82070618154643,apple
37.2081735837141,20.156400293816045,26.78787942239824,20.38915275876193,70.44520809058032,6.890893488690456,106.47377660764806,apple
23.396773767536526,21.935764600288802,17.081317235871673,15.570701994270387,66.56158435794333,6.107087967167404,182.26463471462995,apple
37.804285995629144,29.946890985669967,25.737583956419257,13.28399504922192,65.28690235453392,6.00384740517551,184.32594806477425,apple
20.818629519516968,14.603625577425154,28.09836840688534,17.678757232999025,64.53694191002113,5.8287174523488705,186.26181017594305,apple
46.812725248311395,15.122621819242305,18.410207161530643,20.015148863539807,75.4201487721977,6.720874159849126,151.8398190787969,apple
47.346471449155196,16.519030879088703,13.13344268695036,18.504787990778375,70.78708832013793,6.781878653214221,108.1159249124715,apple
45.31077210314201,15.865893064176444,23.09711334336366,10.48154546893907,72.19162592607202,6.575907533781004,136.87502145056203,apple
26.462321157864206,20.7526135320709,26.66381608871293,13.88256829955981,65.04938595042559,5.918402962956532,194.91321529166646,apple
30.77830747293679,10.072084797765744,25.633624159192394,18.39129754402468,62.571365292059376,6.977356373702369,160.80622853051113,apple
35.02338472821805,17.64438535245782,27.97345511127276,12.92756177702276,65.71537800439803,5.68361621002985,175.911909558426,apple
37.866478412175596,22.181323385089968,14.369408620389272,17.814020669525007,75.30916894493728,6.036832796088534,180.1347143961712,apple
30.46371765596063,25.162769230185752,10.67460214915438,16.61397521768383,79.39053121279773,6.971866901023586,128.17525783417406,apple
33.241972732410666,11.259558159732661,27.466826152091993,16.82286583768257,67.70201357881034,5.669155837733729,194.6767285496889,apple
35.90657143462981,15.658558581658077,17.00430260263019,13.248366171065772,72.03619617713962,6.8949453636707645,185.66938033265643,apple
33.81142626277932,26.529987246020156,18.462109625526598,13.027685689103656,79.66830230532855,5.955831351956233,132.37242309869083,apple
49.69078603359567,12.678549863313098,25.2106797601939,21.229753101792717,70.23589988550837,5.50378264255423,137.50589441131063,apple
23.347069771544813,18.323753218673914,25.800535232845693,15.264538586605607,68.63850242691845,6.33518421537827,158.169058474768,apple
45.688889263969145,16.16710878457903,26.43342528736032,16.791204984304567,66.01059099434293,5.942689066009116,136.11375171057244,apple
38.680797278599265,14.616234627198983,28.406671233445348,16.898951010134805,78.40031553992014,5.569606537868732,134.26113704614733,apple
20.684229820628694,15.445036301959396,27.240129445371764,10.43931659010641,68.7229419983149,5.676350605709842,141.68406592603677,apple
45.165547527931324,22.461420668050383,24.735126906628466,14.189249385394971,78.88795390020283,6.563893140669251,142.17988192845309,apple
32.79394400681165,28.373683558865952,21.528093868707835,18.4765505188365,68.34070449026342,5.835539147147071,172.35592919944185,apple
38.23471316424164,20.02685760849559,22.48041879988928,12.499427032770804,75.87877413063913,6.922244207530459,189.11031441677028,apple
29.643072359210514,18.12011546564152,26.168045995951225,17.141405569895248,70.95828887353298,6.889962951300168,153.60249609770509,apple
35.448160387619296,10.840371825327193,11.388339171802752,10.089043694567803,78.26488451567268,6.112579990026551,146.85613761334125,apple
45.36160842777386,22.18492620751556,22.190031927811624,13.55841315225775,76.67816747849038,5.748744964059241,105.31495921729478,apple
25.748100725555968,15.354744375491293,15.646221157084135,18.04616318342521,64.35649174657287,6.514987456742476,109.11321732337997,apple
24.416073832937272,20.1764289698199,28.437916051532852,20.314811065733366,79.37506884885606,6.475718597917257,167.58148664160922,apple
38.750689967944766,22.456378457163947,12.942406901351692,16.52486747396714,67.72135866903452,6.16380582366594,152.36005730592373,apple
23.85188515406755,17.189754677042398,11.268991217532072,21.756017565068788,62.370560576402525,5.887787107817432,189.12929267033974,apple
34.481301387174256,12.712744030412606,17.684610760786978,11.39041593029663,64.00431994169003,5.578044770424768,143.82274945491,apple
44.19908365175779,21.71938357399791,22.126906109692236,12.407008360998883,66.87787686504733,6.767863155761248,108.78561843265146,apple
45.73791961005601,19.67380052529571,26.742948626502347,13.816077032732803,66.77685903166042,6.627407302484714,178.49961733922203,apple
26.889340339704404,29.45742649643811,11.689802084896579,10.82203555722557,71.91008430572205,6.584111151657432,196.0886129224974,apple
32.14837342396585,10.505828179792662,22.05792678892814,13.476352247185263,68.65894242390804,6.232704223374903,106.45126107380338,apple
34.57945353692308,18.526393336086294,24.250885305731863,17.747990934548135,63.70431436301122,5.809208377315596,125.10061787743733,apple
25.36851320891532,23.144263993369343,29.88860358400541,17.82530008619124,72.13363092382582,6.114891900026609,131.25802588597608,apple
47.33221270719437,29.38003748284306,19.935523511754557,13.48240594607869,75.40244415339535,5.698685186300318,176.55882376436816,apple
44.56845122934016,12.498078892543347,29.537229375931275,21.82614748466174,78.73438958654702,6.244052214109397,124.60741422768285,apple
37.46027842645739,18.398676769428715,14.118972894343942,15.084116915414171,73.27779671355181,5.6063699661789865,133.34180014460165,apple
20.533846700384757,24.989910109233513,22.813825352334014,10.75206561642359,79.29475119203936,5.533932335690651,158.99606464760888,apple
43.29102385397167,25.757926260894457,10.685702711864076,20.876981591685272,78.36903343854244,6.342085559731559,148.2083198887146,apple
21.346023891877994,21.239082850197374,18.187581635404616,19.27367688890387,68.07767133772175,6.525371249987065,110.14081462375307,apple
23.988568122979007,12.794203812983167,10.91050999599487,16.495946311237645,75.87935452087272,6.415616805540499,157.49548855528562,apple
40.418717852082096,16.792906461440296,17.23908143296458,13.77124117865107,74.2421786570715,5.7424605035061616,101.30252803129244,apple
37.88589340167477,28.84762729468411,22.188158339926094,19.39505983529074,73.4558141893206,6.246154980284524,171.8392401783846,apple
44.723123715656655,14.49463288343396,16.72260960966291,12.684708790039407,69.04345911180882,6.827596826375001,134.52071008353323,apple
31.234006673916603,27.207344693438635,20.307486614893506,16.425387995769213,77.21602406664425,6.23579010553821,168.15575346293951,apple
22.569339976221823,13.572634262537706,18.087524014324913,15.938068813838498,79.31467402472458,6.9559774495716855,185.11970874787616,apple
29.467965058567238,29.280565816648792,23.78681729352425,14.715281533808804,74.03349833969533,5.52478409467979,114.61546822742136,apple
44.89057134669103,22.911472737463423,17.283894025837682,16.007999682672626,78.10284299291534,6.44736716421863,139.81492839343304,apple
23.609799721926052,15.87493603251122,29.566804655931666,15.24835675422133,69.43678927689722,6.247897048595523,188.4104022948211,apple
38.1178485315593,23.873540729038442,17.78827085098208,10.349051423067692,78.61945828485689,6.923691521374609,194.9153053348051,apple
48.310612599401495,26.304838821391222,23.691921002326538,20.134119019207425,72.01092478002073,5.701554420838035,139.1218165041421,apple
49.13884735918813,17.022756271913124,27.35655827462739,11.118537649298435,66.68367684750939,6.02642998709107,105.16025431089801,apple
23.57282990560265,13.86330422243542,26.75631181620226,10.760823879277677,65.97401802688775,5.515262503883902,169.56277454030248,apple
38.60909270130139,22.899645241062835,17.487655694292375,12.49921385521083,74.40640426572067,6.716676809111043,113.86014980982017,apple
34.60488283812264,14.97431363957725,13.362137224122675,18.811903761939988,70.76193870945674,5.824277998568002,131.0000011211545,apple
48.99961013983227,26.973591294171133,27.598934857462567,15.520145164968497,72.4761452784175,6.065151610306618,107.77119756888905,apple
32.03207931970348,21.879615064142897,15.742885415362629,20.175406896728987,63.022003183491975,6.05069363415538,112.49039053242029,apple
32.14496401955676,10.793226099485409,15.450987901232908,14.808823061364205,69.56330726553384,6.315544537712713,127.49911297899189,apple
35.69124003844617,20.180092431241196,16.32356101752417,19.96240396787774,70.9128225318713,5.998404578119818,194.73385120807765,apple
45.35337239213483,29.651756231036018,23.844677492908417,14.538674866072562,65.61721333358025,6.494976765511721,198.08165824953036,apple
38.80145240311546,27.632298819796763,16.582068620955372,14.883445389691067,78.12550479178707,6.635300052936728,198.1410320367906,apple
43.24292629196726,18.970314144364636,20.621360396447262,20.80618590955764,71.03293472196096,5.883096061246667,143.56198127699494,apple
35.48947966547354,11.934396671022592,24.875253485057804,11.312247200259677,68.09835426737611,6.706933662310607,146.7570361613297,apple
45.26046559155524,16.8376264411223,29.15272587996871,12.513621181662828,60.76528289978603,6.808639814485628,175.22027159504083,apple
26.959515112021183,29.69483214273348,20.045602585370556,21.41278528172996,70.10057542773998,6.207811880156936,144.9138537144465,apple
30.046258283988507,20.674029943531032,19.051093238971358,10.44096251948265,65.20870466847005,5.8196842001583375,186.74356023210666,apple
37.96609931680524,25.27366200899455,29.13652075498561,17.72847127031692,79.6521998280949,5.967646077478195,118.62671823128939,apple
32.09929663978734,19.415988298716158,27.9072308570517,16.719285268440117,65.84361998836035,6.613951424301281,150.5831937139071,apple
24.863958358255104,21.536395751825044,28.227890736145678,20.111471409709843,71.73619945270661,6.0656247608274825,108.69787510642112,apple
34.08946769994871,25.041588750591583,17.20547439466021,12.825361906619973,78.62759438541907,6.732333550686988,163.82756194201448,apple
24.10350031761558,12.898176808123461,12.064391829115579,17.39556000271292,62.31125592946672,6.76394079829395,199.29650018193223,apple
30.99044554125996,19.073396939341947,24.233343539713573,21.24583607590919,77.8818754711277,5.586387743124773,116.90718025567651,apple
42.637915956733764,23.777862160648944,12.664371880802465,16.024774984018812,75.61629262170591,5.828171023394041,187.12876357346664,apple
21.58915324461104,25.64390170136148,22.316377995797403,13.78239215985219,74.41865096683823,6.673548692726739,193.38989713039695,apple
31.03324016462791,23.720334719599098,22.052325538693818,16.302472833485062,77.80832948310075,5.5047509712076,128.21116061035977,apple
36.148317186344904,13.565865232731047,28.157330674655164,17.771141411356183,69.5576598926398,6.7220526385999815,145.08861914651038,apple
36.75959035790029,10.05501991107842,17.314010603901473,11.665485668211637,73.79377361324582,6.2185404384636005,130.17575572502307,apple
34.034970181152275,14.192597759026924,28.50173264972281,10.647671590610956,77.3083407059224,6.267038183100026,161.8946496138817,apple
29.078168627261114,29.333952335886426,15.637019170389797,17.066535965683652,79.86833410214257,6.821641594575169,153.6329825286106,apple
49.71123568901636,24.02739723465229,14.174008322836187,14.867154525229676,66.68986668023102,6.0160205624067835,176.04564393598662,apple
37.52788781818381,10.76185423179057,27.54896967301952,13.561553685761975,79.94149753826287,6.931286095502179,194.05307166819654,apple
44.33382812191921,14.412266633670852,20.65265488057564,12.691631521899694,65.19350911177898,6.4164276541544165,104.08335453530634,apple
49.08375700462123,28.37346345155929,17.615351443154395,16.185069376082957,69.32238838535518,6.823299667926205,168.8601876316111,apple
28.34333742273069,18.936825089305938,18.579319513735275,21.512022019407024,63.50621821029279,5.634364505941644,188.061883216169,apple
46.900579685176126,27.434781758243293,20.219538312511126,17.916933139233524,71.26726095121968,5.604171739081601,159.58348969007224,apple
20.408424417683026,16.499748191141723,28.645851517463342,13.648543235629692,78.79653285288495,5.875200935723866,131.45622404615324,apple
38.8522248931566,25.232539455785897,20.02775536009768,20.585388246329863,60.80480843221238,6.883292257951556,119.6307799895408,apple
46.527162352539676,18.017263589727612,26.655141117420754,18.05998659764434,63.51883264956524,6.8770713548221725,124.55173904884597,apple
27.324203560849973,26.283577932747612,12.117465111450421,12.664430876445524,70.07355146842124,6.745715543029936,114.74839747372675,apple
36.43004703537039,24.22481183605879,27.211904494319025,21.226786722426635,75.69279828937864,6.479242597333003,143.3620085312766,apple
23.36330462565259,24.194743850510427,29.85474608950974,18.841127136785197,60.334221874754526,6.244389967062758,161.46466324829038,apple
40.690226033085295,24.394516712014173,21.16216882433048,12.680323992810884,78.84401322953093,6.544999701495493,123.68400368694094,apple
29.669654968108187,28.438553412607394,27.749703734146717,14.861757260297075,60.76614443982902,5.572746053340907,128.3918290918389,apple
38.87366658016998,21.68389270669124,22.676555738878854,18.60739566318528,60.380645071854765,5.657628392758665,135.94834518272125,apple
24.645799925647452,11.506400850891083,22.81928791994664,19.78403772989319,75.05253314868565,6.725559667913769,166.58565440578772,apple
42.060359654426065,15.435575484166026,29.860160725683286,12.197987853926644,64.28987748778765,5.93338274772377,197.53324301065788,apple
49.64865768061718,25.89787499412995,22.581151971192675,16.24075090221536,79.4124169137369,6.543434204287371,194.47301283260302,apple
29.496523984328718,16.67549584539131,27.09449188236871,11.798259047023532,78.91855722592152,6.261211531995111,192.64138785836977,apple
30.103783661774393,24.31917808278794,19.657502439453793,17.521643562945677,70.08744986278305,6.950673426057042,169.21053978139173,apple
27.53956905878946,28.19353843810169,15.880594763102087,14.459261191610276,62.042473960404266,6.8499497796942865,128.6112023227863,apple
27.76752853794147,28.40525195989908,26.110537248100666,11.692947058232493,75.38649007807362,6.869549647080686,107.85112182107439,apple
44.75644984713719,20.948401037461117,23.383948987576012,15.914252066859243,73.95606169810557,5.55114679250013,176.27067232232838,apple
21.000310935768752,19.105996954946868,13.019299862605898,19.882891328215685,66.27321818351336,6.1811403169064985,142.87507412983115,apple
43.175058970541194,19.62288719591951,25.779166700206922,18.882099321632104,63.8318793580599,6.327301374469541,193.65059897032341,orange
22.24273540165341,10.861684323137286,13.131013498557113,25.69383754632188,67.97985833340495,6.738328569126529,88.6319781777639,orange
25.89242260444103,16.000528109297914,22.534601733775705,26.222072283618566,62.48406587927548,6.915707063487609,120.9252962228251,orange
41.39506289000849,20.484154378953974,14.455162270942132,28.154739877384934,76.3647605638386,6.094107780875035,150.63291028326265,orange
27.734770878078194,23.79703257492603,16.18053625240863,28.12894481258682,64.34770208554549,5.522205134227696,112.2209650361502,orange
25.7315745937846,20.165728794498484,14.074065833131526,27.158278448633936,64.82741276008008,6.560452269868984,149.4165107616469,orange
49.58749569415653,29.998019540184632,27.3905216663466,27.119800431585013,67.72912828001148,6.629915090696955,194.8010644495389,orange
20.701327261863327,20.758294003954774,14.359966087768692,24.694515790426205,69.32894179517783,6.3636528723284265,146.1154665702469,orange
48.80321117505686,21.043722178694722,26.924641762497345,21.837843441610158,68.76201377582098,6.205620214067215,113.44736520024557,orange
31.393707844338657,21.970261589335504,21.603755266090648,25.637224134881766,67.03635830840282,5.973747242729585,153.39414593049958,orange
23.98585245282575,15.0606308706428,10.842554739059905,18.87133023115296,64.86766558521218,5.529293920445379,109.44927105049538,orange
39.64928969186078,11.22214156937866,18.73473355589282,28.957305443034592,75.82569657850802,5.958156253442286,190.97665750299763,orange
29.889394902431746,11.450309926751249,29.88111913536227,28.44027032627006,69.31865566602184,6.499564786288606,160.54736934280044,orange
25.83446692191381,14.000972663072647,19.391614067036514,28.938877681652375,60.19987549717142,6.673758453924039,86.9032140457585,orange
34.34666344649354,22.75745666146953,23.7351853416493,18.701751163390938,68.37207234767936,6.375755890753487,87.92546447672083,orange
24.05283669785929,23.27297979008077,20.432763931813035,19.941943935219488,70.70478673829467,6.869038560166624,81.87051017304367,orange
39.279013204575634,11.473008692106838,10.128988859294017,19.807853863927605,68.45813263707839,6.70351599847293,113.81425959254705,orange
38.77019637166276,18.223132759106132,14.686635839320159,24.170965371394303,75.94928980745246,6.748738555084216,181.58234382526842,orange
30.156734376649382,25.86912129431506,14.243569102178157,26.861101214914598,78.96768852545233,5.520615752036436,132.84367174145575,orange
39.433129652420135,24.03551540975106,13.521755165384043,29.666199302863113,72.30530735941946,5.746510901842401,82.46270140550183,orange
43.49792596369328,11.594094788909182,12.82101842140473,24.89796032226829,72.07011006899239,6.530330677888598,127.22168151963449,orange
43.216960069004685,29.487171992317773,15.421898861597661,26.43634339845535,78.56937304790314,6.529430143925564,161.73313983731114,orange
26.7131770725562,20.70260400639386,21.250456872091604,26.401554749471433,79.93642899792366,5.550465733815643,87.82791935209842,orange
22.338502082927562,24.85958268977914,12.72707590221515,25.469422493884142,66.49337755786917,6.185979934316066,105.87957917808967,orange
45.98319683913626,21.723006483260527,28.891265271645054,24.895154996451954,62.47816061193893,5.756305650757713,198.68887716414167,orange
41.76695591992603,10.985575000581793,24.075620100693296,22.94607656171534,66.14416773646381,5.7310911905958015,180.78847454678788,orange
21.91524136967302,15.796709247592807,16.127657876514085,19.930863407562004,70.1636976657374,5.517553940216339,116.1170618492491,orange
48.00888332099192,16.210591386840115,17.209187742135033,23.677980578808857,71.2338674970295,6.7130629672311155,102.83854677872212,orange
46.15239131577671,25.15098714287779,24.453006693231103,19.04165488457562,60.4328137994917,6.391019051362126,183.57607550277936,orange
37.53324392421908,14.264697308910616,11.810397958984264,26.39515743381282,74.4354055463562,5.758797551030663,83.38283785958436,orange
32.24850539669591,21.654374042660443,24.120048191343823,27.71934010983483,72.21074854613465,5.666320912897728,161.90980065708976,orange
49.52529928684646,28.111691691948078,27.433378185390254,21.62604184030009,75.01576352908002,6.776655168947718,161.39914455575158,orange
27.516852697039415,29.076679437499166,19.01638822917352,19.557666703990552,62.195557901147836,6.471278480948569,132.5251575700087,orange
22.834516255368907,24.80729144312189,25.986503345172395,26.704987569437414,64.04521755368026,6.534663183994104,81.28673634732621,orange
29.153364190352278,17.976430628150872,26.704938977710032,22.68473247683285,60.22538892378797,6.028519617742014,139.87089180311446,orange
48.470143600183206,28.820686075790896,13.617480764428231,20.22175850087342,63.26762912929101,6.683382898621154,80.72264484420876,orange
23.81531594575632,20.75919263288198,14.951241337735311,19.108277498871146,67.19756024667669,5.911311407590367,141.33251678171413,orange
49.37700781490587,12.48609273629837,17.454534096681886,29.183820214469698,77.53746086987645,6.091406552176421,163.87439174236837,orange
22.635710407440367,24.2508211108723,29.45715458969483,24.4498578340103,69.96980454068829,5.780977929552866,156.05458386887503,orange
37.71311842336745,23.03866118951501,10.521665733694437,24.584681860188883,71.89869686994746,5.811295203119204,104.99994289862433,orange
28.286545055328496,24.23443183454475,22.125321270647433,28.149151753413655,65.91317143686196,6.868102089832478,169.24473943800302,orange
31.850350100410907,11.90524131250912,15.13967324974965,29.481218606578203,66.20726751768159,5.994851440223597,102.75067173172604,orange
44.205518034162964,15.512884604845548,16.605164967377114,22.97217730117952,68.6745655954922,6.117011185622532,140.44924344496744,orange
44.4353863884921,26.38570081484044,25.96626267526694,19.21349806939785,75.99357606549628,5.6803776602298655,94.96685240627096,orange
48.43588314904882,26.387956894110825,21.048209337360174,28.499642453734346,79.78729285103725,6.415963099947667,153.54781243778217,orange
42.63281087479784,14.642779047306655,13.342497230375987,27.11496900018087,66.89809589988205,5.702605534458901,117.78532711012997,orange
30.759106036237263,29.304553190113815,23.959194221758466,24.370275808796805,79.3774627736521,6.8547096107112715,141.44010279369917,orange
47.17038906130942,18.08609316125313,14.608413307132492,20.792138121865023,73.24631048884254,6.251605481060915,159.07410164065362,orange
40.5822789278651,10.446457457954352,11.080791846958046,24.392132719095,63.82070955520154,6.44880065320666,146.26228870047777,orange
37.57281075112674,16.049107596620214,22.796870125557934,27.953911637820276,79.96142507184474,6.757666579258322,146.8998511615937,orange
25.802887750398696,23.628917522396417,28.753075711159564,20.54239847678763,65.11991241053154,5.723512815117477,168.4065972351682,orange
32.19684510270978,11.253912777727681,27.498999829805605,24.692062856430802,66.62188584000711,6.015974464091645,114.83014642290881,orange
33.66440517177925,16.7408337697629,20.958926081412187,27.28220702725553,73.48922566888747,5.941685339131176,143.4489213847735,orange
45.203784797367526,11.36412469485451,11.565945339738095,24.674040816597042,72.78230256779607,5.817119523663856,169.42641520298218,orange
39.387901311221825,28.46578536472573,13.379084037170735,27.01649118429613,61.67286181166534,6.347938614276846,146.22741673989748,orange
31.651551339402218,26.891422953371343,10.087412895720245,24.24215282278225,64.34307099670374,6.615247928674649,85.16809115673166,orange
44.94664064544733,26.76184453413903,26.657320248070057,19.830822320792038,72.6081303712209,5.521551038775084,181.755510954704,orange
41.68925580525861,20.623074617985054,24.611828661932343,19.131889159821267,70.57311664353713,5.936914737724668,196.71433558675676,orange
45.71353851871705,24.665513916679537,28.674952704994638,22.162119654785684,78.01759797976362,5.987857348160065,167.93560636293836,orange
42.09250735329347,10.36699752908187,17.221193965563906,18.233192068901975,79.94184035220496,5.683295142743857,145.1373074777731,orange
43.71668716287912,14.02527204521785,19.70105336190945,25.28914513105381,63.20409508791091,6.6678331898673076,115.92037486272383,orange
26.33069229016521,21.165774928748338,18.206272552858756,29.043431335637013,77.60125396396307,6.225025995083325,123.1116529670717,orange
29.765539448937957,15.351272461630147,20.890957074249545,27.659743256814522,66.21513216407115,5.785141134532123,137.05805674199442,orange
22.071032503929995,24.025580122594135,20.367165326038673,23.95649769567425,66.00890759100045,6.857010156297605,90.85835502194632,orange
46.09472026661094,17.534104048318454,27.612470319500446,26.7451374999886,62.08341453324076,6.74730442976403,161.86122004394062,orange
20.969057387460452,12.6740536421934,22.712561116713903,25.95120603456342,74.9330286567519,6.580368101162473,159.1423945603946,orange
42.98716705239268,21.501714117847456,15.215827710489098,28.948519364768618,60.36428061863956,6.049842579807235,167.4644351716596,orange
32.81468123449023,10.496688149600287,11.319618062324263,25.783648429659465,79.297291988106,6.327795453751748,140.8109381628523,orange
29.549756391688017,15.133813477321263,10.419699635125694,21.275458411685655,68.98220881730505,5.796924674573425,90.4817586177715,orange
41.53183601763808,27.892405381361343,28.735441393741713,25.41598474196387,61.05549165198563,6.61129394494266,93.21143663142637,orange
40.09244353063472,25.587316714957517,24.517294216529457,29.422605669133567,74.7629256893478,6.539814666972713,111.40918066197229,orange
47.74306059307705,13.590877415883337,28.09793222946253,21.751950520150924,62.603271877553375,6.740024540906756,80.2994544320995,orange
44.96264953042492,15.246236840919519,27.694425455112427,26.29775018689895,73.3236666570118,6.047979344747265,87.12835686689252,orange
44.90219294616732,13.41807590353056,17.445172837895043,25.20425622610898,69.64507477121244,5.797990952756977,96.87396282587407,orange
23.69738816750872,27.26015762998402,10.631190981226673,29.724171115198732,63.970573807708284,5.665483445318618,149.23659857321542,orange
22.3995787382209,22.0490652632719,27.012532896272262,18.5747762576091,75.99737209057088,6.091716161473178,99.1388760597452,orange
25.282894408023772,28.375290873884524,12.21211503881329,28.401393445387885,70.8848924196723,5.558584268224658,135.7371374860806,orange
44.523485434289015,24.524055752782008,19.775648353694358,28.320598556354604,62.40729523560459,6.864911580088553,181.57294501800186,orange
41.24830476971708,26.357754842574984,20.87631013685332,26.101949149172,71.21196141415558,6.033142795761924,148.2632956833413,orange
27.723959975957772,18.805583416815708,15.615508145204863,19.47465347353667,66.43723712779813,6.7779808272771565,125.7296924770767,orange
42.44010946906607,13.503957084763226,18.48838318335283,19.37827283202212,62.77242126734979,6.426154569835104,152.8978180938813,orange
26.401157220645867,19.48846388577597,27.26612333955896,20.090418104117795,60.3842106614703,6.477992710995359,86.4197849706422,orange
49.398207157173374,22.192405675977618,19.407927056879444,23.159910480291682,71.46141317033863,5.6359366550803225,191.60228705833947,orange
38.76926205655633,13.679569952218175,21.251621075293258,19.59907806999614,60.35105435116624,6.445775477820997,157.81800102441534,orange
37.510897484102465,13.669664087200461,22.06859716989534,18.67813129109424,72.18476711143845,6.331025528661428,158.63057970069195,orange
46.86426817257181,27.00716210479073,29.613083831250776,29.7148923952389,75.44639386747505,6.934629433266592,184.07406630669345,orange
41.82747349684919,11.507685092875104,10.980997765397756,28.05119481006924,69.79311715743397,6.721910026562382,117.55019247862633,orange
31.929495749690382,24.003734420238636,28.306534738641865,19.05313769374663,77.22956289269213,6.689519087319048,117.86471248758255,orange
30.656498423946786,10.929229544438193,10.31481222233436,23.724073516292748,61.91079290994621,5.79100272162282,181.61206394319964,orange
37.130851737513574,22.67264874532227,13.7495866166384,27.943941653453034,77.35959544879495,6.284991390569565,189.50693262543916,orange
45.34485874863745,24.62648353348876,24.681518313872573,19.264721687410358,65.41672075391331,5.600270829726514,81.04174510715704,orange
24.749285941517304,27.6097436529388,14.79748118072103,29.64184755110066,71.94581999122413,5.855887731452036,139.65569641810555,orange
26.57284468100346,29.679471163647477,26.94529967809928,18.31486546538795,78.95552062934942,6.581597660954331,89.8857502425534,orange
40.119132389793364,22.93853395931371,14.37577491615167,27.101360400090908,61.74129406625934,6.234167771846872,81.19078485957056,orange
49.062124666842394,25.031272635538187,13.17704152319312,22.100088479415398,63.21124755616353,6.649926196193972,87.06755905132582,orange
45.212199666911424,28.843926776714596,23.532558856126,20.55558540001721,67.20180191627102,6.215859812213397,152.55497266427045,orange
40.05989269435062,21.084294306377657,17.026278416437115,28.691007366778837,61.62784116035917,6.199384081365243,173.06778061609768,orange
21.826179958742028,24.106704336226024,26.3942324550665,25.929975582324627,60.25873784550712,5.770205540698309,121.0535694670341,orange
27.010701069141376,29.25304280454855,23.031878282275873,21.563651488218845,78.59394997330891,6.6108912992142805,114.15286541924503,orange
31.366447082058663,13.988577166079136,29.421479965316436,24.20755795068088,77.9211337499597,6.0197496565252715,183.30099237169708,orange
21.61660545281492,29.64180635048576,28.240687340666053,22.35843533731986,75.49444330629154,6.62838688971074,188.1505756523518,orange
29.21764943386433,19.31040010628299,27.29999225212106,27.34295344962259,67.86933437480559,6.768587849368183,85.63448470788818,orange
43.4613890888897,14.135317188674012,15.722418156475744,23.918578123147125,68.99469002139948,6.280855160304822,145.37307148064286,orange
29.945830730944905,13.5045502603406,25.36962458574612,22.799713789045704,70.11681724918118,6.467045077526677,189.1565506767987,orange
41.2265849342066,10.909184511807691,26.771207267960353,29.87226018153023,69.44970050742765,6.954385504681901,145.67944908117795,orange
33.78847987615849,16.6280952945491,23.151097516666777,20.757845046300535,62.09868437028808,5.540855653876321,115.08561352583166,orange
31.873124965011147,21.041533925624954,15.854996503740129,29.808714868624932,65.83490336482335,6.161463082669613,92.39313986382804,orange
27.81879540011227,10.966642795779823,21.190172668746563,27.01277619758918,63.914196286721356,6.051866406724106,81.99394720725927,orange
45.18566167166637,25.59927049863339,11.265080617485847,22.378411311844935,79.10573227698991,6.088040584118465,143.14504120688193,orange
30.657285830310656,21.922627762565234,29.563137512736443,29.970030041774365,75.49429956022382,6.1064666470306594,139.3318640994786,orange
30.701939843369164,29.711492598086924,24.155206116508076,23.387177345202133,60.242305402192045,6.280725121585823,198.07138420419415,orange
35.691827269191556,13.648533709782274,10.441874942095497,22.25644509749051,78.36456111393214,6.9948311622638215,193.44415697744031,orange
41.882599797627705,21.162854568813106,21.81372292764504,24.46790410910353,74.14098609845976,6.128309840043029,160.30448059469185,orange
23.648363448716033,15.313906131229675,26.720060776172588,28.844987168920696,70.780164751206,5.547453425819398,191.23682849501216,orange
41.06192774081859,18.280558475107217,21.967578863989928,23.157298013296394,69.30678453464103,6.830214798489102,99.33010963005339,orange
23.110074064467103,10.054574890260316,16.280007512242534,19.768965197813127,64.39970990276223,5.516858473998066,107.26344976252439,orange
29.981347457971218,10.631349928197626,22.158082485942955,24.825604186605098,61.9407155701985,6.392514666277601,199.83847023306532,orange
48.33406858434622,10.053419867353266,25.907566226607194,22.243263314837833,61.27302740669255,5.943974820574312,118.60838195755548,orange
35.6973271792717,23.221675345377093,24.98111224416816,20.9508365107592,66.43541140496994,5.962572560289603,123.52842417450518,orange
49.98968926869016,25.558866056548517,29.49980930537394,26.317332714564685,68.12541403294568,6.084616275440462,138.6297373970054,orange
32.50609350093312,26.566524921854914,19.300040260533855,21.54737232253015,75.49720537393304,6.781630614072092,130.45147473685415,orange
40.03425715716596,11.176090677766094,20.589297039429333,18.539773652946096,60.58381680988936,6.419387275784109,116.40024588739846,orange
42.276114873663964,27.921651212651845,12.787823474607015,26.694274062947088,70.29039996576687,5.668178875244048,158.19111277768695,orange
38.284004093194184,20.312837348015652,28.52942409119316,24.252956353248198,79.81030230900424,6.263843220772166,93.90224459616411,orange
34.11413753225091,13.646575251101424,21.942669704348546,26.31758610232321,69.36870557414187,5.646554451524723,136.23696783002634,orange
22.443626442032013,23.642519110130678,25.807364497301748,29.54856392672447,62.97604214256913,6.2986305032999566,148.10448410425022,orange
47.67429601342939,22.545532811930286,12.910192912906421,23.23621588755827,73.09525057012502,6.5504266481039455,183.5688798308688,orange
25.415213595331913,29.03084293510997,11.182788240311845,29.805145614826824,77.15534185732817,6.490409174143257,168.1994600317306,orange
22.180760177563894,10.829597257889048,12.035315931027311,19.048317775969654,70.9476246693887,5.823165980667683,183.22467646480717,orange
33.372458692042166,23.9102095291655,23.057461859403197,21.83823646715652,64.86335147051459,6.013684427944953,175.59900486198052,orange
37.58830545258856,15.070773250383507,26.356928861208605,18.65711263332368,73.9836674998059,6.158651208623966,167.7548463279066,orange
47.8238384073028,25.000681958938078,18.839307106227647,19.81170817816657,76.12701951610867,6.191058290382057,89.03747881485558,orange
41.571661933305975,15.837039318331794,10.977764590103705,28.833012179688932,69.6620218418782,5.921441579759533,165.9663869461894,orange
46.57707133047691,10.00614150067511,23.757043700843074,27.204140328221058,64.19854854558986,6.234435747115262,90.7143078701523,orange
42.402496475460424,26.94912037126705,12.163733146493211,27.797523041194015,75.43140340969067,6.020369980556346,162.83474359203,orange
20.001443716829353,28.635953089319973,21.007664706167457,25.444066368743993,73.29318827078197,6.34205352582755,182.81166650473557,orange
38.29105496454632,28.15519982480945,21.64663244468018,20.053469063766798,78.27125111678606,6.522441247539665,163.90867933226673,orange
49.564452517148055,11.503931084191583,18.571852141903427,20.869144715839383,72.60852929427314,6.710217525622108,195.95728506708951,orange
33.637883208641604,25.724364612852085,28.34103184080759,26.199905190430616,64.85465104899542,6.411781226661687,196.3942457380624,orange
49.62661486584696,22.84719647433556,27.739755157439784,20.404192366183235,64.92157209904434,6.92933141932729,96.22824505937695,orange
25.733193142804367,18.410971982401033,21.791685755067007,25.24580662761926,65.83952017331129,6.880920846925522,189.81198891294355,orange
31.762041591571176,18.685835388605945,24.049942336478235,25.95595075678681,67.64594029921925,6.121366377281505,121.76467321058468,orange
27.061550208599236,19.162767258482795,23.72868263805081,26.903600463771518,75.57747296511926,6.062098020179683,171.75631931419684,orange
20.195489470756257,19.540998754337643,25.87808800265382,25.56053664769624,69.48126248309015,6.466963009909524,188.83352037783968,orange
36.99145401830622,25.995723829202124,29.614854504503953,26.4668184249068,71.46651527778127,5.55622892068801,124.9373477905505,orange
36.96328200545355,25.94413143412065,18.762095792951527,29.52069930917728,65.43587505247349,6.616850792815475,130.2837700500953,orange
34.57965483697718,26.050040677308807,15.924305233034111,19.16174467914172,70.40511169226855,6.293191917705623,175.66013266704485,orange
49.04957618696305,11.106013726566967,21.83378947486218,26.1753423637776,79.71602701497044,6.913885321415368,165.4940917654373,orange
35.653682337333976,13.230478445985225,17.68353110408835,25.021467900685852,74.50400793191507,6.453099336218669,165.69473621932895,orange
32.87457513655693,24.55254581142018,12.874825120394384,19.951035741157362,63.25664291658926,6.836297435553664,89.12408759703614,orange
44.04525118200428,14.671417960934743,19.368598809905013,28.991479145588137,71.71874459375013,5.815176529348538,114.09080723825686,orange
47.613398716873576,18.542878502199567,21.739709660135787,23.519186359504666,67.568761760969,5.834918690398603,162.34298005815225,orange
41.54726078816361,15.497701832147989,25.78021686109661,28.254422403620154,78.41350192479261,5.741818620877555,116.47084203359196,orange
45.81060042511087,13.97080405655788,10.069369184869908,28.449927723019613,66.52898883502739,6.121746287708425,133.56008308647654,orange
45.44823802001686,16.75784289186921,27.845597717129635,25.403269656576576,70.54573448067369,5.988421760691193,109.2454035537423,orange
38.72175328332046,18.937883201131523,28.210320198640126,23.8996645933686,70.23589833402383,6.125084921704001,174.7115596389542,orange
32.74517594327811,15.386839994995098,27.240617485870196,25.161938656382883,71.83020439538004,6.4162333107458895,166.26076978468,orange
29.392039679377007,10.676887416660056,26.21186321754019,19.54686064657965,74.43639474421089,5.623472947430993,125.03694104341905,orange
21.890782094946147,20.44427359255449,23.0627154556315,20.05719769413826,67.43255236876804,6.89535923656458,133.0866940528948,orange
44.0763070692967,28.543694901204184,29.48691649954573,28.779864236296433,66.34810658317939,6.943859329241789,177.4874290095256,orange
45.11526750918463,10.303459683436696,29.084777266365872,27.33708268618489,75.359349930158,5.6222870963928795,107.90822492879975,orange
48.86784995413697,20.013541496109525,17.95716036474512,28.079289805762965,61.746808282278884,6.125413024406589,125.08409293065003,orange
30.495541610911783,16.153844873061463,14.20149913580156,20.074929635886267,72.80812233839347,6.8790922618130175,141.06219742998576,orange
28.93923657039933,13.183203954444526,26.602867301051884,29.657904677678566,66.98310802935704,5.936425638328194,152.17915435699297,orange
43.25986942860277,19.108056070993285,22.601462997218984,26.598588816279502,79.21184575712358,5.747555995780125,199.68589925904433,orange
31.764699657236864,24.464002854531074,21.448287559459942,23.84002340410608,73.96150737463174,6.093630775335392,95.13319776041676,orange
34.666801493637195,20.438317413646374,14.038043067998785,29.227432275943883,64.54951293292582,6.113841391126146,98.5915624213668,orange
36.07389938560833,16.152752162001793,19.78545039952168,20.695402997498423,61.075502558974314,6.668839976623383,156.93035407515902,orange
30.222180671330385,10.949884493646444,27.311501253942417,20.037540059228153,78.61484436562856,6.217893067893938,120.84640518901804,orange
42.25278430672891,27.536788121503715,17.414271272914213,22.888125026042246,68.66316438694395,6.883484592218004,163.1076789817199,orange
27.429383511369664,13.699993950039588,14.607353268496322,21.16276667022621,64.60366982668003,6.487759670788594,93.91202127890077,orange
31.620754691238822,22.501071459407328,15.817199478858617,18.783292616419896,61.63647845691936,5.6889501644570295,180.30116298417863,orange
39.73590516814909,11.290448221952897,17.821377583028397,21.343022074164786,71.56080223257601,6.28420892450847,137.73488280436578,orange
29.435371111178394,12.755995440879815,24.84752765745276,28.558281226111852,78.88301818465635,5.587928455920371,168.78904539066593,orange
41.79510378220887,28.942192282911783,15.058291889955308,26.906148459541875,61.09252577532969,6.446868581142429,122.10173888626157,orange
43.067283186424255,27.26608572870787,17.296420844350322,24.307033112391608,62.348081247272,6.125360447835215,123.29604719110031,orange
25.49370379353553,27.889572495335518,12.961756760803205,25.628872290362246,77.80285286959776,6.867952869794839,175.1887639808682,orange
25.284234016225298,26.348628184277395,15.531296248312492,29.068776329190108,74.18173362847699,6.67790134151333,90.20389442023247,orange
37.48295340330633,26.422842537973594,27.231807055449984,18.3435804568037,78.78318465110239,5.56500809995372,153.742241560982,orange
40.801625828459365,12.146905823358196,10.960237312183853,27.41894585340875,67.69341249594868,5.660668772972685,171.52013796651704,orange
45.474892104308616,21.747723815176148,13.224736168692912,18.18266965789789,74.01604962603888,6.325209512237976,158.09565700640954,orange
44.39554010598788,18.684555539859442,12.490309376672409,29.27979942468992,70.90524254493715,6.4229411786328106,192.00937154621013,orange
47.94750968930789,21.44189213456347,15.952228494428521,29.96536360815287,73.61634179907072,6.112655015338085,147.18041634243076,orange
32.47502150804089,27.766103045932947,19.649987497314925,27.882340511774967,76.80352595646008,6.736498506602873,166.66263349708095,orange
45.646331504227454,17.744591592459386,12.293264122839208,28.109450452470174,69.96336831374691,5.691064048791777,93.83750266184096,orange
24.777271820296782,25.019465193342114,24.217133469325624,20.4458241622186,76.9384683621959,5.9219421932923675,175.1582699977937,orange
34.66417723204826,24.630973650771324,17.62775326147132,22.165687165137314,76.82719197918665,5.552953381771104,196.96843367090088,orange
39.4453867479612,18.64966776398884,22.561090623008504,19.472891357507795,70.28104910587095,6.977643285009696,108.23233254160482,orange
41.66834297109048,18.699427516634014,23.049162969759074,20.458646744301305,69.40929965235205,6.970139070788912,103.43445812192115,orange
39.093350835462715,21.511954975335907,21.301031725808066,25.381479475819404,70.04475947376456,5.525396125386487,188.01161737557413,orange
44.80936482452093,13.483353618422427,18.265463547577383,27.246587768322815,79.60124630774568,6.92670556966268,187.9231039611409,orange
24.75121691897419,28.289502120180096,27.568898259021587,22.523398933996674,67.89045189072525,6.189863382932741,158.74107571597006,orange
27.825068479490472,10.458968588798893,12.824590491944845,23.281390890921283,65.64005138852404,6.646774841554198,92.80280846591256,orange
47.52395676664412,27.906543598878223,28.175136338665762,26.87531998323992,62.13999942967199,6.15720635705435,95.76864461665565,orange
49.63097578283248,16.660768467973465,21.706610837801243,27.35271665093066,78.4123216845129,6.6333215887620405,160.9404534519485,orange
33.979453461144544,22.108002675010482,11.883276177056597,28.607070503535148,70.87554617679771,5.560202575652414,190.3882550791877,orange
34.679059215106065,27.371782831220035,27.137759084107138,27.78901904948538,61.22806038590712,5.870599968136314,185.0657446958517,orange
46.96973168156282,19.161377247376123,18.800829353084048,20.101687606633796,79.36821577382302,5.819707713038564,102.91241412209186,orange
39.821869104475226,14.856886060008954,28.775432220287797,18.130883943813537,60.115065246466024,6.257315202153399,138.56749518961664,orange
24.900920657027314,19.89039125940569,18.23322210339973,28.683954304108426,60.18507840433927,6.964404707549429,154.9271317155011,orange
86.07373782581102,40.93520027622333,50.76211317118464,24.3489016597182,66.02331074002518,6.36769824725177,165.0172313572511,papaya
102.14115848464535,41.55948847043623,50.53053066350351,29.911897655633,61.623891816406484,7.33460846434563,157.8306649447729,papaya
118.02497877081267,42.96282435444751,59.87129998706631,28.44272865969677,71.34988398962126,6.772919436168128,102.36543730983128,papaya
117.58556766198312,52.87988945708396,41.832529689985826,22.20952170294525,61.015672784735024,6.914093645148361,161.4015414894585,papaya
99.98669167125765,46.13531641305903,50.63485463229283,27.16301820876258,60.388311197531316,6.423703845491247,105.31853414671495,papaya
116.00619005790622,54.50446325570271,59.922303403858244,25.02171263305288,77.5697169551382,6.904581401898723,145.3125406903605,papaya
88.9029244515454,54.767843305722856,58.082814978086,24.35308398075371,63.507806699472255,7.044332872507301,197.69731627255192,papaya
109.99820404416312,45.691614780952975,48.39910848295571,25.84317635458372,77.0419003609409,7.157056168308336,158.897543476152,papaya
90.99836441587613,58.759770554441126,53.06630449538293,31.704766464417823,71.60234066084061,7.231789137545421,181.31053793945267,papaya
93.49315107334368,59.280414459144566,40.43882935195128,29.68710908767414,79.31114171528088,6.508362304925584,164.8110587790972,papaya
102.48892999376842,55.23014619353047,57.32355843290105,28.030445692995478,76.31809172762914,6.468428363833882,122.85870587048169,papaya
97.2267075813136,53.55473199161567,43.74493897877447,28.803521921518914,67.88187297144134,7.193362910838948,103.68358171033033,papaya
106.71930551317578,52.99644673299935,58.81870952250629,29.133675535640705,75.92603792846562,7.356886523779752,167.5051918291988,papaya
91.60614539839898,57.39547599167044,54.9515623895195,26.244376040008934,74.21058345299924,7.301533315771713,197.56521313912714,papaya
118.09406015836221,46.50655653528283,48.43387427436363,23.095366049773713,64.95088574036092,7.323631812730426,136.0849926279359,papaya
104.82210634379524,53.319312366140664,55.63658550286624,23.82800030245631,66.0962626922887,6.67250451218727,136.48410612382736,papaya
119.31620931438759,56.69881606427425,49.59373509240972,30.792686260864677,66.95305895166594,7.1787424858353965,122.36755981064536,papaya
110.89288180905464,49.129068063914566,42.14998641984485,24.732624545555822,68.0454924804713,7.123939367496655,107.29827147309508,papaya
106.38187980370559,54.320272818656875,53.07842739851503,29.606696381675555,63.563372320456764,6.880655032594556,194.114494720388,papaya
104.43137079218151,52.22672693905906,54.72879284226538,25.33204232125859,74.00951802643081,7.374350749969823,101.0895473025343,papaya
114.80452164435462,44.37236662517718,49.11846547400751,30.52347800952638,76.47824254913257,7.3378912171890835,194.0416792632526,papaya
97.88627827087035,53.127276216020135,47.80956881052214,25.50716717492166,68.63190821195339,7.114614202174014,150.1440747141553,papaya
112.56238697793368,54.90436954392312,40.40956922248799,28.302381571061616,68.73142246617182,6.6849434837267125,181.83730538698947,papaya
101.90431944338707,57.71243646917894,54.25611184783381,27.528400087640527,75.09075952302207,6.057523576388111,102.70836548282077,papaya
83.33397307683408,48.75130650294285,44.709002912538864,31.842612944157846,70.84580278022733,6.993623619121738,127.88201362466967,papaya
92.87187634350435,46.709238282823115,53.97471410300601,26.737062076893086,70.35367305060149,6.888004473239018,176.8811656238217,papaya
83.61478994049912,55.53747824437643,51.2647013775036,28.69095444855257,66.55103529681524,6.614080255224674,123.11658196539203,papaya
119.1719998966962,49.940059450206334,59.921538315931954,26.897859780612663,64.39502528768135,6.761178595105285,103.95955717990778,papaya
116.19079205687805,56.37100502388883,54.516410413885694,28.0982671544246,71.59668467340727,7.495092321119195,127.7997434019938,papaya
111.18737461462311,51.62809540427315,59.51761087517771,30.278031832982524,79.97050225979186,6.88248749169367,120.4543957544935,papaya
100.14748142778936,54.22222268101149,55.48720772363176,22.005099890159435,70.10054177004588,6.35285186995597,187.49118332547886,papaya
86.11621776200914,53.32912499149667,45.3212438064985,25.56542143214272,78.8111852151369,6.360672188112119,109.50027618229306,papaya
82.77139605776904,50.09230220198924,52.83422964568576,25.27293643570887,73.80519483586161,6.091550577859857,185.73346449228768,papaya
112.66268838956951,59.70992542784171,58.73009961803691,25.56197163918928,67.98550768031154,7.118947271217389,113.40827719549831,papaya
92.5605884097934,42.37081873951296,49.097728981456626,27.520042798853176,64.22320939925504,6.039947530371157,171.93558317505233,papaya
80.80020657704674,59.46805217856712,44.43214513484791,28.63900092116291,68.69503452479978,6.089510790505661,147.21836066344673,papaya
100.67042537187199,57.09366416185737,54.646981392957954,22.793024747533863,64.1832536686453,6.4678315263224215,111.64076864648194,papaya
98.27596283657962,59.68618381725071,50.29225582475523,29.41882168323169,73.65875595398693,7.2748671526382065,121.57234904656094,papaya
110.15305046772113,57.627104806114986,43.43019645960486,25.46802219788004,79.40203528663123,7.171181768969689,128.25908325375323,papaya
102.55767078577948,48.08652245698958,49.7993035265426,25.551661913907086,65.58662037060681,7.012144562087128,177.85418150861176,papaya
114.95828490989379,43.10659934636376,56.457110472904816,24.548008244770635,68.546727798201,7.35216552877387,145.4503600982602,papaya
87.88254136177265,43.197373104742354,49.459675333042675,29.62672423976554,79.94410287948602,7.181112942646353,187.70119589428535,papaya
109.91329443739552,57.90870201512212,41.52587086627827,31.299315989816456,67.92812307451312,7.382421334920667,107.57328374594755,papaya
108.60971828484543,54.71377497340409,59.93821778595546,29.688552706898136,67.65147411631213,6.835872827427818,136.65509381665902,papaya
87.84074581219433,44.97004655004547,44.44021068548642,27.48815330163213,78.12321269063787,7.369089939132596,105.47637775258255,papaya
83.19597603807574,44.902381143446874,45.1011890493895,22.948891752392512,67.76926682346881,6.8815880890369305,157.81622005994637,papaya
101.73718725034371,46.77343849774994,54.12911370633161,30.264839409810712,66.92548532954817,6.128303038949193,129.63302510918567,papaya
85.49474618299611,49.34717454454362,43.11870302632157,26.628447576579774,64.42005784649295,7.108096658193604,102.75682408358456,papaya
102.18985215327703,43.38976549840113,40.01983728939254,30.69200088064807,73.43055575628135,6.148414233075785,166.40723676838556,papaya
104.46589330950394,49.46713374086407,48.38516196851228,30.87069762915735,64.90296039794903,6.597465085520075,132.91154128948273,papaya
110.84804116146535,58.329306124650785,56.995633974804605,29.977039302997685,79.73579891140166,7.045716825615578,175.1053791213534,papaya
119.31210158820076,40.13981570798348,52.6809675287273,29.389715319532897,78.3565410751439,7.325766456276514,184.19606812337943,papaya
117.83165087766815,50.747583758274146,40.13840191169653,22.110543986970097,70.89278111235716,6.652908358295912,145.12450533654484,papaya
96.01618948840148,58.354516181824714,47.1834070233958,30.56226941763083,78.05729587583282,6.749252654998433,144.69380373650884,papaya
110.44082416861787,54.15943015279765,46.57070233192412,23.025481259246465,65.2970480036496,6.196542758718448,129.47322757766915,papaya
90.47286262323196,52.75422847773427,59.0899205690956,28.857437323304836,78.5329881612914,7.176198387912665,172.78776220711734,papaya
96.56247760853365,46.495890057267374,56.925547449458385,31.053932329290053,69.03764987301864,6.013594647279967,179.25310589064705,papaya
91.40275361889167,40.19775730033842,56.09977117952244,27.174141888168982,73.70421492676938,7.372034731716717,154.11738301381052,papaya
100.12776290315863,45.813242426965274,46.103876688799055,29.96542066029646,68.98058491171874,6.24528931291218,109.45287640004956,papaya
98.91680467447117,49.29910047235461,53.06916556410792,26.71067477745141,62.8695140826843,6.76170432719777,190.6789403886025,papaya
86.3776564648085,53.79509281955498,51.87718529931053,29.48585726711803,63.012005468551855,7.412408005358992,162.09664277671587,papaya
113.88284550764547,44.932135273604715,54.78825778795923,29.81030704333919,67.94870544774152,6.575930179325133,165.77962650257493,papaya
83.73630727040864,54.712483004350176,40.85773519678822,23.90590301120826,73.28287514482734,6.147485500637946,197.18420914767898,papaya
114.73584837847602,52.52604664813473,56.381149113386996,30.87580048589568,65.18951299143637,7.274117381923979,119.47937836376018,papaya
96.53369056595261,51.165192624971986,54.277819261480644,22.30141317722528,65.81018825556379,6.9127786473155854,135.73686791491187,papaya
111.00100222517973,53.033043223014324,44.68802907447471,23.459289795923333,72.58093987174101,6.675700991557137,116.89570411013186,papaya
93.05496821273509,46.06093496637173,42.1626394467875,27.46909019265228,75.27297267825108,6.86320033327948,182.62913649373525,papaya
85.10274188861726,48.71223715644447,52.188302073161985,28.760015609419074,73.91572612846853,7.093448140646822,165.14298121960167,papaya
83.7691235576347,53.90611355204593,54.49565313548775,31.934799343336273,73.86724873402252,7.030245593627323,151.4813290181972,papaya
114.71691634340456,59.93669523922317,55.58089740394864,28.125003778578083,61.57909653863136,7.090108697594442,170.85615685819505,papaya
111.02272591237727,42.49110776798979,53.07465000252287,24.957239049516748,75.20542486805667,6.3605609310472,168.39786768204107,papaya
91.79971787935919,40.17988585634862,52.66715823946191,23.132690831589223,73.18582945576428,7.388414172535406,196.92459342110902,papaya
89.4369234931045,56.1850645530131,47.0710655374488,31.004570727479823,75.74979137258748,6.110882574968645,140.71369938772773,papaya
93.49271304038696,55.70362041446554,48.20571421306318,28.845883976530835,72.0487051118088,7.46345807864645,193.77849568016148,papaya
97.10798058954875,54.471564232822985,56.58920187962444,30.988857538621453,61.36268527552967,6.4531181989102455,132.0230040968522,papaya
97.37783804879514,43.38529501430838,49.92411759900016,28.63214327298456,69.94727840433436,6.998689642796424,106.64416318179003,papaya
115.03949326829641,58.78138384202137,52.35814848237297,30.81390998636897,62.62892033296425,7.196173380114465,111.9148193472594,papaya
96.32040925990147,46.4763706911655,51.711836504409085,25.015145352395336,72.74627259334265,6.5510809337279365,186.07903810304646,papaya
105.35535360878447,44.30596594642892,46.72258844056174,30.47420887626656,67.72959499974917,6.8036985983484675,164.89419359523328,papaya
93.91238598343668,45.879572615161365,49.50509805216058,24.14880972092789,65.68421173838126,6.093117726048054,130.39702759710053,papaya
92.82816373454277,59.23666332582639,51.7945765093176,29.873824254158055,60.90754505560645,6.159805040412558,181.45369608625924,papaya
104.94198197670542,43.81964061080406,48.095908117234764,27.386724999816227,76.87219658274884,6.090617987541742,159.67222893673625,papaya
108.68143686346735,59.55783715820919,56.14320156584369,24.762273135652734,74.19158387756531,7.144916827390466,172.97354999183952,papaya
112.8057627180748,58.074599524272756,41.96859737978681,23.047638576811188,75.92799977541291,6.378558714782207,105.8541421950078,papaya
96.04916723922423,56.39753823652156,42.53130047627961,28.718419718044675,60.072317235431356,6.164606170818675,135.08503457684867,papaya
83.34409124097657,56.918033348742256,57.28141006290937,29.555707030995244,64.84959262791234,6.78487061285997,118.41885255233714,papaya
91.25113800292443,50.32010584347582,54.700276169215954,22.946543803936393,65.93393395256172,7.3899320228578835,142.91233177818881,papaya
117.55478695637257,59.82801083104271,50.53319652222832,24.880440097848506,75.81553617145158,6.238966103287522,125.20468596720706,papaya
111.39519637997128,48.6729184946406,44.03075873975334,28.511257449523242,74.65523722763366,6.187606859175854,127.69802599749342,papaya
88.85107021488933,47.59709257524904,55.26889791152129,29.137081022743242,73.25047820767408,6.009428318802887,114.21433133803895,papaya
88.93190196408267,45.43911692077699,42.928530832978,26.103155514738894,61.503611700280516,7.125033285581671,178.77207872961048,papaya
102.97066758403592,41.79409754083936,57.80166339093516,31.656358287081147,64.0472712064358,7.056959729161079,184.19386306424857,papaya
101.59374090170809,46.46646199053498,49.57117430160705,27.12268750784452,68.01274088376056,7.394763740450559,174.38831109425018,papaya
89.65206569019855,51.71114374639737,53.77378301862335,23.401564217021303,67.16851484760298,7.358322422405874,156.71731001852015,papaya
88.67990984241267,42.45569596238302,50.36453786949755,27.47685723029144,66.68828902709225,6.945624042628678,106.86846862193887,papaya
85.80558773064563,50.92547642022518,41.23631387688908,30.809087649911007,62.84292740913033,7.010879811126805,139.12034417144253,papaya
95.99150990168994,55.29779057222288,49.98924268345828,29.256554636438665,70.10382457505538,6.889358012107895,176.07146278696644,papaya
104.29234971685102,52.31230218777577,55.78439182855189,31.490868158193734,67.53432307870673,6.865675735838927,108.62731577335455,papaya
94.35215522275467,48.24098451778772,56.70474633648102,27.133924021256767,74.62132746596916,6.028511100038507,146.44926696283156,papaya
116.05270660654337,44.486278186115705,40.63044370614226,26.334087337134765,74.0886364129519,6.681695260262204,145.9978313511266,papaya
106.79220164953279,45.08777616566098,55.03779583283955,23.531135309057333,67.91501210571975,6.984012162706377,182.83690072301977,papaya
111.6612428466022,54.43371198615395,47.18192767072782,23.223043162937238,64.33668435385981,7.297250721864728,185.73313701326595,papaya
118.06243410156063,41.51977303791083,50.73618170554912,28.486830449042337,74.21314754133714,6.9657948525156455,177.00113899022818,papaya
94.37886305157366,43.588655442709644,44.091667443008774,22.119786894701644,67.00643744212445,6.137616076319966,132.1488692790191,papaya
105.12840308664991,57.8895611117364,56.792109019810326,24.52674211957577,62.681662843960936,6.289608410695097,197.0986651903607,papaya
101.97897918741964,43.6500444600115,56.814923093736304,25.95191244312555,77.98444303949455,6.39101569025173,139.32217588042363,papaya
100.19791051160338,57.85230668178063,57.375148632101116,27.74355070303878,64.43551019561781,6.605035457606813,197.56330653655056,papaya
104.31092895509607,55.62195510248394,48.997293907228396,27.320072754668065,68.57908224465088,7.054381497092952,185.14710138868776,papaya
100.29454172898255,49.617349172724516,46.80572934196794,23.770966942940838,78.78495445750218,6.474119578019257,180.06914635742856,papaya
108.61388085149898,55.81835200556258,58.73536266744205,28.233707602208973,77.9590068676409,6.25154598436844,162.67125759567875,papaya
110.89102451658451,45.43282261488348,54.8150760258393,29.78476829116237,76.6237591203289,6.469324368893899,168.16065901683092,papaya
92.17013133639048,54.78080774996911,49.259473302914245,27.9754437452722,68.31679962861138,6.242974390394736,117.80295296053637,papaya
83.10275629048537,52.361453594433236,56.97276795906119,22.20836826262081,61.32479004176707,6.686200488454365,173.77207361681894,papaya
86.30830578847805,45.433026390983876,44.64012402563614,25.99051218671154,64.49997354035142,6.52889801781713,172.8542598661944,papaya
104.44036993816756,41.62363410783386,52.754913324914355,26.770771715592133,78.69131149414278,6.43395647565608,172.616641969916,papaya
109.2344329217828,44.430015620183745,58.06447249941873,26.91183200429603,73.57766733778605,6.218783338325257,125.78039169919693,papaya
103.44428471748891,46.38054536746699,49.99385837141947,25.74005199373289,72.81107593288095,6.730718044171214,100.46099359731681,papaya
105.98723351781535,48.44243114100364,46.83396680980446,22.941467522832234,64.40739381132983,6.33565843737128,193.5369499404729,papaya
97.30051898986187,40.8413169443034,42.77633364486642,22.79032675732912,71.77738780414423,6.27993223735024,149.8557640281776,papaya
94.80248251479902,56.077527542883985,46.40979274530724,26.582654823968085,74.42571097195652,6.650026810395959,179.3215536013189,papaya
106.46737424946659,48.21058227893432,50.079638513727254,31.672034558421934,73.23222993016785,7.357492838958487,117.87585034710644,papaya
99.32944624980607,58.17323339690101,46.452241228828356,31.676641981464208,61.94154980947315,7.354006755412556,144.52121220658586,papaya
82.94976660564643,57.590431851721746,45.03880424818227,22.222501254952252,62.716142111383846,6.988672112849643,197.7811489138195,papaya
84.45848558334067,49.23896096249524,43.61273101895065,29.45036534101592,62.36117799523628,6.359762622721334,119.64059676490714,papaya
102.10079121467912,57.46368184001265,50.22180402312837,22.582434527714714,71.26777861193662,7.196281498977014,113.21561973043227,papaya
82.90844857378367,43.75615555115138,54.92172645643255,27.916804195320015,70.81189307923498,6.374219841947652,133.22365952468596,papaya
118.6354005177337,44.81250453458772,58.03290846510177,27.805315044577366,62.46592932742496,6.700968567232602,194.8548717360876,papaya
96.74262392549434,57.26773129578724,45.12857389303416,27.70922151800373,76.87704116403947,7.381032661754543,148.58233671513005,papaya
105.58752408581717,40.05960261564662,45.06446615026779,24.787121037469458,61.869860233088616,6.419542520035465,132.11220330581392,papaya
118.75064158272772,53.37204761121676,48.52010158832688,31.88054460695509,63.064646404692226,6.714076790895727,164.70622070490492,papaya
82.22322537936309,54.339977161662375,41.9973470584398,23.40282308599677,63.19379024924168,7.393334739983277,168.32355451381676,papaya
106.21710004412417,51.10986992929984,45.856119973902054,28.208897045993513,68.2029943977728,6.218124225138922,168.9597290327733,papaya
85.1832867171969,43.81337162042347,56.35398623695212,28.60117096125154,72.61982308427285,6.627304176514086,139.6280518239371,papaya
107.61050436741604,54.800110772180915,50.20426404728621,31.692692443485264,79.11399117837743,6.618644235019138,182.06222542831534,papaya
101.73071366393661,50.23511775114349,41.09928122757304,27.7397471046831,78.0115586112633,7.170200773792638,178.6317144699262,papaya
86.39716154305357,47.16898894267128,44.664098333004716,25.159152824556358,71.5907868698745,6.547175720055372,156.0697817464266,papaya
97.54004993098309,45.732311168994556,41.90806868410317,30.918384573447824,60.22746732009297,6.002478732212957,182.6797739763546,papaya
119.8724376130316,54.542056554273124,40.305476761257694,24.266902266685133,79.43645400523923,7.212906378260753,156.6799843804711,papaya
89.47442837761436,40.28740411853498,40.41722945274818,28.119808635302267,60.43663752704846,7.4904452128880585,118.33838334937381,papaya
108.42829447477109,43.10119442824827,50.80186842195429,22.806112884662177,75.33556849066487,6.8773816420872445,108.6166693401415,papaya
113.94344756800022,50.94037229553404,58.431846200266364,31.166233736781127,78.41015578973165,6.116677800300702,112.09577617545234,papaya
119.50823238864791,49.75201642797412,44.76428105658295,29.69664488498658,65.28570442424964,7.090823532027963,183.7285777849761,papaya
111.37053509181122,45.48095616395871,48.03237148158474,26.132510032332764,69.82545836208944,6.251059277310204,145.24700504143425,papaya
100.43131962061919,50.63417993162105,56.39800859968916,27.17334498479495,64.6156784502735,6.994693107366281,179.73141440866252,papaya
92.77486665753047,52.9061185803521,42.938759918920255,25.41926304578064,78.18447859099268,7.366962244743856,157.53245787430637,papaya
108.09405843460426,57.08030830411883,59.17106370625253,26.898864402897694,71.23151473252068,6.623462349971746,107.19819370564288,papaya
96.91213889795273,55.812546787661546,56.097709959830574,30.923771145932996,61.02933410351938,6.790731884370951,110.74244879370762,papaya
88.02968732662973,58.00433004761213,49.935825168593915,29.585449208966136,61.28768211857361,6.625239755887278,167.42402806643378,papaya
85.33625925112854,46.51635758211366,41.290956100477665,28.513399408695104,79.41782518116237,7.240568236714244,197.46231168075656,papaya
113.82419180393586,57.10391612393957,51.54354390742685,27.1825231141321,68.12508532855655,7.22714234256882,118.20676122780246,papaya
82.24899663296773,58.9578764536935,40.07556370406954,31.76829321875852,74.57706739747532,6.492748379546741,169.78198430863102,papaya
112.71500628740509,44.90724111972872,55.41791366559164,30.0436962500824,64.9870926025069,6.0628895315669755,120.41222845580977,papaya
88.02585635557578,41.30480908350967,54.520147693103915,25.79974924458408,77.68772334907717,6.378256658497779,145.32321650999273,papaya
105.5606971570705,57.549298993435556,50.492422032387495,25.735246278123828,77.34030156944019,6.465369637031416,107.94236996325765,papaya
97.80168430040959,55.70186612995984,40.61561663507046,27.85882244989592,71.88928097054472,7.392812645141072,128.6464817145022,papaya
91.15346452842785,48.80967302679356,47.1382980294303,29.36345862689327,72.83504154263099,7.138381556859399,182.00417911986892,papaya
116.9192453093659,48.61873463569295,59.69394778943099,24.156608134036528,74.28730323894658,6.8010139759607835,181.69005946848836,papaya
99.07082082425704,55.678772707248626,58.60337429295356,29.322942661400873,75.52188572436648,6.100763146898784,120.49576622322806,papaya
118.97214962014374,53.863740075747884,51.22898034622009,25.6697637339645,60.88778002413836,6.553703861946202,149.8912873289576,papaya
88.45838037547547,43.46273582547665,50.16833102715034,27.859042356275438,64.7983583770905,6.881084211684319,190.0339963874295,papaya
98.92693032085415,57.14780339174363,58.54542889066637,22.923940289370858,61.91623159313594,6.714066274331402,158.81024443177026,papaya
97.03533857860117,46.52901540835006,52.819882322523114,22.020815123499204,79.36146561727485,6.348118632282033,191.7098768583007,papaya
84.36058978138024,44.76174364089145,44.69747402175001,31.96152904200646,60.09201091451769,6.959457313955244,186.9686581060853,papaya
106.89094616098947,47.254676364338884,59.1661872540587,30.93520754589041,68.67909840499036,6.859992738916745,196.75191878052408,papaya
119.3024144770588,48.996465514359045,56.947000562861774,25.019802269539362,67.4362574586133,6.247232824485339,120.91845927767304,papaya
106.27493209037436,50.21563236014162,44.62263721251206,26.029096163616526,67.46366919727363,7.481040306803001,185.35658372113795,papaya
95.51865333535297,58.27833157792066,46.852707832563425,28.679015127348595,79.33299993364224,6.585418295982828,167.98849651049338,papaya
91.83695244250532,45.326246311959494,51.48313332863104,31.792645980332182,69.0626769744034,7.406455455474871,191.43635202447615,papaya
90.15050449379979,48.036388141686544,52.866049569883664,27.180458844113915,61.91917059726349,7.490547045190738,175.26540012112798,papaya
97.50776152898847,52.36337099332583,41.751456345324605,26.9530165368961,78.61664831634975,7.344901437082467,133.73808454831456,papaya
101.25471455285356,53.94767048175294,46.80018533815811,22.648792180939385,70.10883313435609,6.902453603735005,100.58416001215103,papaya
83.82301494154123,44.145812871883045,46.96104573981869,27.410512228305805,65.87685837519331,6.414275721609756,186.93493438130818,papaya
85.80202563205705,49.9092026634472,59.05649433872272,28.250132491160457,74.34410959788877,6.646855487085911,101.99321671197195,papaya
105.84521473468821,52.63848562856248,42.208552729266664,26.621597136246315,78.306578893313,6.307627247957963,146.10987546341102,papaya
98.44412740802082,56.21522936295277,56.49151740658889,29.592694196633918,67.30908318376548,6.10805538752778,134.9482977224014,papaya
107.19164805085359,54.054931489781524,59.30000418953438,26.536412314437086,72.64871165880581,6.808786306083798,115.06185601132374,papaya
98.44809888528545,50.896703093779884,59.01499212084517,25.66539054408956,79.60198206215955,6.8134501110361265,124.24692433030575,papaya
87.66657548063232,42.83389834520464,49.058657411469056,22.219264297889232,68.9009056662973,7.482607038233919,167.01067957222665,papaya
110.39144484801619,42.38010781436525,49.462017229801816,24.86223101025714,77.88195055978059,6.271938708020869,145.8733327136742,papaya
103.52190873382551,50.28082183157065,56.60487055940815,24.314531713196402,67.54782220847383,7.188126444860929,152.8071411736805,papaya
96.08469542591828,40.58885029489663,55.06770848031219,31.721820779667603,72.4057401897702,7.284811831033192,151.68757431949263,papaya
89.26723861693458,40.28884208470291,53.067965351799785,26.931088482482444,75.64196294175203,7.042023626152957,198.79523682065647,papaya
100.41250333648159,48.54349579346019,45.7347937887859,26.768612917912744,77.45742956245844,6.063659588687612,197.79000472861887,papaya
119.73228777231192,51.956427571758034,46.63088407390803,24.230489683220238,65.52980791369758,6.075158139757458,147.51109584833588,papaya
82.29297083457624,54.369484295518504,47.438589110657084,23.99364731747163,70.89707115672077,7.460638960864521,169.5131049018418,papaya
99.66987400416642,55.53828598509013,54.749529437979774,30.917354610577938,64.09337895187895,7.288316364388098,130.10260870416988,papaya
117.63995711300387,45.62130297893471,58.53697086325352,31.6379071446408,62.909827149140284,7.4617498248941745,108.57229684292822,papaya
88.74271146450087,48.88337561745609,59.871947314234205,26.885630511653794,71.00818886356971,7.041637424285472,196.82935582729513,papaya
111.33405600496978,44.48308008847397,46.05981861328709,22.976282396085246,72.8890472832948,6.271110459808832,125.74048884793658,papaya
115.52454620721508,46.5351135066403,51.33293436708334,25.97566008789177,61.48062574811827,6.544295744845058,140.8068203035931,papaya
115.82804407646073,46.48901307292679,47.58482239524136,29.828967686723345,75.17913302423196,7.197427914972736,195.3770740076004,papaya
111.82229993579136,48.15216406435782,56.43017033796184,27.086746320899383,65.55428065037131,6.454375602196518,122.38423885633983,papaya
85.79971831279013,43.68980823707301,41.26356099907639,30.884508649323863,78.62015619298246,6.880155588740843,184.0489556608685,papaya
87.34284410612588,58.033476504539706,50.12723119261017,22.67164992605555,62.8262548898832,6.463464691180226,104.35575803547515,papaya
92.37173512069775,41.198608662377836,44.720552103856505,24.656697558564417,79.88737952733588,6.353320010645497,123.91864489385803,papaya
107.4715587343354,57.18714957032904,47.74110825204173,30.756180199406923,66.80284041495514,6.295523819422529,132.96388243277235,papaya
104.37425495711969,47.34286318624147,53.45787607978578,24.369358794224823,74.01985787978298,6.5211575448727,145.58683716019345,papaya
102.30980561771584,53.72450006371987,44.77427383697467,30.359455374108105,74.4368549951048,6.3511468785359995,197.49745626029102,papaya
106.59187964121834,49.048537729334114,43.150546511070324,27.332210023081316,63.295517736542365,6.644237518046766,140.87125227395188,papaya
108.7975857738984,43.847663624484994,56.437427097416915,25.261323270161657,68.8797725393755,7.158511463330764,162.5392399713515,papaya
32.321014072077496,17.72405849091762,16.115736279792202,29.947701672771572,76.65249066413679,6.951395389566281,236.96807378755892,coconut
25.82826446990036,16.205372373597648,14.428948838203116,27.90313212551485,80.31968172418726,6.513525714568219,263.17855148449337,coconut
27.566874544068373,28.929456585948937,16.856902137643374,27.002488469161385,83.7035715636044,7.111033257366125,206.770764722048,coconut
49.873878995759085,27.674719122721093,25.33607330413915,24.34196485570833,86.54737822732376,7.048961916908735,250.3935357229779,coconut
50.40089676351614,29.58850791663878,18.62225775636699,24.67223234954598,79.21779939255433,5.592867310782096,194.13756121326918,coconut
43.47519167187036,16.192457858523127,23.70790491819077,32.21986327685721,78.40878358559074,7.300275902586007,161.97583970256002,coconut
53.60452656801799,26.57146290878598,16.439877926535296,26.987151871246148,76.10189962307025,7.122787424688822,274.74802314152925,coconut
33.18889835310671,21.851806948889237,12.77866458880909,28.68778738281022,89.97585701711077,5.8176782954124935,292.13439599400886,coconut
52.97018887860031,29.4442930189254,13.59157521221066,26.135184904433643,70.33734363469718,6.949403625831211,246.61420401542784,coconut
27.122617532989285,25.82289931084144,15.983910122634509,25.349955693306352,78.45125330038697,5.681939696853712,189.486548440987,coconut
34.85333433709385,27.037283490283,25.850974825864427,28.427542857506182,84.49150115504776,6.63729927235801,201.1262782617102,coconut
49.03497373981139,23.66998308932756,22.38188884387204,30.179555210432504,83.65963984653953,6.269091025285077,280.36137226015535,coconut
26.49231381985843,27.677709264783083,16.845636860639885,25.250316156086225,82.0005480535826,6.251973338140811,272.3249590655279,coconut
37.23141874115069,23.371250511242195,16.16515979009651,26.0945237502534,77.76098061897648,6.7136156692048665,248.54201088170277,coconut
43.128266611920736,29.76111437248218,23.821803729903305,33.31519627596918,72.35866389790348,5.622745859626958,196.64920530179305,coconut
25.463557535056957,20.517370564565354,20.379625070465575,29.7504716644395,84.90455761662146,7.44265940042464,281.738803715872,coconut
24.734689583023265,16.770273775413145,15.116460500960837,25.768173577797928,80.8944975331157,6.606528804065461,184.08672418320918,coconut
48.47589001226742,24.658285983390105,10.419599896678665,27.957577037223167,87.80281282403243,6.540637216487676,202.14417021584916,coconut
30.147046063805206,14.867090398365645,11.995360677016127,32.17226419093092,71.73314810788342,6.084589531723632,156.851360784953,coconut
51.25546278894802,10.785673644535809,16.16602207736417,29.73297370086664,78.19122720586887,6.0645421344982005,191.27836086413123,coconut
51.91161224024997,29.4795619017449,16.960821408975868,24.391455136090165,70.73131555818217,7.018426830421436,232.85547324136905,coconut
51.34370629669321,23.949940205771497,28.15012698530793,32.85824291046623,85.76654791242355,6.450378320084288,196.21896114057787,coconut
40.2810714977856,20.041432146396474,22.20551097778675,25.860975677829042,83.11239760889977,6.4132018484116315,243.03072479112888,coconut
29.584192916781827,18.6878978775471,14.204024289050405,32.753051567568015,79.75922090083075,5.949962831147625,156.18130436123195,coconut
47.02954658614168,14.292894279795114,29.791643846375568,29.337003734151715,75.77953992496064,6.815354867585261,191.28298851571282,coconut
52.81097175638986,16.16472101859884,29.764954647918184,30.051447854452938,86.88822297885326,5.645630939156844,202.24491260792823,coconut
49.49948344664598,23.101180346811653,13.884862428675156,27.5620293050971,75.26886814975082,6.726740339523686,201.68523441881624,coconut
32.36216968001399,14.147559608726834,18.180542418292966,25.955025901965534,89.25139174755265,5.809003622990607,286.99570724381647,coconut
37.138923926263274,17.55731983123444,14.626396018096976,30.357563343675192,83.71056030021673,6.435141924504835,158.35603435401362,coconut
56.740406027541994,29.60658265752762,18.6208683042367,30.13660807409327,79.00597252487493,6.143759301772241,161.59781892867113,coconut
38.242709215891956,26.36769112718903,10.340629221760071,29.821076831802223,87.61544217453377,5.935098860028716,177.48837970335933,coconut
50.891065028077726,15.101728622385867,13.83968535121297,27.779892505692352,77.85004024540436,7.2482021260331315,242.76652079005152,coconut
36.23845825358357,20.687759285715337,29.079304666505482,25.132146766098955,74.15431043449382,7.425057413173111,293.5987272790806,coconut
27.086616850590907,12.902176342505964,18.4217026867724,24.49718292487969,83.0980706457028,5.654992043323484,158.7044440641421,coconut
39.40747744835397,29.155732722202032,18.535918721263194,27.56481158660551,89.95913431004573,6.563937921558367,206.28621103353728,coconut
35.43443253366407,13.89918992067021,20.244461148950776,28.388550281680057,75.41590592694827,5.821080173203519,196.68583030013306,coconut
40.34733310750917,11.166665445696033,13.07488057167912,33.47657266969095,80.85710702062678,5.626898607320076,253.96316381543596,coconut
22.47211480316139,24.77748454092746,24.999254434400537,30.510789757492525,84.644090892387,5.675931562026116,259.01708285329016,coconut
25.467532788955317,16.790118145436878,28.854905070012656,29.028754776591402,89.34852864166028,5.677844917773475,221.633489934477,coconut
22.496092811074824,22.604205247985696,11.574140027370328,25.753678025403772,75.17660620138561,6.997487703328966,174.59431782271122,coconut
53.86528213172271,12.638078776616018,10.704888981403126,27.95045418969668,89.5888328394259,5.720684455577555,165.25776660594437,coconut
50.04666043182496,16.243233879871305,24.34563234451434,26.000105894433634,79.20143988396326,6.030579755497836,217.72923223186302,coconut
50.76388370341215,25.240198809553235,20.31544575347447,33.28371843721051,75.27568204896548,5.980622702238466,242.07096017631505,coconut
44.85188136867156,10.930800791299479,22.155554247737953,27.744361573490146,84.94885050641118,7.116211329090546,232.82307293205548,coconut
20.068201260090603,22.72731620333284,24.977625593318685,26.48983266231514,79.29292002281578,7.431453246823576,194.71733300911552,coconut
28.92613004166963,14.217095809560202,21.176016687079926,33.497871013080065,82.17380258400709,6.10664624047532,245.7854667101181,coconut
44.9936919039115,21.938502714593085,13.18852413776604,30.345667993449943,78.60328905028999,5.537184117246067,230.96467307212427,coconut
59.5706698087367,16.99479181687967,29.311184366373165,24.962057416625946,84.64900231734612,5.728659989325671,191.03573603329113,coconut
42.83363341288498,21.85559387953498,25.504226344683424,30.15311407227439,81.87229408761121,7.324706173978276,217.82411283137358,coconut
29.0106311478022,13.235771700472604,17.999891936189996,31.127527551936957,70.85086969859802,5.758106773018812,165.91701901554592,coconut
43.41000612205835,14.857293010625325,13.32518856602793,29.927707197430223,85.22619830904759,6.164309832905329,236.73069085148944,coconut
23.92497652797841,28.7038206091514,16.737923706295454,33.97505693173501,89.57175511699565,7.0576468986716225,153.010064311045,coconut
41.738996815374534,11.73672840880023,27.902760519230323,31.89636252647403,89.44680753191366,6.716765906299591,228.32592067265068,coconut
40.758954237775505,17.728967489086898,19.37380134458282,30.354125831353503,88.65895215112555,6.691768676512062,278.56739134760505,coconut
54.51119645210002,20.376653516965185,16.94939282995243,30.39573873332081,78.91754683829686,5.662881734643866,206.67136506486506,coconut
59.762885521973,10.970237400525743,23.933338238018536,32.41188705071247,82.97451806950758,6.63949646232658,256.13316254681365,coconut
37.17370949198623,11.827234746177535,29.247435086067636,28.32300769984196,83.30778474336034,6.562620873778591,158.20096079663318,coconut
58.10986403970154,25.850744522286465,12.981957889387898,33.81648876288267,84.73802744343416,6.444643300856618,241.705508483936,coconut
24.2694672805839,21.20823020031222,11.473221440341188,29.44855257119302,81.05391377525571,7.248877570321488,258.7586250408441,coconut
29.9820956886048,27.768522843757136,21.464853296960115,30.06379478574034,73.37962738444357,7.215547191938228,289.6447672524816,coconut
50.99962597979633,28.81504905290012,16.045998082446918,32.61119168362771,79.77786285727485,5.82783440588717,250.32008985501017,coconut
47.36481082823516,15.738490275133802,10.549866632551401,25.998472590855634,77.99555095347773,5.835125822119737,179.10449223594063,coconut
35.65562657529078,29.235732286171206,25.284870308152968,27.19748401226564,89.03208137837096,6.791293584517465,218.31744669602102,coconut
38.732007958205884,18.214889356707836,14.659841050918793,27.866321922137057,80.55792768086785,6.556054701460442,264.2605353318777,coconut
34.351914286294104,24.335960586079047,21.561836775373692,33.618454045268344,77.70569852067965,7.302432928521581,273.09638209474343,coconut
45.506571383578276,23.090289334842346,11.692998692128214,33.50224605593432,72.13872126991488,6.626466617487014,199.51062006737317,coconut
37.19407913159407,22.20366021673634,28.177027557646433,28.575671235723014,89.75459110612883,6.685624130702999,174.08309139632618,coconut
27.60037179325009,24.32222071178502,11.007955884867634,28.80341576222227,72.96438219607033,6.36643727035569,262.4876133107579,coconut
38.352517129657365,13.269022179618538,15.038507407132848,27.675395886521823,71.39122366972829,6.668675272162243,241.13006869170752,coconut
22.486077085302696,18.04622642348324,18.280013657694496,27.33819568552601,81.15479480662223,6.191914980120224,212.4613919216709,coconut
51.900941897664225,13.242187108604028,22.38229390606842,29.055944016908455,76.10143274958698,6.955069312980822,232.6782539311722,coconut
39.09446107842781,23.353386295424002,26.045806159627215,33.72668790033576,82.58700736752746,7.248879970800766,150.16373115344354,coconut
41.20942770903565,14.292950975403961,11.883849141662743,29.319710170643923,84.93653012298188,6.32454504494876,250.5161174016652,coconut
39.588770153637995,18.74171731918852,15.805132808717213,27.825935145010046,76.99591261588856,6.792374368029763,167.40277669187094,coconut
23.705454747512242,23.200259884169206,20.925961397577616,28.302000967426576,73.04885768815807,6.322054223738623,268.45976449800173,coconut
55.58484943157028,24.051531399284404,11.198243517617616,30.704097766011188,74.8197117909259,6.13050248605281,179.38098119399768,coconut
51.03023162480818,22.97204245274558,22.23670109198362,30.67972609669276,74.73544522807806,6.389288828650724,244.98805823234838,coconut
45.463761104732015,25.83703725510261,15.742079333762211,31.703361216968226,78.80368961233872,6.840345384117869,218.35790700979302,coconut
57.94440679163773,13.58604529483289,23.50010177164714,29.76535000768159,73.4546208189549,5.632012671623336,269.87165834574955,coconut
26.298053345850608,13.73013365571552,29.568684479780785,31.17260851476631,75.00973683202444,6.681897920303203,230.11677576037698,coconut
53.7789307005539,24.586414956652487,26.634422509863715,26.115065879773624,82.80438408734011,5.58048171683676,160.341091841883,coconut
48.54108130818389,10.488402052878627,21.595300178010184,32.4040509844453,77.59883616836058,5.589680873679826,257.077117444309,coconut
57.18745809856603,24.343427841165358,21.568944860055506,26.3002882987906,70.30751248088994,6.889344216958106,184.65392637664394,coconut
54.3265070872943,19.327282376652228,20.612711647449125,31.539365442663666,85.58861215606686,6.7853016661611365,290.76477231191143,coconut
59.291937452816775,28.937708887492338,26.48358370687887,31.056252202442515,83.26651715763334,5.707500353841068,190.72265202286687,coconut
20.22752894117508,12.748197404679837,18.784589543383767,25.465365507890734,88.03326829353516,7.111398370670564,160.74178681342772,coconut
29.95654861869064,26.381437692230175,26.06092253119747,33.45450550117789,89.95095523234721,7.452540126482244,211.5206978582162,coconut
30.01313775208129,25.16820380854125,15.985457854880616,32.064003601313296,80.67909460795849,7.087854550469908,191.38198195755157,coconut
40.32109262215283,21.280475872043638,28.86216135440264,26.665975768304172,88.7337647856979,7.109717830931432,259.6341081130043,coconut
51.474810767405,22.10850091760114,14.881600209249717,25.894949688398526,87.32682871700781,6.950278805191666,181.98064241414235,coconut
44.603734634976064,18.950929628284477,13.173103399261878,29.31857109357164,75.63038184932834,5.6924882483151436,220.04374478181163,coconut
43.60434208374247,10.93812820762301,18.04185498821994,26.576619198366853,70.61301181414464,5.751325099223012,170.85512382275664,coconut
27.314969924718845,26.067551428758424,18.789837329562786,25.47085992270387,72.00593933855778,6.095880917458079,269.70232780566784,coconut
34.57839391758574,13.197947205878762,18.0823236309232,29.553115572870574,70.59168367276028,6.755283602880346,209.2651129522184,coconut
20.389035005247777,23.477787978927616,24.247752711252964,30.28839788558683,76.83860435196844,6.559209708131922,208.0736559200153,coconut
48.02486920638778,21.671603724673773,11.635982276548996,30.430935582189974,83.74476828675603,6.241404361229399,281.36786714395566,coconut
53.720574193798505,13.503330477994757,28.08532616971737,28.408723714950774,84.47499305268587,7.128194013934472,225.76686316045348,coconut
35.96407757483263,28.309027372301966,14.617071058708465,26.569700777191443,77.23240628026875,7.218931555941131,290.8182396319614,coconut
28.802708590194474,27.277402952624907,15.164059189371386,33.70641246749888,81.94815783963165,5.514172934894765,155.1194856106767,coconut
25.89938123218834,13.751463156375134,25.352382456531934,26.227658764169497,89.38283240099719,6.772224114405876,253.87762638802766,coconut
28.712660771408302,27.854126281901696,23.35629145639863,32.64405624341864,89.12962194462455,5.751281954219193,164.48808454034184,coconut
52.136313063585426,27.322521181883406,21.675228417559715,27.660005477505205,83.05259272150448,6.111328145184915,185.75785382302024,coconut
39.52580838109062,14.323076552127594,19.674072166303457,33.56606505463572,86.7956807123478,7.383261839000045,270.9493462271038,coconut
34.19003743785107,26.240904771031182,28.45831487106428,33.47035787837054,83.66395701369994,5.922733287630226,155.95937300470362,coconut
25.88800912640623,29.310938357878907,19.24193648385539,32.549860148320576,79.30088307116583,6.821635166919679,153.62111656835003,coconut
29.99459770877467,18.725385600851787,22.612620943083265,25.715211880531786,85.2910292854098,6.228809412272475,272.61529038508263,coconut
23.918763615802693,23.595131753647436,15.866566664130204,31.95383174122618,78.04340854084822,6.830699264527133,290.145790295471,coconut
20.825065280550575,10.222335646687473,25.40558504353427,30.463930515080783,75.85959441008865,6.488793405548525,156.2903498398303,coconut
27.697824214449632,18.48992749054335,26.680888324429645,28.79667182860085,81.72725009051958,7.247507583987561,196.32283703832678,coconut
48.027972844082235,27.233345173565066,14.052314013923535,27.564781651478324,89.5962034777871,7.466437129592422,183.48448954409068,coconut
22.657833555705125,15.418432226201057,17.954639146073745,28.41005600931164,82.37612614660847,7.299005520263092,199.55220178607436,coconut
53.99938141996834,11.869578418532537,10.837493979464295,29.040451831234613,71.1932444666121,6.284979602468461,284.51671753038516,coconut
29.659321448298932,24.119515502498064,16.04730784780134,24.449200552421356,81.13381162820619,7.169706981073503,211.42026725139291,coconut
44.691753058323485,28.000471953154516,25.793890254739757,25.938763993928195,84.66767918730011,6.503786050320304,261.8950211829127,coconut
39.78062202088873,12.559163282166057,21.398188933784784,28.9213399239734,80.35843467282884,7.2578049072917405,284.22555700593773,coconut
38.14148427062874,19.114640825601768,20.30373917745232,29.19589278334257,89.00774288358225,6.798800934754987,191.6185492331916,coconut
41.2614718781596,22.544471658159658,22.795434420279292,29.852542262381828,73.55472309243075,5.567186378159015,200.67645785502816,coconut
37.10088618241014,11.236084791521732,26.299346760396922,27.440774375102738,88.27265492357009,5.8088202156845306,158.540243540597,coconut
39.29264417545287,13.782586736514133,28.747985511557225,24.10303398453739,78.2523935011807,7.353495542690337,207.66273100946526,coconut
23.72437122401843,16.05789885723574,19.96020787668867,25.85151687343333,79.33123410286524,7.172686391571675,280.89269552949196,coconut
21.970429388429285,13.21806716105147,15.505802715336083,29.94865850887602,77.21989517584935,7.188081826892151,257.50078024244067,coconut
24.01824092454033,22.491150050241824,12.260252506939569,26.550356696364602,73.55741267068456,5.84612389840141,242.4593287165289,coconut
42.54419690216646,13.520563055754538,29.803456108368636,28.218367323682937,71.94138656309873,5.7411380339102305,237.5840570589892,coconut
59.162776135338916,21.439022032383956,28.980829532332745,28.441328507580266,78.71682207304025,6.500014718631764,254.61381872333328,coconut
34.704638658053305,27.27772065357914,10.585627695362925,28.397641950284424,80.21983699959836,6.714064476526192,191.4107868548795,coconut
37.09919883943341,19.690755004281133,23.738199573664264,31.73544184735814,84.75654654687574,6.18316610457917,299.91757844879453,coconut
53.94661247148718,15.200467462899379,13.90211611345655,27.140212505833905,79.0468970599929,7.201598756639227,266.75433956918016,coconut
54.04984494023504,15.43914229820657,21.86922444903672,26.832490622773744,72.18046321438986,6.868395486949361,171.4496326793158,coconut
46.70791046825886,22.959286098108183,26.20496888848034,25.395546045635644,85.66960297017621,7.498553051892474,277.65636728788536,coconut
50.07248305310665,23.243307093894153,18.435629693708588,31.30500167891602,84.48356070280906,6.762996565374577,269.44175674467425,coconut
37.950555537073384,12.425054242647812,21.18135455218475,26.650435287113424,77.688661948583,5.534829807882452,207.4185881876825,coconut
52.352044245418185,20.854447338765098,10.19601053867942,28.69843820239847,75.82903295290815,6.455101310794342,210.70390821718155,coconut
57.27916878229526,10.823545979260317,23.671760225638643,32.51026596301742,89.18477169300951,5.855272453088592,229.6957202949291,coconut
21.743583092688475,19.98367048910177,12.509161790819638,32.37896674698713,72.2774000521073,6.52657672077299,228.16441034891307,coconut
58.86601991726422,23.099613880777763,15.756805861536039,26.407993099381386,72.5649641129013,7.013029448098119,253.6134984273508,coconut
44.39508509232424,10.816808858999767,25.25657732788589,30.418875771484792,89.27777736220978,6.674404259753624,195.59278599925622,coconut
35.260822087572805,13.516814107564649,24.458283644027702,31.077216600217255,74.01300030955352,5.816978646364557,161.55073998032918,coconut
56.479029747270346,14.661396673897023,16.88327053503608,26.805045083774907,78.27249205221582,6.928097598764967,280.5893450589426,coconut
27.303949981141606,23.728246874823302,17.051242844849703,33.80527168297293,75.97838318568154,5.51438591201572,227.34599610297678,coconut
26.02924337103751,10.889888536367982,23.96538463895417,31.322592825084566,79.21398026233005,6.853771033513155,230.73591723707008,coconut
45.192044308877264,21.934079463759225,23.31645528111185,25.99630648673171,75.374132400734,6.379926299015384,216.91920141287795,coconut
50.97646846347617,17.34787318459064,13.250103121183647,26.51465970491076,74.29467004768456,6.963320038512044,220.5509421938973,coconut
48.34522791883934,18.324393615152538,27.794712050078104,33.83520307722735,83.39685017405223,7.2276251144724375,226.18999007580942,coconut
57.384833614156314,26.63172971345656,29.835571435320784,30.230937353277806,85.58413480536457,6.585736279956427,188.86801564071342,coconut
34.19020684519031,27.88010829462632,11.118958931972411,29.91479886074408,77.44968065008217,6.273385076011111,282.68568096206513,coconut
54.15289498184906,21.97684751144937,15.458376948086679,28.75456346162024,78.16586787578431,6.207236058404991,165.41783678359445,coconut
41.72455546861281,16.036625957489672,23.216158858550568,27.192039358255307,78.62326986269603,5.604720748388815,298.8807104858216,coconut
40.304415331007036,10.484751883283456,20.82461317522288,32.703539993056495,85.45104268532405,6.9018133682589085,170.91969818985524,coconut
46.309483159498896,25.325967560245207,21.44838127930993,32.92749004520351,75.53979563569771,5.984289399478501,280.4354617413969,coconut
45.0159297196581,10.028944410419987,17.06262817022105,32.57855985814675,70.54639023283487,5.506495856523018,192.18889357876947,coconut
56.56000148037111,28.029551629400327,20.375238916030156,29.532368711396227,76.64016022634378,5.987473324055619,272.2832781318177,coconut
24.251794419985657,19.747087417572715,22.68794518994169,25.036802903710292,80.39214190944692,6.655042575824886,261.3744090761047,coconut
29.393441965901314,15.866550065815165,21.39042293266067,33.83126409981614,74.34986365640229,7.471807654246928,257.1513799581722,coconut
53.04328278520093,11.792825364726784,16.008403748612643,24.57736279650981,77.4309399000635,7.462579319840104,165.79095933095078,coconut
42.49491129484798,10.121412456276246,24.253656320881255,25.97192692372041,72.59169074249526,6.174035624321576,265.6566446908472,coconut
24.264523452448433,14.596779915973908,10.16928843234619,33.68414862695618,81.84291199977727,6.939799272769399,247.70747567340217,coconut
25.774582354786975,21.898798779879883,12.628311902825242,28.012364539631278,81.37926271850586,6.617762228204311,167.86101389741114,coconut
21.37743878586089,25.964686277476275,24.518448739920107,24.81818904564738,72.54831037603107,7.2851675527792406,265.36933524326696,coconut
59.84641184866697,15.079748984100434,19.756059777376297,26.36459576062356,82.45600276954619,5.7308284781826355,169.08647591145495,coconut
22.875515656204904,23.871721645283337,19.881451548664135,30.1773121635463,87.58602093178717,6.980656969510717,219.25843772500366,coconut
59.37423953576906,19.125122022839463,12.249013464670664,33.92654747252716,70.45641460029695,6.599767118975504,196.36432330495637,coconut
40.14208604067939,21.17425905189043,14.801917925569752,29.568587557372616,85.12122224011075,6.0330196744879965,207.51391999708608,coconut
30.729707726562317,26.41119461976405,24.499645184191934,32.71196437218407,73.40099785803318,5.647159276319503,167.907525578801,coconut
26.440733312969456,20.661653213496045,29.418241407255298,27.57235416616782,89.17016538720411,5.576401589978359,289.03083042219873,coconut
27.246104292198847,28.249499714386978,11.124548602309224,33.482194474950326,74.01596528637722,6.105428120146321,223.6413516154437,coconut
35.22883524941901,23.350559385262997,29.496155345001547,30.064264908049406,84.42970818873098,5.676010500611403,244.17186436050082,coconut
38.153991081856525,27.715647158392567,17.76422199286204,30.79454144049919,74.56307456518158,6.018745067048392,206.41836463834105,coconut
32.162541500260104,15.077576787801497,10.993374118016186,32.36746331752459,71.28603061782569,7.274731031205935,168.81980836020904,coconut
22.61046948250636,21.260095279613942,20.048835851494434,28.91234568831885,81.49008655002795,6.074113212238311,249.44239101444168,coconut
40.09608878828733,16.694869339146507,26.530013339614563,31.277210963267102,77.87220683889244,7.195235570457745,288.0387375167661,coconut
41.4746506833745,14.299049003138416,28.315843130939736,25.894796200955174,70.96846452834538,6.1549740177462615,259.044951669156,coconut
56.93096345414198,22.745712936288797,29.036770939333202,24.923708392758968,71.2150745917604,6.708383901487328,294.9174483739132,coconut
40.10885235818896,11.030304518786103,14.424373121549124,26.447929064157705,76.757142582739,5.587206767172425,285.7339050746874,coconut
40.62255778885981,23.41861585908218,11.34345673790018,24.541154678036495,81.72935544081095,7.2745920210084165,229.27230014393206,coconut
55.11276690280286,26.219825461104787,11.517075715898415,26.0195747438569,83.15421338310685,6.387002765100084,193.60497204703807,coconut
36.74535424191916,18.903992925412687,28.21104501643193,25.03458283704953,75.5946149361523,6.575129633165428,254.74303899458874,coconut
45.22549155836975,28.83285475474789,25.912178496389465,29.570768419744304,74.29365383347015,6.40174846280448,254.00733662917162,coconut
53.518486993443396,29.194724488447747,22.10905532275835,29.269193673044324,70.35383846242297,5.64419813830036,173.41574964561005,coconut
22.190397247585125,18.01726477609853,16.737570902777442,30.373541578683927,80.71330215866806,6.691941518775719,220.7965804406481,coconut
31.109485942170284,29.05650629892954,11.72818319520278,33.388909994653076,76.22476093729469,6.525322890734595,166.32634842413194,coconut
22.83724273484037,18.590908974372056,24.833947527593562,26.693647775485488,81.2469577787064,6.0573006810456365,208.2919591339561,coconut
56.25785273895299,27.116792509898392,20.320350868352598,26.381056274720788,73.86367825466046,7.408174706071429,180.40748947660313,coconut
52.326732436501565,17.379404190710744,29.713196951164768,27.681557403627878,77.03033249821452,6.774927257755246,294.2275209940229,coconut
59.04838423185731,24.144122929339705,25.092127312727072,29.634021759730278,85.11551478264664,7.219559309940993,222.9142954792535,coconut
44.794490513204124,20.746333904660954,21.249412270573544,32.90047909873941,77.1123366041114,5.916368051201248,218.44201654104438,coconut
28.323407619250606,19.968008513240385,28.070162107141172,30.17433520482478,87.10865706606155,5.832381839231024,285.1310388805765,coconut
44.07148657628463,10.635195774809596,22.662379105700737,33.51396956260918,71.58334000950724,6.664912260939144,287.3217904304572,coconut
20.387806733374983,22.618258529316464,19.498045836619255,27.469893186486107,82.55072979890753,5.605404189174834,262.95945694311,coconut
20.179179076788305,16.138714875847043,20.07917275369357,27.770222505665515,76.14951870411164,7.1616702909361925,290.22488614078634,coconut
54.94850739623555,20.448626260999994,27.68328350386966,33.208615651815435,78.18476794094924,6.066891719010891,164.73978087199805,coconut
39.16367684196916,28.92593840876883,21.21815056140742,30.675621017861715,72.25767636983696,5.7870393282845125,219.67098929395087,coconut
58.05059195934903,17.21569283183058,27.54968082635067,25.202885934257115,82.3403441386742,6.701225953821036,278.9812125105403,coconut
20.13266817619606,13.798633343951444,14.393752508589635,33.49966088090737,73.0738731253979,5.573924700441121,230.1692242112712,coconut
41.14233849734727,26.880939307357284,28.977193003556042,29.38545442140131,88.5998836483931,6.950318302599659,189.68386919933775,coconut
57.13682843775705,23.348863523637498,18.281918654852674,30.80242084516931,78.02625655487502,5.728367535975918,257.846812076535,coconut
52.96350448682975,24.576123980387756,14.582293355133531,33.56635013477613,70.50509123382312,6.165370594751281,189.01386518023432,coconut
21.925049104594038,18.114593859773368,22.46229680325549,32.82552863485101,89.7937943238294,7.116179172808796,220.3020778069237,coconut
48.94817703868122,26.872475771792814,19.30614392837363,31.850544340255,79.65304836625754,6.272991981753446,228.9136256675642,coconut
47.03418950508579,24.53764112637195,17.13472537784216,29.713202515560347,88.19741748160894,7.45262580022128,184.08721367759318,coconut
27.71324662853366,23.53371266857297,18.293677716468878,24.242223384181372,76.93723741294568,7.113489486944504,269.6140395574774,coconut
79.78740595266328,39.451558697750706,41.59014884868755,22.63276052676291,60.52087249781911,5.522092720113297,126.57833766963873,cotton
73.4420418500237,43.49739211807319,42.76707168305255,24.570030562193708,50.14545962957183,6.004547258789921,148.66869902648273,cotton
62.89493372070018,32.152848436669274,42.940700491341744,29.06920881139151,56.430994160254244,6.4793461310331235,192.3995910977122,cotton
97.82174248703878,36.1500554892686,46.1997575003418,27.127328633682303,69.50968986700761,6.455227139422193,168.4589615221786,cotton
90.72548518459485,39.94865735266153,45.91260228594616,23.13248399968396,52.44506072580458,6.350327489310633,192.10829192870185,cotton
80.02978432810116,42.70518277293854,42.4832491181575,21.590874407234367,57.805937647544205,6.913877945843749,196.07861380130169,cotton
66.72070953188104,38.20883780678233,31.90187599605459,22.908517515791072,57.535186866523006,6.581286495904701,92.27936351347134,cotton
69.10250644714743,45.556599582804076,49.25283325893763,23.883355613017475,63.759840372713604,6.016160922715842,189.9133156951885,cotton
86.91609440661594,46.0535370927514,30.987080863983294,27.182071618887495,60.55224662716765,6.085993813823064,96.74019790802453,cotton
83.20099209267879,44.1297127001445,30.66345514070378,26.808818983084453,53.409190578932574,5.780725462772201,147.23672833325583,cotton
72.43480468869892,38.81760466269728,37.19997618879546,27.780035841830284,59.40239532132938,7.4269173240758946,109.33358627490514,cotton
89.61137361051341,35.145851351660895,40.17506185252294,26.630837022823485,56.582185621254645,6.443561057825258,99.09900930578891,cotton
60.24003126695928,34.31296603275757,44.00128344986401,29.251556293824525,55.6040573427784,6.316085997636144,65.23119241940555,cotton
69.48251604390722,45.584385667445986,42.119725405301146,22.469246263452458,55.14883990244864,7.13360404597912,89.27178841228611,cotton
73.36630903388524,43.287173833092886,41.22224771416157,25.530442462805773,67.99482181959489,5.939420925430103,163.79878472081998,cotton
66.36255362472734,42.31467666964291,47.41247126822626,25.494821425737655,64.48589014382658,7.140786705997977,79.04369948286438,cotton
88.23307581128441,48.396820479773524,41.527412197110884,22.233466934345074,52.53885063177886,6.019470660933496,74.49185766233556,cotton
80.5357628634019,31.394093654134693,34.46809249272453,25.27892532694657,59.47829500804043,6.630796970293929,158.7860947851017,cotton
61.8891455866187,31.612419043515665,31.217183036095616,25.077803785578922,50.83695889765869,6.992162533662652,91.2200253453869,cotton
97.56849973159835,39.728075101942224,38.92651504884403,29.366464311674,64.26307967785982,6.714618081896286,190.9205388750518,cotton
76.89037043948308,46.17063351544573,37.60185891491637,30.06014809155326,55.18949257931937,6.078534145672065,154.90173476244354,cotton
68.50853179807186,34.58308374050858,36.105248580348295,28.147145235924512,67.78776184846464,6.849135302253973,175.89399420817753,cotton
81.74242358777879,31.378464426902905,32.009324230170016,26.652703740402984,56.556019372842194,5.941136147273886,125.27596982236692,cotton
86.65986963617206,37.699838954717166,46.05084514314683,28.862278958856724,64.69829764319134,7.470379379354777,101.33219683202887,cotton
85.7890234536358,47.10956680320627,41.59048867827822,29.47402611338471,58.28904371679825,6.680982691309609,67.79329499260596,cotton
99.43070423299253,46.00036962896834,47.37618143262899,28.331531337715354,53.72100065617399,5.562056884836064,181.0519250830419,cotton
75.85322614944492,35.2772975207984,41.23345917677889,25.050782269708634,63.03331991375114,6.467586466109028,157.6126396616379,cotton
94.13693078036572,33.91114021911578,36.588657611309735,25.24178703884767,69.24116896055276,6.230667227094971,113.35397894296813,cotton
86.13890091838245,38.383994197798984,49.0244749127921,30.733625125705327,60.26817555551346,6.789550467895699,68.12427866370687,cotton
87.82922112129592,44.14401745898064,37.18398591286416,22.63619460350327,68.30156803634034,6.353409801610256,151.51885467223948,cotton
61.33315179905024,38.281343331536725,46.3451762202776,24.650912004808582,62.06322320273753,5.9197116009690784,118.31359083753833,cotton
97.10550872212747,41.329034994020745,48.03862918185863,30.82423159387452,68.88295600848959,7.290783320160211,60.45935806144209,cotton
97.36059566326388,32.74918878170753,30.79852502222301,20.664662414936632,56.978323903528675,6.741608170537587,116.32356751265965,cotton
61.02217138597518,39.52965268349429,38.8426148454076,29.082191186019763,55.59225796850877,5.935062347588734,95.83145407472767,cotton
72.14959290519391,41.983297467343334,39.4305097090416,24.042734782148695,57.48628316567357,6.2418473203179525,196.13693725944444,cotton
69.3198795221181,46.36123120544517,44.16421675176374,20.06684006724261,69.86352436250976,7.012878741267147,155.5429420891108,cotton
76.2129883070655,41.104061778285796,35.06541791334941,20.42580086174837,66.72043316891946,7.292968987362343,82.74588912599359,cotton
91.48224383382932,44.82305346571317,33.56750003872181,25.061945630897526,58.45515841668207,7.019928516610497,177.27252680864777,cotton
63.79100485565484,41.25938469808406,45.234969938577706,29.434287128781904,52.959870488608175,6.551010286301588,180.0582188907784,cotton
72.74074306341137,38.50233797823594,46.08717022672665,21.071834254205147,67.18986579777956,6.122313433461618,60.203044322757805,cotton
69.36636580225434,31.790012817910128,31.847698139924884,28.314028809711097,54.2795267127813,7.369484725953965,132.30223652278255,cotton
78.40393031819674,38.68567036440304,43.85175279343264,25.427153150283303,52.572007124503834,7.260344361281513,119.97534884959222,cotton
62.9601830279801,40.58731974995522,42.946937169114065,23.3069895698931,66.00680815347684,6.8395516920747275,151.04776369702068,cotton
76.83299811471177,49.23830602822576,35.48378335898495,26.93246601218543,56.181103149452355,6.989609505943108,66.690807741817,cotton
61.83575471500197,46.21721939037583,38.68536322127342,24.09416065520427,62.15053724350677,6.903798687737947,88.16818855821693,cotton
67.41724965618926,49.16301495519763,41.79328612769139,24.68139772753122,66.02883389339013,6.550317917555835,93.8327934524414,cotton
68.26941222566296,37.937185323396434,47.19791720519759,20.73737499253111,54.370520015095266,7.286303637705183,77.04283965569508,cotton
85.18502873056673,34.2702273624205,42.11733695023777,24.597250002130785,52.033537928619836,6.664950135108213,155.62598459184204,cotton
87.21090475863211,42.74068818145419,40.00449561871092,26.233671402311906,62.71280219615919,6.880518723493282,151.6827434363939,cotton
83.47782259653806,33.11677969608237,34.21233076985723,23.12268825242418,68.39323314175004,7.018790183593933,137.40135473516295,cotton
70.08227714176188,32.21783046488342,47.975184519599495,30.711992189875005,52.21391191391383,7.094433332192992,122.53030970338777,cotton
72.9586773132216,44.78209072417414,42.28659082121461,29.36036129112005,51.486577212658744,6.137174039914913,104.704359058343,cotton
73.19012369151062,40.04959745287611,35.660276061618944,25.332603321050236,57.35555186230832,6.970592096041022,144.490111394507,cotton
86.14517729269261,34.21167788165289,36.51004330653779,20.253985371344893,52.1674941458634,6.030108463977775,69.16492098228295,cotton
84.1052960141881,49.962602318476506,32.01630428130777,29.854762552031183,52.37632494530294,6.839828037592872,150.0420644282624,cotton
96.10867739244797,32.278912273610246,36.308889321637956,21.089357124256228,58.14766651608868,7.3231863471148895,169.41324114865984,cotton
88.91600401781277,40.66055009725404,47.66971484671046,25.39330157889594,52.99371334201277,7.175170446241559,99.14936592724176,cotton
62.145341640977925,32.52076061337583,42.18117832388296,27.28498356705407,55.20366342164069,6.954360295891958,168.3096217559348,cotton
96.82010504534473,41.69874997356474,45.588467282951456,29.037196157259604,55.15618096934386,6.120451855875318,126.987535405402,cotton
60.76155870116994,35.94795546315447,39.47765746688476,21.296831543373724,52.525517755502506,6.426473471474682,162.33510442203038,cotton
93.34995723682732,40.92627795009497,39.49497975093462,24.611366821517063,53.85897984875213,5.793124005628729,170.86550323265314,cotton
78.60026528849345,45.806404909595095,44.08166071801259,22.326750972600546,60.20614528422452,6.388033260845361,119.34229085269754,cotton
81.70284196815255,49.641638021508754,46.25801195341491,30.8445491795647,50.59279166352075,5.780672733585012,71.86691243143889,cotton
70.52924020261106,38.83784983933301,42.841064953117794,26.009975195439225,68.0636782982628,7.379711917787727,82.89293316764424,cotton
94.1165168105914,39.63444408026602,39.06658942634769,29.41927218181482,51.86281018089753,7.264986254838293,153.92086963666605,cotton
95.01046430631992,49.889551554152455,40.36008904714507,21.119146374907146,53.330477258617734,6.147236485108619,74.49741189885934,cotton
92.6136730455108,35.93735702065537,49.5177237603973,28.431097183182267,53.46860740511115,6.4520852938878805,125.36379102866495,cotton
79.70046633334536,40.713823412858716,30.623461646354617,28.235613508923482,59.743835505768864,7.081930797737398,174.14894025646026,cotton
69.2214048796687,30.968458928535554,44.06467712224645,31.73315346156649,58.93315973161802,6.019225619187192,81.93406524168734,cotton
71.4978238956234,36.558391027428996,38.47749486868929,27.86488547857504,55.46326112160454,5.601953526937352,112.25900562018074,cotton
94.22518464636303,39.967030217037674,49.295675154908196,26.04345837306478,55.51797633843695,5.886627994490429,157.2334295499807,cotton
81.45525143109745,42.079978579908826,45.10253578668262,28.710841571178715,50.86726600336454,7.105143810590056,134.57846298723962,cotton
75.6683412325909,40.75038852536141,42.2490289691465,21.794075718485566,58.3483079065289,6.171172420376368,109.05725227452538,cotton
63.65339753629233,33.19686976000461,33.23664135172443,24.47869691865977,67.88983089749583,5.912054743841885,118.26695107447264,cotton
72.46437661196552,45.74766625102676,31.002528646416323,22.358520746430685,54.21283084709589,7.485925600626462,139.90850251528252,cotton
65.55833057534073,35.44398278553131,33.35644188245848,21.495254835433375,65.94364056815785,6.49150525732071,148.36941915882937,cotton
73.25004987967984,41.07390172134659,35.15138065047394,23.69643529913882,63.04475888733466,5.80070025183846,146.41106028344467,cotton
94.0893926569251,32.40846452361538,47.949225611399584,20.95334816358674,56.978184539117464,6.721018630475989,138.31806641659517,cotton
63.85564289977734,45.97826335571706,49.463065862905054,22.174739470205242,67.90261939630926,6.613618884223501,191.03072797434584,cotton
67.04343833667045,45.84042786358849,31.195631508906622,30.59835736163272,63.483188443992674,6.24050956784486,86.66535528969902,cotton
92.6613239426882,42.064826427896236,37.20831705896003,25.326029897630196,66.53085312144754,6.177854386713736,72.54857493539002,cotton
96.45128688813891,37.74687479316069,36.96775022230427,22.452795426511273,67.94845142456691,5.935010667375668,149.1342015201937,cotton
95.23060046432411,30.69827229206435,46.57583410600391,24.927193060277293,63.15949150530424,6.244809126451107,157.37227588864914,cotton
70.17179658230796,30.438610848707924,48.955750295759074,20.196413168480994,66.48198579267014,5.838275186644948,114.9108320042839,cotton
92.89969506024224,34.118643006246906,47.314152110500714,25.973107269222815,57.32306925434553,6.824875493472672,107.79456107733405,cotton
73.89153435985428,44.67052781876606,36.196644490782155,22.4092717802531,66.15292255993144,7.1107420674544635,129.6619985189617,cotton
81.06622464651821,43.92153251535277,40.18548583524867,25.00447950763079,69.89788386593492,5.795280855705117,142.98191709358048,cotton
95.43452104302641,43.7443008236223,47.61846598176477,24.036016644256073,55.43985952520478,7.20254477380421,115.17604066596448,cotton
88.38729292229246,32.95497156828228,45.116762507533494,26.587791788298432,55.37223279820922,6.48900792791781,157.5721076175585,cotton
60.475456353895346,42.74934117628259,40.83181556546549,22.643434012960793,65.05962147952394,6.106921969266402,98.76053041651906,cotton
78.8487339599729,43.52299356844729,48.576919517525084,21.696286917585248,57.929362415034674,5.63397918502526,166.19710464604395,cotton
77.90931558725443,44.1385827037637,36.44388847952575,30.13180689687588,60.696561564802295,7.38721564364731,71.03404948016478,cotton
80.57107298168297,45.32910491995398,42.00305296147229,20.278329685122113,69.44677356687762,6.096527386151797,94.89890129129348,cotton
79.42639502426317,40.84316215046698,45.3257627517965,24.71928389190787,58.79920752924424,6.5699198318676615,115.2141939638297,cotton
96.58192316404623,47.02503933268504,39.099473901557566,20.002338348047807,68.0186899105856,5.7486731468789305,94.23173812716647,cotton
66.09445137461593,33.596311399620475,46.05755075779669,26.95401729999109,69.12190326250698,5.962907024647433,127.98888713837276,cotton
99.0971347632988,46.528870285495394,44.57231358240982,22.267702416449502,65.38810801819432,6.1951302451918355,134.27516558654605,cotton
84.3664485215816,42.18727423048508,44.53046943827033,27.940425111706467,51.36741758621179,6.4146940518982145,152.96302494079708,cotton
71.83971928662915,36.26113374432779,32.49135095509231,25.023379831698264,69.73660868612349,6.070638722576074,134.40116497605374,cotton
89.72949011116337,30.269945417685413,48.00879119196598,24.63860221669926,67.38231973421965,5.577895317798956,80.39289726091462,cotton
72.90117817910237,36.909235461265574,46.95588446056033,20.13441338465882,62.822235529393595,5.762624872357101,175.2501910995469,cotton
91.1429306383165,39.99842054822401,34.2537445102475,27.613944691586674,53.12516635315291,5.880047585185307,147.73658631155007,cotton
99.64913784354498,47.821216745050926,41.86214715367354,26.462441225209083,69.96769760016217,6.594794295267787,118.81631307432215,cotton
96.38222143101365,34.683685917385766,31.950519805936178,27.609080412341964,51.91699267537498,6.24629707390592,119.30083398144087,cotton
81.90152268196933,49.833190914959246,34.41963446666362,24.509076542082944,52.64480248821316,6.715227052066469,161.8742455230967,cotton
79.28307292943515,34.91662536579942,42.41776538363496,26.46989268042619,53.42371446807435,6.31136380100426,120.92759282892729,cotton
99.30471015085732,46.985716643110436,44.687415765471876,30.66532430603537,64.7096881165743,7.306803710251467,67.63743608313112,cotton
78.24264837067666,44.93796670483667,41.66591593220027,22.101993969809442,56.80984173057068,6.135548750053383,96.58856784580703,cotton
73.72542214055863,40.29706576922242,47.09738049566552,28.904391948725078,66.70499408032467,7.267207489126172,118.26106385366501,cotton
73.84105136106989,31.152467633683237,48.60983243752869,20.789876215257728,64.82271030740941,6.256216608931174,192.82930842988608,cotton
76.78408083736517,46.33216702709433,35.65309664327353,23.58906460692616,61.910388197568686,7.495965267414947,132.4601385170875,cotton
97.45234545573163,45.72499656497456,45.9172862835447,25.231519869545167,57.73084500345601,5.883843616181631,194.9517773777115,cotton
98.3757444977528,44.94135468620365,35.92504899705339,22.942154484107387,69.77220484773926,5.633085630216355,178.09900089978328,cotton
74.21832001929899,38.37739439454441,46.639552974976745,21.087236192064296,57.08339357040514,7.4040485543391465,157.8692277879759,cotton
90.19756659223562,45.15010601910953,31.21140166327889,22.438491119125175,59.825265121624234,6.23630046495075,117.52772103859948,cotton
91.25789514502691,30.293584701354707,43.209838526424775,20.00132278162187,51.261170511524874,6.3165722396752475,177.732792772675,cotton
65.79983062257841,41.092428182572235,43.570104536534885,22.754394610065926,60.24660510539166,7.322814566276385,131.7119935511746,cotton
66.29292247150592,42.55628593375089,41.84400360017028,20.323457117577576,51.81188811495133,5.813562710282022,79.08047085866178,cotton
70.37863082243733,39.08210646471136,37.43432595797969,30.68779869685516,62.24218818812674,7.252288699923686,133.78550548846385,cotton
63.5948188275736,39.2657489813287,46.4406509368473,22.329245206005297,51.824285575053,6.15886947667652,114.44569628961955,cotton
72.25030705623618,32.70481571249112,35.01679719443429,28.187388855225322,57.71857032586328,6.765098889237112,135.08252918862254,cotton
81.96211759430676,34.97099115895592,40.43086065536363,20.283136566358422,58.63487484649852,6.645245646379831,85.4793869895753,cotton
70.26234024995806,34.390620396312386,31.411159105308485,24.17428785368108,69.57931532903879,6.20776081292722,124.47512705717659,cotton
86.123490038255,42.96995502338214,48.997899600372484,30.290769684789502,65.87901374210304,7.403254451556621,92.30715396764403,cotton
84.6821677848717,47.74393533444312,42.482763165562034,31.729045695282434,52.00705427812758,6.378661005586401,196.83080710720907,cotton
75.18272114279704,44.79112750198609,30.608058021572983,28.33804537556376,68.69253465055156,6.265412570380006,62.98197730977012,cotton
61.11639217581936,47.84046611422178,44.450322141925234,21.28023661071896,51.09180554102393,7.109650727230958,173.38048859275028,cotton
64.82087359168196,36.030408077772734,45.60052129147779,26.304944851448077,69.13169721450599,6.4621252906920095,154.77411125917178,cotton
80.39133462966336,48.85930991370091,37.97318184135218,22.7575574621432,56.53267720561986,7.205550408330458,129.71139889169868,cotton
74.17009214008957,40.885200436189656,32.664594145536846,20.064311655507154,55.611693673869816,6.710011439567085,159.6353077525942,cotton
93.06443865407866,48.5332711878894,38.24224693929536,28.886201594689457,51.49345860396125,5.61505999754416,77.47171887806192,cotton
77.9427639132305,34.225628769974996,35.738498838756314,27.774562082147632,57.17044357605692,6.6147431154360445,117.73652594312291,cotton
66.75877022079278,31.480399805117884,34.724629906197755,20.692405633892534,62.372239197796134,7.0914352029322005,107.56370755323613,cotton
75.48444221409433,46.32382125518613,34.45225824747121,21.42992318233849,60.02236234662173,6.792380339066474,143.9516195065071,cotton
88.55492181096723,31.135023643460478,38.56403225516746,22.86284628734832,65.18242519092048,7.2454609681207,99.38700371289809,cotton
63.80872316277633,35.068559239827934,32.08016978117839,23.869065993361446,60.76397156643651,7.447361908796413,115.91183560919019,cotton
68.80159695418484,33.3360348074167,33.46079532277352,22.31117219913751,65.24534045074894,5.62205542286484,199.63637897202477,cotton
80.90745564665045,40.88543788601651,37.1512775739921,28.283064312945445,59.42912681761595,6.1581225699291,97.119376519126,cotton
97.02604827733037,35.81979030104841,38.72786518859684,24.20409682539762,51.72357654856072,5.871868788964534,86.53027654569348,cotton
87.7459805755862,38.13170819931618,45.63935126141317,28.50741109200988,53.84099532792075,6.625833840240201,164.0072384468324,cotton
85.32171693902892,42.00033016175962,44.79221774801536,20.681368871075684,64.62843894722866,6.0453105263068565,140.06211563130955,cotton
69.6921997878603,46.77635144413675,39.61118708601512,27.7152945442998,65.88164086953456,7.290630510142728,162.48869358970774,cotton
65.95074304761623,47.090647391715734,42.371558317310125,27.313397100563282,68.42681119609843,5.997663111331766,93.54226658916465,cotton
80.52774218779848,45.0172613306973,38.94481416457018,27.60669667870883,59.050494484454376,6.720774360973937,175.11672236591954,cotton
67.21906784363694,43.90757068011968,45.748514786763664,25.36533688978139,56.464671541357085,5.527088647848804,171.59470312677308,cotton
73.11754636143952,37.146189388161005,36.72012326197625,25.984871969748056,64.04999146438155,7.043726262001021,114.95990085644218,cotton
86.52408140180677,44.4136850054263,35.93834663354763,21.15945763444512,67.89331441288925,6.854231943563185,150.7354572426808,cotton
62.35610060847912,46.35746115007853,41.32108312172106,30.174613007810795,69.49122367473524,7.414200641760484,179.85250849462903,cotton
60.437894953254755,47.71454416473913,31.50124627655291,30.214327642121205,55.60348137223247,6.720136677066735,65.32955236098316,cotton
90.84726784472912,32.23412244465943,38.21376343351544,29.809352027903618,63.9069799301667,5.512085393716134,116.42452683595684,cotton
61.677100678580324,43.46999721636938,49.37896983506643,27.86313514760911,54.48744862235112,6.21046606413308,196.7310777921855,cotton
68.962096481294,41.23058146108885,38.009076173634895,29.21978357513866,67.34778543959774,6.1816745487005935,152.45549091791355,cotton
81.9619079007091,35.56888980110867,35.43881605626004,26.463579770387646,53.080057470646,7.1216197929649425,69.66067748805628,cotton
63.782979448332654,36.84452617854535,32.361835163942665,25.70840025506591,57.99351780883741,6.943619591771434,193.42058172936086,cotton
90.14234338956504,33.58897325761209,48.71042570928806,24.705601190636806,59.483787218538254,6.343152474741271,99.27658326028066,cotton
95.80177151189935,36.64477731793232,41.57192939359093,22.88040301249196,65.94750749540361,7.048397319058373,101.48369938258615,cotton
87.26216292573815,44.07747066189899,41.250228322095325,27.20718058726004,61.48909276581591,5.663728807989691,153.8371482599299,cotton
78.79100039354765,38.769145610828275,47.199984375636014,20.27872056153341,55.0262983591751,5.7428069996854925,64.9477462453616,cotton
71.0270799070379,49.76952545589356,35.40458346415147,27.964469837549256,52.36597780081443,6.7036952600944595,197.82740763936386,cotton
71.67350093841861,46.961512327511656,49.951427607330714,27.06264906464893,56.18802200856071,6.847062519798312,178.27874887760663,cotton
66.85400971847913,39.05031527682907,36.38375420247682,23.40030796354856,67.21642521480345,6.343308013643677,107.4706878525478,cotton
84.14042165704055,34.38803159274762,34.597869811361576,26.243464770458054,58.18545457292368,6.0899647678446485,67.5531585183743,cotton
80.83096954554087,46.3321841120215,47.02754410572116,22.825279756712963,61.992824078949766,7.2117626189258806,117.22162995867706,cotton
97.28547269230114,48.05957058259106,34.162677948376185,23.107577994802444,53.60883997291938,5.892108702909405,187.10069220428971,cotton
97.24551636770491,31.03794482370262,41.872067113444096,26.77077875429086,57.810952934489194,6.763395185646214,192.63149557151903,cotton
66.81019530888585,32.40821819432911,30.667811416579514,24.365999694081722,56.75256954155732,6.361639376317288,130.46340432333284,cotton
90.31295976121818,37.84226780915037,36.61226218722467,29.922545843115522,66.99593341307313,5.965531928586707,104.05405517958317,cotton
93.00465483640353,31.588164885955297,36.51693560781476,25.380201284490333,53.74143230401142,5.859828393221396,119.48068812189402,cotton
90.18086898939423,46.804659590952554,49.58470185072346,20.88780860110063,54.333644022919856,7.0132596847683955,135.68381884779268,cotton
73.10719095849673,34.11179322494487,35.60955103284896,25.151467403611424,53.54302439012066,7.428451911753501,75.06238224398241,cotton
99.42309737956876,46.837865720013454,38.46303235027478,28.87779601265852,63.430304873927724,5.926573835897862,107.4698120566525,cotton
80.52490251221832,42.75688359775454,40.857899627132426,25.675849532077685,58.863045469098005,6.496528998590036,120.80921277843584,cotton
81.65320310182864,47.75970598093333,42.65658626109223,28.67145049986248,61.94966267461553,6.786035364828004,140.96897598274523,cotton
61.07466088783293,49.9919676440004,30.672184804257935,24.741776098803847,52.10231356597867,5.693856900881865,171.09377323442772,cotton
77.03703117432308,46.0227741659753,35.45572941361663,23.077553501674817,55.02462763628924,6.7322912528158385,174.09991457838402,cotton
78.09044040300962,37.58497781282165,49.47159108403299,21.401048432139667,59.73265364089785,6.316975506362869,73.73772352216466,cotton
70.72801448352877,30.568824251582242,47.53908577965914,27.29419434788481,66.30036995740501,6.54310890480598,143.9313761190652,cotton
88.03417911236659,48.1602325492843,31.835037756516915,23.971380736828724,64.18052381400001,7.416701126002786,197.31303998860076,cotton
85.52412036549049,33.871969555097344,32.38417822827913,31.352523731365103,58.678553789250145,5.88963206652537,190.74495220886416,cotton
64.18097086257248,44.591421937141504,42.50526055086668,21.052815972570702,56.77497591278885,5.7998613790800215,144.62980295464257,cotton
79.08452126709716,30.08550249320982,49.51421132567816,24.195015798674483,55.164087856741,5.944885911588205,82.2342254642995,cotton
99.96548304866039,35.902189357632096,38.11026994448564,30.456270994137068,62.83775007085757,6.237388823490545,185.76598102933943,cotton
89.988968088544,34.558010150833994,42.87477989199841,31.06878197950882,59.92921756900825,6.967224805663334,195.9545241584823,cotton
87.61656563580851,32.048773795321615,34.89119101862579,27.14115724811179,55.51111630743812,7.41508341077828,116.74928476310433,cotton
78.2892162292946,44.03204186940235,40.484994626837484,24.58575160266522,51.532757503091574,6.692891179015728,181.46120431116486,cotton
87.43049767040225,37.62990020093905,32.55452129246259,29.796058242850926,68.8349672446241,6.2765459815925295,162.00990648576862,cotton
76.43053759563023,40.04533877704399,46.7295276123282,21.001092106533843,60.6067069757341,5.929240549342445,107.57283236940674,cotton
85.77715298569098,30.54456824673697,41.87650197946326,23.401306873444994,63.38968721616144,5.783162703826108,163.013624534265,cotton
85.82558879051913,49.424836657607024,48.22470726516296,23.399634358396426,50.54633145450874,6.810737122223515,144.40423446065415,cotton
61.097150750657846,32.453550584051854,41.69403409071971,30.941927168521904,68.13000553026814,5.80297010922415,113.84035249673494,cotton
61.72811457408696,39.38543692725858,45.06166919346411,29.479672536387337,59.97978933193146,5.691739349416437,113.3909565254193,cotton
97.28407839897457,34.592251130394295,36.39508899825453,28.96192610555685,64.67161577771876,7.324404576049865,114.33661670085256,cotton
80.58394895497165,39.34784922440955,48.55504342044907,29.231967065895617,66.62883559667696,5.766196537658821,170.8585370015424,cotton
77.31915064229987,30.466773656612943,31.20176705486569,28.134895276818135,57.4402488229194,7.236231146446961,162.79823874262132,cotton
60.86720046667847,43.73776623672004,33.84704945464713,25.070990824446945,62.494704042459254,7.245435682591386,123.85370437487148,cotton
92.33961816764537,45.65931325601266,38.290770257025166,26.011761961194836,64.00970020099626,5.5622968692938795,184.71359793189444,cotton
90.79264637750774,34.98831762804661,49.62359906377951,22.152684231075426,68.28173347408804,6.1489469166462225,166.84053942297902,cotton
78.25506372991781,44.72934774900004,33.11566095878732,23.234077500637795,51.99715648944051,7.2302879628756065,101.48101828772991,cotton
87.77904917666653,46.40442395483056,48.02836472758692,21.275565383740613,67.86029867025225,5.894505555461439,163.16628162273463,cotton
89.15396077458445,30.170062834819085,34.412478166205084,25.902902175978408,58.400694133265645,7.337146959769219,110.36372173035323,cotton
97.47934859343849,39.18858636785062,49.287057932803314,31.373548100248613,86.58669183264311,6.157315332523502,237.92121498635515,jute
65.70801439317404,35.95242004101948,42.47130812334536,31.262257046938906,70.78367564022501,6.796415596608547,234.79709794348295,jute
63.15311988440805,40.01376068401527,44.27684560099653,24.53227284875531,85.20535552647924,6.864639757356205,274.98408124076866,jute
68.7225029141628,46.665473684262366,31.89121950534936,28.038296964446715,73.98969583049296,7.3140312484363115,255.73797244526605,jute
61.014471086429126,30.190467112279123,35.824985089633394,25.432831142805654,82.60608955120392,6.9956954008238394,291.2926355492051,jute
98.08159698183363,43.177934108226914,30.113502257054176,27.589979165696143,80.26283026494532,6.748769634762699,240.501094425334,jute
98.42205931219041,47.703853839103076,32.17816066900976,26.65980391393393,86.66218834839273,7.236460363228811,191.30560861825063,jute
89.22352122744478,43.44074757435715,39.47047929939923,26.014549526790294,87.77286361788173,7.016776776460253,175.3489387317562,jute
88.19209379363443,44.8286743915396,47.737605702420815,26.22839255241935,89.77508210826812,6.230090133790382,240.10333377893744,jute
86.28706021093913,38.37905790531721,39.500754175407735,32.90910096722138,82.90548459330924,6.745501437352029,169.2524343650287,jute
60.293505008925386,32.49937236303667,49.123691349530105,31.640867829913308,89.34232655020496,6.053563064562258,252.03306057879587,jute
61.77174105613672,45.641129377376465,37.619003454703886,24.957653601064948,81.3609328357503,6.4201802949020825,248.93609128077276,jute
86.32699038055162,44.100149482415056,49.84930157555518,27.866977099474052,79.30630948970202,7.2069175515380115,236.7555034532828,jute
61.490288427511985,46.86157040519713,31.02997363876082,25.708201364917844,72.04159933948374,6.11689069932168,153.85273129570652,jute
62.201108558894695,38.848783783576195,35.05704539965228,25.265368834188187,83.17411085453053,6.339167865951388,152.8423733017214,jute
76.73679135069311,36.2086598395661,36.37208862692985,28.452700281815616,83.37827854468556,6.924718680056991,290.58924146833135,jute
80.70866665210086,39.451398194501444,34.26828870433794,31.553812888481566,72.8155155242857,6.7366993347307265,213.19832975811667,jute
86.33203513617613,48.35242939913317,48.93191182996445,25.677992671631586,75.23634436534357,7.21745297994706,227.74196436737893,jute
78.12138273422927,44.21250904761412,42.038499052139436,33.707140544213345,81.67949304576534,6.69896073952088,231.42260431172633,jute
92.34159266787893,42.25350113570442,42.940961827734355,33.71438880036592,82.36790968850914,6.57042787250181,253.6989040519195,jute
86.37837587909246,30.276952710127638,39.34658593571666,31.429036028823994,79.98082915442258,7.169431703903085,217.63255446414217,jute
99.33286390548943,35.857831784077774,31.84245216292147,28.300118011540974,80.83418049747839,6.523640597523692,186.34217401769385,jute
86.88234765541957,37.54250199712504,42.62737058201274,31.79071448598776,85.22005255520048,6.562963965953537,235.1847343425262,jute
77.98632897770969,47.41610505419321,47.57516959599998,27.43741582888037,71.83474895757462,6.2513737249860295,205.05026131963257,jute
82.56999819051963,43.135740219288586,36.62742092572,30.67499119623986,88.75479967347512,6.9780211907534255,173.78478441665268,jute
83.1867565191051,40.83791033533966,47.41400221796842,27.503030552129744,78.4589122011336,6.897988583229741,228.66379676130381,jute
88.76066369620696,30.807779818249916,41.2703203841392,25.216718930038752,76.30417985039443,6.9924402922985855,173.61213008882666,jute
72.35367342018515,44.06012965670624,43.01610485053668,24.91039669209738,81.54536986984648,6.220881692877959,187.8407068071739,jute
78.36845114543115,32.18693646596378,49.87293935837134,25.653695610540012,85.62625256857208,7.244758267534838,299.16959548440025,jute
77.14612871409074,47.4818904027868,49.150788780337024,25.72894144894667,79.58872178119066,6.0900162282841315,243.10860180363022,jute
83.25624627426265,34.082525693263946,45.95805517788252,24.3726872276354,86.12454648255114,6.039967936745801,248.52432182045254,jute
63.150780556596054,35.02451038624646,44.43826698623671,26.804047996253868,80.2234769743547,7.372872404280171,157.44515310548675,jute
92.44319174942694,31.30543997136979,32.53589688673353,25.19319103889211,89.88204566421453,6.2702794789973,284.5142769384402,jute
99.63728651786217,37.67569540824596,42.62097087057371,31.790912537636125,77.85290163672417,6.242721210746711,215.06441156888417,jute
90.87550580011779,45.61525525496806,34.61077584341827,25.749656398907465,88.41121404200699,6.0659985458374654,260.21077136476305,jute
61.85685541787016,46.758001017219755,48.108296266722036,26.974191242290992,71.47871287033395,6.721026804521143,194.76945551182152,jute
76.68544571241516,43.299709069773606,34.19652071897434,27.569515695140865,85.65124980585347,6.965642924929233,198.9413236726858,jute
86.57206401039714,45.306258457839334,41.84971161905575,26.394968325010083,70.00490581023986,7.204273660482422,273.3950332974247,jute
87.90418005577448,31.531618627352277,41.70444575016092,32.21020671271607,77.79336640216331,6.297001101330381,238.1440945862206,jute
93.05226509203511,30.97739917414131,41.93902434321471,30.43173795339342,82.04734078696559,6.975050526355573,244.70629614062318,jute
65.21615539921396,34.698735538978305,42.3798801057802,24.176931611367706,82.69489037446489,6.9980799356775485,185.87621397924877,jute
83.92531319012559,40.68180121447529,35.21383096306228,28.629740118747545,88.19249058824363,6.6399041706898245,244.47662653192526,jute
61.414032841627765,31.556002266441975,31.62616146606637,31.782407636264455,77.00513789606906,6.34141753254872,262.0986852677584,jute
66.79840250224697,34.92985050140561,38.61862886540042,27.314380690146134,81.70784422073288,6.506760928612271,208.9427453788338,jute
94.51546432997944,47.69062879256005,46.55422381626815,32.64830932704633,81.39457338678234,6.969349822127076,233.57597498324108,jute
91.4235233621168,41.02000971522888,32.22153929101561,32.0958012045686,85.21170341355072,7.230450892923938,178.56441950846428,jute
70.86468210859869,35.9150339452706,40.16161072371347,25.3387708416346,77.70763506549734,6.273237241618545,189.7144069549105,jute
88.25550538233709,47.09622312634562,30.458117331943676,29.658969633550004,70.72119524124534,6.127873867517326,255.76260519211635,jute
89.42432426008466,46.27961346345597,39.4848302354061,32.598074820161884,73.33676583283248,6.374574620452504,170.1753221402957,jute
91.90149042327506,34.57350236773238,33.11022485516591,30.231106875880563,71.54164052721349,6.0673504158302585,166.00764728286885,jute
60.0096353594867,43.93980308443585,41.24470643428957,26.098751090377238,74.66009895955192,7.216452897705059,225.27301737904506,jute
87.94113428326959,39.05510902549831,34.754360520415844,33.70402800682907,81.31295126750794,6.1964728556518684,210.91350632758602,jute
73.17349647787603,34.28174937177043,48.66879978480519,32.809199954597524,73.98294233040232,6.528221833583276,264.34730875062326,jute
68.34024192560862,41.83129725208489,43.99587884249633,30.539723257107664,84.12817280551002,7.060049383543144,294.72088797733926,jute
73.85995558081278,47.57180848751679,30.436141250302136,26.882029633232833,70.97311563998264,6.97680593993376,165.11855560974294,jute
93.82827454608184,42.931833675805194,30.576308021072116,31.14777365434623,87.24069894513923,6.9916815114932245,154.57863239025482,jute
94.31678193841626,44.6492782586807,37.56902624967968,27.286302583155027,79.5964036281488,7.300652626406807,187.80890278043364,jute
64.03855244964805,47.292727459221,30.52579697761446,33.109970222440644,76.11490388602802,6.762334052532402,169.8443287128342,jute
96.0901987750674,44.9967244676881,48.48311173216068,30.832290511181625,73.69387553484653,6.462400504479374,223.027286265521,jute
84.29032821440828,48.529188746725474,37.67902931578278,31.03072021907146,89.22017697821644,6.22856109512318,279.4064383169322,jute
76.82824281572795,44.64843551858674,35.870766774741675,27.339842182660014,70.54266449736133,7.45710622975044,272.01788628461765,jute
63.75671831704882,49.99017591327549,42.10049194405883,32.53728637964383,71.33321526555739,6.584176767737885,250.4476683455415,jute
64.25734874798806,39.77805677308001,38.853557490882835,26.1604022447358,76.00539671703605,7.450677531742474,193.2972729014904,jute
68.53704535873644,40.72418342136667,43.419160681405955,31.25093111069565,85.08494368993833,6.055248737272129,209.0640600569345,jute
90.95832319132361,48.09704203600259,42.04400246665567,24.523068535096858,77.93291611710262,6.111340673802682,262.28067940268767,jute
62.54021877126661,33.714621334703544,38.33916847929548,28.62648367114872,78.12963400630025,6.695094969909,256.98587280302996,jute
74.77075291822166,40.95500918301238,36.067385150574644,27.536274950904826,82.27597918084162,6.73574197745553,258.45544422889213,jute
82.42154352206998,46.07148170767746,38.86816425989433,28.910336198668013,83.3994269780188,6.3318659166180735,207.88943053968913,jute
84.99364976046832,30.57752538531473,38.739428672678834,29.988499363061166,89.34751063956395,7.315524842426507,192.11129294139872,jute
80.28840416115699,31.128287453201825,34.815088296356144,31.7485586806809,72.4662802455069,6.386535787250935,291.6063752603712,jute
92.95423201969831,45.63655425297824,47.29114980604314,31.49605686582354,72.4117243223647,6.774841989727847,216.6365881203483,jute
72.4460631308152,46.680808194392114,39.282784047484675,24.602976013575496,75.49931167440536,6.342931587044168,283.1218327216925,jute
85.89752402555999,41.207525317641505,40.1329848335741,30.501130275414653,85.09751093554249,6.831577058747265,290.74281227289157,jute
99.07336682601539,49.90684633217646,43.38782220177289,33.326204667558784,78.0895939061591,7.289388586871078,286.37614481095216,jute
96.16561889329103,46.61692565816763,38.13198323282501,25.589074819807344,76.67912712688891,7.15093285394714,184.93282669949627,jute
79.1308825930389,41.30799035969344,42.07717124875751,33.35725548378799,83.22986040828636,7.179448224115953,237.28175218374503,jute
93.34321275447853,35.273272261395256,34.19755343337579,33.263200487579695,83.86961752714757,7.007288365587332,220.09428579426748,jute
75.06789037174042,41.11382388957278,32.411326988433345,28.547125610831078,79.10735408930962,6.807504769416398,245.20284215508036,jute
98.29273463941448,43.043382541835136,47.67450303906823,29.56303861469164,82.5385576525498,6.104755429664355,169.98955843266234,jute
83.18681740790159,37.91425739916058,45.976210397310034,29.43177874874176,87.64582077902676,7.458497517693437,172.14527776822274,jute
75.79311006622507,43.29962050476062,36.10977510800699,26.670323377214952,86.27477121257674,7.470567703588115,266.0704996871222,jute
80.94706491216454,38.8502246389063,40.792954410607294,28.62839702187736,80.05776113571336,6.305179575793842,285.56129239639915,jute
90.18140006093073,43.6195484538644,48.99849941948946,26.84394331912838,71.62318821787228,7.239207990532997,299.76254454738825,jute
83.13729752080798,31.176187758253636,45.609360803098824,24.737490488458416,80.80027972518562,6.4162987113157905,287.2540170888593,jute
78.05324853037939,47.969266969571066,35.98162170509135,27.873625838213513,88.94238376494161,6.301971676397453,236.77517274767177,jute
75.54041314240445,45.483337701374545,32.58592742342715,28.372149690046683,83.97865253690526,6.610524352509239,158.7797608913065,jute
88.20449045341375,40.06396655369966,30.22617373360201,30.12655895228373,88.39762045057573,6.1665389223175335,238.60068525137535,jute
89.14675527050521,31.415473402806107,30.452309163283726,28.641958666449472,85.82373374468727,6.241079115148993,275.49559083223846,jute
86.26309021694385,36.64346575576971,40.31651596984899,33.65574979726738,74.32873941264677,6.74930309661606,243.6729834161431,jute
65.52058421902665,30.870441772466194,30.269199058629425,27.24692856600016,71.47894588969731,7.205654928811672,299.59792907426186,jute
62.45215286937856,38.65452551866879,30.514642459651494,25.33990890757263,76.45845121821348,6.5905473195864746,290.96744196429603,jute
75.83347235027583,39.92555318114805,34.91166736547733,24.001251387565755,87.9866891346627,6.122572135554457,294.6373261554344,jute
65.23376416401041,42.09756961500881,49.98821175713274,25.38464596069676,78.47886169879649,7.1706355034572145,154.82852247749523,jute
87.59131004560177,31.60746675781599,34.730402845464525,25.600761624933604,88.14672863293873,6.270685075172521,156.0651143272736,jute
83.50502713791049,36.92361850819404,38.11412441282733,25.19062744862547,84.9646898286639,6.902330474465277,204.632556712242,jute
66.86299775052544,41.86903478341121,45.57194559014755,27.12397283867195,70.51720767077194,6.321515977129476,252.35967283392438,jute
99.56385509827692,30.267524788175532,36.12307124264201,24.620208704488387,76.32698575526064,6.608871514691132,288.1293137919382,jute
63.22243197619915,45.5426810613154,37.91068792125927,32.112628496669274,80.26804370651243,6.0589230582651155,291.9308827072258,jute
63.30936253738087,41.95367005067512,47.553355258670315,24.79769797750194,81.07786776832026,7.236434813286678,297.9487062968694,jute
88.97309603256085,35.566687509265876,43.99140659690819,31.057667693076393,83.99932024209235,7.281390655639658,163.10700937792365,jute
64.33679381661733,42.81234248451116,49.077621921963754,28.658386389192458,89.2112540325135,7.407127889274231,285.43646073514793,jute
96.3940389945634,47.966375866559716,46.39778767078364,30.949789586053303,70.48816357185217,6.198380388234079,170.13480817972007,jute
60.9416113711836,32.33403536847273,48.39492867134213,30.63804286910786,76.24146036590845,7.19004001835502,223.25542304322764,jute
65.68508147663506,47.690041624529854,36.77323892472945,30.988592305298944,75.81188320999215,6.7501068760107,272.4379067295623,jute
66.2710938569747,49.54502790478557,31.404318457214522,29.34008909740504,88.32051038703895,7.418540827323788,184.8163444319664,jute
65.75939924859235,44.48806000635782,30.83947136552474,28.85238969030314,85.92710453586363,6.840382086775251,178.20198986610075,jute
79.48177197879852,48.42549432897786,42.34425956088553,31.214906275690197,76.7252775932503,6.282725662751426,188.34633448494054,jute
81.3271037504118,35.604403072214076,40.83929574852202,31.07791927376177,84.68791752340603,6.24702740949164,262.56462732507947,jute
86.90752558369437,30.240102667374135,31.177443501795018,30.462495018603803,77.67407799127419,6.219155999363499,156.65948387544498,jute
66.37593362689724,49.15027928643234,44.551312831419395,29.27705420934294,88.83081000109183,6.928665656522406,258.8467782421001,jute
71.30607274023488,41.779636871783914,32.869544885956806,28.044831451977753,70.66480649973221,6.324942131374021,161.2302944134012,jute
75.51115278028925,46.8607032927698,37.55868212690106,32.31639625994643,83.12996625157774,6.7642941699462416,185.53375398919957,jute
96.88624371376609,31.084016176840667,43.77826035397631,30.212398928093688,78.82083044513054,6.360481432938908,214.60439052679004,jute
94.91090902213682,46.73532220509908,48.82762499954059,27.07793206625248,77.74208316737746,6.028089228989795,291.4424992080012,jute
73.17560367269076,38.083276430659865,48.15609222894789,29.265984301668134,81.32349083510957,6.2643492572263755,224.79900312279818,jute
96.72834403635096,41.17436176215852,35.10232729279516,24.31180864134763,76.72603546908135,6.858886371096687,156.39199325562453,jute
84.39170309164625,40.468276542362254,45.66870938333142,24.28888172271962,85.61694689637474,6.781315568637161,205.57939991695673,jute
98.61531905435297,33.20239094472106,40.82650238182213,27.209814735924784,80.54972757590672,6.828413178870618,163.41723726372686,jute
86.44540587673399,42.689629918380234,45.38934549268928,24.90658493659171,75.94517093807376,6.975165899592152,170.50962388734126,jute
87.1039284315377,31.18053421640846,36.69863105919256,32.46711122332519,85.4858258076232,6.967141072840632,280.5687624937652,jute
88.37078176688802,40.38750210421606,49.59435000771573,30.948560797893194,82.02734353626006,6.613305841430347,285.3618747868576,jute
71.82836382419971,30.184391884218055,33.9348104486472,25.09517491942359,76.37987548346145,7.2388180161876825,247.72945280475113,jute
66.7592235693485,45.77643442184677,40.08439732198806,29.12714624118297,77.24224361961747,7.296924547233035,197.7490955783689,jute
63.76559042678755,36.054579879438904,44.30707092535771,30.575818868033288,73.76034307107156,6.167676448657413,249.12986376026197,jute
87.05507342619649,37.32299274421141,46.8560276705816,33.782052037999165,74.1129044689879,6.8656030735590425,150.8019493505909,jute
88.52217584105149,38.285642271266354,33.865384538063296,31.522219217643762,86.21297595112162,6.166749751763906,156.1493642757051,jute
73.36313766676469,42.51980931522071,45.86839054377266,29.46062496630458,81.61497552613962,7.199787332629336,229.3265061328139,jute
84.44617960905202,40.324346799531185,47.60916466735408,26.35516618585089,75.27987169081018,6.191942192402738,272.92001272416326,jute
76.4710916224943,36.957878817624874,49.62697434174312,33.268033664397855,89.43975364249522,6.2134484951380395,283.68777197222494,jute
73.14838397549806,30.25313540423725,37.82596671966137,29.091963531380596,72.16440847134811,6.806516425311385,272.91953762650974,jute
75.10603803356776,37.052896130686044,36.77620840461355,33.230944458836916,70.97516197580399,6.667614212989433,189.68991812245753,jute
95.75228101549976,31.92104527167608,38.228855333608216,28.068161520310856,87.76788835094045,6.323240167561454,246.73431154524167,jute
65.37624507551156,49.079514281610855,41.86029918544572,30.2625673032067,78.67546803320944,6.513424068999483,181.90146442423145,jute
84.15951015329036,49.09123490696476,37.19581908184806,32.831568886620545,72.97552625694499,7.4041890313227015,202.57294258471148,jute
75.18908846373382,39.256845140686565,44.36488539895301,31.196534336890352,79.5917716943933,6.784729348970904,154.50157316612118,jute
72.17186806233303,36.92034148461219,41.17454537451519,29.582997673713045,84.19799595455746,7.0755409443271216,185.28160863181245,jute
90.80748604419298,30.39207136092564,44.32323769213441,25.020611035194232,84.59296416842437,6.790677135852606,215.58817510246382,jute
87.62665559045716,30.727416674944653,34.469406513511565,30.16440142467654,86.94430813261636,6.571661455417676,188.81422089503357,jute
80.74945743155978,42.44630504773683,38.40206062811493,32.767106826597555,80.46877417720027,6.053735381355877,183.45809320592855,jute
78.02588123671258,43.95451038033867,34.39504487585178,33.76257439717421,76.37116516376167,6.798720310290882,152.84495770965617,jute
95.39562885723217,45.77669307050367,33.90916008591185,33.33236691239843,76.3167952759481,7.038279432570175,272.84644770248997,jute
89.63657844948723,48.35165568059682,47.28549520681417,33.9461151409161,73.65222825152291,6.45714270184005,245.4338801147445,jute
89.32188743566334,40.69210109111418,31.478567297732297,32.41595226800382,89.21748712042543,6.608275265739592,183.7218722548269,jute
60.7725501984835,34.7459807218717,43.998375496768446,33.115893876727306,71.87026132863532,6.829888780742895,254.32968727677485,jute
71.05523284425074,41.39794078340604,44.30496852011546,32.37719243135377,79.04999701639962,7.1217858283784405,195.26744576097747,jute
68.52186987088635,33.746274921813345,37.177454636514526,24.35879681788849,75.659836753305,6.978334236664843,247.18785707402049,jute
62.94215225965965,35.748312341612404,41.39115329355843,27.18552137503103,78.35976048377746,7.069216135673646,151.3900244184945,jute
71.05574176353721,32.84744487570033,32.55218365528984,33.59040216447247,77.53120663124835,6.79063287736446,260.0732830604449,jute
61.897898994402006,34.82045277115397,46.64295574687425,32.61990613177881,77.45901841281604,6.562292399477652,263.53453156633225,jute
71.80280906999477,32.34188162279996,35.15070900481167,27.873447316357748,71.04409419190196,6.718020381300262,261.00112691591676,jute
80.54980577921846,31.43790681029014,38.80299262691917,31.089046080428325,71.1619330798038,6.089770784590333,205.5902104771474,jute
67.79855856494837,48.69561582616841,41.62687207479486,26.873253994058963,84.09553458229902,6.562393577038994,169.8173466568515,jute
69.48928919374322,42.85494568918752,31.037522119939833,26.726890400480638,74.16622955284349,6.301702666014798,252.41436179639567,jute
93.03267667017458,44.31733216128517,42.91455631601025,33.164517718178644,71.16784760848594,6.251224628964361,212.1610283505798,jute
74.8980657401547,38.36103205926045,34.12909810085412,25.495033155802282,80.18386494915856,7.39207878610319,208.79541935248756,jute
61.73412856478112,44.123346857790494,35.8220981105435,26.450950073048922,76.48516001395924,7.085723285861814,272.8229080305456,jute
83.52224269355855,36.449575074391035,36.209564662345564,25.24308349905463,88.66602096470389,6.957209098453229,154.0461929783796,jute
86.49468380746723,38.94306848387016,49.45115926093839,32.19068824806407,73.42631507665597,7.0801666783123,222.8349005752895,jute
67.48180654679713,43.974798146598985,40.94775157388491,24.303738787715705,82.93175901057651,6.952480634793661,171.6127741577194,jute
73.95950907986771,41.7179794150208,32.775660282134595,32.527233778347565,70.54972092575407,6.154256122454033,167.41603797823262,jute
81.1242850390022,42.4022802433725,38.07481593002973,26.88666827668166,86.18634751251115,6.10242897558963,192.04377916991876,jute
61.56462315215883,30.27780269932536,37.067597738644025,25.94823662444932,75.36731709676492,7.231420736182452,174.44701443738322,jute
91.20933468607204,43.50101246292727,36.52891050281666,29.465561451762877,78.88871219549077,6.192592973246498,286.0777982601263,jute
82.7847187034304,47.604800915909095,46.4765302362658,24.79775925309423,74.14541332036904,6.2178916715622465,274.61692991803784,jute
94.49786505820809,40.55943019616732,32.08356145016014,25.356166185430162,86.27097624876535,7.393785204793995,179.92135276659852,jute
60.44550305888692,36.61905810301556,30.609987792957625,32.27974916078038,79.83024514452504,6.96279116814453,211.72273142048132,jute
73.82030188049927,34.444008261521695,45.41065094076291,30.955475844155295,77.21457968992172,6.481674201448774,150.18643179730185,jute
62.5420852018189,42.46511049785269,40.29214620470923,28.348032044850225,86.55004481603316,6.75584730660427,207.67403721109798,jute
66.4502539009994,46.413760164292384,41.524965002423755,24.924599659227574,82.97796795994151,6.637606118232615,271.70793353819937,jute
96.75658387983985,42.00931626352492,44.63225638626733,24.565908476021658,81.20510910002315,7.133009967533211,224.51432242171558,jute
83.74200358017349,47.978963711620885,33.96199144062399,24.98246507551912,83.81287226279002,7.234273358283666,277.57352828738453,jute
85.66577988364881,46.66426836341607,44.013284114465804,24.87376915906791,85.24087015769976,6.269039534325494,185.49140138864593,jute
75.7860250799466,36.29134132652674,36.43303476605824,25.692595242040458,75.8774209421909,6.029493884963823,220.9366420032489,jute
90.74363835079227,47.2449473844968,46.40857117918877,28.16457718995113,84.60852962327712,6.431836161142819,158.3343709076427,jute
87.03886101565067,42.97592329472812,46.032587909257515,30.161062067028798,73.13783249947832,7.279743588075297,244.0879182028051,jute
92.30438796140015,45.48214240752081,35.957289744501765,24.745529748520525,73.5300881817917,6.139293501469876,186.51186481202046,jute
78.38129092103972,48.13621209962565,47.44037511841269,31.185998150957282,70.48224719095651,6.512083801980831,252.35226397267797,jute
65.16115587356273,46.021757000318175,48.291473599751875,27.541044466378253,84.11686123727667,6.22230619900307,253.62246736695403,jute
60.858216491481734,33.01543013622202,44.1976289321734,31.118502228763063,82.82325411690354,6.716046036576305,251.23621367579176,jute
90.95203193155153,49.329633180734874,47.7728206309721,31.945342025661247,83.89515033428745,6.8612333181485505,168.09132350278745,jute
66.62227368393572,46.40559121341799,46.06625824414441,30.14458925973363,78.77680265432306,6.039048974735408,199.0765413792816,jute
76.82558630261272,39.716325723468415,48.586491971224184,25.08709399800143,80.37733839559542,6.5518834454374195,298.51471788240775,jute
94.47456065131621,38.77571708477842,49.993912187095205,29.14063246471496,73.34235593182801,6.8338120377400715,183.930864870547,jute
85.45251360305008,48.74880349767851,45.72397153670057,26.73163690419055,75.93717249932014,6.103932304635468,192.8801753469416,jute
63.70499198711269,39.98897438651286,44.16694158996515,31.511811614991586,71.19058464496358,6.509933847357303,193.22576498211504,jute
64.17201291949338,37.24942621864011,35.98640218278472,30.344992293392767,87.66605327467425,6.682262581309824,261.9997759150228,jute
65.84041468442697,47.8993275728773,33.05189476430185,25.921011805993892,72.12927607175352,6.464519252280804,232.86156700732892,jute
99.51976445625307,45.86736069315088,37.608716057839644,29.758460579035706,82.46616061878416,7.23409083187102,260.46776781297007,jute
82.77164507884561,43.38366054079313,44.918352219258,25.331440591334044,74.0091092261076,7.032876433361276,277.5638342981448,jute
76.3704913079907,49.59780644942412,34.321434653467456,28.166992820434388,77.57046086926506,7.395443911089643,192.80677763588093,jute
78.83163112168862,33.74467679230659,40.425324771248874,32.57404169463591,76.08078923781129,7.216188108244243,286.6967373263439,jute
62.918315588582544,45.128490726385024,35.10686872300982,25.75327662536629,82.02244784050072,7.058403924343049,209.21414786028208,jute
61.56694828328762,48.17409048393586,44.614938336949905,26.716668066830145,79.9372771148948,6.041689184950617,200.8924172708913,jute
80.90140942340473,40.344472302325,34.163697560170824,31.767473661838906,75.97724317053287,6.870615034766959,190.72833383069622,jute
77.00671491947081,34.15029250500461,42.66015585064076,28.255843601413506,70.32234608975529,6.042247491025149,220.67014777071333,jute
67.32903467621418,41.700840962894844,38.16383563544043,30.544198355397228,89.04790348127904,6.793104202192881,268.10679053851493,jute
90.12163985263749,48.4358220864773,34.28035734476013,32.27326970784941,88.11040757009374,6.589144471421367,197.07242918984522,jute
98.0814363871315,42.55265644277736,37.61352970482937,31.9182772093163,76.0894780323143,6.264611379104793,231.59544536965583,jute
82.64848179642414,46.51492964534676,39.1405471004086,32.14586539505342,76.22645358696677,6.863052303266688,181.27091683510736,jute
75.41783803666385,47.150793956657026,34.3197638687151,32.10239462899268,75.65743315694813,6.051734579519181,166.49018550852693,jute
109.83518181283152,35.241418530042964,43.082911844825446,23.593591222057864,76.90236928869369,5.97491898721114,210.56506356837158,coffee
117.89395985418136,36.398977247031745,33.66646084449921,20.924742743004625,83.39031415204025,6.197362690361465,288.608597304001,coffee
115.27017939503237,35.76641040834551,39.10326497935193,23.97815190546747,88.3307456120405,5.837165012856892,216.6662151265494,coffee
115.97913081814436,37.169677463168455,39.610259723834716,25.23603312974463,86.04486435979696,5.743430925009803,198.71925981179,coffee
94.11834909837356,48.25476946862119,49.97867474209078,24.19203441724352,79.68652604987014,5.510173818067479,254.6232084896936,coffee
95.57444657991138,42.659729404572104,42.133879269248574,21.8466564525951,88.88774795452646,5.523146345355341,256.81987267088823,coffee
96.39359473198184,44.27580900983223,43.504392950792635,18.081904020607965,75.70676990349342,5.68909152050378,175.04795294137384,coffee
109.13906736484532,34.791026981862494,39.49475229974602,19.975911962285437,81.6046764687066,6.2205737680599675,199.66121080472647,coffee
104.12083393148488,46.49709548827478,31.884485703289833,23.68536479233017,76.4628988887076,5.622649956524945,231.84813114215234,coffee
89.05049277070927,46.42723585338315,30.857918190621522,18.78922317016718,80.41992251971634,6.088941784076956,259.48299967841206,coffee
90.37042913008776,46.835208164265836,49.062846795475664,21.99231442875891,85.21062729939602,6.024848354543793,160.4200544118316,coffee
93.04446051370485,31.7497337925403,49.777582385100274,19.83220729658702,82.71800838831437,5.784345101944937,247.98693230338887,coffee
88.4160676348193,45.70540131820149,32.21623205673271,25.16120320072224,86.80843385081589,6.178807343638385,160.11219407142718,coffee
88.34276113315713,47.18723191382152,32.4394886860519,19.24745677046416,80.88006647511041,5.774177439674344,183.31135499158944,coffee
103.03253727392722,37.451533529160585,32.81119793539337,22.278830140363716,77.74024806557246,6.23451677427377,165.4133163480884,coffee
104.82452975783895,38.729866538864954,38.121237501048086,19.85830150406673,70.60852056405422,6.347689194364645,198.9615129051639,coffee
107.24364158919389,48.95174799553415,41.29980596164263,21.17717522015893,75.36547132697407,6.434043792647493,252.31152270767143,coffee
106.61125573026239,38.52316650290554,46.900974257348615,23.709377496075895,75.66366543562032,6.099578660025048,214.52909319018983,coffee
80.26360651318852,46.15246863003595,32.456606978394014,22.079636048020912,76.72452386169631,5.842089041200677,221.6047325120712,coffee
119.8809241607898,38.16759361262952,33.64658459633145,22.90885070439495,74.72575416079043,5.60554913671295,157.52612580988938,coffee
80.91525096078736,38.62329296622127,38.53451559746787,19.484363200623623,85.68038107542418,5.629270627919879,287.29757889589536,coffee
103.50303910573089,30.552327522098594,49.25945251485433,20.46353007636683,78.99949919155706,5.784268692994552,259.2631947050666,coffee
99.42720882878154,32.64745918805005,32.08407904718908,23.803003306596597,74.74162809862543,5.6377933746384725,224.9141395496764,coffee
112.11061150145215,35.57565491746261,35.52863223401616,24.671050082083013,72.95667589137565,6.116727591786547,293.25202244738784,coffee
113.6521259830923,31.236304675594585,36.39821753123251,19.13899572474093,88.9848127537428,6.485941566222081,185.24895308100568,coffee
106.7879617931501,46.832634640942366,34.67360568828953,19.50144507456782,70.2242204649456,5.9119624569415254,284.9156193592074,coffee
116.11918596225395,32.554862550180324,34.0870496105679,21.26437864747627,85.61249090327404,6.111851483531728,227.07746152803247,coffee
103.67727536890413,31.923993876045934,39.553272845098135,25.93650631631303,71.76892293878176,6.019246677634887,194.3473892486062,coffee
101.59653187447836,41.47637520067494,41.54945796238952,24.817670282487093,77.79494829347323,6.016354162666496,151.6392598451623,coffee
111.58202406319067,35.18975414751706,46.33110048081033,20.125109331042538,70.21576992524984,5.654831318193446,297.8524353858252,coffee
92.79204983791954,32.17647804025494,32.37517607251501,20.48274171245779,70.75290082233526,6.011488588121954,182.06113732339804,coffee
100.77242565587488,32.815284373984404,38.59714458034985,22.783334867209955,71.23999876676216,5.898749309251059,195.37857314845317,coffee
89.61439265954536,42.09069252168993,41.77083971530814,23.045598453421547,73.17765340865043,5.7857092448623275,181.4518166992618,coffee
101.62014419991368,39.221313784192326,36.605874751855,24.288118470947467,71.87947488816765,6.474896688755642,167.48161167229782,coffee
110.92283250273478,37.36460378321664,47.305244582636114,18.593359590273295,77.49443420384675,5.835443406500236,298.97355573383027,coffee
119.42195979558502,33.79607917332776,42.59893921396678,22.28415535928752,73.08746982481478,5.667779706104423,298.3877592719332,coffee
98.10919974483731,32.51602584000147,34.295800774785086,20.146784537988395,80.21834526637238,5.835548129506309,218.25176788348813,coffee
86.65998204405452,36.53457381175012,31.40633185435508,25.11768218780679,73.97504954337157,6.256900135428738,202.4327682305019,coffee
98.97589275759174,35.82522078922454,43.9288254221474,24.75637135419766,75.72540369479177,5.742217643663593,252.21603981958452,coffee
87.80612242270884,42.79679531219544,31.888561593872712,22.961097279685497,80.26813468020866,5.613905715576308,247.36554522968999,coffee
97.86228628136303,34.342301016341715,37.06768311404355,21.936816845111437,71.83108454528764,6.457609483128354,249.83432343181818,coffee
84.10139925150784,46.457243686569186,36.451098618922906,22.774396293705472,75.54285683159146,6.233405944914607,258.4513462500154,coffee
102.08173827489672,34.81851184943156,35.07407615024291,21.062902373559545,72.90024334792571,5.837655713190924,252.65319018724688,coffee
113.23381120237684,36.651645809867226,34.67180516508728,24.661140626681075,87.81408054771842,5.910021523312064,154.03562307744508,coffee
107.79846483576608,45.68066472366259,30.360485063288806,22.760246826732107,81.7673751648835,5.878707908747914,262.4650988776257,coffee
97.12716152457443,43.53551903582728,40.34234609270304,19.987716837622752,82.13001726020264,6.236908494845841,296.08585101555053,coffee
95.20435787209654,31.28945089332702,49.75942442442704,22.990453275404292,88.92900916321538,5.603827086011119,201.30507598056863,coffee
85.35746795490897,46.71020309164119,47.60685482858632,22.010493599000164,73.73212435324061,5.627118969039708,238.224616512031,coffee
100.25505298341201,43.89578204735335,36.104145252399825,21.2189439601949,70.42722147702315,6.110143045075529,213.47152820197167,coffee
116.79058535253792,42.8357259540961,37.973889828993876,20.108713446986805,88.10569885215278,5.5162650741174435,199.03687008785883,coffee
117.7402233515214,43.08066013963148,40.65438142566598,19.62827774336342,86.66749548508774,5.704199062592776,187.23802972818748,coffee
87.67404571487421,33.16298921139044,49.06624991957606,22.816252769130468,82.75674264020188,6.454325465678783,184.5862582688344,coffee
80.23670154390769,41.977672991405825,40.156897064483175,21.821203019186353,71.23760422492398,5.954434866574784,193.13393476360483,coffee
90.98258708897252,34.447631603581854,36.65056719509141,20.8250646011473,76.17551552723995,6.478752715719509,289.9096628264231,coffee
102.98040398099448,49.6210967682062,49.8239602063838,20.84751768013842,78.9037509147949,6.459061776984665,241.293929894803,coffee
88.5171633134909,43.78761336673001,34.11492364092175,20.714861949374765,74.55120326190703,5.744980215933842,150.69833723501733,coffee
115.22835328797808,35.919809905515876,31.72748759045589,18.695899245448707,81.12036552921904,6.492920550533937,171.75337009052873,coffee
83.98487123798638,38.76607760804181,41.266625076815906,20.355042871023524,76.05044185027732,5.924476501848949,197.1218422725909,coffee
116.61326334274067,30.83909142581258,34.69140319740549,24.468422369819372,86.67916249329913,5.6115550789642015,296.0645175019075,coffee
107.73419399596435,35.45186111967191,39.12075729628909,20.377108956543736,73.0004449970884,5.791178064748915,237.01379062344276,coffee
113.03878779341875,37.27058149779155,36.958030810956835,21.744005608650582,82.89111199928692,6.251616262432309,199.01992571992108,coffee
103.45409871300555,37.78721682561765,44.32799700726772,19.317399364136165,75.13849730102592,5.92606041984275,283.41221848820516,coffee
102.93303157402761,49.30792237962824,32.065553705621674,21.68140330920748,78.38157060090768,6.100206176405968,271.79469130613677,coffee
113.65792102332242,43.40389217411017,42.83072728491107,25.59223633635846,77.67374803276849,6.332783314188489,288.2255590638441,coffee
99.66156977060788,44.58205157206601,37.540397133418125,19.271032113563233,81.7300776294485,5.696471650849531,218.63986962058036,coffee
114.91517253313333,31.72036375127361,30.60857071329299,22.8518227790551,76.6212265318979,5.917937706925915,210.85658829874973,coffee
83.46480916038254,30.07132865359189,47.968464857285284,19.74238848722997,78.52157983728577,6.471925796671078,274.01438729754784,coffee
84.31723421050809,40.170380632251714,44.60158052990032,23.5871422799937,85.2168370480894,5.957454654888036,176.3884393995423,coffee
98.59489775677491,42.957744983465844,42.17184173210336,18.56417643030886,71.29904868164384,6.465257831155212,172.77081825596565,coffee
91.77849856046888,45.35268964312331,38.1935415164635,19.45171882608026,79.34464764619563,6.068949970763366,217.91499139171134,coffee
116.75784301888436,35.69398590199009,43.22664321399342,18.89835777127918,77.84570915328052,6.240993251584974,183.7225410884198,coffee
103.5908418261765,33.06874058418121,32.05403382722742,22.18586199140034,83.50021992172057,5.613367066234483,287.66643785593726,coffee
89.03089050789868,32.399506163186004,34.05397816700421,19.356579652254737,71.81349301225897,6.297839234778707,224.33066621161663,coffee
95.5407776151473,49.01255853968266,37.42016774129581,19.335781808377515,75.48085783853193,5.738966533588597,224.81119193449572,coffee
91.66020495818296,40.321223443727234,43.38586849893578,24.218390285706064,84.20315562534462,5.705590716456361,167.38495788641308,coffee
101.69800636405003,33.9782358241629,31.698674435430267,22.216754743835338,76.53588370215591,6.256149011938504,197.1287445822627,coffee
119.14868548223255,45.17046382521416,31.153864429777244,22.07098192285021,81.2524100242822,6.195302710681598,224.66951955506374,coffee
99.33774393658292,37.35877223355226,35.42922767798348,25.569601695813876,76.35193339268744,5.563421324580331,175.09271089401184,coffee
114.2910654416516,41.732669182467674,45.57561098754131,24.470252369117553,86.46472878422146,6.050613707744609,176.56808935486572,coffee
85.92931008944566,41.47968840750225,37.33028707371353,22.464385929966138,79.9695568847573,6.102198079697549,154.81676861048481,coffee
81.31346722520493,44.43190341697017,33.86254487645439,23.21758769753645,80.93151821582909,6.481794471404624,275.31088183245936,coffee
96.52538085325398,42.3282564018633,32.34578914450944,21.09108834369905,84.67775482179749,6.122671584128653,222.6706986566037,coffee
87.06116416210676,46.06291852315089,35.46333208823154,24.563832653295275,82.23218125589987,5.872731427948787,156.09078329399873,coffee
89.29675377377508,47.78141850976328,46.35948687791435,22.598826503472782,79.32644927924254,6.147142679330109,219.9372191764952,coffee
105.77219362876562,36.14808199320316,46.7699443582295,23.615343147722132,76.59951256855383,6.330666114823441,223.10137962797683,coffee
86.98555458949846,31.554249240070533,43.99211495274441,24.920966433664084,86.14883977189088,6.155651030222152,171.2062583407152,coffee
83.76176303906614,36.900592460234506,47.098217807975374,25.693890162453314,74.82721709694142,6.26209567058172,236.08038253608086,coffee
81.2722946831177,40.8583269986588,46.1188080597871,20.208982266752212,87.94723247940922,5.736260406874637,161.47096989660815,coffee
86.39757237758256,46.74005737441837,38.346118380790564,24.375564508973262,80.6246612197919,5.980559124794431,271.0369727238698,coffee
96.93950446849504,46.04065462132736,32.013243299268915,23.090486524314052,84.05174113103969,6.399097396141743,183.64858780742924,coffee
104.16879520371407,38.66513127378446,37.65543311088058,18.85370844169566,72.68466661189885,6.336988461447646,262.4630148488343,coffee
95.29364521164402,46.56973162779262,31.61532369647157,22.99819133626535,87.36352105428577,6.338864231031249,205.91741399127898,coffee
109.80935412227956,38.54936291039755,46.80276328779899,22.246095601240185,85.29714098210083,5.578571582291672,238.50389574132942,coffee
102.01136709877355,42.1995344347032,43.9128321583118,25.344871760273136,85.71364163552062,5.7196379914349045,273.88444039381443,coffee
84.88318710460382,42.44397171350139,47.65507616491887,18.80897643371923,86.99385306620522,6.298620734230246,225.56631507586062,coffee
92.35590409181617,38.108764561430874,49.37316271400424,19.613580449214773,81.59208575659791,5.583240747878683,182.68395962837582,coffee
110.53265552298083,36.05198080721054,49.71532141125469,22.00653634475072,80.33078650615485,5.536314739335735,293.47901243658987,coffee
86.96933763537672,40.76681197620886,37.913492199174634,21.324677605956847,82.86600332072217,6.162088677092477,173.14329222871453,coffee
99.98346612487569,45.80954898283714,38.86572967104459,19.32643576661264,76.26433886313382,5.7123795641050705,168.87262018722555,coffee
95.10324509741415,40.818724863961506,31.455030505532633,22.83058697782547,89.86048880339214,6.464124932020083,274.37602229987385,coffee
90.65364451209612,30.448151929587347,46.67083405765702,18.445761855829705,74.11256162941541,6.044453215446785,176.75670587154653,coffee
113.35153325194568,45.54319392519658,45.115390114745,24.52902092718061,74.39403560529225,6.22889237614975,203.2922253887647,coffee
106.67379038273597,32.440434572623495,44.1117316012903,25.776861823206236,70.87200730637433,5.593828901167084,168.5455151007021,coffee
97.22255619765205,35.81560369866107,46.13840307081387,21.79029791360769,79.69074685377105,6.217038101325354,204.29534738036187,coffee
94.12828989681854,45.13852775254961,45.600834916735295,18.115190180262555,72.87580951681466,5.71309818114848,202.74007031368146,coffee
91.65792333727812,43.37040096776553,46.56270467605916,19.536695858848194,81.25960121203897,5.867816251081036,225.86668125690926,coffee
104.83031367133576,47.87199637364022,33.84585335654562,18.696052696448483,82.54423838090705,5.894130848772626,174.43540399394828,coffee
84.68348669419379,41.17819573748059,36.00941189056391,25.97941103668782,78.11801638661427,5.712286608765183,244.32735676759165,coffee
89.77019558762028,39.88172086462322,39.65152367442015,21.6284610377259,85.9217139253915,5.716613001466184,285.6460957605705,coffee
111.65362012854138,36.662447284866474,33.61205012560277,20.23628019605393,76.65272493818156,6.0569331688070465,156.9552253220475,coffee
116.57436519408213,31.97349713322222,35.5854678820007,18.87429950362373,75.1334565305132,6.337673818608808,242.27637170748636,coffee
89.09292900357923,47.435170595986754,46.014241184369695,24.029194258572645,86.95265396771426,6.1196496815183155,225.21560403168485,coffee
94.95740104685558,34.475280408153964,41.1482331529379,25.115938765712706,81.8796357798465,6.419606861720637,203.53760543897454,coffee
107.8055189010999,42.973309449252824,43.408676881254834,23.16033609792634,74.43309349874234,5.643590898283149,296.7942384348088,coffee
81.81180515370005,39.3547297405654,38.501606342837235,20.88015166572061,85.6396770715342,6.245350288312516,285.7837385294911,coffee
95.81950104747689,41.2835905585892,47.84614094684241,25.950784502843074,89.3858872473071,6.217843871268734,171.48413367152693,coffee
80.92744047172107,46.50436712805884,46.818840489836504,23.970887266107756,75.59846971998441,6.139817859598526,197.43726627229114,coffee
98.025929844037,37.64870169961021,48.27280173580111,19.873258645951005,81.552218091475,5.860981529033859,249.46066678713385,coffee
102.582525647099,48.47955362731881,32.03224303402426,19.765126718054105,85.32695927662112,5.8687868398948435,174.8675679343086,coffee
100.13285036981551,43.04284123222772,30.896534283069972,20.332975114939558,86.18845075392086,6.020244566610194,155.306882275998,coffee
91.27804021098804,42.782813119588425,33.98718939156049,24.619131249755313,83.53151814167329,5.971379060947793,287.34356716001776,coffee
95.67203083698647,34.70146821128171,43.22805985053402,22.58636149976119,76.7049580186245,5.843664561323977,209.73154629511527,coffee
91.64554269917477,44.20482812721845,43.0271681010241,21.52622122037114,77.95709351558475,5.865051269359705,192.52024820883804,coffee
83.42786652628237,35.36409371045001,36.4240269738613,22.381472050122746,85.47577018156099,5.895702144834032,291.7135358778138,coffee
113.0939985376465,49.696036957674906,47.52406082082963,22.933807594475034,81.96958575633438,5.629526126754217,258.3598873337352,coffee
104.00827430370686,40.13864206791969,43.865737451145776,21.552382742703948,80.47719324816572,5.8983523048032565,257.60563400560346,coffee
115.06443882191553,46.81689878265205,45.72050544098938,18.110301636356407,88.23760927754918,5.774875720723394,283.19609144450635,coffee
87.87872412357505,38.79291502849475,44.98797588653827,23.12223156221738,78.3184387605886,6.178623856740279,232.34242650699593,coffee
91.0294522654213,42.926588909942794,34.08494172689047,23.551906274073325,70.06221755246486,6.04877251376177,210.16014413342114,coffee
92.1241509520779,40.314159344692754,42.90623265071776,25.72249812970772,86.66128979776195,6.217149883083811,221.84503675187196,coffee
95.68576478657417,30.650593091719944,37.181938061180965,24.787017109380933,77.6804916395258,5.961584999062146,190.7751636037357,coffee
90.96531035253467,31.237435217834967,42.27607851239601,21.58455522436277,82.1192161498159,6.046886900028853,269.8266880945762,coffee
110.04047649245891,45.429077062757585,39.984780138833514,20.831050810831442,88.66873181065905,5.554269773716554,172.89319617753455,coffee
96.78396368706558,42.279153051360225,30.16400749613443,23.754582554489136,81.1745308557983,5.984702758676925,213.52425582418022,coffee
100.77948126962498,33.23571468963495,32.17423478553965,20.31709983001471,84.19009583970649,6.088287883835497,222.0184526428519,coffee
102.8608386358384,41.185160260786866,36.140838509798506,18.779647577957807,87.93564737326102,6.099911262623914,254.66219995212776,coffee
98.5598889746782,45.12961159953125,41.689945279573344,18.43040897677752,87.80194070787383,5.805536146787887,170.68361661320031,coffee
83.52164030817264,44.40880627684221,44.079367336087195,23.601296998506164,88.31505545363132,5.848943021997652,234.1699584538385,coffee
104.77982331977398,49.58963657132925,36.24692287437183,25.650649599231524,72.97468666164762,6.264001456027842,244.93288500306193,coffee
112.67584149087949,30.573711472796944,31.562620858781116,18.557566236553168,81.85918910994576,6.102936067575538,285.91573340324646,coffee
98.7041405807378,31.36098110009928,34.19058803245031,18.064584758542743,85.5342905025681,6.315599436880775,299.69106244262036,coffee
96.48777796212377,30.38596750803185,34.69459762980745,22.702150941306368,89.23885934105473,5.603578551470794,168.2359530241114,coffee
108.07035941115771,43.34414110043099,35.01012710623666,24.505158328116153,72.57557510954926,6.42574184477676,180.1547895498632,coffee
83.2540949089202,36.790441729477095,33.7568257706909,22.215529800288262,83.73693074743451,5.990921578478291,249.09109977164664,coffee
94.59682057599937,30.5584519447728,49.481282484502984,24.555308036319964,71.46837648169256,5.949176396156334,245.2528605107812,coffee
87.62377082290551,41.55977222725543,40.67297236235374,19.666121508277637,72.82420618554906,6.258962289618637,198.38796692244506,coffee
89.76162135368973,44.757567056119775,44.72137384045964,20.211213250689834,87.45136922503707,6.1882501650723425,201.86463267323072,coffee
97.09958600738636,44.53419371861236,34.23167665790984,21.750086339801793,83.071166845162,6.039498548008713,241.24925188567397,coffee
101.84849997907119,33.9845488758004,38.20410689945243,22.255883963820366,85.60125484691892,6.1539042371695425,213.98864177789022,coffee
118.97599328636582,32.15591043359451,34.13609737109937,20.730500880253313,74.5714415397582,6.125441996806011,155.93260940043828,coffee
87.09747137093663,35.866944753172085,43.66691550158633,25.006919060649025,85.96983541106108,5.682080933250255,234.81086376616037,coffee
81.20090581378749,36.21073550705722,46.119675896566534,21.653325709946717,72.9988264455167,5.938553381488313,179.70493881933425,coffee
95.72765831455851,39.756669454956864,36.99116225022057,25.495751603470886,81.25060595112764,6.3428926739468965,264.10928205833704,coffee
106.44665237071106,39.93777496605165,30.04347567563175,22.90774080441667,77.11914906004995,5.6177621668013185,216.69393954181166,coffee
109.42213289133218,49.23355589397408,37.48209782244164,22.341786389639815,87.0248876672717,5.833999419950015,171.3385867456223,coffee
91.27527324930756,47.98245659616776,33.18786216923675,20.63376848805426,79.29280621000682,6.34711322349092,290.6569925479462,coffee
97.03241238533019,48.63908096707031,33.229181897155094,19.254818335170963,88.98501639269595,6.009680133528331,177.8861753030931,coffee
99.51961482302247,45.66422310758103,46.538407314470476,24.91175405319394,81.39141806174837,6.366946014367881,226.50453132048818,coffee
104.2823960956431,45.17439604543291,38.50870585421017,18.588651897110196,77.00332713715395,6.123944216795961,178.84985544592152,coffee
85.9354145399856,35.861610891828754,30.64222924555643,23.947383184695358,75.17431204376678,5.624238396636599,254.86941239451528,coffee
113.71712050173151,30.39751191723557,34.671995414824494,25.56185859895667,77.7050827186555,6.438592063381932,191.1318807556016,coffee
88.72270542287728,34.28216823455992,31.704573208498765,25.171458308073007,89.59670045265803,6.454508807271638,277.8042209740911,coffee
113.875516306039,43.22170934337976,46.52427423901227,19.666738914744382,77.75825260774258,6.140836293294748,281.2156998842395,coffee
106.41877849475135,46.78043916668412,39.47899031698595,23.738429901640355,89.59961612750173,5.653488557129758,289.03810384738347,coffee
100.89455791367611,42.86436061460116,47.557380138210256,21.277233380418537,78.37385149780101,6.027181836347101,152.8653126745276,coffee
99.86664723773403,35.821745299884604,48.55908364783563,18.701882390024252,79.18640924039603,6.447468170377361,285.15528754777165,coffee
108.05393769498201,41.78722103992149,35.6146187426568,20.935656902019637,71.80269729508254,6.286108297758238,198.58046518557177,coffee
106.71127596120829,37.151895543972266,39.28660882792525,22.44001977901116,86.03704816781207,5.71115637754068,209.81480802447845,coffee
85.2032628756727,31.515210098425186,42.09348712337584,19.51272835487122,71.19598683852197,6.397097931206406,230.14716296780938,coffee
85.38512829611939,31.068522548950995,32.39720106827312,21.770697922564914,83.36930510337795,6.141280074986046,171.6634629396748,coffee
105.33955807350836,38.09731248435199,39.2948756859893,24.411443249962538,76.64998745359277,5.646999047163353,281.0179700349511,coffee
88.48522303465352,35.88059741109285,44.13180117805245,23.468402536460857,86.00800042567657,5.683866641447941,202.84198399713048,coffee
85.03532955825044,40.82078294337208,35.85141185077403,23.5114851280685,70.00688735969082,5.5596829984595795,214.8840450779015,coffee
118.32736623902274,47.81702774718366,49.88018056123967,21.334641798912358,70.93136972547504,5.805956142019762,251.36562782609272,coffee
85.40655239069662,35.99944357520002,31.123323290897172,21.799736307121876,74.17841355390176,5.591248026899002,211.68237142237186,coffee
94.0490161749662,40.75035473890985,44.98077310627278,18.90054989141204,85.82251180420018,5.52628997987518,216.46528537437717,coffee
103.49721147543528,49.13997346279595,41.47846053739299,19.269993546171108,80.35083610687818,5.895783947191417,221.90333514003655,coffee
87.88388058636349,40.01654084622544,33.00079528581754,23.95234464552696,81.87812520451196,5.578527691591783,283.44217018934694,coffee
104.65518418462554,36.32214110255663,30.912847990546204,23.057813566173063,77.46880522696674,6.4076181048784875,155.23167490712618,coffee
81.56409741368974,48.98598573813871,49.297478913590126,18.22193781418111,84.32066469882655,5.72149485232884,255.2089149429109,coffee
114.74931186631935,32.01662957724551,34.77532833524084,18.192621346611958,70.87659690888881,5.529617858217774,270.1023534639622,coffee
91.93170713723107,39.864228791439785,45.75688527194033,21.959549301653745,78.58392125249192,5.511573206489459,235.2059253805134,coffee
84.98972312548345,45.292964815820525,35.15475447630039,23.39349928646924,82.92447055649359,6.11667560293002,190.04280113057888,coffee
90.68359108702273,47.2609608688266,30.25614665260854,19.452181067631663,82.2034183528397,6.31704625440317,203.7518263009288,coffee
106.13773834443201,41.143128392404726,31.290802089640707,22.974001575445424,86.27806944544987,6.49244832029941,154.44601089775844,coffee
106.40232690335472,38.29099106295924,30.195757774124104,22.91488754966809,72.44854597111271,5.878566850189136,189.20506387326034,coffee
94.44653609084398,39.85391163001899,37.18419064979029,22.421854964716314,74.77299380465708,6.135361767428382,278.064450618728,coffee
88.9626818766085,40.15754431711245,42.973795690997775,22.51700904970733,77.31298892384451,6.142199708005748,154.23693093151144,coffee
94.79624927985732,40.652244292820065,30.412263176717293,22.061190637474397,83.08508921531256,6.259207697713045,167.00611221141457,coffee
119.6225949956678,42.12335402670191,37.2638758522466,19.99274283565371,81.45793723366829,6.381711647166571,228.0848094212047,coffee
106.45888222419842,37.15392879081121,37.76304576177945,20.289400846175134,84.1127458873648,5.859187553416565,178.6074606061859,coffee
94.77602284664951,47.076544156655125,44.76504087153847,20.67712675570851,88.13617929673404,5.574832635117467,157.4630687120465,coffee
85.09881419140964,32.32909511717206,31.75668630024681,23.290740895983937,82.01684759310848,6.147605510581714,253.2549081243045,coffee
110.27519009922719,34.143538549728206,42.446070264696,22.640389274690985,88.87320051606947,5.732367724239649,158.80844015614971,coffee
106.13980278858173,44.80345680473424,35.66392011615101,22.566787447517353,71.19072131068302,6.460044841168289,166.4887459948753,coffee
82.70282144607982,30.88220318989238,38.545438130067055,18.77727794765752,84.89296481911151,6.398874160626406,189.03283984872854,coffee
105.15092477005595,30.846768940236355,37.731289433855906,20.34353690742183,74.57238192880718,6.144723489628699,169.53419195378044,coffee
114.42842093187954,43.296718127374696,44.214703573761156,25.482754469261344,88.8474574300503,6.051652323819236,224.30697259289707,coffee
93.41526432907641,44.31143220404937,40.76417773959626,25.463000637921,74.77251897425211,5.81025268625049,197.4135671129953,coffee
112.23993818226828,31.980806636843045,39.1129824197796,21.42064589578438,71.46279242027518,5.910796998544347,227.0066974925972,coffee
42.60418770019653,40.197242568893344,39.18475809366802,24.725886201099918,50.63359557179622,6.772645398904438,62.840653313311314,barley
79.88461886848407,35.48458342050452,29.058026008799125,12.038142751434794,46.98464581818274,6.107160450913236,99.50598163081058,barley
62.44057812119729,41.44343754575313,25.73022571799406,22.593651773288656,40.065418506625,6.500401768746288,92.75979923670943,barley
76.31690149667685,34.69231913850466,30.82200103454836,18.993888466933175,57.483487380873996,6.075775334339763,73.95804488565659,barley
47.29862699167726,30.43065200597196,22.940618810409656,24.694118747026586,44.29697019040536,7.4025461600037,56.42034741047533,barley
77.25180909537937,43.09241870400629,22.264371550038536,19.56489701664551,46.37028075080557,6.574729733967105,75.21367662679785,barley
56.90828090121338,43.28217780966058,35.367361371815264,16.27930995961458,58.48727923371379,7.407699471028314,43.25523497209147,barley
40.59635155532074,38.50132660302122,31.81290501975317,15.6127617168768,45.188275021715484,7.017500744563786,88.13634277244559,barley
46.68587499972438,47.69001926530318,33.599521403221395,16.713491239197108,53.672493799823,6.168979630151724,77.4604899659245,barley
46.75937638238237,30.828624922568732,26.766525405765996,13.959561285250182,52.670359139076496,7.011101841026566,51.895384498128266,barley
40.98452022413705,45.85621123270321,20.041140414571245,16.470870159389253,49.8916659609134,7.227963282807649,107.08469141969125,barley
68.99757762441823,34.94395245079796,34.40373868638342,15.205009572400241,44.29216383463403,6.820691931345799,94.30835550672501,barley
42.12207063646722,31.20045202249217,35.683413736335794,23.173464262551235,52.08881832683788,6.643242014560329,107.62531836793487,barley
69.15268131101321,41.59188396862537,26.395142438975267,14.57393580153861,48.37346078543031,6.430233863940317,67.14068701875688,barley
60.6252422124813,33.38187913903219,36.12353360147651,13.891883002291976,49.619872788419045,7.118957007120655,78.8016566151677,barley
54.44088254354555,39.497826116455016,36.97341397748281,24.87561207769145,52.62286578578871,7.190166063973051,41.15909489274309,barley
75.2145763809829,49.08099519855836,31.50338683515141,21.799463206782857,50.2548948592015,6.429305610683384,108.17983775864103,barley
63.87346847983767,41.587661675828144,33.18264407682413,23.12804115577503,54.63812251541928,6.3166862913236175,77.34588355258556,barley
79.21193327944825,41.091214275255496,38.76490706941597,22.57380332206973,53.32046883617518,6.524047803989633,64.34554780203513,barley
65.73684261190351,38.65122481692822,35.975072456334544,21.885937614022545,46.242609734770284,7.0540931745926425,79.56401520777473,barley
52.931684032559886,38.2593318552928,37.90703734424524,16.67372999759303,45.74798546638916,6.527710831065207,57.169474896695334,barley
61.78539949585314,32.948728726450646,36.34887572873833,14.932543214193139,51.961100550792914,6.18753824837984,118.27625185714611,barley
58.18301835574589,46.44342681517629,35.372956712999674,21.278009612893825,56.54729742409219,6.150695412989559,94.27977579775697,barley
50.63308941095124,45.71743328133179,39.13737519695778,23.719363887955048,42.29904444947332,6.5543286310092315,69.14582057580799,barley
44.89185065438122,31.96252106693655,27.697802699383633,24.896930156454648,51.378853021325504,6.932672442906385,77.68151280149459,barley
66.49322209216092,49.13324161489539,31.773959072287838,12.845499976375512,49.85781138336397,7.4891269098779265,70.99221764754105,barley
63.75524948857888,32.13273526857634,22.823609974731337,23.37085889100151,46.00689256503223,6.45817691003189,70.97703968018625,barley
78.6591469161809,31.68780992073753,36.3752820510267,16.440252394057822,56.98936051970949,7.487633474256814,67.89339281693984,barley
45.17425464849421,32.887509959658566,35.17481781898372,13.883980180395774,45.208431370692736,6.306597515493119,68.45428512247861,barley
42.9746630059875,47.13484964814516,37.20292623601987,17.368127680274966,52.24175138046951,6.962927356356457,99.9406492276743,barley
60.82760350176204,40.20672090883372,32.626075546564216,21.139629143708408,46.933807540585036,6.495555709903223,61.57747232767274,barley
61.95386221250994,37.20311379111545,30.806265354152636,17.27780195574998,56.73468365105322,6.1096953596181915,85.77684748837397,barley
63.02495002348791,37.674346210774,28.420417891262865,22.401707691478073,45.6134742052067,7.307105687139244,111.70746433077547,barley
66.02477217608784,45.457154274161965,32.25895056708977,18.82836847870569,59.33355508500459,6.4239824463411965,52.33207573144897,barley
51.499414525700615,42.2925121675889,23.703668762022872,23.814582561942082,48.22048801330786,7.2749443174377655,59.938923562305334,barley
52.5267342033099,31.18446794344993,25.15535384371148,18.37407964652292,58.92273835446484,6.583354460837247,91.17951035866767,barley
57.108404698751514,30.935837015358825,30.070652517934054,12.856877407150971,57.67399849195072,7.129555442926371,70.2921177001893,barley
65.60874664765159,32.24056310626664,34.05109973925302,22.695521316889103,56.434912970764685,6.426416321535983,61.09969562214613,barley
60.85590751610714,49.35544323859697,38.41045955212171,16.67530026282776,55.59659012366088,7.381976646137186,60.8741172574084,barley
73.21182598411758,35.357912538183534,26.865642517744213,14.584668981059803,50.14159598145427,7.264966341391862,82.24417099484099,barley
44.937600387723904,35.0355186445434,31.257237345626777,19.581436922417282,51.5381180708974,6.115505238759324,100.29567141078033,barley
76.37712795956026,40.210378954598,34.37658573543726,23.882201396475168,52.85245509896032,7.011488586646577,97.71235307071636,barley
50.42009805816261,41.653557494336546,36.84350229088913,15.850115493389758,57.9434099919372,6.930572924648448,73.8539881146445,barley
64.92731845601172,38.03719811378153,36.7607120369635,18.27014154087876,58.024267195086736,6.76471212127174,92.82947117099098,barley
79.90977684027402,32.93931682017082,34.734582974668115,13.805338962907136,56.77732731528792,6.894680071743018,115.05276484851674,barley
74.63826407779473,31.49744074937647,22.74605083357722,19.815222071888726,50.3662927988415,6.252847695920167,50.34873826173198,barley
62.55963133766453,30.97843095949999,37.47470605906878,22.492077957434066,55.707399434221784,6.023995720561111,43.81127547301904,barley
61.993564846029145,49.88851377788355,26.846324019427037,16.47687261326947,42.68555933723967,7.011503705609252,91.73413511952046,barley
44.052896655166364,39.34824574136702,33.34149817643949,18.415709772185053,53.48727163729511,7.224405596147235,94.86523464974141,barley
64.64456943322095,47.071805138889864,38.01177135739576,17.055523683285454,43.46499775447772,7.2267906060120755,57.10024858395865,barley
77.15802678996343,30.45755890443807,38.42542365238607,19.659378903956814,55.494842330257626,6.597738880596607,119.3373033527104,barley
49.102057102651614,35.2868732527635,21.028648880749458,24.226153719798695,49.12058607197352,7.012278622079024,94.99525819702725,barley
74.9800836913071,43.29850501292819,31.240423646083745,21.234140814483567,55.01941598006253,6.278891919372723,48.77336311814024,barley
42.993954019422524,37.48106989045073,29.960004796754905,20.00344867776819,59.1606903937922,6.496181730310509,100.86992416618196,barley
61.2543047837954,34.40179864173834,32.30610858257518,24.573290317766144,42.48616598502545,6.760919646823844,44.12866833204226,barley
52.84865195585449,42.41205355187982,36.821138720615096,21.494269482438924,49.25713556430948,7.363834135656219,64.21717320190166,barley
70.15933640900666,39.48018043495325,37.97271509345551,22.366626681498882,58.029393226141906,6.3213717734131105,93.45203456929664,barley
69.5385363232656,44.84828530565187,30.080009009346753,12.146256790523383,45.2286156773815,6.484951312506571,108.16292938254092,barley
73.63543268416882,32.093602080755666,38.99671763542515,14.371947326469382,48.287189026018424,6.322735449166133,108.82659750634859,barley
69.97608127437248,37.07057613775608,33.637572520521104,14.39676949423005,47.645941847520035,6.565661382507162,59.03493453771183,barley
75.0524819833153,43.576914709582525,25.598786211275986,15.147569888177486,40.35906941998478,6.519873380688532,82.14170266522545,barley
51.10843767633506,44.0091655285954,28.234990580225325,16.11213188113868,58.78115317580662,6.394201315932208,71.8606096077325,barley
55.29163154083088,34.82396691342497,24.349534796208335,15.930940244574247,57.28472339862362,7.150624330843936,94.47996113280418,barley
58.28411970569974,40.155079692652066,25.342776909869208,12.96610687986693,46.62081113440965,6.743375633988549,44.5850437215466,barley
43.529332082284256,35.26050465769134,27.341607471855234,17.11311854454317,42.3577213257601,6.338732031802183,60.931780165088696,barley
42.70539504804985,36.52199401179394,21.444431455110145,21.14495196042571,47.72095533114621,6.490128584067562,50.12177372028855,barley
49.06014621779583,34.654104178782475,39.70408429746606,22.859541933610412,40.30524583266863,6.92525488615272,60.4728077137539,barley
44.17507715278337,44.1119952623951,22.632110989366986,17.768630133886564,52.643303296798486,6.831742134232483,118.21032786421944,barley
71.4297045249009,45.483867522549794,27.111907881620624,12.109141397093842,54.688218593413765,7.499598126443509,72.47032861948924,barley
79.4207399582847,32.834162190686925,25.93024703273435,14.219450112652119,49.50351945853632,7.195472102260831,67.25293532303631,barley
76.24915748607486,40.896608266595706,29.308488274837543,22.23146594853859,42.02886994083569,7.160628706816012,59.43616001382614,barley
51.232501887329505,41.9890754664016,38.0386885009241,19.519290347021244,52.97898697588974,7.164891884407911,60.74598071939894,barley
73.0893469121657,38.359202981342996,23.51311386982325,16.551535032994625,44.92262223436451,6.343070407703469,62.60505589753329,barley
47.23723258968358,43.35403514165286,31.599835140702343,20.42974460878457,46.87449447656321,7.154600103861067,50.36869927633318,barley
62.845468378454406,35.50905944492948,30.55219801395223,16.207283278123107,55.810235301825905,7.336907758257142,99.4064978697305,barley
47.02334851396987,35.497337967767244,38.38716131036831,17.683861659556616,58.82360818698534,6.5886775332934,116.1419728472531,barley
77.02955950933324,43.21053779973232,20.176540969230057,17.20435086568718,58.224702593911914,7.3276654336621725,54.99102400768909,barley
55.967299838764106,46.710198557589436,31.557557065001088,23.014890034800608,56.53134768897126,7.361223010428724,49.377647055566534,barley
45.80860565814063,31.65618057938105,38.70537682190863,18.17711099691261,41.28650566964896,6.482294853771062,68.11301129039734,barley
72.38239293907029,44.70953784341846,33.78774099125138,12.284226183687924,58.21391592852758,6.323332900373613,90.32491237541421,barley
42.47276172045677,31.63052183744109,20.191545922602444,19.3570593790893,52.58759339233809,6.075693454849843,63.238790781123114,barley
74.05817656712067,32.02616733645828,24.330943291066625,17.51708571014155,56.84548205266232,6.3822735817128065,119.77096122906737,barley
54.210472525541135,37.728973169672464,22.442124084615887,20.8425727111349,44.869303655689635,6.943301392942569,57.852618272234125,barley
55.51489068905872,47.13344183908835,34.7781182294814,14.009681699268405,52.154163347482026,6.9429609775107135,47.24547788014888,barley
58.63222617343743,35.21336791335216,29.34260285526966,22.101922887197375,43.16519119620639,6.184956308382065,61.54531960846184,barley
78.09101801386333,44.95648422369933,20.38911725629093,17.213062952283895,45.14795958160771,6.957216852558261,76.74339628273545,barley
78.57994099455763,34.379569019684766,31.75712831997881,21.102730194872894,56.51128978690763,6.610456545642011,94.95375261259852,barley
52.12805885537131,38.7095218472364,37.91254262406798,24.348798921302404,54.376346938545296,6.561527836164277,105.60462319797313,barley
41.03468326901681,32.05491821078842,33.22747472750722,15.786231478510746,59.02772436800956,6.654090918138457,74.34918563113416,barley
67.12318040763725,45.35137124612379,29.51117476250273,14.782011722252413,55.466172854512436,6.480526912310442,54.00886154350861,barley
65.26560759700052,31.809073339807007,39.4270535017211,20.22116443735778,59.71791041843512,6.508340135217954,117.69641289523183,barley
45.82248990914494,30.81389544694057,20.65968120909205,18.043314817789952,41.6600839495719,6.768251826251403,66.20004028071205,barley
53.42515969896462,42.712179930903396,23.261960123032402,21.9651938144165,51.640618395572695,7.372416943271267,69.18725230140187,barley
79.30859968268501,41.51655293428046,39.46803912375067,12.3517885026125,54.55952644824776,7.224932286439104,44.253862934119006,barley
63.15878656064983,46.038845871788965,31.220774504461453,12.829576675271067,53.86894481796623,6.090895372009963,105.39751160131507,barley
41.721367332267775,32.74794762020741,25.50215181046537,20.2337422993904,59.52718199262612,6.176734278929902,51.41661353711348,barley
54.754815868039216,46.724382755106404,29.34461905501628,16.180937803325683,51.224076644177224,6.390784796168625,72.09279257980168,barley
53.304205969281675,46.08282044829292,38.485114528760015,21.874438498039854,48.78167152059967,6.756502466244996,50.005895514354854,barley
69.8745884453815,41.929513587900885,38.04879992274873,14.607944866476991,55.19452243865224,7.027007492578784,61.26764270478017,barley
66.695145581633,48.48746761153299,38.368719753342376,21.355145468709836,40.9614622506812,7.308396505980243,92.62228856036319,barley
52.417370127309376,33.745007234113984,22.324077259946343,12.653079690350893,55.08206495901513,6.353764498414913,41.940234883460406,barley
55.89082607367957,39.65214161184678,23.384604618002538,12.572628370113147,43.78250966196138,7.018654142754862,46.57949418009651,barley
62.20148122227975,32.928239758163336,23.913783471608387,17.110012482467084,42.01650672107463,6.259805254173319,67.91619291610833,barley
53.186760219934676,44.985429713514634,21.495646102528486,23.185859563662465,56.324643414789094,7.148987459537908,64.7497889970506,barley
72.9152714216315,33.65604160578562,22.488184117100566,12.584432335363335,58.78620726011152,6.462016346557911,113.40943041423247,barley
50.904542460773186,48.151319186726994,38.07858105692176,24.007788585139267,49.923068785683874,7.298919430198338,116.06127169338562,barley
52.984677675887184,38.3774881136511,34.38480374671488,15.904677682402912,55.07618617825318,6.110838217820301,81.87987074308339,barley
44.89253936334981,35.86646952873353,25.172507849729442,22.90611695631466,43.87034510812395,7.212671880238679,103.51682767263375,barley
59.9553222222892,34.676865111922595,24.537926799124456,18.044020412506022,40.176180147870326,6.7970261319170495,116.22236206136444,barley
46.18827527450386,41.466912429512064,39.23557377288914,23.1867878133908,57.007602327626806,7.232774895594284,64.72188848449485,barley
75.62467325067249,48.826807024663424,29.915848465980787,16.609423614372965,48.28458031211712,6.501309662746898,56.993475361963206,barley
64.73793881011558,41.251937724906455,29.251701420785512,13.245990026902813,55.937859294119995,6.262400344126184,49.16496347168385,barley
64.9228558193179,37.972887224754466,21.19616950704659,16.622388614493758,55.43560704569926,6.922873807825646,69.02288183895975,barley
47.67219166538352,42.635912416095465,37.7511060189271,20.40154533420688,56.25807709300449,6.7822917578315565,97.4376885392823,barley
75.8490709511341,45.463579565173106,38.19707906796292,17.60481482750878,58.08440510254113,6.932350851722561,109.60390128653549,barley
41.575061217513415,43.157047638270726,36.95950157755797,14.264626437361596,53.23573866929846,7.237432071324947,63.03594957061097,barley
56.20985311625568,41.39035436998439,30.38335377769124,12.509462109482763,41.97344196170827,6.150699868956542,60.981432439934,barley
49.83456451209797,44.84444767573599,31.45488772032289,21.931689100388134,41.3979211482174,6.727821356207401,65.90204634122156,barley
73.99757243022985,44.15578313819807,37.38516941653593,12.603552591278781,54.416469791332005,6.810012528239367,106.00000232124526,barley
60.28642363703284,40.80418155803818,21.035347618841303,20.690797245467568,45.462797512101,6.029540883268231,45.314973000482404,barley
78.29142435864102,36.92154579159694,37.36151257242318,24.47580404290033,58.86534377674646,7.32258786104913,111.58751299690407,barley
51.56032177363806,33.02939780520717,32.78525124175847,18.34537269429471,41.97493437390342,7.016311974033616,85.02880059878187,barley
74.52269603241757,42.18367591376797,31.478923594435074,17.729772403324162,49.255741397777406,7.431571840468674,51.075680752019146,barley
57.848752743287484,43.116544678536854,28.660212911807992,15.68180315152985,45.747147415257096,6.350484069386574,67.51225604664717,barley
74.86699102334268,40.1044910064599,24.804774561556368,16.998847321344922,42.11660824157136,7.356053609608107,72.65582656731456,barley
79.21564818372303,36.95077546525039,36.72712094454242,15.333009072788892,41.52305786755205,6.047600042510701,88.49347413158269,barley
52.462946866943575,38.870397609516566,36.372940712015904,15.225405114032428,46.173049534698265,7.268004277588001,79.42098186748032,barley
73.10660668209951,37.489520069326325,27.96739961654217,14.172798703117332,58.32691707189933,7.345175541018914,118.73736116518188,barley
56.097885086788466,46.37229883517284,28.299074633442373,17.905884255972644,56.59998787189649,6.2660501563296,57.62487475694019,barley
52.589129615832604,45.763580650001146,27.453030987361657,16.6561867076499,59.976326905104834,6.575709214649219,59.82164290524696,barley
64.92854712803774,46.037599039100016,21.392156674463184,20.045599004800174,40.71470911760449,6.789498526469277,60.55932510062473,barley
52.26566790692743,39.341919279647655,38.542149214911746,21.238674985642394,58.736911925689924,6.989956506838016,40.56861976702877,barley
50.6234078939071,48.11545155440748,32.8689104193549,24.761414075413573,43.119280384365915,6.445121749659779,68.9894127613629,barley
53.062312726692426,35.03983060299761,28.869314315135558,20.349875603801827,46.22513845773392,6.119549884971383,96.68260215145307,barley
58.36066223125074,41.129646121801265,29.108013143278303,23.574647544913834,51.1748999433276,7.384915259777625,80.84602732448002,barley
51.70352648961128,37.10885174352393,30.442585871695712,18.88986269146511,53.74675403097898,6.336742308279947,92.70743199724014,barley
71.1435203352301,43.5318397893398,29.636562196351818,24.891848464518844,48.09626318258432,6.159885921869744,105.72033723258744,barley
48.488048755216724,44.26571145804884,23.57952565430252,12.219406081153211,43.19597207578051,6.565483044863733,48.529459770383866,barley
47.90716336942728,45.29252555368786,35.397672159542616,22.627346953482697,56.823104730951854,6.630653841920633,109.40397285548228,barley
61.03747500056173,39.411942338720166,34.37072657991551,14.779639347678794,55.78994753654944,6.644198739849305,50.18363312030083,barley
44.7724765406787,33.298134876934,37.81145468487565,24.882191689367616,47.139475984025665,6.438215778307947,57.50167780754698,barley
72.95265908668982,34.18414964837752,38.4818025986054,20.675554926626674,57.94255583338389,6.83101478159122,95.25438897459975,barley
64.77832402630831,46.62390912647594,36.71721622371762,19.667308997986627,52.650152986595444,7.382813880746745,114.38931871719755,barley
66.56999135580726,30.15508556346327,22.08822429507882,23.153252913067412,41.69428232741603,6.3202787712826,58.443734417732145,barley
64.0093907911962,41.53265595767529,25.788350468408005,14.698947752389756,55.29064059714952,7.403184233408965,44.2244543933151,barley
45.32721850819451,42.84327977411415,36.08882903342851,22.285452694093195,54.39366306165378,7.331141931747138,57.38791036566503,barley
44.291637859677884,42.307259401827366,36.445517830468646,19.566566520247452,59.259949749178126,7.193346692087684,96.06334407274088,barley
42.410291634869346,32.154844774633645,35.696752651823886,14.57709303250138,40.57670352157981,7.366141028620447,111.26442989609873,barley
48.73935308925967,45.604125161459095,20.959593224233103,15.70575404970242,52.473338165132496,7.144768494237578,40.831935103055166,barley
53.04834453094976,34.28691120127348,39.97560811497448,20.722769021008055,48.11342905759488,6.1134789029710275,87.8936206005571,barley
65.66805883744257,46.3281185500627,25.77153705838727,24.75856504624125,48.78931478627899,6.44391563198924,67.87594672011663,barley
60.78344211868495,48.734031290142546,34.70317595838801,19.502425443029168,43.25620775959724,6.224029966336308,80.17575310508512,barley
69.14834818406597,45.020243455102204,24.518287677525166,13.301293667014292,47.68921978507579,7.377258814866112,83.62938021355058,barley
52.803990673270974,36.472753366782435,22.6417409044437,18.151908569380055,55.82725357029677,7.452838037291012,80.12759999663803,barley
46.68859663370754,43.65900799605729,35.13582685490591,12.93209674250033,57.00278259262458,7.243983584993786,77.80328432312943,barley
62.41690074463473,44.268161274218386,33.53496250125718,12.214967716511717,42.448706076969714,6.243885833671868,100.45407112576791,barley
57.6033425156952,40.910052527736504,35.453748737909685,16.43276949783318,54.97780454637546,6.663448911944339,70.17441502193653,barley
53.3214905621896,49.298896309847656,35.43946821417958,12.262547230055882,59.14830973036403,7.1631594445900095,51.93397715634045,barley
43.05352501645268,36.16388187318907,32.48363058692124,20.01510695894308,45.51700250298441,6.668512467986127,56.95121245709884,barley
42.0231474066695,40.33940934853757,26.93982268504076,19.05747161987309,58.93014644940904,6.215055467542982,40.156961464876424,barley
43.07512853128501,39.254165922032584,34.13864059604647,19.54992684312346,49.89789214747494,6.530944696638619,64.79793372252007,barley
55.051447004199204,42.232699080181426,23.355079117310723,22.027707079710133,51.505064801862204,6.403734566417142,80.0922370249027,barley
78.51114750740666,30.40983058290388,23.990452818024583,17.828943118742615,52.76879443559656,6.318342399428228,114.5123158700957,barley
65.70288049698568,47.54863897912861,26.58635860500637,22.776401145986185,47.564384337988926,6.379127658691807,112.93242713310345,barley
43.688739027154185,48.85777592112808,29.17030411735211,24.9041311553162,50.791893074700575,7.136232258123455,40.56568130704032,barley
59.866672798406604,44.749069432362305,35.65654039916898,14.054631573820775,48.37941900765557,6.628607937179008,48.29126467992447,barley
57.72182030765867,46.14185917392011,26.00361475237974,17.62346878462048,59.21917370124285,6.047562113837343,87.32174143162845,barley
69.73744367110517,45.21764868062357,34.318760497680884,21.443868765089675,41.180253313460994,6.801204928704499,102.63752573258049,barley
43.76260196149318,30.240998447737358,36.29123663199316,21.25982703836436,48.24412833828885,7.410594648861258,101.32784757211769,barley
78.7144376642631,48.586305190949346,29.625872059586143,21.81121672236636,53.38382777615278,7.217167815138737,103.01507218007936,barley
46.12927880132907,34.67471063617093,25.314631543551346,22.640481269821137,56.21483407858378,6.743003020409163,86.46658074015369,barley
73.076886118736,36.251872013554866,21.003575538327265,18.273753697629175,58.274342876973435,7.18570239144011,69.32938424867885,barley
42.590854419313466,42.7383901076502,36.6898159174104,20.6443313639103,48.501493295260396,6.185030419768607,112.8619395309884,barley
51.03833303013532,34.48574072985919,36.31953331219308,24.75585920341014,53.2032051748952,6.937215733536826,65.55446953768501,barley
40.81653802740517,33.83595731645419,31.68860873113144,13.967114003608591,57.676716138626546,6.282217031779328,81.76835624095213,barley
60.4805298307518,42.07891260259301,26.54868139436078,23.355944613849097,48.88603071950139,7.050230368104861,90.87286887733626,barley
44.68624332478813,42.45278705405223,31.01405355962192,23.681852822326775,57.61753272969807,6.226432181117469,46.53481164692862,barley
51.78368876843475,49.732257133686176,20.431475528126334,20.747599114447397,52.170274676819545,6.969867420686725,57.46287118165932,barley
49.068693831994,38.61284164347649,21.917156141339127,12.969971717246223,41.767189069721944,6.859468756959386,71.8193485518315,barley
51.74467122629095,36.316387593026114,24.145666116981474,17.349569359185153,44.06116138399935,7.0470690634489985,49.91460101231489,barley
77.92968338323385,31.796378802545643,38.86921428559752,22.832834629765287,53.61424241226761,7.368452483348225,51.13750348139015,barley
47.05259096747661,35.043051841176315,24.89623053531782,16.04102752205308,51.51261796546187,6.042258916957657,70.58180760319806,barley
49.85540511570386,42.13259696105444,39.70338662103072,18.729509958383844,48.51370478236868,6.552365317717674,102.79593751038861,barley
42.87923726602908,49.19541028920243,28.35835771976091,16.078109435726468,59.48136232799402,7.4038182948648,91.35473118125768,barley
40.740294994016054,44.97069952413143,26.711148000840026,17.047643001105396,43.17484257954777,6.785187125797349,99.5642076963013,barley
50.92044472372274,48.7746581608675,23.894737120059087,12.861410427727634,52.88727746699802,7.27397809782007,116.25062874460097,barley
70.68684042066076,33.993000230121446,39.55322369607461,23.952666388374954,43.26334845524895,6.838178740372987,84.44139407447831,barley
57.70139112517883,49.685626605193775,21.192444743604423,20.153715809766602,44.1060724535762,6.790996807096439,102.3792617430015,barley
49.869072126741855,37.86719092966297,39.01536148560798,21.899249590364022,51.45446369023671,6.332996081710075,74.02443499820664,barley
70.9624527619969,46.41086156219953,24.89212396284798,20.60678273542125,41.900059842467996,6.034818461175696,83.8939138746417,barley
48.97519417121715,31.578240624842657,34.5965662579046,18.473669648740383,55.92554021916901,6.995916359520836,98.3843951932392,barley
52.294423251835994,35.26551651366473,32.017497841905225,14.601067825175097,56.308242312640424,6.784380253461357,58.15919458782088,barley
65.00672929319634,48.90071470167236,21.64189453181548,13.421487695075538,56.876782937266796,6.164390661850311,43.150029548239026,barley
53.91722324185892,39.33411769843195,31.388888733813793,18.59490302333525,58.263691253162264,7.153002150587456,118.70482046893686,barley
59.05821692901289,31.68659219678358,39.11061285885749,12.053471100658266,55.52192027678097,6.046923046157519,100.89713525213108,barley
77.51755759392216,37.785205946620934,24.819297024394352,14.9416289826538,49.834352883004065,6.256330553635188,93.83389045277696,barley
54.734094299534995,36.46218984806518,29.225711525129142,19.053637531716774,42.83860524517591,7.061645045695265,110.6357679924261,barley
51.11947664804727,33.6078180365897,35.21010847438127,14.386042408953443,40.82510320725913,6.9288648305741685,59.18011330442802,barley
46.872416357142384,49.63205483429012,25.837299667994554,23.744762772801963,43.56437531777209,7.228465698093653,80.16150984387856,barley
43.14379076463981,44.67210587287145,37.8414674346956,14.11922087436178,54.51180484672351,6.667578778609686,100.30963626053747,barley
