N,P,K,temperature,humidity,ph,rainfall,label
72.38,30.56,65.57,15.51,66.79,6.55,31.74,wheat
90.74,22.62,50.36,15.49,44.54,6.64,54.81,wheat
52.38,35.63,63.92,21.63,68.86,6.6,59.29,wheat
44.66,80.09,40.27,16.01,45.89,6.46,54.48,wheat
58.07,60.71,64.72,17.61,67.39,6.09,31.79,wheat
60.6,67.63,49.93,17.2,69.28,6.68,38.99,wheat
119.44,68.93,37.09,19.02,66.26,7.31,51.88,wheat
68.79,88.61,28.26,17.93,77.86,6.23,44.67,wheat
43.92,66.78,73.52,19.01,83.77,6.47,50.86,wheat
99.44,60.59,51.93,20.88,87.23,6.71,49.92,wheat
46.07,69.1,65.3,21.95,81.1,6.43,41.57,wheat
106.87,21.58,52.32,16.18,45.85,6.09,53.05,wheat
52.93,37.33,47.37,21.1,44.03,6.67,46.48,wheat
128.34,77.35,80.48,16.95,60.76,6.54,56.53,wheat
135.77,30.56,32.34,16.62,51.67,6.73,47.67,wheat
66.27,20.29,49.33,17.58,68.32,7.43,50.71,wheat
91.55,63.23,67.33,15.38,84.98,7.17,56.24,wheat
119.79,47.47,47.93,15.72,71.71,6.09,32.02,wheat
60.88,31.36,43.8,15.37,40.01,6.23,33.04,wheat
76.36,21.79,81.2,19.3,47.43,6.38,40.42,wheat
76.42,28.6,79.43,21.95,63.3,6.73,32.58,wheat
50.22,43.98,38.53,20.8,48.07,6.03,58.53,wheat
92.83,30.26,58.02,15.19,66.41,7.47,55.9,wheat
109.62,38.28,45.67,16.17,78.6,6.8,53.37,wheat
72.97,35.61,76.81,21.89,82.63,7.21,54.55,wheat
113.99,35.87,56.23,17.49,41.45,6.04,38.38,wheat
65.92,68.48,86.96,18.13,86.85,7.48,58.65,wheat
76.46,35.43,35.88,16.38,50.22,6.94,57.01,wheat
124.04,53.56,65.71,20.6,44.24,6.99,57.29,wheat
118.23,72.51,53.46,16.25,79.46,6.5,54.02,wheat
137.17,47.71,48.1,34.31,76.24,5.76,169.06,rice
55.12,83.34,76.46,23.9,81.33,6.97,248.59,rice
75.04,58.41,29.17,22.19,88.54,6.47,228.99,rice
133.36,50.37,81.02,32.74,50.55,5.88,193.94,rice
64.05,61.05,38.16,27.45,46.55,6.87,203.07,rice
85.82,60.83,83.3,27.47,85.89,6.25,229.77,rice
92.35,21.31,50.81,24.38,40.2,6.7,175.85,rice
87.35,70.76,58.95,26.24,65.92,6.33,267.64,rice
50.61,59.22,37.39,25.6,78.61,6.26,234.26,rice
116.0,83.87,51.03,29.96,65.28,6.27,253.91,rice
85.23,57.33,53.46,34.24,74.96,6.81,291.33,rice
65.96,59.17,86.03,32.92,46.86,5.68,216.32,rice
47.25,36.84,25.12,30.7,79.2,6.85,173.17,rice
111.61,66.22,30.01,33.48,88.38,5.83,292.88,rice
79.83,54.11,89.29,32.82,48.07,6.15,227.34,rice
73.91,33.7,42.3,31.39,40.97,6.33,216.07,rice
41.81,43.2,63.67,28.66,43.21,6.98,268.25,rice
137.17,27.33,38.59,22.51,78.95,5.91,169.43,rice
82.23,83.8,77.33,25.36,47.47,6.88,235.59,rice
110.04,26.26,24.03,30.95,61.27,5.61,290.75,rice
103.44,76.11,25.86,33.13,43.33,6.79,218.07,rice
73.92,58.71,84.87,25.48,46.46,6.29,185.77,rice
50.95,31.3,23.53,24.62,55.6,5.96,263.92,rice
69.0,55.01,32.45,26.51,40.91,5.88,152.3,rice
113.31,58.57,33.26,28.17,86.73,5.66,272.84,rice
83.22,54.65,78.42,27.11,65.33,6.53,297.37,rice
74.27,78.26,69.47,30.27,60.23,6.02,158.16,rice
52.98,24.95,71.86,25.32,48.16,5.63,276.19,rice
127.05,66.94,39.74,25.15,54.65,6.19,173.63,rice
84.58,38.43,87.33,34.64,67.35,5.87,294.85,rice
70.95,44.96,20.07,21.43,63.73,6.51,64.07,maize
90.47,20.35,38.49,18.81,59.98,5.58,51.57,maize
70.42,36.3,60.99,22.76,77.53,6.82,100.12,maize
127.91,47.27,42.83,26.86,47.47,6.95,95.03,maize
44.38,78.47,82.44,23.65,76.69,7.12,59.75,maize
92.38,55.31,78.45,25.24,81.32,6.67,112.5,maize
108.29,68.53,36.1,18.28,46.65,6.22,57.34,maize
123.58,59.1,63.94,23.64,74.03,6.48,50.23,maize
119.77,72.38,55.21,22.82,72.96,5.63,101.58,maize
65.22,25.21,38.59,24.56,50.26,6.98,118.3,maize
89.39,46.78,53.53,24.15,78.35,6.73,94.99,maize
47.75,30.32,37.78,24.69,55.22,6.64,50.87,maize
46.07,38.81,67.04,24.23,73.79,6.08,86.16,maize
86.47,52.64,28.3,26.04,49.96,7.46,115.54,maize
41.75,52.13,77.39,26.71,62.47,6.04,64.69,maize
134.56,34.75,60.7,19.28,66.2,7.41,59.28,maize
122.02,55.61,82.08,24.33,51.57,7.3,84.03,maize
42.48,20.25,54.42,22.06,55.1,5.78,74.08,maize
71.61,78.82,20.12,24.76,81.96,5.74,114.85,maize
111.3,83.11,40.29,21.35,59.64,7.5,91.24,maize
76.07,49.96,39.26,18.43,45.09,7.17,69.99,maize
133.56,37.45,38.6,22.6,49.49,6.25,116.93,maize
128.43,76.84,64.16,26.22,87.03,6.6,100.37,maize
44.95,71.26,51.56,24.77,72.22,6.07,53.43,maize
132.68,28.91,53.05,21.09,54.89,6.98,118.34,maize
66.02,65.92,41.06,23.02,59.72,5.83,61.32,maize
60.79,83.42,54.8,19.98,85.31,7.49,81.5,maize
53.96,33.47,26.35,21.08,44.55,5.98,68.09,maize
96.96,82.11,72.48,21.72,60.69,6.55,76.38,maize
73.82,24.34,39.43,26.71,46.29,6.51,94.07,maize
126.29,35.12,38.97,15.23,59.99,6.67,77.7,barley
124.87,81.1,21.53,12.42,75.48,7.34,53.66,barley
98.72,20.01,47.41,24.05,81.28,7.28,78.61,barley
64.85,27.63,30.81,18.79,74.1,7.41,66.09,barley
104.73,73.54,52.01,19.17,41.98,7.17,41.63,barley
131.99,65.19,41.26,13.66,52.59,6.95,64.93,barley
51.21,24.92,56.71,19.58,59.4,6.34,60.05,barley
41.05,41.11,52.25,24.47,72.23,7.33,53.77,barley
63.48,37.29,87.24,21.16,55.37,6.03,54.92,barley
107.45,49.4,38.01,20.68,86.26,6.34,31.7,barley
73.81,49.44,67.78,14.58,79.85,7.11,55.24,barley
60.52,87.89,41.82,22.66,51.54,6.33,68.02,barley
69.49,86.63,54.7,14.44,51.17,6.63,63.26,barley
134.88,30.25,47.54,14.77,88.71,6.21,32.59,barley
46.01,47.53,82.87,23.49,76.64,7.5,76.58,barley
72.92,32.99,85.51,21.7,41.59,7.0,48.93,barley
77.39,43.22,31.85,12.04,53.99,6.53,77.78,barley
52.37,87.5,34.52,16.64,81.08,7.23,51.62,barley
44.93,53.14,46.09,23.95,49.65,6.55,74.85,barley
43.03,48.76,76.83,21.97,42.03,6.05,33.13,barley
132.01,37.99,72.31,23.68,56.95,6.41,77.88,barley
101.7,38.35,70.16,16.11,53.78,6.01,67.78,barley
131.65,64.38,86.03,12.32,51.69,6.71,77.84,barley
135.39,47.06,37.57,17.59,64.67,7.39,39.15,barley
120.26,71.69,77.59,22.05,70.36,6.49,45.98,barley
76.19,74.76,25.53,14.57,77.64,6.37,33.24,barley
43.39,58.68,42.8,24.74,84.17,7.48,43.24,barley
48.41,26.75,54.89,21.23,62.35,6.35,50.84,barley
102.03,67.19,72.36,23.01,73.22,6.18,72.04,barley
69.38,59.68,46.11,21.59,49.96,6.37,42.27,barley
55.33,81.89,60.48,28.26,59.8,7.48,70.44,sorghum
63.14,76.59,65.73,34.91,45.12,6.45,89.15,sorghum
124.06,84.01,22.83,27.94,45.96,5.88,98.38,sorghum
98.32,85.11,46.06,33.66,62.46,6.02,86.67,sorghum
134.57,27.4,61.73,31.2,50.88,6.24,48.48,sorghum
60.4,37.84,61.96,31.52,50.17,5.52,59.63,sorghum
107.83,32.96,41.85,27.03,79.76,6.6,43.8,sorghum
50.14,47.67,58.51,31.39,44.56,5.83,81.72,sorghum
80.98,39.83,41.53,34.53,55.62,6.63,61.43,sorghum
81.64,80.5,89.76,28.64,49.86,6.96,52.22,sorghum
40.59,83.11,49.66,33.2,60.31,7.27,67.65,sorghum
56.25,21.04,58.61,31.41,85.49,5.68,77.33,sorghum
77.08,55.31,30.21,27.83,66.06,7.35,46.53,sorghum
89.05,76.34,87.68,26.97,46.33,7.39,98.53,sorghum
88.27,23.74,84.83,28.88,85.21,6.74,89.47,sorghum
56.03,75.01,35.55,29.04,82.32,7.16,50.98,sorghum
61.81,47.98,56.25,28.84,46.15,5.99,83.49,sorghum
129.73,22.88,59.36,32.57,41.91,7.18,47.06,sorghum
99.95,58.5,63.89,28.06,61.0,6.67,65.54,sorghum
105.88,51.28,50.68,25.23,70.94,6.48,54.12,sorghum
116.36,74.6,52.08,26.8,63.66,5.71,47.71,sorghum
83.06,26.42,50.94,30.1,42.04,6.77,44.93,sorghum
113.35,74.43,55.8,25.54,65.2,6.26,97.05,sorghum
53.62,79.99,89.73,32.32,80.75,5.89,98.9,sorghum
89.19,86.96,84.12,26.65,79.42,7.36,43.93,sorghum
75.09,72.93,31.11,33.97,53.75,7.13,48.61,sorghum
90.22,84.39,34.58,27.63,65.3,6.14,42.21,sorghum
58.21,31.29,85.55,31.8,84.77,5.84,87.09,sorghum
51.51,57.15,64.54,28.6,83.65,6.61,74.8,sorghum
128.25,27.32,89.51,31.3,59.71,7.1,55.89,sorghum
139.05,60.42,45.22,32.65,62.11,5.85,64.62,millet
44.83,77.39,37.76,31.39,89.2,6.67,59.82,millet
71.26,20.13,22.37,26.49,70.8,6.36,50.76,millet
129.55,29.24,35.91,31.53,41.11,5.51,41.3,millet
50.64,45.0,35.7,30.84,69.45,5.91,57.44,millet
87.49,29.43,85.56,27.44,47.47,5.69,58.29,millet
127.13,74.75,48.14,27.64,40.57,6.79,53.74,millet
75.03,65.19,51.06,34.37,76.68,6.0,74.21,millet
44.4,57.21,48.42,27.38,42.92,7.06,20.74,millet
95.09,85.86,29.96,27.0,70.4,6.51,58.49,millet
121.34,32.22,41.66,28.0,42.42,7.28,66.98,millet
111.54,20.44,79.11,32.45,63.26,6.98,47.15,millet
62.59,27.37,36.26,25.39,56.78,7.0,61.71,millet
124.53,69.82,38.62,30.54,61.8,7.08,51.39,millet
66.53,64.94,87.56,27.17,84.0,5.53,35.62,millet
63.61,72.07,86.13,32.46,56.34,7.26,39.71,millet
63.92,83.53,64.15,31.93,73.26,7.46,48.17,millet
123.97,68.83,80.03,29.37,76.23,6.64,38.47,millet
61.2,63.58,25.45,34.11,47.23,5.55,26.4,millet
132.89,44.14,29.93,25.29,42.08,6.89,58.03,millet
109.7,71.57,24.6,30.9,58.17,7.14,69.17,millet
129.13,24.62,80.75,34.14,87.22,5.71,32.34,millet
51.2,22.41,79.34,33.12,71.71,7.15,57.89,millet
68.74,26.99,26.85,32.57,50.25,6.14,45.43,millet
42.09,37.97,39.78,32.16,58.4,6.14,77.84,millet
90.37,79.6,63.28,25.31,60.65,6.37,66.38,millet
74.68,69.33,57.65,27.17,83.11,5.68,69.19,millet
57.04,20.09,34.14,32.62,88.89,5.51,49.45,millet
89.15,75.77,32.92,29.95,57.36,7.16,35.63,millet
134.39,39.86,35.03,31.99,64.92,5.72,58.19,millet
48.09,75.15,68.8,29.02,71.4,6.21,78.15,bajra
79.46,82.33,26.03,30.44,41.26,5.91,61.58,bajra
130.12,55.08,46.55,30.38,51.68,6.42,93.79,bajra
115.45,72.71,65.24,22.88,56.33,5.81,131.17,bajra
106.21,71.94,31.87,24.14,78.67,6.66,45.13,bajra
86.2,81.96,36.66,20.68,55.08,6.91,131.24,bajra
55.46,30.92,37.33,22.57,66.11,5.82,69.37,bajra
58.93,88.26,71.01,19.43,88.12,5.7,76.11,bajra
138.38,75.64,71.33,24.09,49.81,6.78,42.82,bajra
60.64,47.18,22.38,23.59,79.55,6.89,90.06,bajra
103.24,52.43,29.93,26.45,60.24,6.98,138.96,bajra
83.0,60.18,72.44,23.9,51.43,6.94,135.61,bajra
117.4,69.01,79.67,27.51,72.08,6.41,67.56,bajra
102.83,26.85,49.37,28.95,75.66,6.76,60.01,bajra
82.36,51.86,63.51,23.73,73.76,7.36,51.97,bajra
105.45,74.47,47.21,24.86,88.73,5.58,95.2,bajra
56.08,74.73,85.84,25.27,45.05,6.65,94.92,bajra
111.73,55.85,64.75,29.61,66.08,6.32,143.76,bajra
61.01,67.91,47.47,28.68,46.12,7.47,72.66,bajra
45.66,39.21,47.98,18.19,60.93,6.34,113.79,bajra
75.21,38.56,35.71,28.38,87.0,6.55,56.27,bajra
120.15,47.44,34.84,19.81,78.83,7.12,106.12,bajra
86.92,59.34,35.82,31.49,57.66,6.78,128.25,bajra
121.62,52.77,40.6,25.68,46.26,7.17,72.57,bajra
125.07,38.72,46.33,21.55,61.31,5.87,30.32,bajra
112.18,39.68,37.15,22.23,63.98,6.36,106.48,bajra
105.93,45.37,85.01,29.96,42.85,7.16,138.7,bajra
118.4,29.83,78.19,26.86,40.75,5.52,144.21,bajra
105.6,37.5,27.11,20.0,51.68,7.05,71.57,bajra
55.27,83.29,75.42,20.35,84.56,6.72,123.75,bajra
106.85,82.57,75.17,29.74,49.87,6.89,93.7,ragi
114.19,50.7,81.79,25.77,53.22,5.97,46.72,ragi
89.31,24.09,52.7,20.02,64.57,6.5,94.75,ragi
126.29,20.46,78.85,24.55,68.13,6.83,130.87,ragi
77.5,49.32,87.24,19.06,71.85,6.77,33.42,ragi
100.97,67.78,85.2,22.63,89.09,6.52,88.16,ragi
129.76,22.37,70.27,26.75,56.93,7.22,73.94,ragi
87.45,56.79,73.94,20.95,61.76,6.34,96.48,ragi
122.67,40.5,77.94,23.65,65.19,6.04,90.77,ragi
137.5,65.82,75.44,22.63,55.85,6.1,100.37,ragi
103.48,74.9,22.8,28.12,84.28,6.59,35.96,ragi
70.04,20.43,33.3,30.9,70.43,6.82,124.68,ragi
130.98,62.82,63.17,26.78,74.82,6.69,111.72,ragi
61.25,66.69,52.05,28.68,45.07,5.86,34.44,ragi
117.45,83.99,65.9,23.16,81.13,7.07,97.45,ragi
65.8,41.14,49.52,22.46,61.53,6.78,142.06,ragi
45.46,59.73,22.76,19.66,80.52,6.65,140.24,ragi
84.65,20.99,47.1,26.29,86.89,7.46,87.05,ragi
81.24,27.14,65.12,20.97,47.59,5.53,30.57,ragi
108.38,28.52,87.64,19.23,83.48,5.76,32.13,ragi
111.94,36.96,71.35,20.62,42.51,7.05,115.63,ragi
125.55,71.08,25.9,26.8,75.46,6.42,141.88,ragi
65.41,87.5,70.2,18.16,40.74,6.8,128.08,ragi
47.97,41.77,71.06,20.32,83.05,6.47,37.17,ragi
76.76,60.25,50.71,27.48,47.25,7.09,73.59,ragi
104.49,64.08,49.26,23.4,79.31,7.39,124.15,ragi
96.68,40.47,24.24,31.64,75.16,7.15,69.84,ragi
100.58,88.42,78.19,26.42,55.43,6.36,136.57,ragi
77.67,67.94,62.12,30.55,80.37,6.07,30.2,ragi
66.3,49.58,61.07,29.42,84.37,5.58,129.99,ragi
121.18,80.7,60.03,21.83,82.56,7.11,112.16,oats
131.37,44.28,25.95,25.75,79.87,5.9,120.02,oats
133.17,36.38,62.48,27.49,63.27,5.91,60.57,oats
115.11,75.42,52.18,19.23,80.33,7.04,57.94,oats
97.96,82.79,81.96,25.31,63.83,6.68,52.7,oats
59.23,32.65,69.07,23.08,68.22,6.3,92.07,oats
54.9,23.12,89.8,23.24,45.31,6.77,124.48,oats
55.62,61.8,44.14,25.27,41.03,5.57,148.85,oats
126.61,54.04,59.7,21.66,78.96,6.35,143.58,oats
116.72,77.32,87.44,21.56,41.89,5.9,51.69,oats
48.37,23.57,59.02,30.19,62.91,7.39,139.19,oats
46.42,61.86,47.82,19.68,87.96,6.01,97.74,oats
104.06,86.95,66.88,23.5,62.42,5.82,145.89,oats
139.17,35.52,22.7,21.58,57.6,7.31,138.55,oats
123.72,23.29,75.05,27.93,72.33,7.47,36.69,oats
54.48,72.85,85.76,27.48,54.94,6.68,120.95,oats
50.54,42.67,37.99,19.74,64.07,5.84,58.61,oats
54.31,67.43,20.88,28.04,49.76,5.57,141.32,oats
62.06,85.38,80.67,30.44,46.99,6.39,41.64,oats
132.88,78.96,63.99,24.33,56.99,7.15,87.3,oats
102.82,29.99,35.52,18.79,75.69,6.61,47.37,oats
127.07,38.65,48.82,20.18,53.56,7.18,70.14,oats
56.78,54.37,42.26,30.64,45.71,7.46,36.82,oats
129.5,66.78,34.78,24.68,54.31,6.02,54.19,oats
76.43,89.37,89.87,30.95,44.88,6.08,137.54,oats
45.75,70.85,40.55,31.7,40.8,7.11,70.91,oats
54.01,20.13,78.26,25.37,49.29,6.37,139.44,oats
61.83,59.99,29.67,20.52,78.52,6.92,53.61,oats
47.93,26.12,62.6,24.94,53.69,5.91,103.49,oats
110.78,76.81,60.81,20.83,43.28,6.97,78.97,oats
112.17,23.88,76.75,22.69,82.1,7.23,89.16,rye
41.54,83.72,53.36,30.21,53.31,5.87,129.79,rye
76.71,31.44,45.98,26.33,40.23,6.54,83.49,rye
91.56,28.45,70.02,29.43,83.27,6.14,115.34,rye
78.14,72.59,24.28,30.22,87.7,6.49,91.6,rye
93.05,57.61,21.45,31.54,51.18,5.86,42.32,rye
65.05,77.2,22.11,19.35,74.95,5.89,32.12,rye
99.94,60.35,56.6,27.84,45.14,7.24,116.05,rye
44.52,28.61,54.55,25.01,53.98,5.74,78.68,rye
53.7,61.43,80.28,20.06,68.64,6.99,49.72,rye
122.6,85.63,47.21,23.89,81.99,6.55,77.48,rye
134.13,74.38,43.7,21.37,56.75,6.37,147.75,rye
120.44,83.89,77.05,29.87,42.68,6.53,144.94,rye
133.43,37.45,49.55,26.86,58.22,6.56,38.31,rye
83.3,55.33,21.46,19.95,88.48,7.05,142.43,rye
103.32,76.65,81.91,30.38,41.72,6.78,61.89,rye
107.84,39.14,57.96,30.94,71.06,6.0,92.44,rye
83.37,86.56,40.13,22.28,72.38,5.74,101.31,rye
135.61,55.96,38.79,24.53,66.69,5.8,44.87,rye
53.14,40.55,48.46,22.04,52.17,5.68,95.56,rye
123.97,62.7,59.91,27.11,50.06,6.92,85.31,rye
94.8,62.9,52.83,22.35,52.11,5.94,91.49,rye
78.32,61.0,20.83,22.94,83.09,5.98,96.8,rye
89.14,39.94,89.13,22.14,78.61,5.82,38.02,rye
127.13,50.8,24.34,23.43,61.99,6.97,43.11,rye
62.52,87.15,71.7,20.16,56.85,6.2,111.04,rye
101.63,79.5,77.48,25.25,76.94,6.99,121.16,rye
87.52,74.95,69.6,30.81,46.36,7.24,30.52,rye
116.57,61.01,54.85,31.48,68.6,6.34,124.04,rye
127.28,62.51,46.57,24.33,62.9,6.95,65.15,rye
79.07,58.87,46.92,23.22,79.35,7.27,74.96,lentil
84.4,32.89,41.28,21.45,68.77,6.87,37.91,lentil
132.02,42.67,79.04,28.38,87.94,6.31,68.38,lentil
131.06,20.75,23.32,25.65,64.87,7.38,99.61,lentil
93.85,89.88,56.22,25.17,74.26,6.58,62.19,lentil
99.47,44.58,86.35,26.76,66.26,6.15,63.7,lentil
80.09,59.29,60.18,28.8,88.22,6.73,69.61,lentil
102.46,89.73,44.03,25.3,80.79,6.26,58.63,lentil
137.84,77.82,55.88,21.11,84.73,7.03,103.85,lentil
139.02,82.17,49.46,21.56,54.5,6.77,75.44,lentil
58.81,32.77,64.11,26.03,57.66,7.49,87.29,lentil
44.23,48.8,75.13,23.07,74.53,6.01,57.4,lentil
124.22,61.03,66.77,21.97,64.89,6.83,53.94,lentil
104.68,57.2,89.8,25.74,60.56,6.18,44.11,lentil
115.95,27.47,27.01,21.71,66.12,7.23,85.17,lentil
120.66,24.35,20.87,27.71,56.14,7.07,61.85,lentil
56.94,38.66,26.96,29.04,69.11,6.52,70.49,lentil
78.57,23.83,82.34,25.83,87.98,6.66,85.82,lentil
64.93,23.08,85.16,28.55,55.74,7.35,103.43,lentil
70.37,62.18,87.2,24.96,87.49,6.36,65.08,lentil
111.85,35.5,41.64,28.75,64.22,7.19,51.91,lentil
57.35,45.09,33.06,29.72,54.54,6.84,40.34,lentil
93.38,46.99,48.22,20.65,46.16,7.24,61.61,lentil
64.49,33.38,39.85,22.37,41.75,7.0,60.73,lentil
55.59,69.41,26.48,22.7,81.75,6.19,69.9,lentil
123.63,76.35,31.15,23.53,76.12,6.57,116.26,lentil
60.81,86.57,55.34,22.27,62.63,6.2,93.58,lentil
66.08,82.97,61.13,23.68,52.31,6.91,49.13,lentil
127.24,28.6,55.91,25.43,53.52,7.16,64.63,lentil
105.75,59.74,41.76,23.9,44.3,6.27,106.59,lentil
72.1,66.39,27.63,25.62,58.07,6.75,56.73,chickpea
46.59,41.79,35.85,21.26,75.83,6.42,66.3,chickpea
130.89,74.25,81.79,28.61,46.61,6.41,32.66,chickpea
107.96,66.45,44.6,24.13,72.95,7.05,52.36,chickpea
124.67,44.65,64.02,21.82,45.76,7.37,96.06,chickpea
111.26,22.83,22.8,21.62,49.9,6.45,64.27,chickpea
43.92,41.76,64.68,21.8,81.97,6.86,94.5,chickpea
65.47,50.45,67.9,23.49,40.05,7.25,99.88,chickpea
68.63,23.01,79.79,26.07,42.37,6.37,40.01,chickpea
119.14,34.71,84.01,27.5,44.31,7.04,65.43,chickpea
114.76,78.01,39.68,20.9,87.32,6.64,113.72,chickpea
109.16,71.7,78.1,26.28,62.64,6.08,92.84,chickpea
82.84,55.83,84.97,21.28,78.1,6.07,93.25,chickpea
120.57,38.28,58.25,29.69,71.88,6.82,52.47,chickpea
45.94,45.05,48.81,22.01,55.53,6.2,93.63,chickpea
107.03,36.65,36.92,25.15,62.25,7.4,61.63,chickpea
69.94,81.93,29.93,25.63,56.68,7.22,79.34,chickpea
116.05,31.84,66.66,25.99,63.06,7.15,104.81,chickpea
51.45,40.25,45.23,22.06,43.02,6.42,47.74,chickpea
110.16,51.36,27.91,23.24,63.43,6.54,45.13,chickpea
47.18,20.76,89.45,27.5,44.2,7.08,118.22,chickpea
96.37,27.62,54.22,24.34,49.49,6.81,30.75,chickpea
131.96,65.12,63.94,29.35,72.63,6.38,52.14,chickpea
53.87,21.94,74.21,28.4,54.82,6.28,87.43,chickpea
124.57,84.87,31.79,27.85,81.52,7.11,59.4,chickpea
58.45,77.77,42.41,23.69,67.56,6.55,104.83,chickpea
63.94,22.89,59.68,26.28,80.99,7.06,111.47,chickpea
134.49,54.61,54.97,21.57,54.98,6.87,37.22,chickpea
108.8,31.45,51.02,29.7,44.48,6.06,69.56,chickpea
59.08,70.61,20.2,28.41,82.77,7.18,68.29,chickpea
68.33,66.31,56.02,24.21,56.93,6.66,89.95,pigeonpea
122.61,83.28,31.51,22.96,62.16,6.85,61.33,pigeonpea
59.54,25.95,42.66,24.6,88.56,7.36,107.89,pigeonpea
137.44,87.33,63.39,28.11,43.0,7.01,84.82,pigeonpea
69.7,59.98,86.7,24.81,72.37,6.45,60.91,pigeonpea
128.51,21.95,33.22,26.79,62.37,6.13,89.44,pigeonpea
77.2,60.65,49.15,25.3,68.24,6.59,40.28,pigeonpea
58.05,82.3,58.37,21.12,83.11,6.38,38.55,pigeonpea
93.08,37.61,54.25,25.54,51.33,6.86,40.17,pigeonpea
91.32,61.19,25.62,24.08,43.67,6.66,107.71,pigeonpea
95.06,70.02,72.98,21.15,89.53,7.08,39.19,pigeonpea
123.02,47.44,31.99,29.6,68.15,7.16,42.31,pigeonpea
117.62,24.03,36.58,23.72,40.76,6.89,49.18,pigeonpea
69.99,69.52,49.82,28.89,71.06,7.31,80.67,pigeonpea
131.75,80.95,31.76,27.45,57.07,7.15,91.25,pigeonpea
122.56,28.59,46.11,27.37,87.4,7.08,33.92,pigeonpea
100.38,26.98,58.42,28.03,45.65,7.39,90.77,pigeonpea
65.46,33.52,51.27,28.38,69.07,6.17,31.89,pigeonpea
51.04,76.05,32.97,25.54,54.5,7.03,64.27,pigeonpea
54.42,81.28,57.69,26.9,80.41,7.42,31.24,pigeonpea
74.24,30.57,55.12,28.73,80.02,6.05,46.41,pigeonpea
121.83,67.57,47.48,24.76,47.91,7.27,65.41,pigeonpea
127.3,62.76,25.31,23.29,50.82,7.34,83.03,pigeonpea
44.37,31.88,45.27,24.68,68.85,6.58,61.83,pigeonpea
40.6,60.54,43.36,20.21,62.97,7.48,34.08,pigeonpea
54.58,66.97,39.09,22.73,65.0,6.39,81.21,pigeonpea
92.81,86.99,89.45,20.34,68.03,7.16,108.51,pigeonpea
117.43,64.32,64.42,23.63,54.08,7.19,108.55,pigeonpea
133.86,67.69,41.28,27.63,76.98,6.76,87.17,pigeonpea
75.04,58.55,48.42,20.6,56.86,6.48,118.96,pigeonpea
88.15,45.71,37.04,22.35,57.46,6.2,30.65,blackgram
127.1,51.72,51.19,25.69,55.12,6.25,35.97,blackgram
70.15,41.59,70.87,25.51,86.87,6.51,112.91,blackgram
98.33,25.6,32.51,25.8,89.37,6.54,99.7,blackgram
82.83,80.78,24.74,24.85,84.96,6.41,53.18,blackgram
42.31,31.52,38.76,27.04,50.92,6.6,48.03,blackgram
100.29,80.49,65.37,21.97,76.69,7.44,84.09,blackgram
47.93,76.66,81.29,23.41,46.83,6.28,78.32,blackgram
127.54,64.79,84.6,22.12,56.34,7.12,88.4,blackgram
80.53,67.53,43.64,20.57,60.71,6.07,86.37,blackgram
73.45,54.61,61.85,22.57,63.17,6.02,113.28,blackgram
96.41,89.13,23.92,26.14,76.21,6.49,38.41,blackgram
55.62,29.99,73.7,20.9,80.7,6.63,78.48,blackgram
98.85,58.85,66.02,26.02,56.54,7.11,53.2,blackgram
111.14,73.43,74.32,23.09,78.63,7.47,70.78,blackgram
67.83,56.63,85.87,21.32,40.45,6.71,88.98,blackgram
117.42,45.37,89.27,22.28,77.83,6.13,32.52,blackgram
53.41,24.21,55.13,25.55,49.09,7.41,62.9,blackgram
54.93,32.42,71.64,29.21,48.1,6.04,100.03,blackgram
64.26,88.76,54.93,26.36,57.21,7.2,71.41,blackgram
72.38,83.25,27.55,27.33,43.27,6.97,66.17,blackgram
126.41,24.2,59.49,24.1,85.96,7.42,86.44,blackgram
62.41,37.64,38.36,24.34,51.57,6.3,98.33,blackgram
104.27,40.89,89.6,22.17,68.48,6.24,107.68,blackgram
126.93,38.71,72.61,28.23,54.13,6.5,73.7,blackgram
129.1,31.31,67.79,25.98,62.65,6.87,109.46,blackgram
60.98,81.85,45.23,27.8,83.17,6.27,107.76,blackgram
139.48,40.83,21.71,21.12,88.72,6.01,112.04,blackgram
55.08,71.52,26.83,21.69,74.14,6.14,60.56,blackgram
131.85,70.14,81.74,29.8,41.65,6.35,101.29,blackgram
108.95,22.65,55.33,22.32,61.52,6.16,31.79,mungbean
139.08,42.15,81.5,21.2,64.37,6.2,68.56,mungbean
57.9,67.98,30.36,27.38,65.04,6.17,61.82,mungbean
89.63,84.31,44.46,22.15,88.38,7.32,95.83,mungbean
67.3,32.41,38.53,20.69,42.16,6.76,66.73,mungbean
95.66,45.38,20.74,26.88,72.66,6.82,79.39,mungbean
109.03,88.77,81.19,27.18,59.96,6.48,67.72,mungbean
137.29,47.1,46.98,24.1,47.15,7.5,30.47,mungbean
100.78,84.84,37.83,26.11,58.85,6.36,47.86,mungbean
51.62,79.01,74.88,29.09,42.48,7.04,59.19,mungbean
104.62,58.43,42.09,29.72,40.05,7.12,106.81,mungbean
91.01,61.46,89.63,22.34,71.48,7.11,64.1,mungbean
111.22,47.55,56.84,26.13,73.86,6.48,86.6,mungbean
94.31,35.63,62.88,22.65,85.44,6.71,94.94,mungbean
92.2,53.36,35.49,21.42,86.37,6.79,77.15,mungbean
92.75,76.93,36.7,21.72,81.09,6.69,87.65,mungbean
122.74,82.58,80.74,20.43,59.06,7.25,103.6,mungbean
52.3,30.77,37.6,21.03,57.83,7.2,76.92,mungbean
85.28,26.16,47.69,29.97,74.75,6.67,73.05,mungbean
119.83,73.12,30.49,26.8,58.35,6.78,51.39,mungbean
77.08,43.81,46.68,20.18,50.04,6.86,35.2,mungbean
57.84,70.27,39.22,23.24,52.09,7.25,38.22,mungbean
103.61,80.12,34.12,24.23,79.62,6.93,63.45,mungbean
44.39,50.98,45.7,27.13,54.76,6.61,88.34,mungbean
121.08,44.66,46.98,25.79,86.24,6.29,117.42,mungbean
111.19,46.06,66.59,23.29,43.54,7.13,64.15,mungbean
92.58,54.76,83.09,27.57,41.28,6.89,71.63,mungbean
86.22,78.77,49.04,24.74,84.52,6.66,74.21,mungbean
91.18,77.73,66.93,27.4,60.08,6.06,91.19,mungbean
95.38,73.85,73.89,21.18,51.04,6.12,103.57,mungbean
50.17,26.18,72.73,25.64,42.75,7.02,94.0,cowpea
88.28,23.83,68.37,24.18,69.2,7.5,103.52,cowpea
127.19,30.19,43.4,25.18,40.3,7.48,54.72,cowpea
66.23,41.91,37.85,28.59,67.78,6.77,67.82,cowpea
45.11,41.31,80.67,28.02,82.83,6.39,48.18,cowpea
45.21,57.58,46.17,24.64,64.45,6.88,62.92,cowpea
120.14,34.02,84.36,25.56,42.56,6.47,77.98,cowpea
80.89,59.55,42.65,22.74,79.8,6.44,93.95,cowpea
120.25,61.45,51.82,29.35,62.24,7.32,35.19,cowpea
83.37,64.75,23.43,28.63,43.6,6.89,46.21,cowpea
132.24,59.27,76.05,24.98,73.69,7.01,56.54,cowpea
61.1,78.68,30.2,29.18,50.35,6.15,38.57,cowpea
118.43,86.56,49.03,26.59,52.88,7.36,91.73,cowpea
55.48,23.97,68.7,20.42,81.81,6.44,50.94,cowpea
98.21,42.31,59.24,21.54,85.6,6.49,105.72,cowpea
55.19,75.96,88.61,23.92,41.65,6.57,87.67,cowpea
62.34,58.2,26.55,24.64,76.41,6.64,91.1,cowpea
51.44,77.99,28.55,29.23,89.81,7.41,77.37,cowpea
69.08,44.36,72.53,24.97,86.49,6.14,73.63,cowpea
126.4,61.84,57.85,20.88,46.99,6.41,110.38,cowpea
124.54,35.9,84.72,20.32,69.94,7.45,60.99,cowpea
134.44,65.96,23.5,23.33,62.48,6.37,96.81,cowpea
57.89,75.14,40.88,20.69,67.96,6.14,79.64,cowpea
118.8,61.69,52.3,20.34,65.67,6.15,88.21,cowpea
53.2,60.46,44.7,23.75,73.16,6.25,45.27,cowpea
134.15,43.21,78.96,28.73,64.01,6.22,38.46,cowpea
127.91,28.19,54.73,25.36,45.88,6.7,44.76,cowpea
93.55,55.47,45.68,21.98,60.19,6.31,41.44,cowpea
63.99,81.01,55.13,28.91,40.76,7.41,73.96,cowpea
119.1,59.93,68.23,22.29,77.5,6.23,53.78,cowpea
43.09,47.53,56.27,22.92,84.53,6.13,82.07,horsegram
63.39,61.67,74.88,27.11,43.11,6.37,83.93,horsegram
138.3,22.89,63.28,26.92,80.73,6.51,102.95,horsegram
86.18,84.46,20.75,29.4,60.6,6.61,37.92,horsegram
64.48,71.36,67.52,21.51,57.22,6.21,47.84,horsegram
61.96,43.17,88.32,29.97,79.58,6.72,74.76,horsegram
117.93,83.57,72.6,26.36,49.95,6.94,106.12,horsegram
118.66,26.47,70.22,23.49,48.11,7.45,90.54,horsegram
114.56,29.45,77.99,29.37,85.24,7.12,104.92,horsegram
120.22,61.33,50.47,28.25,79.22,7.31,56.91,horsegram
136.09,57.22,86.22,21.16,88.42,7.18,52.68,horsegram
123.84,36.25,33.86,24.58,51.83,6.74,111.73,horsegram
108.53,69.73,47.44,27.84,79.68,7.02,114.75,horsegram
122.58,48.44,26.1,26.52,81.81,6.51,83.54,horsegram
123.63,75.51,20.31,24.89,40.82,6.17,103.12,horsegram
81.87,62.33,52.02,23.35,50.68,6.53,106.01,horsegram
101.93,40.45,26.16,22.71,75.06,6.66,89.49,horsegram
120.71,28.45,67.81,20.42,81.15,6.28,54.43,horsegram
135.77,45.37,35.69,28.9,70.51,7.34,65.49,horsegram
89.97,86.9,55.47,29.89,49.47,7.25,44.6,horsegram
92.72,20.02,32.27,29.45,62.73,7.21,52.57,horsegram
75.23,27.06,58.69,28.62,65.69,6.57,113.58,horsegram
129.38,66.64,25.31,26.24,62.2,7.44,62.56,horsegram
106.12,64.23,46.31,25.22,73.83,7.36,74.83,horsegram
76.37,88.33,23.99,28.35,74.18,6.84,70.3,horsegram
115.11,82.38,71.02,27.5,41.76,6.49,42.33,horsegram
135.3,82.4,30.12,25.88,68.84,6.07,65.3,horsegram
114.74,64.9,39.66,27.62,54.56,6.82,67.86,horsegram
137.82,65.42,76.34,26.76,59.02,7.44,93.87,horsegram
109.09,39.42,31.33,25.75,81.29,7.19,61.25,horsegram
53.99,56.12,81.42,21.62,76.92,6.26,58.08,fieldpea
45.35,40.83,46.81,29.67,88.11,6.28,57.85,fieldpea
134.37,33.81,42.46,24.38,45.42,6.39,65.46,fieldpea
78.55,87.45,38.68,22.04,85.44,6.68,105.34,fieldpea
103.71,74.51,42.03,21.52,77.85,6.71,80.29,fieldpea
107.06,72.68,39.28,23.63,85.87,6.79,55.95,fieldpea
103.02,38.18,74.0,20.41,81.33,6.85,61.83,fieldpea
133.99,38.59,37.04,20.7,67.43,7.13,91.03,fieldpea
81.27,76.54,27.79,23.07,72.24,7.45,87.05,fieldpea
109.2,74.22,47.61,29.4,77.12,6.51,65.33,fieldpea
120.57,44.48,33.0,28.72,66.59,6.78,90.25,fieldpea
130.15,29.35,43.71,20.66,60.66,6.75,106.67,fieldpea
106.78,60.45,48.26,25.74,53.69,7.27,100.96,fieldpea
123.84,30.58,67.01,27.54,65.03,7.35,110.89,fieldpea
114.3,77.47,65.42,28.79,46.56,7.06,93.34,fieldpea
101.24,39.26,24.71,26.03,81.21,6.41,49.18,fieldpea
62.39,26.57,67.32,29.75,80.11,6.54,92.95,fieldpea
47.22,78.7,42.76,20.03,71.46,6.21,54.76,fieldpea
45.91,51.2,58.84,28.07,41.98,7.24,39.95,fieldpea
62.45,64.06,43.81,23.31,68.42,6.33,101.41,fieldpea
60.9,78.76,76.61,25.37,41.52,7.17,32.55,fieldpea
90.47,49.67,24.41,26.3,76.23,6.88,66.01,fieldpea
91.21,61.21,35.84,28.68,89.78,7.21,116.52,fieldpea
72.94,89.04,25.0,24.78,46.69,6.68,91.44,fieldpea
110.84,51.83,43.92,21.9,60.14,6.42,47.48,fieldpea
113.6,56.13,50.7,21.98,75.19,6.3,53.9,fieldpea
96.03,69.09,88.11,27.48,87.42,7.38,95.03,fieldpea
111.95,24.39,34.39,20.13,83.18,7.08,86.72,fieldpea
66.38,44.88,31.46,26.32,89.57,6.46,33.98,fieldpea
57.52,44.87,82.93,28.04,62.75,6.15,39.6,fieldpea
55.39,74.42,52.99,29.91,85.59,7.19,72.86,teparybean
122.19,28.98,27.62,25.63,65.4,6.31,52.67,teparybean
42.12,83.62,69.72,29.45,89.03,6.66,95.92,teparybean
78.42,76.83,78.9,21.34,40.64,6.32,82.68,teparybean
77.89,20.64,78.12,27.86,63.19,6.06,110.01,teparybean
93.42,24.97,42.64,26.25,84.27,6.73,87.55,teparybean
60.57,37.04,83.41,23.83,45.2,6.89,41.36,teparybean
59.99,51.95,60.99,26.36,75.35,6.66,36.08,teparybean
112.45,23.76,52.95,24.0,73.64,7.07,51.58,teparybean
104.95,68.44,53.02,21.42,85.45,6.9,35.65,teparybean
63.86,89.08,36.01,23.92,79.4,7.24,87.05,teparybean
114.16,22.68,26.57,29.76,80.14,6.06,34.38,teparybean
64.05,85.15,35.37,26.72,86.52,6.96,112.74,teparybean
66.3,30.74,21.28,27.57,45.19,7.46,93.9,teparybean
58.69,76.49,31.4,25.12,45.29,7.18,110.07,teparybean
131.64,20.16,79.6,25.56,81.07,6.75,85.79,teparybean
99.46,75.97,25.43,20.54,67.27,6.44,65.73,teparybean
40.76,72.15,21.69,28.3,80.58,6.69,40.99,teparybean
105.01,34.5,50.03,21.1,88.82,6.82,61.73,teparybean
49.4,71.11,79.48,28.48,45.07,6.55,57.25,teparybean
116.24,30.35,62.45,29.79,78.44,6.01,36.75,teparybean
51.37,68.47,61.91,25.2,62.78,6.61,84.99,teparybean
104.86,84.15,71.29,27.97,85.64,7.26,94.5,teparybean
43.06,67.66,79.5,24.31,83.91,6.27,114.85,teparybean
84.17,69.45,37.69,23.01,57.42,6.49,38.52,teparybean
84.29,88.66,65.78,29.32,78.12,7.26,119.48,teparybean
115.27,39.19,37.48,24.12,41.05,6.35,109.77,teparybean
132.09,43.01,73.93,27.75,84.49,7.19,77.88,teparybean
50.49,77.78,41.96,26.27,58.36,6.81,116.91,teparybean
56.11,57.16,65.5,25.38,86.9,6.61,112.24,teparybean
108.98,87.72,26.27,18.19,54.37,7.31,41.5,lablab
66.02,70.11,89.28,17.64,61.9,6.87,115.97,lablab
114.6,72.72,37.39,18.86,41.38,6.88,63.01,lablab
65.95,87.5,65.03,23.87,72.81,6.7,116.44,lablab
70.39,24.48,24.68,15.22,58.08,5.78,52.41,lablab
89.37,87.87,68.13,19.1,78.47,5.86,51.01,lablab
70.32,48.63,68.27,21.67,76.42,5.69,142.55,lablab
74.23,78.26,22.15,27.43,51.31,7.21,128.32,lablab
107.07,39.44,20.69,17.85,85.24,5.82,112.52,lablab
98.7,66.29,32.64,17.15,44.86,7.47,82.13,lablab
105.22,59.87,35.63,15.97,40.74,7.21,54.31,lablab
136.31,45.45,70.58,17.08,79.4,6.0,80.29,lablab
92.3,27.8,37.38,26.94,54.26,6.26,124.13,lablab
62.4,33.58,35.33,20.76,58.27,6.78,91.9,lablab
126.97,23.54,66.45,27.55,51.74,5.56,88.22,lablab
51.58,52.2,69.81,16.41,45.89,6.46,59.12,lablab
63.07,50.82,28.28,16.02,58.06,6.44,143.02,lablab
95.48,25.01,35.57,26.16,68.14,7.24,145.87,lablab
125.79,27.7,86.06,22.87,51.99,5.84,135.11,lablab
61.24,25.82,38.57,28.86,63.05,6.96,48.19,lablab
85.3,42.25,34.37,24.94,58.06,5.74,148.26,lablab
88.16,32.6,20.76,24.79,65.73,5.55,91.73,lablab
114.05,57.6,36.39,22.48,70.25,6.8,55.95,lablab
120.36,86.19,71.83,27.86,58.39,7.31,59.99,lablab
62.69,61.86,83.11,16.23,50.85,5.57,88.29,lablab
54.05,33.41,72.43,23.75,86.97,6.3,114.7,lablab
41.26,86.39,36.32,22.16,65.58,7.4,94.13,lablab
139.19,63.49,35.15,27.51,50.1,7.5,90.22,lablab
62.63,87.28,42.52,21.1,57.16,6.84,42.53,lablab
77.39,31.35,77.96,15.0,70.38,6.02,89.96,lablab
96.19,69.82,29.64,22.4,46.03,7.44,43.42,soybean
53.71,56.55,60.7,28.87,42.85,6.35,45.08,soybean
98.56,51.67,48.63,28.88,73.09,7.29,116.12,soybean
66.89,85.94,48.54,20.52,85.74,6.16,31.58,soybean
68.96,40.23,87.68,28.7,61.0,6.79,106.39,soybean
120.7,65.74,55.9,21.17,52.19,6.99,82.77,soybean
120.11,82.91,87.37,21.93,43.8,7.35,81.33,soybean
58.15,68.45,37.9,22.37,58.31,6.79,90.97,soybean
47.34,71.89,63.7,24.72,73.61,7.2,30.86,soybean
87.53,67.46,69.64,26.48,49.01,7.44,100.71,soybean
63.29,50.14,87.05,22.07,60.46,7.44,111.01,soybean
63.25,71.47,45.18,26.63,78.34,6.19,50.03,soybean
61.49,38.62,22.5,21.36,60.31,6.63,37.0,soybean
98.24,85.97,60.39,23.56,75.22,6.66,45.79,soybean
88.17,21.23,67.32,21.61,58.49,7.44,99.01,soybean
123.55,64.95,64.42,27.05,88.32,6.29,98.96,soybean
70.08,37.9,77.51,26.01,82.48,7.31,82.99,soybean
59.83,21.05,57.44,27.26,53.62,6.11,30.43,soybean
57.32,68.71,20.28,22.3,53.26,7.07,118.85,soybean
41.93,28.0,85.42,29.7,47.43,6.5,77.01,soybean
72.02,49.22,53.52,22.59,42.75,6.13,44.62,soybean
49.14,63.68,68.76,22.63,79.59,7.09,60.75,soybean
89.18,33.19,85.03,25.6,42.56,6.23,92.34,soybean
78.52,70.19,36.06,27.97,80.1,6.14,82.76,soybean
59.13,69.54,76.28,27.91,51.56,6.14,89.71,soybean
96.5,29.67,33.49,25.82,45.39,6.95,51.68,soybean
65.85,49.64,57.32,27.24,41.55,7.09,49.89,soybean
69.08,64.79,68.38,26.15,85.09,6.31,58.0,soybean
106.25,38.26,31.01,22.26,78.57,7.24,94.47,soybean
135.87,75.61,41.68,23.15,76.06,6.08,84.83,soybean
48.91,23.44,55.96,20.12,86.58,7.32,71.56,groundnut
59.77,28.37,55.48,25.3,58.14,7.07,77.63,groundnut
117.54,27.44,24.9,23.42,64.18,6.38,90.17,groundnut
62.19,42.28,53.38,27.97,78.52,6.56,70.22,groundnut
132.76,85.37,63.31,19.47,62.79,6.96,55.07,groundnut
43.74,88.68,83.68,19.81,63.29,6.93,57.0,groundnut
46.85,72.55,73.95,24.12,44.29,6.59,38.46,groundnut
136.35,23.59,40.16,28.75,46.75,6.16,36.36,groundnut
56.4,57.23,78.32,20.37,48.68,7.15,68.32,groundnut
73.8,28.63,37.0,31.6,45.85,6.39,96.66,groundnut
129.17,83.3,53.09,31.39,70.2,6.43,71.87,groundnut
111.6,71.38,29.07,20.71,87.91,6.16,103.21,groundnut
73.89,37.35,37.86,24.57,89.53,6.22,106.91,groundnut
72.12,32.1,72.13,22.78,49.38,6.63,103.95,groundnut
126.31,60.24,20.73,28.69,70.33,7.35,115.68,groundnut
72.71,79.39,77.32,21.72,58.29,6.56,61.76,groundnut
77.82,27.72,35.9,30.73,60.53,6.95,109.86,groundnut
115.56,37.11,84.37,29.26,89.53,7.09,97.94,groundnut
121.3,37.73,65.92,23.33,81.99,6.2,78.52,groundnut
73.64,77.44,44.17,29.81,82.39,7.32,42.52,groundnut
133.83,72.1,67.39,27.13,42.4,7.31,79.3,groundnut
85.57,43.75,74.8,28.95,83.49,6.32,60.64,groundnut
64.93,27.03,42.9,18.36,79.83,6.34,36.36,groundnut
46.77,71.88,33.89,24.47,60.09,7.2,115.87,groundnut
70.99,64.26,82.63,24.59,84.98,7.1,58.04,groundnut
127.39,60.13,27.41,26.22,81.46,6.78,73.56,groundnut
81.64,81.63,66.59,20.91,58.12,6.54,116.28,groundnut
109.59,28.74,84.0,18.49,69.54,6.65,94.57,groundnut
82.93,26.46,56.66,29.49,79.44,6.53,50.01,groundnut
114.48,76.12,35.33,30.36,89.62,6.65,64.25,groundnut
110.99,85.08,34.12,22.22,56.45,7.1,46.81,sunflower
94.69,55.02,66.79,20.01,87.83,7.5,80.5,sunflower
119.52,32.83,83.71,25.72,77.98,7.3,62.55,sunflower
132.4,34.52,21.64,25.03,84.93,7.35,115.95,sunflower
91.08,85.28,59.2,20.01,71.55,7.21,68.15,sunflower
100.21,38.14,39.32,23.88,65.66,6.7,38.31,sunflower
40.57,43.81,70.18,28.48,51.85,6.38,76.5,sunflower
57.55,62.2,83.29,20.83,69.28,7.08,97.43,sunflower
111.21,69.74,39.08,29.74,86.25,6.08,114.97,sunflower
84.26,26.04,24.87,29.16,73.88,6.21,71.4,sunflower
103.87,89.83,43.52,28.73,52.26,6.3,44.51,sunflower
81.01,63.27,41.22,20.27,50.93,6.13,47.38,sunflower
71.58,55.32,32.85,24.72,61.99,7.46,73.76,sunflower
134.48,53.0,33.86,26.29,47.23,6.25,36.6,sunflower
110.13,87.69,48.24,22.96,61.26,6.53,92.16,sunflower
79.19,30.66,80.5,26.02,40.32,7.27,95.56,sunflower
75.45,64.1,84.42,23.62,61.63,6.45,79.88,sunflower
106.27,71.45,86.45,20.03,58.29,7.28,101.19,sunflower
99.0,67.41,43.8,31.23,67.47,6.6,46.42,sunflower
51.54,82.83,76.03,18.37,56.16,6.72,74.61,sunflower
76.34,82.66,44.49,25.45,86.47,6.96,72.92,sunflower
73.26,47.1,62.64,29.0,53.03,6.56,64.89,sunflower
76.29,83.91,57.73,21.86,56.62,7.23,44.42,sunflower
109.0,21.52,33.52,18.83,80.28,6.22,50.52,sunflower
45.76,38.47,71.34,28.08,85.52,7.42,79.58,sunflower
132.19,26.27,84.76,24.08,49.65,7.12,107.27,sunflower
78.58,26.52,81.1,28.55,69.85,7.47,33.43,sunflower
45.59,28.7,21.53,27.92,71.51,6.17,44.58,sunflower
58.09,62.65,67.07,31.57,58.03,7.47,69.1,sunflower
79.09,37.73,36.29,31.64,89.74,7.06,45.76,sunflower
57.99,30.66,44.57,28.32,42.95,6.8,91.26,sesame
43.36,50.77,75.36,26.06,62.58,7.32,84.09,sesame
73.7,47.72,86.03,30.03,85.74,6.84,42.82,sesame
57.5,46.83,68.35,18.06,80.1,7.18,76.34,sesame
40.56,75.87,48.99,27.37,68.49,7.09,66.79,sesame
135.99,86.89,85.03,26.61,55.82,6.56,54.21,sesame
130.38,75.45,75.17,29.5,89.54,7.03,58.64,sesame
115.76,38.36,62.76,20.22,82.88,6.73,54.76,sesame
132.29,25.81,85.11,28.6,47.45,7.14,81.6,sesame
130.72,61.06,49.91,31.07,44.36,7.17,39.26,sesame
67.66,27.96,80.99,24.19,76.32,6.38,95.73,sesame
104.87,26.83,54.57,28.11,50.73,6.98,55.01,sesame
77.05,84.4,86.02,31.97,61.34,6.86,102.76,sesame
115.85,51.94,80.45,23.62,87.5,6.71,40.67,sesame
114.91,30.14,67.57,18.75,89.41,6.81,96.63,sesame
53.12,64.58,46.36,21.49,80.75,6.05,73.01,sesame
48.69,79.6,82.53,18.48,63.23,6.7,94.68,sesame
112.91,44.03,85.29,20.59,46.83,7.22,40.81,sesame
58.59,55.01,43.54,20.29,86.5,6.71,100.73,sesame
65.02,83.88,35.48,30.69,70.64,7.46,99.4,sesame
103.08,57.31,79.84,24.21,44.92,7.37,102.5,sesame
108.2,72.13,36.24,24.49,81.15,7.44,113.09,sesame
56.05,67.87,58.79,23.67,48.39,6.21,72.32,sesame
89.32,38.75,45.74,25.76,78.09,6.88,44.59,sesame
128.61,45.74,87.18,31.74,47.02,6.87,117.01,sesame
78.5,58.32,41.97,18.4,50.23,6.19,55.58,sesame
102.95,59.41,86.38,27.6,58.12,7.42,87.06,sesame
94.32,80.38,66.89,23.04,70.24,6.45,117.23,sesame
64.42,88.1,24.51,18.14,67.66,6.31,75.67,sesame
51.82,78.58,66.83,27.58,86.33,7.49,91.04,sesame
111.32,20.12,23.45,23.97,88.45,6.47,81.16,mustard
40.88,49.1,83.18,26.25,81.22,6.02,48.25,mustard
57.92,78.26,27.12,31.05,53.37,7.32,76.4,mustard
72.35,87.65,48.35,27.76,43.36,7.25,118.31,mustard
51.05,72.24,38.93,20.07,58.21,6.99,115.82,mustard
139.39,89.55,63.63,27.15,48.06,7.09,79.61,mustard
75.9,83.01,37.85,19.98,47.91,6.22,82.97,mustard
120.09,31.2,55.2,26.04,68.02,6.62,78.92,mustard
41.51,24.07,49.59,21.31,77.84,6.36,104.16,mustard
64.15,26.48,53.42,23.43,56.78,7.15,50.01,mustard
107.0,78.43,51.68,25.04,86.18,6.91,46.28,mustard
46.95,25.75,43.21,19.24,72.44,6.64,57.77,mustard
91.22,85.56,37.11,20.17,55.27,6.49,111.89,mustard
110.62,50.02,31.62,18.64,46.12,7.27,88.32,mustard
55.66,63.76,24.09,25.1,56.77,6.15,96.82,mustard
111.68,55.74,31.77,27.37,61.67,6.99,38.23,mustard
130.26,20.25,35.59,23.58,49.92,6.13,91.87,mustard
139.39,43.45,38.64,27.39,51.13,6.6,91.96,mustard
83.07,30.9,24.93,25.6,89.53,7.38,38.99,mustard
90.23,54.19,33.58,27.38,64.78,7.21,56.27,mustard
133.39,77.02,53.15,19.98,64.18,6.19,91.71,mustard
109.75,60.47,88.34,18.63,75.76,7.2,40.16,mustard
72.2,23.76,60.81,28.12,57.4,7.04,63.0,mustard
111.22,39.38,88.47,24.13,40.18,6.14,95.35,mustard
126.47,64.57,30.88,30.21,75.84,6.17,64.25,mustard
107.15,20.25,22.96,22.95,83.73,7.49,58.65,mustard
130.89,75.02,80.56,26.24,88.47,6.97,115.31,mustard
96.59,33.76,56.31,24.76,56.87,6.56,75.94,mustard
98.8,35.58,39.42,25.04,65.19,6.63,89.77,mustard
58.54,57.23,39.31,28.78,75.18,7.17,76.57,mustard
64.9,84.79,55.76,23.25,54.52,6.6,93.78,rapeseed
121.86,53.78,71.18,20.98,62.6,6.54,57.58,rapeseed
75.95,72.83,71.34,20.9,51.69,7.18,88.91,rapeseed
107.62,64.47,68.54,21.82,43.04,6.54,32.91,rapeseed
136.2,56.73,66.91,31.53,80.22,6.34,60.32,rapeseed
50.86,75.7,71.6,24.83,58.46,6.4,73.85,rapeseed
111.21,82.68,79.42,30.15,61.96,6.63,58.26,rapeseed
137.42,32.84,31.05,21.93,86.1,7.28,59.83,rapeseed
125.17,82.35,49.91,20.69,78.64,6.56,40.74,rapeseed
130.28,50.77,47.82,26.33,52.76,6.03,65.11,rapeseed
77.93,20.78,46.02,28.66,56.65,7.02,86.21,rapeseed
58.84,21.43,67.2,26.55,54.69,6.3,106.98,rapeseed
130.93,36.33,61.02,26.05,56.1,6.05,59.28,rapeseed
104.44,62.14,55.7,19.71,50.64,6.47,67.48,rapeseed
76.32,83.16,28.12,31.81,52.02,7.28,51.92,rapeseed
98.72,46.4,22.66,29.15,80.52,6.4,99.86,rapeseed
87.91,89.09,23.81,23.32,51.39,6.94,100.01,rapeseed
124.22,58.38,47.11,29.2,45.23,6.39,97.74,rapeseed
84.04,89.51,26.37,24.47,50.63,6.0,38.42,rapeseed
49.1,45.83,50.28,25.11,54.46,7.05,76.45,rapeseed
138.18,31.85,55.74,24.91,58.59,7.29,48.86,rapeseed
127.76,45.04,43.48,26.61,68.17,6.43,37.6,rapeseed
135.52,45.86,28.01,27.19,66.6,6.49,59.56,rapeseed
124.5,43.7,49.22,31.4,58.04,6.6,44.58,rapeseed
106.25,66.54,51.24,23.68,51.64,7.18,71.15,rapeseed
123.19,46.25,71.35,18.4,50.99,7.44,91.41,rapeseed
107.57,54.79,53.06,20.77,48.65,6.97,92.45,rapeseed
65.87,65.12,29.53,26.58,48.58,6.76,58.26,rapeseed
95.06,29.38,53.84,26.63,46.74,6.46,91.08,rapeseed
94.62,63.17,74.59,26.0,51.11,6.66,104.71,rapeseed
96.67,72.72,45.48,24.28,88.49,7.23,88.75,linseed
50.65,62.83,22.32,31.07,88.6,7.09,54.08,linseed
124.58,32.4,77.95,25.29,40.79,7.34,69.6,linseed
123.02,68.19,57.29,30.07,50.15,7.35,60.49,linseed
42.6,43.56,24.63,19.01,71.21,6.18,44.37,linseed
69.26,39.51,84.41,30.68,83.5,7.48,69.62,linseed
119.58,39.67,84.85,29.35,76.61,6.34,38.23,linseed
132.51,58.65,62.86,30.07,47.18,7.05,71.76,linseed
118.61,51.92,33.77,31.39,54.06,7.12,104.81,linseed
64.78,68.65,47.73,21.14,50.86,7.43,63.14,linseed
90.98,55.09,21.86,28.55,77.26,7.31,62.12,linseed
60.97,44.32,71.25,27.21,60.3,6.79,43.87,linseed
131.85,53.03,55.48,29.02,49.89,7.08,61.8,linseed
121.24,26.6,39.32,26.9,64.12,6.57,82.08,linseed
61.77,50.62,20.13,29.18,52.7,7.25,79.69,linseed
100.15,63.82,28.78,28.88,54.6,7.29,100.77,linseed
107.82,77.06,50.57,27.43,87.64,6.28,39.07,linseed
81.19,55.67,30.44,21.1,83.33,6.58,43.4,linseed
58.3,60.42,33.3,24.65,66.89,6.66,75.33,linseed
123.68,21.17,85.1,20.79,41.92,7.15,81.3,linseed
93.79,35.23,74.68,22.29,76.35,6.34,81.56,linseed
104.82,46.02,53.6,18.91,72.17,7.04,43.8,linseed
95.07,71.31,27.08,29.74,83.52,6.08,52.36,linseed
48.41,37.69,26.04,24.85,52.52,6.45,71.54,linseed
77.15,75.19,70.59,19.6,51.17,6.01,59.64,linseed
50.81,68.8,74.62,31.94,50.45,6.06,98.12,linseed
81.18,85.18,47.47,22.37,43.63,7.42,76.09,linseed
84.07,50.6,73.8,29.63,63.8,6.27,66.57,linseed
129.13,48.54,66.26,25.84,63.07,6.86,52.06,linseed
95.74,80.53,25.59,23.17,84.03,7.47,31.2,linseed
102.7,64.24,79.02,24.58,46.55,6.45,94.14,castor
112.83,34.32,64.98,27.19,72.89,6.03,69.75,castor
72.5,61.8,43.57,19.79,73.52,6.43,101.16,castor
70.57,58.21,76.57,19.62,76.56,6.1,114.26,castor
42.52,70.68,45.81,20.52,59.75,6.75,67.34,castor
52.24,56.59,41.01,31.54,59.15,6.65,50.52,castor
136.88,42.52,65.24,29.66,59.66,7.13,55.09,castor
50.95,22.95,51.43,30.24,50.15,6.66,98.65,castor
67.62,30.69,56.35,23.96,86.92,7.35,51.42,castor
96.09,49.14,22.37,24.22,85.78,6.45,82.75,castor
111.03,24.41,84.69,19.53,55.08,7.07,31.74,castor
77.55,28.87,53.14,18.22,47.56,6.33,37.33,castor
49.05,33.61,56.24,19.92,81.06,6.63,52.67,castor
64.1,78.77,23.28,28.39,44.88,7.42,66.74,castor
99.76,80.43,27.03,18.9,74.68,6.88,94.89,castor
67.78,54.78,33.07,24.12,54.08,6.88,56.92,castor
67.48,64.97,25.99,29.22,64.79,6.34,40.34,castor
90.88,55.27,70.37,23.23,60.61,7.34,54.64,castor
138.11,82.48,89.32,31.21,52.86,7.22,85.07,castor
60.4,89.83,65.34,29.34,67.9,6.12,107.7,castor
57.55,38.14,63.13,20.72,63.13,7.07,38.64,castor
106.07,27.31,53.29,27.09,74.37,6.06,47.2,castor
136.02,47.37,49.74,23.24,74.81,7.11,88.52,castor
80.23,59.87,56.08,20.63,87.47,7.45,99.97,castor
139.26,52.59,78.74,21.37,77.14,7.07,114.47,castor
123.34,81.55,38.74,29.02,63.77,6.47,63.16,castor
119.89,78.99,79.13,27.37,48.51,6.23,81.12,castor
61.2,43.56,27.17,20.17,75.85,6.34,106.31,castor
72.91,79.42,41.18,21.74,59.74,6.02,69.2,castor
77.99,20.88,80.31,23.25,40.02,7.44,50.56,castor
65.3,21.7,26.97,27.94,69.1,6.76,52.16,safflower
68.67,87.91,46.06,31.85,84.33,6.19,106.33,safflower
42.1,69.77,76.67,27.74,67.49,7.22,43.89,safflower
93.98,38.61,47.94,20.68,75.42,6.86,100.13,safflower
102.82,61.94,84.53,29.37,68.34,6.49,113.51,safflower
77.11,27.15,43.33,27.89,86.57,6.97,89.63,safflower
133.73,74.45,51.18,24.47,77.98,6.48,39.88,safflower
101.97,76.63,37.38,27.57,84.63,6.19,42.22,safflower
89.3,43.4,86.46,31.95,62.28,7.19,86.85,safflower
57.34,88.03,32.21,19.06,62.63,6.03,73.27,safflower
81.21,86.8,48.95,29.9,78.99,6.88,51.4,safflower
70.48,54.4,47.66,27.04,65.27,6.48,84.61,safflower
139.65,34.18,43.5,18.17,44.69,6.08,68.06,safflower
123.65,68.84,87.63,29.72,69.29,6.87,31.13,safflower
78.35,38.32,63.45,18.92,67.11,6.56,74.28,safflower
80.44,27.15,71.2,29.2,69.91,6.17,83.92,safflower
127.1,89.06,73.1,18.64,83.92,7.0,54.89,safflower
132.01,77.83,82.66,21.47,68.85,6.57,56.64,safflower
116.12,63.16,43.23,25.6,86.42,6.85,112.22,safflower
96.6,89.45,22.04,24.44,67.61,7.09,117.19,safflower
102.33,53.46,64.4,25.47,75.25,7.42,31.25,safflower
72.04,81.35,24.18,29.06,41.54,6.97,102.03,safflower
63.81,46.69,35.85,27.87,66.44,6.91,59.29,safflower
98.67,86.81,74.54,31.32,52.36,6.77,64.71,safflower
74.61,76.24,32.25,25.82,78.7,7.4,31.68,safflower
67.07,54.51,85.55,20.28,82.04,6.6,79.3,safflower
132.8,24.5,43.07,20.18,46.69,6.46,93.07,safflower
98.04,28.53,76.1,25.1,47.16,7.23,103.87,safflower
61.68,85.77,76.73,21.21,40.05,7.3,104.34,safflower
49.76,73.65,74.12,26.87,81.63,7.48,59.5,safflower
123.39,84.47,41.95,27.57,74.22,7.27,81.02,nigerseed
67.56,37.62,58.0,19.89,82.98,7.33,51.81,nigerseed
109.72,67.12,28.53,28.9,78.32,6.46,38.84,nigerseed
68.18,74.01,52.67,29.41,47.98,6.16,61.41,nigerseed
127.99,31.33,25.14,28.54,44.57,7.0,37.51,nigerseed
64.69,66.45,81.15,23.73,62.48,6.05,60.66,nigerseed
64.21,75.21,70.0,28.98,66.59,7.05,41.45,nigerseed
78.51,40.51,39.75,28.35,50.71,6.49,55.42,nigerseed
126.4,64.69,53.64,23.32,86.08,7.41,70.47,nigerseed
96.68,80.38,37.95,21.62,45.16,6.75,99.16,nigerseed
55.65,50.27,89.34,24.74,59.12,7.26,110.29,nigerseed
77.61,28.65,64.56,28.37,86.16,6.99,57.69,nigerseed
91.5,40.14,51.22,24.55,85.61,7.36,113.37,nigerseed
87.8,87.51,29.73,30.9,72.01,7.31,67.2,nigerseed
139.09,21.75,79.35,29.47,58.71,7.24,49.23,nigerseed
115.25,52.79,48.78,20.75,80.0,7.1,38.01,nigerseed
137.8,35.49,46.27,23.81,68.83,7.34,115.06,nigerseed
103.32,45.59,27.52,18.96,65.94,6.87,70.25,nigerseed
138.25,48.95,44.57,23.85,48.59,7.41,83.19,nigerseed
94.28,49.81,37.5,22.42,64.68,6.67,118.14,nigerseed
96.31,34.49,23.76,20.23,57.29,7.17,110.03,nigerseed
63.64,74.62,50.91,25.53,66.65,6.06,35.96,nigerseed
106.75,68.24,46.62,30.87,81.0,6.45,36.02,nigerseed
95.33,65.8,35.71,18.61,64.35,6.05,96.31,nigerseed
102.55,39.54,51.2,21.26,49.3,6.27,103.41,nigerseed
85.33,70.08,44.33,29.3,69.79,6.98,65.35,nigerseed
96.18,33.34,88.16,27.41,66.62,6.96,39.01,nigerseed
73.44,36.15,79.02,18.18,62.23,7.3,100.43,nigerseed
111.88,41.11,36.26,27.86,54.93,7.08,61.5,nigerseed
116.06,60.11,77.08,31.8,58.93,7.48,30.9,nigerseed
127.73,22.08,58.17,17.72,78.49,5.47,64.58,potato
118.41,58.52,72.9,18.43,41.83,6.16,65.27,potato
87.18,20.04,38.13,19.66,78.21,5.95,81.03,potato
113.27,66.82,34.42,18.75,69.89,6.09,63.84,potato
71.07,44.01,26.72,17.44,76.48,5.87,62.11,potato
113.17,28.17,72.59,16.03,44.82,5.38,86.05,potato
67.0,81.89,85.69,16.98,77.49,6.04,89.28,potato
65.49,86.47,86.95,15.09,56.51,5.48,63.89,potato
83.03,82.87,21.67,20.85,55.45,5.02,112.98,potato
67.23,34.85,28.17,17.57,45.98,5.27,67.51,potato
97.83,51.23,41.35,18.68,78.71,6.09,74.05,potato
131.8,75.39,59.32,18.33,56.48,5.2,111.99,potato
100.83,26.9,84.79,21.21,41.68,6.05,66.67,potato
93.56,78.39,44.54,18.49,73.26,5.29,93.85,potato
82.52,88.78,33.14,19.98,42.06,5.41,58.24,potato
54.89,56.98,32.21,20.56,44.82,5.93,110.27,potato
52.66,35.22,73.54,18.29,86.61,5.51,77.86,potato
135.75,44.07,87.64,21.24,50.01,5.82,115.89,potato
51.74,79.41,74.19,20.25,70.04,5.15,117.09,potato
50.24,74.85,70.63,17.22,74.23,5.62,102.55,potato
44.34,85.34,46.91,20.62,63.58,6.22,71.08,potato
94.51,21.77,54.25,15.55,82.96,6.02,79.76,potato
137.43,86.27,86.97,15.58,75.21,6.09,92.41,potato
41.58,84.67,50.7,19.17,80.74,5.41,52.05,potato
132.34,38.94,22.88,15.96,89.74,6.11,64.69,potato
54.65,82.84,66.54,19.08,46.56,5.62,116.26,potato
40.33,49.34,23.99,21.98,45.22,6.43,108.88,potato
113.17,22.96,68.68,18.45,64.56,5.22,85.86,potato
120.2,29.2,81.33,17.94,53.31,5.36,82.18,potato
104.75,59.89,82.3,18.58,65.63,6.48,65.06,potato
41.66,42.99,41.92,19.12,60.91,5.55,95.25,tomato
88.44,81.52,68.82,24.57,77.93,5.95,83.75,tomato
60.61,58.84,61.67,24.98,48.39,6.02,89.46,tomato
120.46,88.45,28.28,19.89,45.33,6.59,84.73,tomato
104.81,74.57,56.12,23.06,86.05,6.47,79.36,tomato
98.88,54.57,72.98,23.15,46.45,6.14,65.28,tomato
83.23,59.27,45.32,21.52,61.34,6.06,98.31,tomato
49.03,21.19,70.5,21.56,62.45,6.39,62.02,tomato
63.92,21.07,81.17,26.45,54.3,6.2,59.43,tomato
45.83,82.49,78.55,20.17,52.74,6.55,87.8,tomato
86.97,47.12,36.35,25.18,83.18,6.79,46.86,tomato
99.37,88.96,70.06,22.13,47.26,5.59,83.91,tomato
46.86,76.63,66.6,22.26,84.58,6.9,77.0,tomato
49.97,61.2,49.47,20.25,86.43,6.6,47.3,tomato
62.89,43.98,60.1,20.92,61.98,6.72,50.91,tomato
112.01,43.15,86.12,26.57,56.37,6.41,46.65,tomato
81.04,63.63,64.67,21.08,41.7,5.69,73.63,tomato
57.11,41.43,63.29,26.11,65.76,5.88,75.15,tomato
67.56,74.76,30.92,20.36,61.93,6.86,49.92,tomato
59.24,29.22,34.96,20.99,59.75,6.64,64.23,tomato
87.51,47.75,74.2,26.13,61.27,6.88,55.04,tomato
137.78,56.77,67.74,21.43,53.58,5.7,93.12,tomato
75.96,68.9,52.25,22.74,50.34,5.77,60.18,tomato
108.15,58.04,20.17,24.4,61.66,5.6,55.59,tomato
61.16,77.6,58.5,20.94,52.43,5.94,56.81,tomato
74.63,75.35,75.2,24.28,84.25,6.48,46.81,tomato
44.45,31.5,38.07,22.75,81.1,6.38,65.78,tomato
64.21,88.72,72.73,21.07,42.3,6.97,55.36,tomato
124.77,28.21,65.71,21.21,84.45,5.95,46.05,tomato
59.89,76.4,88.5,23.79,74.09,5.92,56.35,tomato
48.67,88.93,23.04,20.35,57.5,6.19,51.8,onion
133.08,37.34,31.52,20.55,72.85,6.51,38.98,onion
127.42,27.76,32.19,15.9,65.69,6.48,57.68,onion
112.7,82.58,52.78,13.5,81.54,6.02,45.9,onion
54.31,62.16,74.73,14.55,54.72,6.85,64.46,onion
50.85,68.05,75.58,17.9,47.76,6.66,45.96,onion
53.38,31.53,48.17,14.52,59.26,6.55,57.61,onion
80.37,76.01,26.15,16.96,86.67,6.86,76.04,onion
116.53,57.5,75.13,19.87,45.88,6.26,34.87,onion
127.51,42.54,48.52,19.46,45.04,6.71,69.78,onion
119.61,81.67,42.21,14.75,78.08,6.69,48.58,onion
74.33,30.76,78.23,18.53,80.6,6.34,46.06,onion
91.32,72.19,81.79,17.24,74.67,6.4,73.07,onion
116.01,58.87,45.38,16.29,84.25,6.8,45.26,onion
48.47,33.66,87.5,13.47,80.5,6.53,57.7,onion
93.95,48.72,59.01,14.08,85.99,6.1,36.94,onion
107.25,64.86,76.47,21.31,86.53,6.05,30.53,onion
63.69,74.52,30.69,19.38,78.52,6.16,56.37,onion
130.08,72.32,47.86,18.75,53.89,6.96,69.13,onion
108.04,41.29,71.23,18.84,79.91,6.36,74.08,onion
108.46,51.55,59.39,22.66,66.46,6.96,30.36,onion
129.73,69.99,54.26,23.2,47.44,6.34,65.7,onion
122.34,46.1,89.59,20.78,42.26,6.12,33.82,onion
97.0,42.53,38.28,18.37,43.91,6.91,71.91,onion
95.87,51.11,41.59,20.23,57.34,6.98,77.81,onion
112.67,77.82,25.27,14.48,57.28,6.13,51.13,onion
138.61,78.41,87.11,15.66,51.09,6.02,43.68,onion
45.65,56.97,41.04,21.09,68.05,6.6,44.99,onion
113.48,68.24,70.0,18.65,63.19,6.29,32.0,onion
86.6,63.14,33.03,23.32,83.95,6.85,70.81,onion
88.84,32.3,38.98,26.06,89.23,5.72,40.69,garlic
75.33,44.45,61.84,16.68,82.19,6.18,139.94,garlic
72.93,41.37,32.31,29.49,69.47,7.15,46.94,garlic
94.29,71.31,88.87,29.05,45.19,6.25,149.86,garlic
93.49,86.99,37.74,15.38,87.31,6.03,101.67,garlic
76.06,60.43,85.37,29.2,83.85,6.01,130.31,garlic
41.84,49.15,86.09,18.82,58.36,6.66,66.03,garlic
110.84,65.68,26.65,28.8,43.58,6.89,78.32,garlic
54.36,25.46,89.84,27.0,62.94,7.09,146.68,garlic
132.64,57.28,39.24,22.78,89.07,6.96,113.67,garlic
124.29,48.62,59.12,27.73,49.96,7.22,42.71,garlic
93.71,60.24,30.24,28.83,61.97,5.87,85.27,garlic
99.14,50.03,20.2,16.39,75.66,5.76,68.1,garlic
120.75,80.31,81.71,17.62,40.26,7.01,105.88,garlic
76.45,21.3,50.2,18.56,69.4,7.46,63.03,garlic
47.5,68.62,27.54,18.34,61.96,7.47,75.68,garlic
71.59,53.26,31.36,21.03,75.01,6.15,127.6,garlic
58.44,27.11,63.9,21.79,85.91,5.71,122.09,garlic
106.98,45.93,28.98,24.18,77.91,6.45,91.98,garlic
108.57,62.66,49.63,17.79,63.18,6.6,138.61,garlic
139.48,58.97,43.0,18.34,71.52,6.98,67.26,garlic
109.04,89.95,47.41,29.08,61.83,6.8,135.32,garlic
60.34,44.19,88.89,15.98,55.31,6.45,121.93,garlic
103.06,85.09,66.87,15.02,43.57,5.57,87.48,garlic
42.7,56.82,64.28,18.03,82.81,6.33,145.59,garlic
75.78,63.4,57.93,18.95,78.99,5.51,67.45,garlic
72.07,81.75,55.04,15.55,54.95,6.72,128.97,garlic
50.91,74.55,47.34,22.86,61.06,6.38,148.96,garlic
131.9,84.26,71.5,25.5,47.08,5.57,131.4,garlic
107.3,64.15,41.89,19.01,86.04,6.56,42.18,garlic
74.05,44.42,24.73,29.67,85.15,7.13,40.47,carrot
81.75,27.81,70.81,27.14,79.47,7.08,53.29,carrot
41.34,26.5,78.97,27.44,65.81,5.97,134.27,carrot
52.04,42.75,20.13,29.74,60.75,7.04,128.17,carrot
98.1,89.09,74.22,28.91,88.17,5.66,122.57,carrot
62.63,42.72,43.91,29.83,43.02,6.37,54.09,carrot
139.74,54.73,69.13,22.8,78.36,6.17,85.48,carrot
114.44,69.19,82.14,19.64,82.41,6.97,103.06,carrot
80.81,59.69,25.38,16.46,55.57,5.75,45.36,carrot
111.68,71.2,63.1,18.09,76.1,7.15,108.11,carrot
62.74,59.52,47.63,19.03,47.43,7.23,109.55,carrot
133.27,32.04,38.49,22.64,42.96,6.1,99.41,carrot
88.18,83.67,60.42,24.56,69.26,7.07,80.3,carrot
40.06,88.63,75.47,16.9,45.59,5.94,112.38,carrot
53.1,21.4,54.59,15.09,52.95,6.26,62.57,carrot
40.25,38.2,37.06,19.86,60.72,6.22,75.65,carrot
41.92,78.61,71.68,22.39,40.14,5.97,139.06,carrot
85.72,34.37,77.4,28.37,46.11,6.5,101.74,carrot
51.73,42.35,63.28,25.1,71.42,6.74,81.57,carrot
46.88,21.13,78.63,27.97,85.25,5.65,124.63,carrot
57.18,44.24,34.02,27.9,80.95,7.17,81.96,carrot
133.61,38.21,60.19,25.1,51.68,6.26,51.02,carrot
119.66,32.9,29.52,19.17,72.01,6.77,97.71,carrot
125.35,72.67,34.68,23.02,48.47,5.98,56.17,carrot
47.7,44.52,82.05,24.84,44.39,5.94,105.07,carrot
92.97,21.86,26.58,23.49,70.06,5.66,125.01,carrot
64.04,61.25,57.08,20.1,87.32,6.29,86.55,carrot
94.02,78.78,89.13,26.54,66.93,6.93,110.2,carrot
135.93,87.94,73.2,18.25,68.42,6.38,65.44,carrot
118.15,35.48,69.68,22.34,61.34,6.91,119.73,carrot
138.97,89.92,76.0,18.96,73.46,6.49,143.45,radish
84.71,45.02,21.81,22.05,66.62,6.12,51.58,radish
88.4,24.94,32.02,21.66,57.41,6.5,98.31,radish
78.85,29.35,21.29,23.39,88.51,6.06,78.69,radish
71.94,71.97,54.53,26.94,40.26,5.77,62.68,radish
76.89,47.96,46.98,29.49,61.96,6.65,145.98,radish
104.19,61.63,77.98,20.02,41.8,7.42,98.78,radish
98.21,24.67,72.15,20.61,72.15,6.07,141.0,radish
76.88,39.29,82.57,18.34,53.55,6.47,147.89,radish
51.56,34.73,75.71,16.13,60.72,7.07,118.4,radish
119.31,28.21,82.29,20.36,80.71,6.44,138.05,radish
87.8,38.05,30.55,22.45,42.49,5.83,136.21,radish
97.38,80.42,30.56,22.2,63.43,5.72,68.98,radish
132.18,70.65,55.63,24.14,83.04,7.41,105.41,radish
45.03,81.03,31.53,18.6,46.85,6.52,104.08,radish
86.02,52.9,29.86,25.77,66.88,6.12,131.7,radish
133.9,84.57,88.94,16.03,59.43,6.4,68.23,radish
114.38,83.35,29.7,22.59,88.37,7.28,89.59,radish
50.47,51.94,56.23,26.79,49.3,6.06,148.32,radish
41.17,62.77,26.65,26.26,61.18,7.35,64.57,radish
127.75,35.93,23.34,16.29,43.81,6.28,146.92,radish
75.48,70.17,22.4,22.74,66.97,5.7,103.78,radish
84.61,42.92,78.13,25.37,46.02,5.71,45.76,radish
66.34,64.56,87.79,29.53,83.22,5.75,127.11,radish
116.22,53.09,89.7,23.99,45.92,5.93,54.26,radish
101.05,63.69,80.04,15.15,40.49,7.45,68.84,radish
66.42,80.67,27.8,26.89,84.84,6.62,106.93,radish
40.59,62.46,62.96,26.57,65.86,5.73,64.49,radish
105.31,25.57,27.48,18.76,79.82,6.59,79.26,radish
136.38,60.67,36.7,23.48,82.77,6.24,87.8,radish
97.74,89.1,64.7,17.72,69.1,6.14,92.07,turnip
111.3,21.42,55.53,19.71,69.95,7.14,91.4,turnip
102.98,40.21,37.92,22.65,66.63,5.95,124.16,turnip
89.96,44.89,37.75,27.55,85.1,7.38,67.28,turnip
47.12,64.21,21.73,27.84,73.95,6.17,88.56,turnip
108.29,31.21,45.55,26.8,74.04,6.67,51.36,turnip
61.71,37.96,22.2,24.6,68.64,7.35,100.99,turnip
131.84,52.82,56.23,19.22,63.21,7.37,93.65,turnip
40.22,44.76,33.84,24.35,65.46,6.45,141.98,turnip
116.24,26.11,22.15,25.51,69.84,6.8,95.05,turnip
43.58,51.62,78.48,24.03,42.21,5.75,139.52,turnip
94.49,31.52,69.46,28.87,83.26,6.79,128.79,turnip
48.76,52.44,76.72,20.12,47.19,7.23,117.5,turnip
40.75,24.45,59.01,29.31,70.89,7.25,51.57,turnip
97.6,32.72,43.24,17.24,63.19,5.59,112.23,turnip
104.64,83.33,73.77,16.13,83.44,6.59,142.98,turnip
89.2,25.69,69.29,17.6,89.2,6.58,139.25,turnip
89.26,42.85,66.36,25.65,63.0,6.05,86.24,turnip
111.47,35.99,31.05,22.26,72.9,5.63,69.86,turnip
137.16,38.7,74.03,19.58,44.29,6.47,135.65,turnip
117.72,23.36,69.24,24.31,64.12,6.83,97.4,turnip
58.3,68.68,29.02,19.65,82.58,6.64,96.22,turnip
111.0,54.47,46.88,23.28,41.11,6.2,44.34,turnip
139.57,83.55,65.77,17.37,82.76,6.07,128.52,turnip
105.11,62.35,71.9,19.01,81.71,6.59,123.28,turnip
123.97,37.82,48.75,20.42,43.85,7.25,115.42,turnip
88.98,58.17,81.58,16.05,57.89,6.87,98.81,turnip
89.73,38.11,35.61,25.05,57.05,7.37,139.21,turnip
137.03,39.36,56.01,16.56,57.96,5.65,95.18,turnip
135.7,73.37,45.47,19.14,86.57,5.61,132.95,turnip
125.6,24.82,86.57,24.69,59.45,6.35,106.94,beetroot
92.69,80.75,82.66,19.9,40.44,7.06,111.24,beetroot
105.5,25.2,25.31,28.48,58.19,6.45,147.07,beetroot
59.5,64.46,24.31,23.42,76.94,5.81,123.57,beetroot
136.86,77.82,75.34,29.21,75.83,6.6,130.68,beetroot
120.63,64.03,66.82,17.68,56.92,6.15,134.47,beetroot
118.15,40.35,89.57,15.89,43.08,6.16,48.5,beetroot
135.0,45.11,47.18,27.82,66.65,6.76,88.39,beetroot
86.02,87.0,39.41,22.88,63.93,5.78,56.09,beetroot
90.67,75.91,50.25,15.89,86.75,5.78,137.27,beetroot
44.52,65.48,30.22,18.91,61.08,7.01,87.87,beetroot
81.83,48.17,56.45,19.21,87.65,5.88,54.58,beetroot
94.86,44.59,70.5,15.59,73.83,6.23,142.0,beetroot
70.01,50.31,42.22,23.0,54.05,6.84,85.28,beetroot
110.81,40.41,51.96,23.36,75.93,6.8,87.2,beetroot
48.59,27.86,30.27,17.76,49.17,6.82,77.49,beetroot
130.81,36.38,37.2,17.74,47.22,6.86,103.63,beetroot
65.13,76.72,67.29,21.43,70.39,6.81,88.5,beetroot
49.17,45.52,86.23,20.6,71.95,5.68,125.14,beetroot
126.42,46.12,46.04,22.69,52.62,5.92,54.14,beetroot
108.7,55.65,86.94,29.44,83.71,7.39,132.2,beetroot
42.45,29.07,88.31,28.11,70.79,6.74,88.0,beetroot
82.48,30.2,58.37,19.12,46.09,7.24,103.22,beetroot
127.62,40.58,60.37,19.15,81.54,5.92,111.25,beetroot
95.49,42.79,25.6,22.3,66.15,7.14,62.35,beetroot
58.54,41.38,76.17,18.48,71.7,5.56,49.04,beetroot
110.83,54.78,27.89,22.09,87.03,6.28,101.28,beetroot
82.03,55.38,23.03,28.24,68.98,6.19,71.28,beetroot
58.7,85.36,78.87,20.68,70.16,6.6,62.03,beetroot
43.32,71.48,31.39,23.47,40.86,5.54,58.06,beetroot
105.36,62.89,89.38,24.9,66.11,5.53,145.38,cabbage
88.88,80.06,22.94,27.53,63.8,5.93,84.67,cabbage
47.51,60.66,35.33,25.52,48.68,6.88,107.93,cabbage
111.18,86.53,40.68,25.24,59.86,7.29,130.77,cabbage
116.36,62.0,38.31,28.62,88.44,7.4,77.2,cabbage
122.19,67.52,78.78,27.03,62.73,6.29,127.51,cabbage
105.46,57.77,81.16,15.48,40.67,6.43,50.71,cabbage
124.22,26.17,81.75,18.38,46.7,7.01,114.54,cabbage
81.04,61.73,58.71,29.23,65.38,6.58,90.82,cabbage
81.18,68.3,27.81,25.38,86.43,7.02,99.73,cabbage
75.34,26.84,26.46,23.09,84.01,7.23,60.17,cabbage
114.92,76.5,53.6,27.87,49.34,6.17,96.56,cabbage
112.67,51.42,41.15,28.0,59.6,6.34,64.6,cabbage
88.3,69.43,45.32,24.93,64.67,5.52,145.86,cabbage
68.81,58.2,87.12,18.1,43.2,5.91,56.83,cabbage
125.12,56.21,22.94,19.07,65.55,5.85,73.7,cabbage
130.46,51.12,36.33,23.96,45.64,6.54,111.27,cabbage
48.87,58.4,41.66,26.17,70.79,7.32,106.79,cabbage
58.3,32.99,69.26,27.16,43.13,6.33,71.11,cabbage
86.74,81.07,59.18,26.16,78.24,6.06,108.06,cabbage
77.51,53.2,57.14,25.01,48.42,7.18,57.71,cabbage
71.31,79.45,88.97,20.5,87.6,5.57,145.08,cabbage
60.1,22.45,73.34,17.42,77.61,5.51,53.63,cabbage
75.75,25.91,52.98,20.19,76.93,6.49,146.18,cabbage
124.35,31.98,84.21,28.42,68.25,6.55,58.69,cabbage
72.1,35.41,33.72,24.21,56.22,7.04,103.05,cabbage
122.73,26.12,79.3,22.62,71.61,5.98,116.57,cabbage
80.61,70.51,60.89,17.1,55.03,7.0,41.76,cabbage
103.18,58.18,70.03,19.93,63.85,6.45,122.41,cabbage
47.3,55.72,38.17,23.84,52.97,5.91,65.48,cabbage
129.48,45.45,81.61,26.03,53.44,6.61,40.96,cauliflower
133.29,64.17,27.88,22.78,64.76,6.84,71.83,cauliflower
130.98,63.58,25.09,27.28,84.23,6.11,118.25,cauliflower
126.02,81.74,24.92,27.55,52.42,7.1,115.53,cauliflower
86.57,83.13,76.23,29.92,87.94,6.65,120.84,cauliflower
107.05,48.02,54.92,22.62,50.79,6.02,132.9,cauliflower
124.61,68.82,68.2,22.65,68.66,6.83,40.81,cauliflower
84.37,87.88,34.4,22.01,43.88,6.01,130.65,cauliflower
43.28,75.92,75.86,28.02,52.86,7.36,80.89,cauliflower
85.04,86.55,58.12,25.21,45.52,5.51,69.11,cauliflower
50.57,77.68,37.48,29.36,73.92,5.88,118.18,cauliflower
71.8,56.89,25.31,27.49,79.36,6.66,115.97,cauliflower
73.99,28.94,42.76,26.1,68.15,5.77,66.48,cauliflower
87.5,21.01,23.13,21.75,46.69,7.28,54.16,cauliflower
114.93,75.63,42.08,23.13,89.6,6.73,82.59,cauliflower
137.59,38.18,86.87,19.65,61.08,6.13,111.71,cauliflower
128.24,68.24,32.74,29.85,76.14,6.51,133.46,cauliflower
50.73,61.87,75.01,26.65,73.65,5.63,92.62,cauliflower
66.88,62.56,47.78,21.84,66.9,6.68,137.94,cauliflower
68.21,39.24,32.91,16.69,82.47,7.34,53.85,cauliflower
76.03,83.29,80.48,29.68,89.63,6.11,47.32,cauliflower
64.96,55.17,21.07,18.8,63.65,6.86,57.01,cauliflower
52.32,43.12,26.36,16.83,45.16,7.1,136.71,cauliflower
44.27,76.31,79.05,24.76,54.99,7.14,48.96,cauliflower
44.66,86.83,35.49,28.73,77.71,5.59,50.39,cauliflower
104.63,30.22,66.62,25.09,51.57,6.45,63.32,cauliflower
127.13,64.14,68.37,24.32,43.04,7.27,125.73,cauliflower
91.5,61.34,54.46,26.33,66.66,6.06,96.79,cauliflower
61.37,20.34,56.46,28.06,75.97,5.92,95.91,cauliflower
98.34,60.56,52.2,22.64,74.41,7.26,96.72,cauliflower
118.41,67.6,28.37,18.89,55.68,6.21,94.03,broccoli
69.45,89.85,71.39,20.57,75.0,7.35,57.56,broccoli
102.92,87.11,46.27,28.16,80.19,6.14,55.88,broccoli
120.64,49.09,44.52,21.96,76.41,7.29,140.82,broccoli
116.64,32.31,45.85,15.1,50.03,6.18,59.5,broccoli
87.62,29.23,65.71,21.17,52.35,6.87,76.09,broccoli
42.39,78.68,72.79,28.17,54.69,6.03,116.6,broccoli
54.64,87.66,65.73,23.23,42.58,6.07,86.57,broccoli
138.07,30.14,61.42,16.17,88.56,6.99,129.37,broccoli
114.92,32.58,36.89,15.59,67.57,5.66,60.72,broccoli
57.41,84.41,75.27,19.29,88.54,5.82,55.46,broccoli
78.13,76.39,26.9,26.83,67.2,7.1,77.02,broccoli
44.21,26.93,70.62,22.61,78.19,5.9,70.72,broccoli
61.15,79.55,69.22,17.32,76.28,5.58,91.31,broccoli
65.72,73.52,70.31,25.26,49.86,5.59,110.41,broccoli
109.46,20.65,78.69,28.46,58.07,6.54,111.61,broccoli
132.58,65.47,56.1,26.53,64.49,5.57,100.2,broccoli
81.39,43.46,47.59,18.32,55.6,6.99,137.4,broccoli
85.64,79.19,28.78,22.74,77.22,7.06,82.6,broccoli
56.79,87.25,62.65,24.8,57.3,5.73,102.74,broccoli
80.47,82.3,66.43,26.33,68.49,7.01,54.73,broccoli
139.63,60.65,61.82,17.85,44.56,6.91,119.89,broccoli
106.66,37.83,54.08,26.52,72.03,7.32,49.82,broccoli
117.49,20.93,63.76,23.01,43.71,6.34,113.48,broccoli
126.73,25.4,55.68,26.93,45.84,7.29,143.27,broccoli
74.25,34.62,30.18,18.29,60.94,6.91,143.05,broccoli
95.85,86.72,49.88,24.86,40.01,6.34,42.51,broccoli
53.22,76.61,28.01,19.5,66.3,6.55,43.35,broccoli
51.05,67.37,48.33,16.38,63.93,6.24,149.95,broccoli
44.79,32.61,25.23,23.27,88.03,7.06,52.33,broccoli
93.96,45.06,88.41,25.61,70.21,6.01,88.03,lettuce
92.67,46.5,59.49,16.35,61.03,7.47,83.91,lettuce
90.59,72.75,76.86,26.05,59.06,6.92,61.96,lettuce
101.71,21.12,33.48,17.63,57.61,6.98,42.29,lettuce
127.63,26.42,86.53,29.24,70.73,7.18,143.5,lettuce
84.79,79.91,22.44,26.71,72.41,7.05,56.42,lettuce
48.33,56.62,62.45,25.31,48.96,6.64,146.57,lettuce
65.31,77.38,87.26,25.09,62.01,6.34,91.43,lettuce
52.47,25.22,39.58,17.6,84.97,6.22,136.3,lettuce
96.31,82.86,82.76,25.67,62.42,5.99,102.06,lettuce
71.17,77.99,22.99,24.55,56.95,6.34,99.66,lettuce
138.24,89.54,45.01,29.36,87.79,6.55,102.0,lettuce
59.75,75.25,53.98,26.43,86.09,6.75,116.45,lettuce
94.88,29.17,52.14,15.94,49.03,7.46,81.83,lettuce
53.51,50.45,24.2,24.11,51.42,5.93,110.06,lettuce
132.54,20.95,70.05,23.73,64.35,6.34,41.22,lettuce
75.18,56.63,43.48,29.91,57.01,7.19,129.16,lettuce
119.45,54.43,54.96,27.65,45.88,5.95,41.42,lettuce
89.14,51.74,86.9,28.96,60.3,6.49,51.55,lettuce
115.31,56.34,31.75,28.15,42.13,5.89,92.49,lettuce
139.7,29.71,38.66,26.87,56.81,7.36,42.07,lettuce
63.79,41.69,79.37,16.53,73.7,7.27,147.17,lettuce
120.6,23.54,53.82,18.27,46.1,5.99,120.86,lettuce
97.5,29.13,40.0,15.99,86.31,7.01,91.96,lettuce
136.13,88.46,34.47,18.81,49.57,6.76,105.45,lettuce
91.83,74.18,57.07,19.72,73.43,7.4,45.49,lettuce
88.62,29.77,72.3,21.47,81.94,6.84,145.51,lettuce
97.96,61.7,88.21,27.05,56.89,5.71,141.37,lettuce
46.37,84.63,85.34,24.92,87.44,6.71,122.04,lettuce
99.59,35.57,25.52,26.15,62.57,5.75,101.5,lettuce
66.5,38.36,81.33,24.27,77.41,7.13,88.04,spinach
85.13,50.25,45.02,26.68,84.22,6.1,118.25,spinach
61.54,20.55,67.96,26.64,56.49,7.49,119.1,spinach
72.1,73.21,79.06,17.1,85.59,6.37,70.17,spinach
77.77,57.0,56.91,19.42,43.01,6.76,118.93,spinach
109.53,47.76,80.04,15.26,46.46,5.54,100.99,spinach
92.31,35.93,56.79,15.05,41.81,7.42,137.43,spinach
46.94,65.9,55.57,23.08,82.03,6.78,143.5,spinach
108.17,84.06,28.15,27.33,55.98,7.34,127.06,spinach
136.63,72.87,47.36,22.86,79.13,5.62,99.31,spinach
96.81,70.26,43.95,24.09,76.8,6.26,114.98,spinach
130.35,45.86,56.83,22.26,81.93,6.04,71.47,spinach
79.25,65.66,30.81,29.68,65.15,6.96,85.36,spinach
42.73,46.99,60.01,16.36,89.0,6.67,90.5,spinach
42.88,37.26,43.61,24.74,48.71,6.47,69.78,spinach
96.48,68.17,56.25,26.25,71.14,5.67,112.23,spinach
88.38,73.13,85.6,20.27,82.5,5.96,111.51,spinach
40.55,77.74,51.23,21.82,64.88,6.24,65.3,spinach
109.22,63.9,23.81,19.06,86.58,6.07,72.28,spinach
97.81,46.09,86.33,29.74,46.46,5.95,58.81,spinach
84.47,39.87,67.21,28.28,43.57,5.55,52.33,spinach
70.99,29.37,50.23,20.45,76.37,7.43,147.53,spinach
82.05,65.02,29.26,24.16,84.18,7.27,55.41,spinach
56.61,83.13,68.81,26.44,43.37,6.74,42.52,spinach
113.68,75.63,42.54,15.04,76.65,7.5,108.26,spinach
76.6,43.03,76.83,29.53,58.25,5.94,149.61,spinach
82.76,50.97,41.76,25.87,89.13,6.44,134.05,spinach
80.05,49.55,76.15,29.56,77.76,6.91,131.0,spinach
131.92,86.74,57.21,20.82,40.35,6.55,79.08,spinach
40.03,89.52,41.52,28.98,40.79,6.22,126.21,spinach
107.31,67.1,54.17,16.37,81.57,7.02,92.55,amaranth
96.2,76.27,54.61,22.13,64.23,6.97,120.91,amaranth
73.48,74.35,46.29,25.11,58.87,7.3,143.42,amaranth
117.77,46.68,44.59,21.5,70.23,5.57,99.99,amaranth
132.84,24.49,82.39,23.58,89.88,6.95,119.07,amaranth
115.3,49.48,28.25,27.82,83.86,6.94,63.94,amaranth
89.94,56.02,45.48,22.34,62.88,7.46,108.96,amaranth
137.63,83.59,32.42,26.57,59.06,6.69,101.94,amaranth
113.97,41.05,67.45,20.54,79.12,6.49,110.76,amaranth
139.65,39.62,20.33,28.43,66.24,6.79,131.35,amaranth
129.04,47.02,89.11,20.86,76.34,7.16,79.91,amaranth
81.99,45.66,43.95,21.18,82.39,5.62,148.82,amaranth
119.06,59.16,64.96,19.49,78.23,7.25,82.01,amaranth
89.92,35.32,37.55,27.78,72.11,6.39,110.43,amaranth
58.52,20.26,45.01,23.63,49.23,6.58,75.76,amaranth
66.25,71.8,45.26,26.13,77.47,6.25,43.48,amaranth
124.28,58.61,60.6,25.28,67.43,7.31,40.96,amaranth
136.85,63.14,48.51,28.61,84.77,6.69,41.06,amaranth
102.35,48.85,60.17,27.46,46.59,7.19,74.16,amaranth
65.13,22.61,27.46,19.02,66.45,7.38,58.91,amaranth
68.9,46.11,64.8,20.31,73.49,5.8,44.82,amaranth
97.97,70.67,29.37,15.72,73.44,5.63,141.82,amaranth
109.06,31.23,48.67,15.84,44.39,6.2,136.53,amaranth
130.96,72.72,64.62,23.76,65.54,6.81,94.63,amaranth
79.77,78.58,41.07,21.09,73.96,7.43,77.91,amaranth
83.31,48.14,34.7,20.32,79.48,5.88,92.53,amaranth
68.4,60.47,74.13,16.73,64.32,5.88,111.11,amaranth
107.78,35.49,36.14,19.55,56.42,7.29,136.14,amaranth
119.14,47.57,52.01,18.02,63.01,7.4,50.04,amaranth
79.43,33.68,79.15,19.52,64.37,5.6,115.97,amaranth
91.4,76.06,70.5,26.16,53.14,6.0,105.75,fenugreek
44.92,85.58,70.44,22.4,58.07,5.65,100.99,fenugreek
117.31,28.23,26.93,25.28,63.5,7.08,85.26,fenugreek
138.23,81.08,42.49,23.05,69.34,6.4,129.96,fenugreek
110.52,77.3,37.7,22.57,67.18,6.67,41.77,fenugreek
121.22,51.36,31.13,27.82,67.82,6.98,121.39,fenugreek
102.27,83.99,23.91,20.0,48.19,6.77,64.14,fenugreek
42.83,29.54,32.21,23.1,62.77,6.43,41.34,fenugreek
92.82,37.75,26.4,15.85,47.55,6.3,58.34,fenugreek
86.35,31.45,71.45,28.14,56.19,5.64,146.17,fenugreek
48.41,65.5,72.96,22.24,84.56,5.79,119.25,fenugreek
130.71,82.8,79.44,21.55,65.59,7.2,81.78,fenugreek
65.52,22.2,34.29,17.11,86.47,6.12,78.77,fenugreek
137.45,68.37,50.37,16.58,58.26,6.08,144.34,fenugreek
82.07,88.1,38.91,15.71,84.96,5.65,126.69,fenugreek
99.54,39.87,78.39,21.44,89.18,6.62,143.82,fenugreek
133.05,46.33,68.4,25.92,72.75,5.55,115.69,fenugreek
116.17,33.56,26.66,16.01,67.21,5.71,133.26,fenugreek
81.53,89.69,71.38,21.42,49.13,6.35,106.78,fenugreek
126.14,82.43,42.72,15.35,73.23,6.87,111.21,fenugreek
120.32,76.85,63.78,27.32,46.25,7.39,113.31,fenugreek
49.45,31.79,64.89,19.59,86.86,6.06,93.45,fenugreek
90.36,85.81,41.27,28.38,76.17,6.64,144.07,fenugreek
128.36,72.46,58.19,15.66,51.03,6.8,52.86,fenugreek
104.32,44.29,47.12,27.34,82.04,7.0,89.13,fenugreek
93.61,88.99,84.82,24.11,43.95,7.3,45.02,fenugreek
51.72,66.13,33.75,26.3,74.33,5.83,139.92,fenugreek
139.82,65.98,88.75,27.02,63.66,7.15,143.22,fenugreek
109.61,25.86,46.07,25.56,58.29,5.83,90.19,fenugreek
54.1,53.21,26.93,25.9,50.65,7.37,51.79,fenugreek
103.13,65.04,33.92,24.41,67.46,6.73,60.36,okra
87.68,78.52,63.27,18.66,56.71,7.26,45.84,okra
87.81,55.93,50.11,15.04,45.32,7.18,90.06,okra
69.17,51.61,23.67,16.22,81.44,7.02,61.67,okra
71.75,25.37,42.25,22.82,77.63,6.51,133.25,okra
139.83,59.72,23.04,17.02,73.63,5.76,138.91,okra
45.43,23.88,89.71,21.1,67.76,6.69,53.03,okra
73.56,45.82,71.65,26.73,74.73,5.86,90.76,okra
131.58,32.21,44.42,24.24,89.76,5.55,116.03,okra
86.13,57.02,78.83,16.44,69.91,6.13,123.09,okra
111.45,49.11,30.64,26.47,75.04,6.63,122.03,okra
134.9,37.11,68.27,27.1,53.29,7.31,74.5,okra
135.6,60.76,88.1,28.27,79.1,6.24,90.41,okra
98.72,76.36,49.14,28.48,50.84,6.54,55.96,okra
57.08,40.36,23.33,23.55,71.01,6.29,127.75,okra
94.58,67.83,25.97,19.95,41.06,5.82,133.48,okra
53.55,61.72,46.43,25.09,83.58,7.16,146.14,okra
136.58,47.9,89.16,26.44,53.9,6.16,97.59,okra
124.54,26.94,82.38,25.06,69.65,6.31,81.97,okra
80.59,70.1,50.99,25.71,83.81,5.67,42.07,okra
134.12,33.54,76.99,21.07,51.24,5.52,87.15,okra
99.98,23.81,20.8,19.31,84.05,7.0,68.22,okra
80.34,49.16,69.6,19.27,57.76,6.51,66.08,okra
82.92,72.34,55.32,15.84,57.45,6.64,65.49,okra
78.77,59.17,45.51,17.74,83.75,5.63,139.69,okra
49.5,58.78,58.15,21.14,71.3,7.27,75.1,okra
46.01,33.99,81.49,23.98,77.7,6.28,75.62,okra
109.01,59.76,83.93,17.41,57.16,6.88,139.75,okra
86.67,75.13,27.67,24.59,56.46,6.89,72.71,okra
58.69,38.84,70.65,25.68,85.64,6.33,47.2,okra
120.87,37.95,70.26,22.34,62.21,5.56,64.95,brinjal
114.81,52.18,81.72,27.1,66.69,7.47,40.27,brinjal
80.09,57.35,23.77,28.07,47.49,6.66,69.82,brinjal
78.18,52.58,40.26,17.57,73.36,6.75,48.88,brinjal
137.31,27.44,35.62,19.22,58.22,6.48,139.34,brinjal
50.11,60.19,63.7,18.86,57.76,6.39,137.57,brinjal
117.68,53.59,24.83,20.37,80.84,6.37,82.98,brinjal
103.88,22.83,65.36,25.28,45.64,6.33,134.16,brinjal
66.23,57.11,44.2,23.29,59.55,6.19,141.71,brinjal
109.27,89.91,43.43,22.0,58.28,7.23,80.39,brinjal
108.0,32.38,57.96,19.05,85.69,6.23,144.81,brinjal
96.67,43.88,58.57,28.96,74.67,7.15,102.31,brinjal
101.84,29.8,78.22,24.6,72.42,6.11,123.93,brinjal
92.72,42.43,89.43,26.59,73.94,7.18,116.57,brinjal
78.47,86.88,83.41,25.07,61.74,6.5,45.02,brinjal
128.91,78.16,61.63,21.99,80.18,5.54,84.03,brinjal
65.06,62.56,44.79,24.11,84.87,6.32,52.64,brinjal
41.31,78.48,52.79,21.62,41.5,5.71,40.07,brinjal
129.57,23.32,42.52,22.1,68.67,5.94,111.03,brinjal
103.93,88.93,26.55,19.44,45.14,6.08,63.45,brinjal
43.03,76.51,39.28,26.17,80.69,7.09,42.75,brinjal
98.66,79.58,64.26,24.06,61.27,7.15,98.7,brinjal
75.19,54.71,53.0,17.81,73.63,7.17,111.91,brinjal
41.04,48.35,73.64,16.97,65.27,6.87,98.76,brinjal
73.05,21.19,69.28,17.5,70.06,6.55,119.52,brinjal
51.2,88.17,72.36,28.09,49.23,6.94,81.63,brinjal
110.02,68.88,48.62,29.21,61.91,6.43,118.66,brinjal
55.14,82.71,43.25,28.31,47.25,5.75,104.96,brinjal
64.06,50.79,34.02,25.86,76.87,6.87,54.77,brinjal
44.72,60.8,25.7,25.74,67.36,7.36,130.0,brinjal
105.53,77.92,55.53,19.36,43.07,6.91,113.23,capsicum
103.25,55.83,51.86,28.79,58.82,5.78,144.64,capsicum
116.15,82.74,88.99,21.55,47.77,6.49,93.91,capsicum
78.74,75.03,37.5,29.55,50.61,6.07,131.28,capsicum
63.4,70.74,39.17,21.14,63.48,5.99,130.56,capsicum
134.08,84.74,31.13,15.39,62.01,6.98,100.18,capsicum
136.07,89.13,67.79,18.92,60.08,5.63,83.32,capsicum
115.12,42.14,32.96,23.08,84.8,6.79,52.1,capsicum
83.17,36.04,76.84,21.27,62.18,7.26,72.66,capsicum
84.87,88.63,41.46,23.09,72.42,6.17,109.19,capsicum
82.14,78.18,58.97,25.9,68.66,6.89,82.9,capsicum
54.78,45.45,42.78,15.22,78.46,6.55,92.82,capsicum
110.45,24.65,28.79,25.76,42.04,7.24,95.89,capsicum
136.7,80.14,48.57,20.16,61.7,7.04,90.8,capsicum
112.01,89.38,72.42,22.7,77.11,6.49,103.9,capsicum
82.03,85.48,89.1,23.52,67.93,5.71,102.2,capsicum
132.93,36.96,74.23,18.82,75.69,6.06,105.51,capsicum
117.52,22.26,78.81,22.85,52.21,6.11,100.99,capsicum
114.11,32.47,24.91,18.47,71.72,6.31,123.92,capsicum
112.71,45.75,61.27,17.19,70.47,6.79,66.01,capsicum
106.64,29.71,88.03,23.22,86.11,6.84,63.61,capsicum
113.23,63.02,46.49,25.39,78.01,6.86,64.0,capsicum
136.55,83.67,50.39,28.9,89.67,6.19,61.03,capsicum
64.41,54.28,30.11,18.56,76.61,5.54,107.32,capsicum
80.79,69.7,38.11,22.18,50.65,5.53,135.08,capsicum
76.65,40.66,85.42,20.55,67.05,5.78,85.29,capsicum
127.53,77.71,77.26,28.72,51.54,5.6,54.32,capsicum
105.05,58.2,45.85,25.68,51.0,6.72,85.9,capsicum
53.94,74.29,32.9,27.0,78.06,6.37,89.88,capsicum
60.5,29.76,68.74,20.56,68.14,6.24,69.28,capsicum
56.3,73.37,50.3,17.29,83.66,5.81,65.21,chilli
55.72,59.17,74.44,15.46,86.24,6.9,131.42,chilli
82.19,50.58,26.57,18.94,83.54,6.07,139.09,chilli
123.35,84.44,29.84,21.34,81.68,6.12,66.92,chilli
42.06,57.34,58.51,18.18,52.95,6.77,59.0,chilli
118.6,81.06,49.41,16.95,68.54,6.09,51.55,chilli
110.93,59.15,39.0,18.71,76.19,7.33,78.69,chilli
98.54,35.45,52.56,23.71,55.26,6.71,99.62,chilli
44.35,28.31,49.0,17.22,67.31,6.69,108.77,chilli
128.53,62.58,74.01,16.73,83.65,7.36,105.05,chilli
122.76,58.5,50.42,17.41,64.03,6.93,127.38,chilli
129.38,56.27,86.15,20.58,40.93,6.35,99.5,chilli
117.28,36.34,21.77,25.84,49.56,7.2,102.26,chilli
53.58,56.47,74.06,18.36,87.79,5.61,56.34,chilli
99.45,67.36,62.15,28.85,50.07,5.59,99.11,chilli
75.15,47.73,47.69,28.23,54.26,6.88,102.42,chilli
68.42,83.84,37.89,19.51,49.63,6.9,116.25,chilli
76.51,28.24,61.68,20.06,67.53,6.81,40.15,chilli
44.57,77.33,80.75,16.31,51.15,6.35,131.61,chilli
70.9,86.95,26.36,28.58,42.85,6.7,146.89,chilli
112.17,83.96,44.6,29.33,85.18,6.05,124.88,chilli
131.76,34.96,47.41,26.56,68.68,7.34,87.69,chilli
84.8,31.72,39.21,28.12,53.07,7.29,128.32,chilli
97.03,41.13,20.1,16.77,81.41,7.42,145.87,chilli
68.02,85.57,50.82,20.52,85.44,7.14,114.64,chilli
68.61,27.49,32.8,18.95,49.6,6.64,74.61,chilli
61.55,81.39,45.8,15.05,40.47,6.6,43.27,chilli
95.73,21.79,52.85,24.28,67.0,5.93,132.24,chilli
137.25,76.96,85.24,29.57,58.39,6.59,85.52,chilli
118.65,31.77,35.85,21.77,67.22,7.48,76.95,chilli
40.39,47.15,81.38,16.44,65.93,6.7,132.3,pea
72.72,62.51,86.67,29.59,68.25,6.18,111.52,pea
113.04,67.62,67.26,20.77,75.81,6.2,65.58,pea
49.99,58.73,31.91,19.23,54.88,6.24,85.82,pea
137.47,56.84,58.44,21.01,67.38,7.13,97.49,pea
91.24,44.58,32.97,18.19,44.46,6.07,44.46,pea
81.56,60.11,28.03,26.34,62.59,6.75,87.32,pea
119.44,67.58,28.46,23.23,53.24,6.99,80.76,pea
62.4,22.36,89.02,16.79,52.57,7.36,45.6,pea
81.06,50.3,67.62,26.74,88.72,6.14,49.29,pea
61.54,20.35,38.84,24.3,84.71,5.7,69.49,pea
128.93,61.1,47.97,16.08,42.81,5.93,107.79,pea
45.8,55.19,77.25,15.04,54.37,6.33,107.08,pea
113.58,67.5,50.39,20.07,71.32,6.42,142.21,pea
92.91,60.99,66.61,22.24,64.61,6.83,105.96,pea
139.85,41.37,54.61,29.62,80.73,6.61,73.47,pea
57.86,49.11,49.85,21.49,52.8,6.46,103.11,pea
50.21,66.12,69.7,17.93,52.44,5.58,91.88,pea
107.51,48.82,61.22,24.08,42.22,5.61,95.78,pea
132.47,69.43,51.2,18.89,46.59,6.79,124.1,pea
79.28,25.97,39.39,25.61,78.55,6.3,137.6,pea
78.97,21.65,34.33,28.35,75.28,5.67,71.5,pea
79.48,53.69,21.77,28.83,66.56,6.03,43.47,pea
97.12,85.3,70.31,27.88,83.68,6.83,46.28,pea
71.1,60.73,49.13,18.26,43.38,7.23,113.38,pea
69.88,52.9,81.07,17.16,71.45,5.97,139.53,pea
120.04,86.36,46.8,22.61,56.07,6.2,144.88,pea
136.97,89.59,83.58,22.34,73.02,7.32,87.39,pea
131.88,75.81,39.88,20.39,74.53,5.83,68.15,pea
59.37,27.47,83.58,29.96,81.02,6.51,122.07,pea
108.7,50.89,56.43,16.92,52.1,6.19,79.28,pumpkin
105.92,36.91,36.64,28.12,79.1,7.36,125.69,pumpkin
59.51,54.15,78.38,27.09,51.41,6.46,104.81,pumpkin
41.1,37.05,71.91,25.0,62.36,6.64,98.04,pumpkin
74.58,25.97,71.94,26.59,61.74,7.04,131.03,pumpkin
109.16,76.57,87.65,15.6,87.1,6.4,125.55,pumpkin
113.71,26.9,61.05,16.34,76.59,6.18,81.41,pumpkin
67.29,76.68,64.85,19.48,77.06,5.87,128.22,pumpkin
100.44,73.62,63.13,29.78,74.76,6.43,104.96,pumpkin
96.69,39.98,41.44,26.98,80.9,7.43,115.49,pumpkin
90.48,47.65,69.36,24.74,87.16,7.0,82.22,pumpkin
67.84,23.15,74.63,21.42,59.72,5.61,94.48,pumpkin
129.83,39.41,72.04,26.38,73.01,6.69,67.43,pumpkin
107.45,60.92,87.68,22.73,57.73,7.31,108.7,pumpkin
74.14,65.48,30.67,17.83,84.21,6.43,128.21,pumpkin
61.47,52.95,36.6,27.03,69.86,6.29,82.29,pumpkin
61.12,34.73,68.33,19.68,45.22,6.27,89.82,pumpkin
138.81,46.97,48.23,29.58,76.05,6.42,83.79,pumpkin
62.53,30.68,53.07,24.61,45.29,6.45,59.06,pumpkin
100.17,44.12,66.61,26.74,60.23,6.27,48.67,pumpkin
61.18,63.51,76.48,17.08,88.81,7.33,80.23,pumpkin
93.91,67.08,43.04,20.5,76.09,6.47,88.06,pumpkin
96.28,28.14,52.94,19.42,48.36,6.55,117.25,pumpkin
92.59,54.93,66.88,21.32,89.08,5.93,40.91,pumpkin
96.85,68.67,46.77,20.99,57.14,5.99,127.09,pumpkin
126.33,39.54,59.52,21.89,46.58,6.97,98.5,pumpkin
139.07,83.69,83.24,18.93,45.49,7.12,51.91,pumpkin
108.73,32.29,69.36,15.81,44.38,7.24,96.7,pumpkin
85.05,88.05,74.9,18.39,75.3,6.27,91.03,pumpkin
71.3,35.89,41.19,19.09,49.44,7.25,81.69,pumpkin
96.06,76.79,67.48,17.35,87.65,7.36,132.32,bottle_gourd
72.95,78.12,64.93,15.47,58.88,6.9,99.87,bottle_gourd
134.78,75.34,78.54,29.7,57.15,7.32,40.27,bottle_gourd
119.87,26.15,54.97,21.62,43.59,6.77,126.63,bottle_gourd
62.35,37.17,73.96,22.93,40.92,6.11,143.81,bottle_gourd
67.6,40.24,51.57,28.3,80.47,6.27,113.27,bottle_gourd
42.77,24.54,46.04,24.51,47.03,5.59,133.86,bottle_gourd
58.6,23.83,26.0,16.19,54.3,6.66,112.21,bottle_gourd
68.59,56.07,43.27,23.7,45.46,6.75,40.03,bottle_gourd
132.27,34.65,58.81,17.83,62.22,6.03,110.51,bottle_gourd
117.93,79.12,88.19,21.83,67.47,6.2,71.7,bottle_gourd
90.81,88.12,23.9,26.21,56.14,6.7,69.21,bottle_gourd
111.88,54.73,41.71,21.72,40.23,5.7,139.85,bottle_gourd
48.24,47.83,66.87,15.54,86.56,5.91,145.85,bottle_gourd
83.37,61.03,62.26,16.33,65.31,7.0,126.85,bottle_gourd
113.46,67.63,28.96,21.14,65.46,5.58,124.25,bottle_gourd
50.21,59.5,38.69,17.44,87.63,6.74,120.59,bottle_gourd
100.65,59.5,81.08,15.95,58.93,5.94,105.61,bottle_gourd
79.44,84.45,36.32,19.04,85.86,6.94,87.21,bottle_gourd
77.34,71.38,30.4,25.83,51.34,7.11,48.13,bottle_gourd
131.42,80.33,21.71,17.4,85.72,7.14,72.11,bottle_gourd
120.09,60.6,37.29,25.32,60.74,5.78,133.63,bottle_gourd
111.75,37.06,49.89,25.24,58.56,6.02,97.91,bottle_gourd
135.05,26.65,37.63,22.25,89.24,7.49,40.92,bottle_gourd
104.19,29.67,34.49,17.03,64.99,7.49,146.23,bottle_gourd
76.72,82.88,68.24,16.11,85.05,6.05,147.64,bottle_gourd
53.22,82.99,55.89,22.73,49.15,6.48,123.55,bottle_gourd
95.62,88.62,57.41,28.56,46.68,6.97,105.98,bottle_gourd
128.28,43.52,52.41,27.19,52.79,6.24,133.11,bottle_gourd
104.84,54.27,21.09,26.46,60.75,5.98,82.46,bottle_gourd
53.74,78.86,75.81,29.49,73.71,5.82,86.49,ridge_gourd
139.56,20.07,43.95,17.24,48.54,6.05,108.09,ridge_gourd
46.73,80.7,50.11,17.6,45.06,6.55,78.41,ridge_gourd
90.1,27.56,44.86,22.58,44.21,6.5,132.47,ridge_gourd
98.99,29.04,64.19,16.24,47.1,5.52,98.35,ridge_gourd
57.76,39.51,28.44,28.43,47.26,6.85,128.69,ridge_gourd
84.93,60.78,43.33,27.28,74.28,5.66,117.42,ridge_gourd
54.07,53.67,32.84,22.27,72.76,6.97,75.79,ridge_gourd
45.47,51.52,84.01,23.28,70.97,7.03,110.18,ridge_gourd
134.88,86.83,71.7,27.11,47.09,6.03,118.2,ridge_gourd
98.05,80.35,74.18,19.97,48.57,6.82,52.2,ridge_gourd
89.49,39.3,48.08,24.81,71.68,6.73,46.66,ridge_gourd
129.4,69.34,83.49,24.19,72.32,7.28,122.07,ridge_gourd
103.46,22.8,21.68,25.75,82.35,6.27,63.17,ridge_gourd
84.14,78.89,72.88,16.96,50.08,5.92,122.0,ridge_gourd
65.08,82.21,48.81,17.9,60.77,5.78,136.72,ridge_gourd
42.31,49.17,46.51,15.58,51.09,7.48,134.49,ridge_gourd
82.07,81.12,83.57,27.86,76.31,6.63,96.27,ridge_gourd
111.63,62.11,88.12,17.7,84.92,7.01,88.68,ridge_gourd
124.81,40.04,47.39,23.65,88.49,5.99,133.22,ridge_gourd
105.73,84.4,41.0,24.95,84.42,7.27,116.81,ridge_gourd
123.97,64.38,58.68,17.88,65.92,7.45,144.07,ridge_gourd
44.21,41.25,36.76,27.63,49.1,7.03,61.58,ridge_gourd
73.99,88.07,28.77,23.73,53.74,7.01,47.38,ridge_gourd
107.71,38.03,87.01,19.93,73.47,5.56,143.34,ridge_gourd
103.36,84.0,72.06,15.9,77.18,6.26,62.08,ridge_gourd
129.05,66.47,44.44,16.08,72.46,5.62,66.31,ridge_gourd
44.84,32.05,72.34,19.01,89.31,6.06,127.92,ridge_gourd
113.6,65.05,62.34,17.1,81.43,7.35,98.42,ridge_gourd
58.72,26.02,37.92,29.58,55.86,6.06,97.79,ridge_gourd
43.46,75.27,74.56,19.61,41.49,7.3,129.05,bitter_gourd
116.39,34.74,86.79,24.61,41.59,7.46,116.81,bitter_gourd
58.41,82.34,61.8,24.55,41.39,5.93,127.15,bitter_gourd
41.38,33.56,24.87,23.74,46.89,7.07,89.69,bitter_gourd
118.23,83.93,88.02,17.88,58.22,7.09,76.57,bitter_gourd
133.81,43.53,63.87,18.84,76.15,6.07,86.43,bitter_gourd
112.31,77.97,29.81,17.6,50.6,7.03,114.13,bitter_gourd
111.71,76.53,36.37,22.45,40.25,6.2,106.1,bitter_gourd
66.04,75.65,34.86,21.63,74.2,5.94,113.0,bitter_gourd
80.03,23.39,27.39,24.78,81.13,6.86,134.92,bitter_gourd
106.57,74.5,78.67,23.93,66.57,5.82,65.98,bitter_gourd
48.58,27.78,47.42,19.38,68.14,7.16,69.58,bitter_gourd
129.44,78.38,33.45,23.85,49.87,5.63,64.23,bitter_gourd
60.42,20.53,21.79,27.11,83.26,7.23,48.08,bitter_gourd
42.35,80.02,46.23,20.18,75.03,6.56,76.23,bitter_gourd
55.01,28.04,69.85,28.58,41.92,5.95,97.73,bitter_gourd
66.65,54.24,55.13,18.96,45.86,6.34,129.22,bitter_gourd
53.83,57.66,76.74,23.56,57.34,7.36,125.95,bitter_gourd
139.69,40.98,53.87,21.75,82.02,6.74,100.53,bitter_gourd
91.47,82.36,44.72,16.97,48.81,5.99,50.53,bitter_gourd
137.66,58.86,75.85,21.81,66.06,5.95,137.99,bitter_gourd
82.04,48.41,71.96,28.03,89.87,6.46,86.64,bitter_gourd
122.61,49.74,34.17,22.17,55.3,6.02,124.99,bitter_gourd
74.91,63.77,41.2,16.71,79.05,7.05,117.54,bitter_gourd
100.99,32.2,55.1,27.5,79.21,6.68,109.42,bitter_gourd
57.05,23.87,79.22,15.27,52.68,6.3,117.02,bitter_gourd
109.69,80.67,85.09,19.07,52.45,5.74,76.29,bitter_gourd
50.28,87.28,60.24,22.37,42.87,7.32,66.94,bitter_gourd
116.97,34.33,38.94,17.06,66.75,6.07,102.87,bitter_gourd
111.5,35.81,29.21,22.73,59.99,6.39,80.52,bitter_gourd
56.49,28.59,70.9,24.51,74.39,6.78,96.46,snake_gourd
59.65,83.98,57.29,21.87,53.06,6.25,147.9,snake_gourd
80.62,76.28,28.7,23.99,53.59,5.97,73.4,snake_gourd
79.64,65.06,48.52,27.92,47.75,7.21,88.03,snake_gourd
119.25,47.63,38.01,28.42,71.83,6.94,97.48,snake_gourd
111.05,86.96,71.85,29.53,57.47,6.1,137.17,snake_gourd
123.39,82.2,50.48,21.2,87.37,5.91,58.3,snake_gourd
57.19,41.19,49.24,20.75,63.01,5.57,77.61,snake_gourd
90.82,23.79,53.7,28.58,72.66,7.39,134.6,snake_gourd
89.39,21.48,24.17,23.64,82.13,6.16,54.48,snake_gourd
115.9,57.73,52.76,16.92,67.69,6.65,118.16,snake_gourd
130.22,25.31,78.17,19.82,60.78,6.19,128.83,snake_gourd
84.11,25.0,53.19,17.22,40.79,5.6,81.87,snake_gourd
85.07,20.05,29.57,28.53,67.19,7.46,99.66,snake_gourd
135.43,68.4,47.11,15.75,47.39,7.08,112.84,snake_gourd
69.73,31.43,64.8,28.95,52.42,7.49,98.75,snake_gourd
60.81,32.77,69.81,28.92,50.16,5.98,55.74,snake_gourd
60.85,35.79,49.22,18.57,73.15,5.98,69.3,snake_gourd
81.87,31.85,23.58,16.36,40.24,6.85,45.41,snake_gourd
87.95,82.24,63.01,19.59,60.11,6.35,75.31,snake_gourd
45.37,30.95,30.02,18.12,56.54,5.71,107.73,snake_gourd
59.97,55.73,68.53,22.46,77.05,7.06,89.24,snake_gourd
61.23,22.98,68.5,20.51,54.54,5.67,59.8,snake_gourd
129.16,53.04,79.3,27.67,52.41,5.95,137.54,snake_gourd
63.68,61.89,85.55,21.99,61.24,7.41,134.93,snake_gourd
132.7,69.49,35.68,15.72,41.08,7.35,99.71,snake_gourd
128.32,87.03,36.61,29.55,53.69,5.86,69.93,snake_gourd
139.55,85.78,44.67,22.23,81.19,7.11,138.72,snake_gourd
76.23,36.26,55.9,29.01,70.66,7.24,61.58,snake_gourd
90.73,84.2,59.95,26.91,80.38,6.39,115.83,snake_gourd
109.18,50.77,56.41,27.15,84.08,7.47,80.42,ash_gourd
107.61,58.56,79.63,18.61,63.35,6.01,128.35,ash_gourd
111.03,20.45,27.59,17.12,69.56,7.05,77.83,ash_gourd
47.94,60.98,63.01,21.46,53.54,6.19,65.56,ash_gourd
121.28,46.71,69.94,23.24,51.46,6.06,113.75,ash_gourd
126.31,84.22,30.78,18.89,44.96,5.88,82.52,ash_gourd
111.81,84.12,61.36,17.18,58.82,5.79,70.75,ash_gourd
97.46,55.12,32.04,19.14,84.81,6.76,106.16,ash_gourd
72.21,40.94,73.3,15.23,72.69,7.41,109.89,ash_gourd
44.81,22.37,74.95,17.78,61.1,6.8,114.26,ash_gourd
68.79,67.76,83.96,22.02,59.82,6.87,136.06,ash_gourd
108.69,84.91,74.71,29.35,52.51,6.85,63.04,ash_gourd
51.75,43.91,86.21,19.42,55.44,7.35,148.01,ash_gourd
115.75,44.68,77.63,15.98,40.51,5.63,76.82,ash_gourd
64.12,80.14,51.27,27.77,64.39,6.24,77.33,ash_gourd
44.75,51.83,86.58,29.57,86.58,5.7,88.64,ash_gourd
123.39,30.78,24.57,18.09,44.21,6.98,118.39,ash_gourd
138.84,23.54,69.19,26.9,48.93,5.66,147.79,ash_gourd
119.05,24.84,33.1,24.88,48.55,6.37,56.5,ash_gourd
49.16,53.91,57.98,27.71,40.19,6.21,47.93,ash_gourd
95.26,31.57,43.18,29.54,72.47,6.84,106.63,ash_gourd
60.16,67.93,87.92,16.34,81.95,6.19,62.14,ash_gourd
105.52,79.57,31.69,17.96,65.04,5.91,95.75,ash_gourd
139.01,21.8,49.94,18.03,48.33,6.68,144.22,ash_gourd
86.97,59.09,68.95,27.89,88.34,6.17,59.5,ash_gourd
131.66,62.36,81.8,17.2,79.46,5.74,54.51,ash_gourd
52.11,45.34,49.07,24.86,86.89,6.36,103.64,ash_gourd
81.08,46.8,38.55,15.08,52.79,6.95,127.88,ash_gourd
108.6,50.87,48.77,17.84,52.13,7.5,104.64,ash_gourd
80.41,57.46,54.48,19.41,60.89,6.36,138.83,ash_gourd
129.1,40.17,51.89,18.33,87.64,5.77,92.96,cucumber
41.21,52.25,52.2,15.21,47.58,6.5,92.13,cucumber
70.34,23.79,42.69,20.22,45.19,6.7,64.2,cucumber
93.17,69.69,21.0,22.47,71.86,7.29,115.94,cucumber
123.77,66.38,35.7,27.2,77.79,6.47,141.79,cucumber
44.88,83.55,45.02,23.14,79.85,5.83,94.56,cucumber
41.52,22.54,86.92,18.29,61.34,5.74,142.53,cucumber
90.68,79.86,39.05,21.95,52.35,6.68,117.79,cucumber
97.34,60.91,41.71,29.29,40.97,5.83,113.41,cucumber
137.29,79.32,37.24,29.15,62.83,6.64,111.21,cucumber
101.75,81.57,82.91,19.74,84.61,6.13,115.22,cucumber
55.79,64.64,41.03,29.92,73.25,6.27,145.82,cucumber
51.55,72.28,65.4,15.26,62.99,5.73,149.98,cucumber
49.97,64.49,58.02,16.88,86.72,6.65,107.99,cucumber
66.33,30.77,42.81,15.52,50.06,6.49,82.96,cucumber
116.04,29.93,34.44,22.85,74.36,6.13,62.74,cucumber
52.51,45.45,46.55,26.95,52.01,6.18,121.97,cucumber
60.71,22.7,88.06,28.72,55.8,6.07,90.6,cucumber
61.03,75.06,81.96,25.68,59.97,7.18,143.0,cucumber
58.38,66.79,32.09,29.79,79.78,6.32,121.52,cucumber
69.32,24.45,55.95,16.13,62.84,7.21,103.48,cucumber
66.59,34.85,59.07,22.64,85.18,5.84,91.26,cucumber
84.77,46.38,33.03,20.75,67.14,5.89,75.26,cucumber
92.69,85.8,53.78,20.19,41.72,6.54,77.85,cucumber
51.58,53.19,63.13,20.27,76.76,6.76,46.9,cucumber
44.93,56.79,62.37,23.35,51.46,6.19,118.95,cucumber
79.69,57.03,35.99,24.43,63.97,5.51,122.99,cucumber
120.31,89.09,85.96,25.53,63.34,6.03,117.4,cucumber
81.89,42.6,28.18,24.08,75.53,7.04,56.78,cucumber
60.49,64.61,29.07,28.29,86.37,6.76,68.76,cucumber
96.23,73.63,44.14,24.74,70.07,7.32,125.37,zucchini
106.92,58.14,82.29,24.04,74.46,6.12,51.81,zucchini
95.78,35.57,87.87,18.32,84.78,6.17,61.09,zucchini
97.72,42.56,89.56,24.26,45.05,6.12,52.3,zucchini
89.36,56.94,42.11,25.09,62.24,7.14,114.7,zucchini
65.87,78.1,22.07,18.53,41.42,7.4,98.91,zucchini
124.13,89.3,26.4,28.5,41.04,6.9,127.25,zucchini
78.48,82.31,73.67,22.46,54.05,5.82,48.38,zucchini
94.14,56.74,33.13,22.96,43.97,6.1,113.6,zucchini
55.13,56.61,29.36,28.23,50.57,7.36,141.01,zucchini
136.47,39.76,67.71,16.05,88.6,6.88,44.07,zucchini
53.84,27.39,44.35,29.06,79.45,6.15,129.05,zucchini
41.06,58.14,47.25,16.13,85.97,6.82,149.52,zucchini
104.0,63.47,28.92,22.14,84.84,6.62,110.2,zucchini
85.97,45.07,20.82,18.28,49.31,5.68,45.96,zucchini
115.56,89.68,68.84,27.46,50.48,7.2,81.88,zucchini
125.47,36.65,40.93,22.9,51.18,6.02,119.94,zucchini
118.93,88.81,65.82,20.26,63.45,6.67,105.17,zucchini
131.74,59.7,87.3,22.17,62.31,5.56,75.65,zucchini
88.28,20.81,50.77,16.74,53.37,7.27,140.7,zucchini
51.44,61.15,54.05,15.8,54.87,6.57,86.78,zucchini
96.97,24.62,62.91,24.17,49.48,6.63,142.75,zucchini
129.11,63.17,56.45,26.25,62.69,6.91,81.0,zucchini
95.51,71.37,60.96,24.04,59.21,6.2,112.08,zucchini
84.59,50.87,46.52,19.36,71.3,7.26,61.44,zucchini
104.97,57.2,64.6,24.95,60.0,5.52,79.97,zucchini
92.12,64.07,84.87,24.86,72.66,6.2,127.38,zucchini
52.96,81.96,54.27,21.8,74.61,6.59,149.52,zucchini
52.06,24.46,61.64,18.39,51.37,7.5,98.2,zucchini
69.3,45.53,35.79,18.78,46.74,7.45,120.83,zucchini
75.96,27.62,88.29,28.35,44.75,7.24,100.65,squash
138.49,50.83,50.48,15.13,68.81,5.98,136.92,squash
62.38,81.8,43.35,27.1,75.7,7.37,103.26,squash
76.03,38.4,36.44,16.55,54.95,6.13,130.52,squash
40.69,55.14,55.53,17.37,74.67,5.91,121.75,squash
56.95,81.5,41.85,16.42,47.52,5.91,54.53,squash
71.4,87.95,46.23,20.91,77.65,5.65,49.64,squash
127.0,42.9,32.23,17.75,77.18,7.46,83.87,squash
111.16,52.32,34.27,19.72,56.96,6.0,127.3,squash
49.09,47.05,71.43,15.5,88.18,6.73,111.75,squash
59.23,34.23,79.03,29.63,40.75,7.13,62.0,squash
47.7,61.77,26.66,27.61,82.21,6.07,55.93,squash
91.3,72.45,22.65,25.57,46.18,6.26,58.15,squash
48.1,57.44,40.96,28.67,85.2,6.95,96.29,squash
104.66,43.28,52.83,23.22,61.06,6.39,133.72,squash
138.9,71.51,80.1,19.58,43.72,5.95,94.99,squash
116.47,71.38,84.05,26.68,54.94,5.61,93.04,squash
72.99,80.89,83.39,23.07,78.69,6.95,97.18,squash
84.2,86.72,75.83,23.57,89.35,5.8,124.63,squash
95.01,42.51,28.88,23.72,83.45,5.85,138.83,squash
138.69,33.58,58.67,22.28,56.78,5.74,69.42,squash
134.16,78.8,86.6,22.48,64.96,5.62,86.94,squash
98.16,89.54,24.5,24.85,42.34,7.44,62.22,squash
109.39,64.39,34.4,21.93,61.15,5.86,83.59,squash
46.34,69.53,87.98,23.13,59.98,6.53,55.86,squash
113.89,68.38,27.27,20.67,46.14,6.9,41.64,squash
127.04,24.54,78.48,17.88,66.45,6.92,143.28,squash
127.49,30.66,70.1,21.45,48.37,6.42,143.16,squash
41.93,68.92,57.97,28.24,63.76,6.0,133.62,squash
50.83,68.21,40.56,15.81,48.39,7.2,57.28,squash
131.84,30.32,84.97,15.79,72.96,6.57,105.63,sweetcorn
132.52,35.88,89.54,23.55,80.45,6.0,149.69,sweetcorn
112.05,52.99,35.22,28.18,68.01,7.48,137.23,sweetcorn
114.88,70.54,31.75,27.45,75.74,5.7,47.62,sweetcorn
50.15,35.32,73.5,26.51,74.74,6.24,143.19,sweetcorn
55.16,35.93,50.87,18.91,76.8,7.17,121.79,sweetcorn
72.35,60.61,42.05,23.23,66.55,5.81,132.96,sweetcorn
121.25,74.44,26.41,18.51,77.47,7.12,107.93,sweetcorn
133.3,49.83,35.88,22.11,55.07,6.26,126.05,sweetcorn
72.34,69.9,61.52,15.33,65.52,7.23,111.23,sweetcorn
125.12,64.74,89.63,15.58,61.26,5.9,123.22,sweetcorn
69.41,66.54,65.88,15.26,70.71,6.16,67.82,sweetcorn
104.55,64.24,34.96,25.67,43.75,5.61,137.63,sweetcorn
132.84,86.28,89.63,26.11,68.44,6.56,98.86,sweetcorn
134.35,87.67,50.51,18.02,66.89,6.35,129.0,sweetcorn
132.21,63.39,25.74,23.02,46.43,6.57,130.06,sweetcorn
107.31,52.74,31.06,28.97,83.57,6.48,45.75,sweetcorn
107.65,48.07,47.82,20.67,53.75,5.78,111.54,sweetcorn
91.83,50.17,72.53,22.54,48.09,6.04,101.45,sweetcorn
106.63,64.35,72.22,20.36,78.34,6.67,67.98,sweetcorn
52.53,63.81,79.3,29.26,80.83,7.15,104.89,sweetcorn
64.55,40.74,80.31,19.1,64.21,6.6,41.96,sweetcorn
51.13,34.0,75.72,26.78,44.37,5.82,148.52,sweetcorn
56.58,75.99,61.05,28.08,76.84,5.69,124.63,sweetcorn
111.53,22.92,85.96,19.39,63.22,6.55,101.08,sweetcorn
97.01,24.6,79.74,22.85,44.92,6.51,60.82,sweetcorn
83.17,70.34,72.76,17.42,54.38,7.44,109.13,sweetcorn
58.57,62.68,37.36,16.11,72.91,5.72,55.44,sweetcorn
107.82,87.66,24.81,26.24,47.14,5.62,41.83,sweetcorn
42.02,71.16,83.51,15.19,47.51,5.59,84.78,sweetcorn
72.21,33.44,77.08,24.84,71.62,5.79,198.08,banana
52.93,33.79,89.23,26.13,62.55,6.82,249.85,banana
94.92,28.14,66.81,29.47,69.21,6.27,223.0,banana
46.32,58.25,58.07,31.34,78.97,5.98,157.45,banana
99.6,46.61,24.39,31.94,62.72,5.78,122.9,banana
41.51,83.76,29.79,28.51,87.24,7.04,188.69,banana
68.46,67.17,76.48,25.65,51.43,6.32,189.74,banana
128.97,61.38,38.69,29.8,47.52,5.71,101.42,banana
97.64,60.48,52.52,28.43,49.4,5.92,187.75,banana
80.35,54.94,84.02,27.74,77.2,5.62,173.59,banana
45.39,33.89,33.2,27.07,47.95,7.37,145.08,banana
70.43,24.98,45.84,30.27,67.31,7.29,192.58,banana
104.4,49.89,78.47,27.6,46.97,5.95,219.59,banana
45.78,32.63,63.89,29.46,63.28,6.8,162.98,banana
98.98,22.71,48.85,31.79,68.76,6.18,193.48,banana
137.63,52.59,49.13,30.57,82.54,5.95,200.26,banana
69.88,44.74,76.21,26.9,85.72,6.47,230.09,banana
52.91,48.31,22.37,30.86,84.48,6.47,169.72,banana
137.04,47.06,41.42,25.1,85.95,7.1,179.06,banana
112.95,78.51,66.82,24.87,72.43,7.24,171.32,banana
82.72,65.11,33.35,25.8,74.01,7.49,117.05,banana
106.49,55.24,22.63,25.29,55.25,6.88,119.91,banana
77.34,63.43,72.83,31.97,81.89,5.88,183.88,banana
100.61,58.67,61.81,27.06,51.9,6.83,231.0,banana
108.23,66.06,87.05,26.03,68.75,7.15,197.9,banana
40.12,55.76,77.17,25.62,59.69,7.46,168.13,banana
94.34,61.82,79.49,27.65,84.93,6.91,160.2,banana
101.5,41.03,23.63,27.88,42.29,6.1,226.48,banana
137.05,33.86,31.61,26.83,62.53,5.78,221.01,banana
55.73,57.76,39.05,29.17,45.81,6.49,227.18,banana
41.68,33.53,25.05,29.02,73.54,5.98,232.5,mango
57.3,54.2,71.09,27.61,43.29,5.59,107.23,mango
134.57,82.93,41.03,24.29,71.74,5.9,231.1,mango
131.86,74.74,74.38,28.67,81.59,6.26,201.35,mango
41.27,68.62,51.14,29.91,79.27,6.41,198.71,mango
98.53,63.18,20.56,25.35,52.87,6.91,235.34,mango
102.84,73.07,64.53,24.88,52.76,6.66,206.94,mango
81.92,68.64,43.39,25.89,48.45,6.33,176.46,mango
50.98,85.11,20.59,28.39,57.34,7.38,125.15,mango
42.56,68.34,46.48,28.91,73.33,6.38,190.64,mango
108.13,43.0,33.64,27.92,68.45,5.6,103.33,mango
83.07,26.3,56.72,26.37,54.78,7.0,204.13,mango
46.7,61.78,89.48,27.64,89.24,5.97,113.66,mango
72.71,36.42,31.18,25.53,65.05,7.12,210.2,mango
43.98,73.66,64.67,25.6,40.34,7.22,98.56,mango
65.39,41.29,75.75,29.67,85.78,7.2,222.94,mango
87.22,23.93,36.44,24.84,45.79,5.77,130.84,mango
45.03,40.67,79.88,25.45,65.44,7.2,77.73,mango
112.71,58.01,22.12,29.34,79.77,5.7,243.23,mango
97.71,64.45,34.87,24.18,75.26,6.93,106.73,mango
43.4,60.22,41.55,26.07,83.4,6.63,95.64,mango
109.9,70.44,59.76,29.72,63.79,6.8,84.77,mango
70.1,41.0,50.08,27.07,45.73,6.88,84.54,mango
65.23,60.96,21.69,25.97,80.47,6.96,140.73,mango
56.7,72.52,80.84,24.49,60.92,6.6,196.31,mango
60.27,77.55,62.63,28.79,87.41,6.87,192.34,mango
69.75,39.12,46.16,28.86,69.8,6.06,232.94,mango
91.68,88.52,65.72,28.41,57.24,7.48,158.93,mango
107.37,48.25,56.61,25.06,58.42,6.33,205.0,mango
55.84,33.84,65.06,26.84,84.1,5.54,152.45,mango
123.14,72.85,44.7,25.23,59.85,5.01,75.42,papaya
62.83,81.05,33.44,22.0,67.89,6.74,183.18,papaya
70.92,43.89,20.9,29.12,58.86,5.73,99.37,papaya
89.35,30.49,42.8,19.47,49.52,6.32,122.32,papaya
50.73,81.02,24.16,23.78,54.65,5.14,116.2,papaya
84.11,68.24,38.14,23.31,85.02,6.59,144.63,papaya
61.22,75.0,85.14,21.36,82.54,5.93,150.97,papaya
42.57,36.99,36.85,20.84,81.3,7.38,120.57,papaya
120.21,41.09,60.67,20.72,85.46,6.29,172.17,papaya
119.42,56.66,54.29,27.96,63.71,6.44,116.8,papaya
55.26,35.63,87.98,26.27,40.91,5.47,170.82,papaya
91.12,89.23,83.23,19.0,80.3,7.46,201.74,papaya
135.32,46.66,64.04,27.59,79.83,6.79,215.87,papaya
73.74,75.66,61.78,31.46,56.2,6.55,223.56,papaya
116.0,68.81,30.2,20.18,55.9,6.63,66.21,papaya
105.96,28.4,33.54,21.89,67.43,6.8,239.89,papaya
62.85,25.99,80.04,26.26,85.95,6.79,84.72,papaya
76.21,35.35,51.51,22.0,83.07,7.24,95.95,papaya
139.98,87.36,46.97,30.24,87.3,6.84,128.97,papaya
102.94,73.67,43.77,24.65,44.45,5.39,211.15,papaya
70.86,69.17,50.05,27.95,54.27,5.22,186.82,papaya
65.69,34.32,52.43,24.95,84.53,6.74,142.75,papaya
84.09,61.99,29.08,22.17,70.19,7.35,174.19,papaya
60.98,87.72,75.73,21.12,58.42,5.08,204.79,papaya
61.81,77.85,70.24,28.87,68.23,5.61,66.85,papaya
99.44,20.92,56.34,28.84,47.02,6.09,162.81,papaya
55.08,34.11,62.73,20.43,47.61,5.55,238.01,papaya
129.74,27.8,60.11,23.76,41.54,5.63,183.58,papaya
41.95,87.09,39.99,22.87,87.45,5.35,84.82,papaya
87.24,41.93,42.33,26.16,87.5,6.04,68.34,papaya
77.3,79.69,50.28,18.85,52.48,5.57,126.62,pineapple
71.82,66.96,70.34,18.63,47.28,7.06,226.36,pineapple
118.84,32.41,68.5,19.05,73.76,5.55,219.56,pineapple
124.33,52.71,70.79,31.22,84.66,6.62,177.02,pineapple
75.69,67.84,29.85,24.41,44.26,5.23,186.87,pineapple
82.62,34.53,86.42,22.07,66.97,6.23,95.07,pineapple
139.36,73.09,82.43,22.19,85.55,7.28,238.93,pineapple
57.79,30.9,25.83,19.26,75.07,5.13,148.29,pineapple
75.51,70.99,23.25,28.09,87.9,5.74,136.68,pineapple
114.08,41.38,79.24,31.95,51.13,6.18,87.76,pineapple
95.77,47.54,88.06,28.18,89.61,7.03,216.72,pineapple
78.25,66.54,27.92,22.87,86.06,7.45,92.92,pineapple
89.47,48.34,63.4,26.31,53.05,7.2,145.5,pineapple
117.56,70.54,88.61,25.21,69.45,6.93,103.61,pineapple
44.5,76.92,68.59,28.5,80.01,5.5,226.81,pineapple
104.02,86.11,58.92,30.12,42.84,5.41,165.09,pineapple
106.76,47.02,25.04,30.4,43.58,7.22,104.27,pineapple
110.6,61.51,36.54,22.6,52.06,6.33,112.8,pineapple
94.38,39.73,28.43,27.75,53.08,7.37,136.99,pineapple
66.22,70.27,83.09,23.18,76.67,5.83,248.88,pineapple
70.02,22.57,20.27,25.6,71.23,5.72,138.67,pineapple
80.87,45.43,33.26,25.62,73.32,5.07,227.42,pineapple
65.94,53.27,35.24,27.43,60.3,6.45,137.5,pineapple
90.81,26.06,88.71,23.96,56.55,7.12,115.94,pineapple
119.11,49.69,28.16,26.04,54.01,5.5,248.07,pineapple
133.7,53.01,76.53,27.38,55.14,5.32,170.44,pineapple
59.08,72.85,61.64,21.08,78.84,7.42,151.21,pineapple
136.99,51.48,21.22,24.47,57.62,7.29,159.27,pineapple
136.07,31.38,46.82,18.2,42.57,6.78,66.26,pineapple
62.22,50.4,84.46,21.31,40.22,6.75,192.33,pineapple
53.86,84.96,80.57,31.11,81.19,6.37,193.24,guava
52.4,65.07,44.82,22.7,55.65,5.2,214.01,guava
116.43,20.65,55.91,18.32,67.26,5.42,242.56,guava
71.88,56.64,38.36,30.66,40.42,5.76,102.89,guava
114.63,46.03,80.32,22.59,46.29,6.14,76.38,guava
55.23,56.6,60.2,20.99,48.99,6.3,144.6,guava
88.16,66.96,29.87,18.16,43.24,6.99,193.5,guava
55.34,43.13,41.55,30.92,60.62,6.79,76.32,guava
44.14,35.75,64.91,24.26,83.61,7.06,186.24,guava
139.72,87.21,81.81,19.25,59.98,5.36,176.28,guava
90.51,26.46,25.56,24.51,71.24,6.02,149.64,guava
103.43,68.86,69.55,23.81,48.59,7.17,67.73,guava
60.58,33.34,61.6,26.7,44.99,6.29,169.22,guava
108.66,25.17,70.9,21.78,59.24,5.31,220.01,guava
101.81,76.88,56.04,19.54,60.06,5.2,78.76,guava
120.63,20.0,47.24,18.58,78.22,7.48,66.22,guava
76.37,88.3,37.56,22.34,89.36,7.3,133.4,guava
107.05,75.59,44.82,18.03,58.7,6.73,243.23,guava
84.17,48.76,46.65,26.5,41.11,7.28,241.28,guava
43.12,20.43,41.98,20.04,78.48,7.17,163.72,guava
134.39,35.97,33.72,23.37,62.57,5.5,235.0,guava
115.09,40.17,35.85,21.97,59.77,6.64,207.46,guava
134.99,25.68,33.69,23.32,87.6,6.14,196.62,guava
122.93,52.26,46.4,28.87,72.01,7.48,111.43,guava
135.34,54.05,80.82,26.98,68.18,7.14,75.31,guava
68.06,54.13,77.38,20.61,78.99,5.22,126.52,guava
86.37,70.05,56.59,29.89,74.63,5.96,158.98,guava
78.9,81.08,41.26,20.53,52.22,5.63,213.83,guava
108.68,37.17,49.4,30.53,88.04,5.56,239.33,guava
45.83,89.91,42.45,31.36,41.57,6.72,235.64,guava
122.01,60.05,30.9,13.32,87.15,6.8,106.55,apple
74.39,62.92,41.23,12.99,83.44,5.67,155.94,apple
80.57,52.92,81.01,20.44,78.72,5.52,177.23,apple
119.26,20.04,35.79,20.23,83.47,6.31,186.68,apple
48.77,38.19,77.42,21.11,51.16,6.35,132.59,apple
113.87,47.88,42.33,20.67,74.79,6.04,165.71,apple
66.23,55.05,33.14,14.81,60.93,5.63,117.41,apple
75.16,42.89,55.47,22.59,82.48,5.94,96.16,apple
48.79,81.98,73.19,20.34,85.39,6.1,100.55,apple
49.1,47.96,73.77,11.19,61.89,5.62,105.71,apple
95.35,65.5,85.98,14.49,51.62,5.59,102.53,apple
43.49,20.09,28.07,17.51,62.83,6.86,138.28,apple
48.69,30.22,69.03,23.72,77.47,5.85,121.46,apple
83.74,50.34,39.78,12.16,41.32,6.82,197.02,apple
137.81,46.61,68.12,12.89,45.63,5.5,119.97,apple
119.78,56.93,36.36,16.74,67.04,5.79,133.72,apple
132.91,51.34,89.32,20.12,46.43,6.88,163.08,apple
84.31,33.22,66.09,12.66,63.07,5.73,129.63,apple
136.73,61.86,55.89,18.66,72.73,6.4,114.22,apple
61.25,62.45,85.05,22.21,64.42,5.94,150.49,apple
44.67,54.77,74.84,23.54,44.55,5.8,137.58,apple
100.88,87.47,27.51,11.8,64.23,6.69,83.45,apple
78.04,69.76,49.43,12.51,43.56,6.64,141.22,apple
93.82,67.83,73.39,15.63,58.27,6.88,89.1,apple
117.66,52.27,57.3,13.51,87.14,5.96,118.46,apple
45.95,82.4,78.08,10.71,47.4,5.93,83.43,apple
89.76,79.39,70.4,17.04,88.96,5.96,118.14,apple
66.58,62.19,52.64,11.74,64.62,6.95,185.26,apple
102.37,80.37,54.04,16.95,74.8,5.8,151.2,apple
90.17,40.86,54.81,12.49,72.13,5.67,133.61,apple
45.56,57.8,26.79,29.54,40.9,7.02,116.79,pear
135.44,43.01,30.12,27.37,52.18,7.03,150.77,pear
66.74,61.37,35.61,21.71,44.1,5.59,101.56,pear
55.9,49.12,51.45,26.32,67.56,6.71,176.61,pear
87.07,79.82,29.9,21.85,40.61,7.27,227.21,pear
80.77,78.99,59.34,31.03,85.07,5.83,112.99,pear
81.57,86.93,52.77,23.07,41.19,5.96,235.79,pear
81.91,75.64,82.78,31.12,76.64,6.24,116.97,pear
134.04,76.35,72.02,18.78,72.42,6.72,85.63,pear
72.66,51.82,37.75,19.5,47.6,6.14,62.52,pear
119.32,49.19,39.51,21.52,55.81,6.5,195.87,pear
83.01,70.05,60.1,29.36,76.44,6.91,64.61,pear
75.13,28.09,78.11,20.3,86.19,5.86,88.94,pear
109.74,32.97,45.45,24.14,71.68,6.29,186.11,pear
119.25,87.71,63.46,23.97,64.81,5.87,218.43,pear
94.65,68.76,77.34,27.75,84.34,6.13,192.4,pear
128.51,54.14,77.46,21.91,47.96,7.13,164.8,pear
136.2,61.9,38.05,19.7,84.92,5.63,91.41,pear
92.81,70.23,60.18,18.67,79.08,6.69,121.75,pear
132.24,54.63,73.73,19.27,55.36,6.89,189.97,pear
110.17,68.52,21.93,29.98,42.08,5.61,117.51,pear
89.97,26.71,49.99,19.96,56.77,5.86,81.55,pear
120.3,22.14,34.07,30.5,60.26,7.36,118.42,pear
91.88,56.91,48.34,31.85,60.1,6.99,156.34,pear
74.92,79.21,84.68,18.22,69.94,6.89,156.37,pear
80.4,70.34,30.98,24.65,50.0,7.16,209.27,pear
79.66,75.03,57.97,27.16,51.96,6.93,183.31,pear
139.68,38.36,48.16,28.91,52.94,6.91,221.44,pear
56.6,70.96,40.33,21.82,57.6,6.95,181.25,pear
78.38,67.78,76.81,20.75,83.24,6.3,180.79,pear
126.04,34.96,52.75,27.93,40.8,5.98,162.93,peach
84.91,55.32,78.59,19.6,76.0,5.71,75.9,peach
86.21,29.04,52.12,20.36,62.23,5.34,249.26,peach
60.94,51.05,62.28,27.44,46.47,7.12,130.65,peach
48.28,50.11,63.56,23.06,76.4,5.78,215.02,peach
133.28,77.18,24.37,23.88,66.61,5.96,95.28,peach
98.84,28.34,31.72,23.85,89.84,5.96,243.5,peach
107.31,65.26,83.97,26.16,76.95,6.18,211.18,peach
127.51,20.08,85.4,18.45,72.0,5.18,203.67,peach
83.27,29.56,79.01,21.46,85.05,5.96,166.13,peach
84.53,73.31,44.81,25.19,51.5,5.84,80.97,peach
66.13,39.46,68.27,20.03,47.69,7.43,181.94,peach
48.58,80.54,73.14,26.53,88.1,6.33,86.43,peach
41.16,26.32,52.46,25.74,81.69,5.18,73.5,peach
49.56,45.45,85.52,28.93,42.19,6.48,94.39,peach
62.49,42.51,37.26,22.14,51.2,5.86,172.28,peach
96.25,71.03,39.58,18.38,68.59,5.78,99.9,peach
80.91,86.24,61.93,28.04,42.19,6.36,192.98,peach
126.47,73.24,23.54,31.83,40.82,6.93,149.48,peach
132.85,86.29,72.31,19.16,72.34,5.29,140.68,peach
52.98,41.1,23.67,25.55,44.6,5.61,207.71,peach
69.31,60.55,80.56,26.91,80.95,7.33,106.6,peach
58.62,89.6,84.24,22.51,86.3,5.22,103.15,peach
126.36,27.3,80.32,21.12,78.5,5.32,155.17,peach
97.45,59.09,80.4,18.49,75.42,7.13,159.13,peach
63.57,75.81,50.1,21.66,78.65,6.91,216.62,peach
89.39,21.05,21.66,25.73,41.83,6.55,85.31,peach
117.61,21.39,68.31,21.12,89.96,6.19,158.2,peach
124.92,39.84,88.0,22.13,41.85,5.7,129.78,peach
99.71,24.66,83.33,28.89,77.28,7.47,69.95,peach
108.63,79.92,32.48,23.77,49.99,7.31,149.53,plum
123.03,37.65,62.12,28.45,57.1,5.67,76.11,plum
102.83,48.71,34.01,22.49,55.96,5.31,172.67,plum
55.47,35.14,45.27,31.84,75.46,5.53,220.45,plum
133.87,43.11,75.81,26.81,67.7,7.26,187.44,plum
104.8,85.59,51.91,19.46,40.37,6.81,149.26,plum
127.63,88.06,37.84,20.79,68.67,5.05,79.15,plum
47.4,40.82,50.89,20.74,74.38,6.9,218.18,plum
94.64,72.8,75.72,28.2,55.87,6.44,216.73,plum
64.66,45.1,20.76,26.42,45.72,6.11,95.62,plum
51.58,82.16,43.04,31.41,76.9,6.47,152.01,plum
104.92,76.75,33.31,25.57,53.48,5.47,101.48,plum
118.87,85.33,50.28,20.45,48.84,5.77,130.61,plum
128.39,56.79,54.37,26.77,48.85,5.93,143.64,plum
46.54,41.42,60.02,26.44,53.3,5.18,168.48,plum
55.48,20.28,87.45,28.24,86.84,5.8,206.36,plum
125.19,63.98,22.37,21.84,58.72,6.1,168.78,plum
58.57,35.52,21.55,23.63,45.88,5.58,63.54,plum
124.27,35.93,55.54,26.09,42.06,6.37,212.36,plum
63.86,64.17,70.72,25.85,57.87,6.28,186.82,plum
83.73,71.56,72.45,28.52,61.69,5.37,93.01,plum
69.64,59.35,24.16,22.35,47.37,6.34,98.18,plum
122.27,24.42,44.98,28.46,81.69,5.98,239.14,plum
127.86,59.38,43.12,20.7,74.45,5.15,183.35,plum
62.93,33.09,63.11,23.47,42.83,5.37,210.06,plum
78.87,74.58,63.25,18.04,57.11,6.5,106.37,plum
53.27,89.98,42.7,27.22,62.06,7.47,103.14,plum
43.14,65.46,68.55,29.69,45.53,5.44,150.14,plum
67.85,29.05,29.87,18.61,61.4,5.34,65.45,plum
49.51,69.21,65.22,22.83,80.24,5.11,139.41,plum
133.29,23.71,30.43,24.72,57.54,5.17,219.5,apricot
119.09,61.05,49.15,25.79,65.0,6.42,120.89,apricot
121.5,56.37,36.53,26.19,78.89,6.25,121.64,apricot
94.4,68.3,32.77,30.41,60.47,6.05,158.66,apricot
115.97,31.96,32.85,24.84,40.79,6.09,84.35,apricot
59.89,45.58,82.71,26.57,54.01,6.59,156.89,apricot
40.2,50.78,69.15,29.3,88.28,5.04,157.64,apricot
78.04,51.16,77.37,24.12,67.15,6.9,225.12,apricot
98.37,56.91,27.08,23.27,49.53,6.93,187.53,apricot
53.6,60.55,81.19,29.88,58.82,5.92,160.82,apricot
81.8,88.21,79.62,30.51,90.0,5.26,239.79,apricot
76.13,38.29,62.06,23.58,50.46,7.44,94.76,apricot
48.4,47.5,77.74,29.27,62.7,6.01,86.5,apricot
119.76,73.04,35.25,27.36,84.63,5.9,103.96,apricot
114.45,63.61,47.63,18.06,56.19,6.76,95.55,apricot
88.13,73.92,44.34,19.75,73.8,6.71,175.6,apricot
130.74,45.99,55.71,24.33,82.78,5.83,105.76,apricot
76.83,77.68,72.0,20.62,80.85,7.47,124.02,apricot
118.93,68.52,63.14,21.25,40.05,7.17,123.01,apricot
122.32,79.81,79.98,28.26,76.3,7.05,238.98,apricot
131.96,81.58,42.52,30.89,44.58,5.46,224.73,apricot
94.7,86.77,43.18,18.93,47.49,7.21,213.58,apricot
82.84,65.77,22.54,31.11,54.16,5.5,152.43,apricot
87.83,54.14,70.31,20.58,79.77,5.81,135.85,apricot
129.7,71.74,70.98,29.11,61.15,5.87,159.29,apricot
124.8,32.19,69.1,24.65,87.21,6.77,235.22,apricot
81.34,52.31,37.46,20.91,55.65,5.53,178.91,apricot
96.87,71.6,72.55,31.58,66.38,6.54,160.55,apricot
87.74,43.85,41.69,22.65,65.43,6.11,163.96,apricot
106.9,89.12,60.83,31.87,55.83,6.52,170.58,apricot
85.09,52.16,36.54,31.75,43.75,7.02,151.06,cherry
74.63,41.5,86.22,22.69,68.91,6.04,185.75,cherry
95.75,57.23,27.4,18.37,72.51,5.01,158.56,cherry
67.93,71.9,42.74,18.68,47.95,5.83,182.68,cherry
110.49,78.25,86.89,25.79,42.32,6.66,127.33,cherry
100.61,32.23,47.81,21.42,73.92,7.37,129.88,cherry
90.37,64.53,73.49,23.01,53.41,6.64,118.98,cherry
89.72,64.05,58.91,31.62,57.43,5.54,137.22,cherry
129.76,79.9,24.2,20.43,51.79,6.95,191.45,cherry
56.55,75.31,80.56,29.41,57.41,7.05,109.49,cherry
133.17,29.87,47.55,22.26,81.04,6.91,161.0,cherry
93.75,40.46,61.1,18.66,76.12,7.39,146.77,cherry
86.38,60.97,46.56,31.0,50.7,6.22,191.33,cherry
114.64,41.48,28.54,27.66,46.28,7.06,63.66,cherry
128.07,77.06,55.44,30.46,78.96,6.68,109.29,cherry
48.97,28.14,26.71,27.45,75.08,7.36,132.73,cherry
76.35,80.26,75.4,31.72,40.47,7.39,138.49,cherry
119.81,34.55,57.91,28.53,76.0,6.74,76.87,cherry
131.49,23.84,77.39,25.91,71.09,5.56,209.87,cherry
115.99,37.44,85.09,23.82,83.0,5.58,130.97,cherry
61.2,22.4,29.95,20.14,65.84,6.21,80.08,cherry
131.69,64.45,56.25,21.83,60.88,7.28,140.53,cherry
90.28,84.57,47.94,29.95,43.41,6.77,82.99,cherry
67.33,25.98,81.67,30.51,79.67,6.25,81.2,cherry
92.02,82.92,70.5,18.02,89.38,7.37,171.76,cherry
42.21,69.94,63.72,18.06,62.2,5.04,71.76,cherry
107.87,73.57,42.76,20.19,53.69,5.57,165.75,cherry
67.32,83.88,21.08,21.22,71.22,6.12,75.76,cherry
78.7,39.66,75.9,21.36,71.98,6.69,139.21,cherry
44.53,57.44,27.58,21.37,86.24,5.44,241.95,cherry
55.93,22.21,22.18,29.75,84.81,5.68,125.58,strawberry
74.1,64.35,41.27,24.55,72.61,5.69,85.53,strawberry
105.35,65.61,20.27,24.06,82.31,6.48,188.3,strawberry
137.62,34.2,47.66,20.07,84.91,6.47,226.03,strawberry
105.73,43.78,69.7,21.79,65.21,6.57,207.51,strawberry
64.55,72.81,58.03,26.79,44.77,6.32,77.58,strawberry
103.01,75.46,46.86,24.07,71.21,6.4,246.12,strawberry
124.23,68.0,44.44,18.77,73.86,5.56,193.81,strawberry
105.24,80.23,24.18,24.75,57.01,5.85,108.92,strawberry
123.27,51.89,58.51,19.65,67.81,6.58,83.58,strawberry
73.87,38.66,58.68,19.11,89.15,5.97,235.9,strawberry
43.44,72.55,82.97,24.16,58.72,6.56,118.07,strawberry
64.63,83.97,65.04,24.98,62.99,6.99,200.51,strawberry
68.13,41.87,48.71,18.78,60.97,5.29,186.53,strawberry
73.27,42.82,35.27,21.51,51.47,7.21,146.42,strawberry
94.64,42.34,86.74,26.38,48.51,6.7,60.2,strawberry
139.51,71.85,34.95,24.01,85.47,6.93,209.27,strawberry
98.0,33.79,65.61,26.1,47.54,5.14,159.9,strawberry
131.73,42.96,64.65,19.46,83.91,7.22,117.12,strawberry
111.87,71.79,50.2,30.33,42.34,5.72,82.22,strawberry
122.67,71.68,36.04,27.23,65.57,6.42,139.13,strawberry
96.63,59.21,42.35,23.14,48.16,6.58,215.89,strawberry
62.85,61.21,47.31,20.54,43.13,5.09,201.31,strawberry
53.39,39.73,55.71,20.77,69.04,6.19,102.43,strawberry
107.85,64.78,86.56,22.7,78.81,6.56,168.59,strawberry
43.65,41.54,50.03,18.64,44.95,7.06,81.12,strawberry
96.03,36.69,56.85,23.48,53.3,6.14,112.82,strawberry
134.46,52.21,28.89,28.39,48.21,6.86,207.27,strawberry
132.28,56.3,72.31,29.08,80.75,6.51,229.89,strawberry
114.49,46.76,45.82,29.76,86.35,5.94,235.4,strawberry
119.39,68.71,43.7,21.85,54.5,6.72,147.96,blueberry
62.28,30.25,76.68,20.67,48.55,6.33,70.36,blueberry
80.46,34.23,80.12,25.76,64.69,6.17,63.49,blueberry
124.37,86.13,20.57,25.91,79.32,7.12,241.96,blueberry
130.44,81.97,30.27,31.92,89.24,6.61,226.79,blueberry
66.1,50.25,27.64,24.6,89.55,6.76,147.33,blueberry
71.51,34.84,50.1,22.04,64.45,6.43,137.03,blueberry
99.35,48.97,54.86,24.8,82.15,7.24,171.12,blueberry
115.83,41.14,31.4,22.4,46.95,6.91,234.11,blueberry
104.22,35.31,29.16,28.8,68.7,5.36,248.73,blueberry
115.31,87.39,88.83,28.98,86.46,7.36,90.33,blueberry
74.67,57.6,64.65,20.12,53.59,6.93,243.66,blueberry
87.54,85.28,81.26,30.61,49.45,5.96,186.09,blueberry
121.25,78.23,28.42,27.48,41.28,5.78,69.89,blueberry
91.1,28.83,66.16,23.71,80.49,5.81,248.2,blueberry
51.88,25.73,55.0,25.03,82.25,5.07,94.34,blueberry
64.55,50.38,77.48,27.29,51.85,5.97,205.77,blueberry
95.61,27.56,45.23,18.34,62.78,5.58,117.24,blueberry
73.93,80.55,25.83,19.25,46.58,6.07,142.67,blueberry
133.08,70.88,38.81,19.84,67.4,7.08,102.7,blueberry
116.51,45.48,87.02,31.38,48.72,7.01,172.23,blueberry
78.74,56.26,83.38,24.74,68.22,6.24,64.69,blueberry
115.87,27.33,82.99,18.1,68.38,5.64,190.11,blueberry
102.54,72.27,77.38,31.83,45.82,5.57,152.07,blueberry
132.8,47.74,34.53,25.34,55.78,5.2,213.42,blueberry
85.55,78.99,27.3,22.73,45.87,7.11,144.91,blueberry
100.58,23.56,50.82,23.43,75.21,5.59,247.04,blueberry
72.91,55.96,52.95,22.81,42.86,5.1,233.63,blueberry
137.97,62.99,29.34,20.71,55.99,5.09,124.97,blueberry
68.22,42.84,78.64,25.82,89.97,5.77,73.33,blueberry
116.25,70.96,77.2,23.21,80.72,5.25,197.12,blackberry
109.26,59.61,63.06,24.49,61.48,6.19,175.49,blackberry
124.65,43.52,58.99,23.46,48.57,6.76,61.22,blackberry
127.83,23.46,31.84,28.43,61.71,5.75,152.76,blackberry
133.12,65.23,45.26,31.28,52.21,5.24,199.49,blackberry
120.28,75.72,47.78,27.54,50.52,5.67,239.03,blackberry
125.11,86.17,58.64,27.94,58.11,5.99,236.19,blackberry
114.53,85.77,30.59,23.78,85.88,7.32,215.62,blackberry
128.57,38.5,69.98,19.48,62.91,5.03,142.24,blackberry
59.43,48.65,66.94,27.46,84.1,7.33,118.21,blackberry
73.37,49.35,37.76,29.81,79.65,6.66,183.2,blackberry
69.33,39.43,73.24,19.29,89.58,5.36,99.57,blackberry
116.05,83.8,30.93,31.15,65.5,5.31,163.76,blackberry
63.15,65.34,63.97,29.69,86.0,7.16,188.19,blackberry
112.95,80.81,78.62,24.94,87.03,7.4,97.47,blackberry
61.16,62.99,58.18,23.91,64.91,5.52,139.32,blackberry
99.34,72.69,69.43,19.44,50.49,6.21,206.79,blackberry
67.62,71.67,36.05,22.25,82.52,5.49,219.76,blackberry
95.07,21.8,52.91,25.57,46.25,5.93,152.22,blackberry
87.35,84.49,47.07,30.55,54.63,6.86,89.5,blackberry
98.38,72.29,77.9,18.73,77.2,5.39,243.55,blackberry
70.46,79.76,31.52,31.81,66.89,5.55,233.86,blackberry
119.02,70.67,49.97,21.24,71.81,7.12,200.05,blackberry
111.09,24.37,52.37,22.07,66.7,6.67,173.98,blackberry
40.28,41.49,39.97,23.9,54.25,5.48,102.32,blackberry
89.1,81.76,35.17,31.45,73.18,7.24,228.17,blackberry
115.29,84.08,33.56,26.84,58.03,5.42,112.23,blackberry
104.64,29.34,27.28,29.84,80.76,5.08,97.95,blackberry
40.33,57.28,88.89,20.13,68.87,6.1,198.38,blackberry
98.93,71.27,27.43,31.69,79.27,5.27,61.95,blackberry
121.21,74.32,46.63,29.29,71.61,6.52,42.46,grape
88.47,46.55,50.55,23.45,82.45,6.24,45.8,grape
65.13,78.54,56.2,23.51,83.79,7.47,65.01,grape
53.91,42.5,27.83,28.73,75.57,6.14,78.94,grape
124.74,89.63,32.15,24.59,72.35,6.39,71.73,grape
85.69,48.67,60.12,23.95,54.8,6.33,86.85,grape
55.47,53.1,36.25,29.28,40.41,6.2,97.83,grape
111.12,36.5,71.46,25.02,44.7,5.71,42.65,grape
68.53,48.69,87.95,28.89,67.52,6.83,77.25,grape
121.26,45.93,65.42,22.17,51.36,6.03,64.23,grape
69.65,61.88,22.81,23.16,70.25,7.09,87.25,grape
83.07,63.66,21.8,29.25,73.3,7.09,46.38,grape
81.38,40.91,78.97,27.6,47.92,7.44,52.33,grape
53.38,59.25,50.67,29.54,42.31,7.31,82.81,grape
71.75,30.61,69.42,20.31,54.63,5.67,60.93,grape
139.32,79.2,58.55,26.45,71.58,7.07,89.84,grape
136.38,86.15,43.99,29.49,52.55,5.73,79.07,grape
44.7,81.32,88.49,28.02,52.88,6.56,43.23,grape
84.65,77.61,33.73,21.58,57.74,6.2,60.01,grape
72.37,24.97,64.95,24.92,70.59,6.15,94.21,grape
117.43,58.86,46.83,28.53,61.8,6.33,74.06,grape
45.69,54.73,25.83,29.19,79.55,5.74,52.69,grape
106.49,58.03,48.39,24.08,51.28,6.32,43.07,grape
46.68,36.5,21.86,22.39,49.93,6.21,75.55,grape
139.13,69.32,77.41,25.59,78.08,6.76,40.5,grape
76.65,29.15,68.02,23.64,61.69,5.81,98.17,grape
67.76,29.78,46.02,23.17,49.44,6.89,65.84,grape
41.15,86.41,28.51,28.68,89.35,6.59,85.99,grape
40.56,34.07,75.49,26.95,45.99,6.03,44.56,grape
119.17,64.91,44.48,25.66,65.01,6.02,72.15,grape
40.78,70.29,87.03,20.3,61.79,6.48,190.01,pomegranate
117.29,43.04,72.64,23.03,78.93,6.27,168.95,pomegranate
129.4,32.39,54.89,22.85,43.07,6.95,97.34,pomegranate
56.55,29.5,74.51,27.86,56.41,6.22,127.78,pomegranate
89.31,22.69,40.11,31.41,56.0,6.75,177.76,pomegranate
86.53,63.46,68.7,26.06,79.32,5.75,103.62,pomegranate
86.0,75.16,54.84,18.08,63.19,7.24,91.75,pomegranate
97.24,39.95,57.94,28.68,56.45,5.43,145.12,pomegranate
138.33,21.86,41.26,21.05,63.63,6.97,166.68,pomegranate
98.77,35.66,57.28,28.49,56.61,5.05,244.26,pomegranate
90.54,87.6,62.75,22.77,48.89,7.33,204.87,pomegranate
97.53,21.27,41.11,23.91,44.61,6.18,149.33,pomegranate
60.39,56.78,86.62,30.23,81.08,5.76,104.22,pomegranate
87.8,85.32,34.83,19.04,82.54,5.03,157.08,pomegranate
138.34,60.11,20.62,22.25,77.51,6.7,76.28,pomegranate
86.19,53.66,31.52,19.83,55.57,6.0,241.12,pomegranate
72.73,82.49,21.44,24.54,47.51,5.15,115.21,pomegranate
109.51,62.48,40.15,28.19,75.21,7.16,191.14,pomegranate
48.99,74.77,86.84,30.28,72.85,5.31,224.61,pomegranate
89.35,71.0,84.8,20.98,41.18,7.34,229.24,pomegranate
48.57,52.04,80.05,26.6,66.09,7.49,65.53,pomegranate
77.18,30.96,87.35,26.18,53.09,7.17,233.68,pomegranate
88.21,86.57,35.08,27.68,89.67,5.58,193.56,pomegranate
122.89,80.53,38.71,23.38,45.68,6.27,223.79,pomegranate
69.7,81.65,38.57,24.57,73.09,7.03,238.94,pomegranate
75.63,47.38,73.15,29.15,79.48,5.67,224.04,pomegranate
116.41,61.47,43.42,28.14,43.46,6.85,139.47,pomegranate
116.14,61.16,45.06,22.44,65.14,5.34,109.24,pomegranate
103.79,33.67,84.32,25.39,56.04,5.44,112.52,pomegranate
79.64,29.53,41.61,31.49,86.86,7.28,240.24,pomegranate
110.23,87.59,64.8,23.74,48.44,6.63,243.26,orange
133.84,88.15,50.97,27.58,90.0,6.81,222.54,orange
126.97,58.91,81.17,22.95,81.28,6.09,100.9,orange
122.72,75.51,64.52,24.59,53.12,7.11,186.41,orange
107.0,77.46,21.87,29.13,82.69,5.35,69.0,orange
126.5,38.31,57.4,31.02,49.66,6.24,71.39,orange
127.26,80.25,50.56,29.1,47.54,7.02,213.62,orange
112.97,22.34,40.87,27.27,81.64,6.23,190.52,orange
85.57,60.79,39.92,20.81,83.54,6.38,121.05,orange
69.52,43.59,56.26,20.21,62.54,5.88,133.52,orange
76.6,23.15,81.93,22.24,77.38,7.36,132.3,orange
74.88,67.36,86.0,25.46,72.32,5.27,119.37,orange
85.43,65.71,46.71,28.33,81.9,5.62,160.06,orange
50.09,42.44,60.46,29.6,49.64,7.0,185.51,orange
122.29,24.62,56.17,20.02,78.73,6.69,103.8,orange
138.99,82.75,47.33,21.03,78.7,5.85,223.65,orange
67.78,79.74,44.72,26.24,55.74,6.55,71.21,orange
76.27,44.74,61.37,29.23,64.67,7.38,89.4,orange
113.3,47.8,34.86,22.68,58.72,6.22,153.09,orange
119.2,75.48,47.99,28.77,69.84,5.09,217.28,orange
128.44,64.8,55.45,30.72,89.01,6.45,70.44,orange
91.63,34.19,52.68,26.43,51.03,5.16,154.01,orange
108.04,56.72,77.1,31.98,88.65,5.84,145.32,orange
97.79,35.29,85.79,28.75,88.22,5.97,155.38,orange
92.1,27.17,38.06,27.19,86.31,5.16,123.71,orange
90.96,48.67,38.46,20.4,55.54,5.14,113.44,orange
46.34,81.59,65.18,24.95,56.11,6.7,124.99,orange
123.8,79.21,36.4,25.24,58.17,7.46,104.76,orange
43.86,35.64,85.93,26.68,76.68,6.22,193.93,orange
82.89,56.77,65.56,29.12,87.07,6.6,216.78,orange
56.16,34.25,83.88,18.91,62.96,5.61,163.57,mandarin
70.29,83.37,27.17,29.56,87.79,6.01,213.07,mandarin
101.71,35.78,56.39,19.77,55.45,5.19,94.29,mandarin
128.53,55.64,80.57,24.44,55.39,6.22,128.63,mandarin
137.48,22.5,33.87,21.07,65.41,5.97,83.0,mandarin
101.02,81.75,58.23,22.74,64.96,5.62,68.17,mandarin
70.39,46.78,74.34,23.73,83.7,5.3,119.58,mandarin
57.65,75.17,31.64,25.88,65.26,6.84,159.88,mandarin
68.82,86.38,53.85,20.29,67.22,6.28,78.15,mandarin
44.06,54.76,70.18,23.04,72.18,5.65,198.05,mandarin
119.49,57.37,84.36,23.72,58.89,5.02,131.59,mandarin
116.42,74.04,50.11,24.22,70.35,5.14,159.14,mandarin
124.68,28.86,25.46,24.95,70.53,5.95,139.15,mandarin
133.51,89.52,88.68,20.41,55.99,5.66,232.43,mandarin
101.65,58.95,26.1,29.14,88.81,5.57,115.3,mandarin
41.16,79.02,36.51,20.37,83.54,6.69,144.34,mandarin
64.24,86.93,43.98,28.33,72.01,5.97,244.97,mandarin
81.59,38.07,35.88,18.5,62.55,7.33,198.58,mandarin
74.71,41.18,76.26,29.51,55.62,5.63,109.89,mandarin
121.22,53.44,67.21,27.48,79.97,6.35,64.74,mandarin
106.24,36.91,79.82,26.18,74.39,6.72,221.79,mandarin
121.69,84.24,77.77,21.56,77.28,5.88,203.05,mandarin
95.73,60.19,26.54,20.55,46.4,5.25,224.89,mandarin
130.99,44.49,51.85,26.03,74.77,5.21,244.76,mandarin
43.04,27.97,70.58,22.61,71.96,6.4,151.31,mandarin
91.78,77.01,48.36,28.72,69.44,7.21,80.12,mandarin
69.62,21.66,22.03,25.6,62.8,5.46,89.51,mandarin
60.03,82.36,59.28,23.84,68.43,6.08,153.49,mandarin
47.33,88.86,60.94,28.14,84.99,5.25,71.43,mandarin
62.37,31.93,33.65,23.5,81.52,6.48,197.01,mandarin
89.87,84.76,81.56,19.82,73.71,7.38,215.59,lemon
95.15,47.75,26.26,21.81,44.54,5.17,207.81,lemon
90.41,45.69,69.75,22.46,85.71,5.58,97.69,lemon
62.06,86.76,81.9,20.82,86.45,5.08,192.64,lemon
85.88,35.89,61.71,21.14,66.31,6.86,140.07,lemon
130.18,82.61,32.76,20.94,40.55,5.88,74.24,lemon
70.24,28.47,53.67,21.61,86.32,6.99,127.49,lemon
93.64,25.93,24.3,29.47,44.38,5.92,105.02,lemon
61.03,35.18,35.42,31.07,52.01,6.63,105.52,lemon
133.1,82.59,55.7,31.23,76.27,7.24,159.32,lemon
47.89,25.31,78.82,31.45,60.92,7.22,232.21,lemon
71.47,73.14,74.51,27.36,51.57,5.13,123.11,lemon
66.87,56.56,44.73,23.61,55.71,5.34,113.12,lemon
106.65,39.66,82.57,30.2,62.97,5.74,184.21,lemon
128.88,77.17,34.78,20.98,42.43,7.36,113.05,lemon
79.29,73.65,40.38,28.11,40.83,6.02,65.17,lemon
122.02,40.01,76.96,28.58,45.55,5.75,210.84,lemon
108.42,49.42,29.27,20.36,57.43,6.23,184.11,lemon
126.9,68.4,58.9,25.4,70.63,5.13,68.28,lemon
94.39,50.12,80.62,21.25,57.38,5.63,184.25,lemon
120.24,27.0,46.99,27.53,76.93,6.92,91.27,lemon
112.07,51.56,82.08,20.74,81.94,7.29,175.51,lemon
56.96,44.28,45.79,30.34,48.62,6.04,130.12,lemon
93.15,70.98,22.13,21.26,44.11,6.23,183.0,lemon
118.59,70.79,31.36,31.89,40.8,5.49,179.75,lemon
104.52,47.32,67.66,24.32,55.66,5.78,141.5,lemon
50.84,69.99,31.81,26.12,86.37,7.03,215.36,lemon
58.55,76.37,20.89,21.16,53.75,6.7,246.58,lemon
61.3,54.91,40.09,28.14,40.53,7.27,117.04,lemon
57.81,77.82,71.01,29.03,83.94,6.13,141.66,lemon
119.25,54.6,37.07,26.59,61.89,6.91,225.61,lime
119.27,24.82,58.67,24.25,42.3,5.72,61.33,lime
110.62,34.94,32.44,30.12,53.43,6.72,186.08,lime
103.37,25.39,35.15,29.53,59.47,5.75,154.18,lime
43.48,69.76,74.11,31.53,55.79,6.73,238.22,lime
126.0,52.32,86.88,25.6,68.22,6.44,95.42,lime
79.16,55.26,75.07,25.85,57.3,7.43,74.93,lime
57.69,44.41,88.57,24.54,60.03,7.06,103.96,lime
120.03,25.31,61.57,31.16,70.18,5.61,100.47,lime
120.54,38.6,85.1,24.01,45.0,6.82,200.33,lime
107.03,20.71,45.93,24.87,85.73,5.24,141.89,lime
75.09,63.79,51.65,22.46,64.19,6.36,67.74,lime
72.0,37.67,39.41,23.0,53.79,5.92,190.01,lime
63.37,86.69,25.47,22.12,76.31,6.63,118.07,lime
68.37,70.02,46.34,29.28,85.39,5.38,188.0,lime
63.31,59.59,82.68,26.89,83.8,5.85,114.08,lime
94.18,45.19,56.67,21.54,50.4,6.52,81.37,lime
63.0,26.32,68.28,20.21,53.69,7.14,159.08,lime
86.68,42.97,56.17,28.87,58.03,5.34,94.91,lime
110.09,53.48,85.11,21.09,75.69,5.97,113.59,lime
111.74,42.42,35.48,24.28,61.27,5.21,247.15,lime
79.88,45.39,28.9,20.06,49.18,5.18,164.21,lime
104.64,79.53,38.31,29.26,77.38,5.14,97.5,lime
60.17,80.96,72.27,18.88,52.11,5.41,179.24,lime
82.91,86.06,78.62,22.0,53.62,6.25,137.09,lime
119.47,33.47,80.68,26.24,59.68,7.42,126.21,lime
117.11,87.45,82.46,31.77,62.14,6.94,218.49,lime
69.79,51.71,84.42,28.94,55.27,6.93,82.06,lime
79.35,60.13,41.48,18.15,68.72,6.54,185.8,lime
56.63,24.94,23.14,25.61,41.87,5.51,154.78,lime
77.6,67.96,29.38,25.23,61.11,5.49,232.7,coconut
133.24,87.51,37.58,18.34,74.86,7.25,126.2,coconut
69.71,76.42,58.71,26.29,75.54,6.3,215.76,coconut
95.65,71.67,20.76,24.74,85.21,6.22,191.45,coconut
93.11,85.25,25.34,21.95,48.33,7.18,245.26,coconut
59.15,40.02,37.26,26.48,75.47,5.64,217.15,coconut
85.18,54.8,45.55,24.38,41.66,5.1,243.87,coconut
68.88,44.56,88.52,22.34,44.63,7.17,135.9,coconut
104.84,40.88,28.87,21.07,78.34,6.35,186.0,coconut
112.99,60.06,67.61,20.71,49.2,6.09,219.83,coconut
62.38,74.51,77.89,28.3,45.42,5.32,213.62,coconut
61.93,21.6,60.86,27.76,81.17,6.79,173.41,coconut
76.04,84.87,38.73,24.34,45.57,6.44,190.5,coconut
91.61,46.22,23.14,26.88,42.13,6.9,177.39,coconut
126.22,66.25,73.29,21.94,87.03,6.47,164.15,coconut
78.4,79.04,64.25,25.75,70.64,6.96,247.92,coconut
59.74,87.27,39.86,24.09,76.72,7.03,124.94,coconut
70.77,57.13,53.6,23.63,55.01,5.03,237.1,coconut
74.96,84.0,63.87,19.54,48.92,5.94,97.39,coconut
50.46,73.6,54.43,20.13,65.79,6.7,218.9,coconut
83.53,34.83,22.64,26.26,66.38,7.49,107.04,coconut
45.37,57.09,68.64,21.28,53.77,5.47,220.48,coconut
97.47,39.22,45.16,21.57,41.15,7.08,205.99,coconut
71.54,44.08,85.14,21.7,75.1,7.29,117.8,coconut
118.4,42.2,88.55,20.02,48.74,6.74,125.54,coconut
85.65,79.98,31.16,21.16,70.83,5.59,145.9,coconut
61.83,64.46,65.81,18.68,79.41,7.34,117.09,coconut
118.67,41.58,82.95,31.38,75.32,6.03,125.64,coconut
58.46,81.73,85.23,27.91,85.9,5.84,75.64,coconut
87.93,89.93,61.64,29.72,72.47,6.03,152.64,coconut
64.15,47.33,87.18,30.89,70.63,6.77,121.55,arecanut
104.41,83.13,25.33,31.66,48.65,5.11,64.35,arecanut
80.47,71.73,36.89,31.2,78.32,5.35,208.3,arecanut
61.23,69.84,23.49,29.2,57.45,6.72,73.27,arecanut
89.98,47.05,30.24,23.92,88.6,5.09,242.68,arecanut
74.12,76.33,76.98,26.16,70.86,7.42,144.47,arecanut
120.82,53.79,42.69,31.95,47.01,7.38,201.3,arecanut
57.56,82.2,22.78,28.07,88.11,6.91,234.51,arecanut
109.7,71.07,83.48,31.0,58.4,5.43,132.06,arecanut
50.42,83.33,50.06,31.68,45.46,6.14,174.69,arecanut
77.01,69.68,38.5,18.42,84.4,6.34,121.9,arecanut
118.6,27.22,41.24,24.9,82.86,6.46,147.6,arecanut
102.64,85.25,46.21,20.61,66.92,5.34,106.44,arecanut
105.89,51.5,32.42,18.02,88.62,7.11,180.82,arecanut
95.88,53.48,87.8,31.87,87.37,6.62,184.91,arecanut
132.63,36.18,54.58,25.96,56.23,6.48,170.78,arecanut
132.37,52.36,48.53,25.69,40.14,5.07,65.41,arecanut
127.85,80.71,72.98,21.64,70.73,5.38,162.37,arecanut
92.57,67.42,28.5,30.98,69.45,7.5,77.57,arecanut
112.65,77.26,89.53,21.31,56.32,7.23,192.87,arecanut
51.14,62.44,40.86,29.19,45.26,6.81,136.15,arecanut
55.85,37.74,75.95,31.26,88.28,5.1,227.7,arecanut
102.7,47.29,22.72,28.04,66.79,5.54,161.61,arecanut
48.01,86.06,79.26,28.27,89.65,5.45,151.99,arecanut
135.49,83.23,64.84,19.55,64.73,6.38,162.15,arecanut
68.7,35.53,41.14,21.45,88.12,5.42,99.24,arecanut
138.23,29.01,22.32,23.49,67.83,6.64,224.91,arecanut
131.62,21.01,76.09,21.07,70.48,7.06,83.07,arecanut
94.22,85.18,48.64,26.96,78.33,5.91,80.57,arecanut
109.36,21.56,84.93,24.74,67.68,5.36,161.88,arecanut
83.99,65.69,26.49,22.02,67.07,6.93,185.74,cashew
42.67,85.82,47.66,26.92,89.22,7.09,128.32,cashew
65.57,55.57,55.02,19.88,70.51,7.11,93.93,cashew
101.7,57.67,34.87,29.99,46.87,6.95,73.98,cashew
129.04,39.05,68.76,27.3,73.69,6.93,111.51,cashew
84.07,61.45,69.85,23.72,57.72,6.56,77.55,cashew
94.03,48.05,67.87,22.59,42.81,6.74,120.79,cashew
47.09,23.06,86.49,25.04,46.98,5.16,166.05,cashew
83.42,23.23,57.98,25.11,69.01,5.27,61.13,cashew
102.36,20.15,55.64,23.45,83.3,6.32,87.95,cashew
54.53,77.43,36.13,26.34,57.55,5.76,129.69,cashew
101.95,45.23,43.48,23.03,82.47,7.44,204.63,cashew
116.11,46.64,71.01,27.41,89.38,5.6,60.39,cashew
91.2,69.49,42.22,31.62,49.9,6.61,221.85,cashew
138.51,47.03,71.11,20.0,65.0,5.34,207.5,cashew
93.45,24.01,88.25,24.91,82.7,7.29,171.63,cashew
83.87,67.58,54.87,20.54,40.07,6.91,234.12,cashew
111.48,57.28,78.71,22.64,54.02,6.96,228.05,cashew
95.84,56.98,63.04,23.44,61.26,5.17,171.65,cashew
120.45,44.69,69.14,28.24,74.36,5.43,144.68,cashew
100.26,81.76,21.48,19.44,49.62,6.98,89.82,cashew
93.54,41.17,68.54,23.97,53.65,6.33,229.47,cashew
126.31,57.42,70.13,30.93,75.45,6.54,206.32,cashew
51.35,59.99,38.32,24.99,44.27,5.72,158.21,cashew
121.38,88.57,88.26,26.71,80.49,5.98,82.98,cashew
70.77,67.34,59.39,19.58,50.84,6.72,238.72,cashew
84.49,56.29,82.71,28.36,73.67,6.36,215.26,cashew
72.55,23.74,76.72,27.51,44.99,7.35,147.97,cashew
85.74,25.51,30.38,29.3,75.35,6.43,160.7,cashew
75.61,75.19,88.47,19.23,53.26,6.93,191.04,cashew
118.23,29.55,48.63,24.59,41.14,6.42,91.33,almond
89.95,73.7,26.4,31.12,77.37,5.91,77.95,almond
108.73,50.18,89.74,24.58,70.68,5.85,88.08,almond
80.96,35.38,55.4,21.49,76.25,7.14,188.71,almond
68.44,23.76,72.58,23.6,88.8,5.3,176.92,almond
125.75,41.68,47.53,21.63,40.8,7.41,136.12,almond
122.64,20.32,83.07,24.84,81.56,5.76,104.34,almond
86.09,48.75,43.23,20.48,41.45,5.05,87.68,almond
60.49,78.38,66.53,25.85,43.64,5.79,240.71,almond
129.46,82.85,45.21,27.1,52.52,6.61,161.3,almond
98.73,23.73,36.24,21.96,65.91,5.78,131.29,almond
89.64,59.44,45.08,22.84,68.62,6.56,200.64,almond
102.94,28.45,44.84,26.95,75.63,7.27,198.93,almond
99.84,62.75,38.83,26.05,58.28,5.83,102.06,almond
135.63,87.73,41.43,25.2,43.4,7.07,110.88,almond
125.17,36.37,55.93,27.66,69.79,7.27,199.5,almond
87.95,47.34,47.74,24.36,81.3,5.07,117.71,almond
109.87,27.62,75.98,22.94,84.19,5.59,206.71,almond
125.83,42.82,59.54,28.85,87.11,6.43,229.81,almond
129.04,87.94,34.36,24.39,70.73,6.53,79.44,almond
97.49,84.4,57.84,20.53,55.39,7.27,139.7,almond
48.32,39.94,60.06,20.3,64.56,6.21,186.19,almond
67.74,33.2,52.58,20.55,67.99,5.98,221.69,almond
58.48,57.06,39.49,19.93,46.77,6.4,158.66,almond
101.84,67.58,25.3,31.58,86.88,5.65,92.15,almond
119.44,25.91,64.87,22.33,88.24,5.34,153.29,almond
52.62,28.99,70.15,29.02,47.76,7.48,88.49,almond
69.57,37.4,37.79,26.36,40.59,7.01,215.0,almond
135.61,65.39,29.28,22.04,46.53,7.33,175.0,almond
111.54,73.71,72.54,31.56,49.16,5.91,149.87,almond
101.08,55.03,37.52,22.41,73.69,5.19,217.11,walnut
48.75,49.73,81.15,20.59,65.93,5.52,81.46,walnut
101.19,82.95,48.75,30.83,56.24,6.7,225.07,walnut
57.77,71.13,39.72,23.55,47.18,7.24,114.9,walnut
79.91,79.22,48.51,26.08,69.38,6.97,145.26,walnut
128.44,36.01,89.53,18.16,80.69,6.3,226.46,walnut
55.89,26.31,73.96,23.79,53.84,7.12,173.82,walnut
60.9,60.41,61.97,18.68,66.15,6.49,95.52,walnut
129.77,46.27,59.21,22.43,61.62,7.45,132.5,walnut
86.69,37.94,48.47,21.99,88.05,7.34,87.46,walnut
117.08,82.57,66.85,31.16,53.58,7.28,208.58,walnut
108.07,52.36,70.69,31.23,48.87,5.07,181.02,walnut
46.5,82.89,79.66,31.95,46.63,6.07,71.94,walnut
110.27,28.07,27.73,20.87,48.07,7.18,234.88,walnut
110.06,68.99,50.26,20.85,49.62,5.21,77.11,walnut
68.23,58.7,24.94,25.88,64.95,5.76,74.94,walnut
80.33,79.58,71.71,27.94,55.1,5.43,206.37,walnut
48.56,52.34,45.18,20.68,42.53,5.76,168.74,walnut
90.06,77.0,64.7,31.48,51.28,5.76,126.83,walnut
54.38,39.64,55.03,23.44,54.58,6.94,198.45,walnut
132.19,58.07,60.75,26.35,86.2,5.82,222.07,walnut
90.69,73.8,74.89,22.07,69.67,6.13,91.22,walnut
78.29,86.78,43.63,19.83,74.34,6.18,175.96,walnut
52.75,56.67,51.39,26.01,63.73,6.38,247.95,walnut
51.45,23.71,44.49,19.67,41.69,6.87,218.76,walnut
40.58,33.06,34.81,23.32,89.56,5.2,133.86,walnut
92.77,34.1,43.62,27.86,74.11,6.99,192.75,walnut
73.47,29.56,21.16,27.32,79.82,6.76,174.62,walnut
80.86,23.31,51.4,19.56,54.74,6.91,171.35,walnut
129.33,80.23,70.52,31.1,47.63,6.85,180.21,walnut
95.02,28.48,54.96,30.67,75.7,7.33,208.07,pistachio
46.6,48.03,79.16,28.09,64.5,6.14,134.66,pistachio
76.79,44.81,52.96,26.27,47.7,5.42,179.88,pistachio
97.4,54.3,56.43,22.96,89.88,5.75,161.08,pistachio
69.9,62.13,41.35,23.92,42.42,5.85,146.15,pistachio
101.61,74.05,23.54,22.51,52.12,6.15,232.32,pistachio
133.05,70.68,85.43,25.01,70.89,5.34,197.46,pistachio
66.55,58.79,36.24,25.17,59.79,7.2,159.36,pistachio
116.66,38.02,55.31,25.39,55.54,6.03,63.92,pistachio
55.05,43.18,67.62,26.14,75.65,5.23,101.39,pistachio
132.79,29.56,32.15,25.78,63.04,7.18,222.75,pistachio
98.35,51.49,51.08,31.82,45.56,6.21,205.06,pistachio
107.07,26.7,76.86,30.99,77.3,5.43,230.46,pistachio
54.39,21.11,69.09,27.67,79.01,6.32,73.32,pistachio
43.77,65.24,73.25,22.85,78.21,5.95,146.8,pistachio
108.65,68.21,65.34,19.94,74.46,6.95,202.81,pistachio
103.02,61.53,37.06,31.94,88.6,5.65,184.8,pistachio
115.24,53.09,40.27,22.93,47.79,7.01,158.57,pistachio
139.93,34.9,88.74,27.09,67.48,5.27,72.61,pistachio
89.73,28.54,64.32,21.29,86.07,6.62,69.32,pistachio
126.08,67.72,35.13,23.24,73.75,7.23,135.84,pistachio
120.86,85.84,86.69,26.67,81.04,5.19,195.48,pistachio
125.26,44.3,79.45,22.9,81.7,5.83,165.42,pistachio
102.24,28.4,25.87,22.89,61.58,6.6,242.64,pistachio
134.16,28.86,69.59,19.63,43.3,5.25,230.09,pistachio
110.9,56.38,60.43,26.75,45.24,6.19,232.62,pistachio
43.22,69.73,25.1,25.48,48.86,5.19,72.08,pistachio
82.7,88.09,30.18,24.18,55.31,5.91,101.67,pistachio
79.66,88.6,29.8,29.63,79.72,6.15,191.37,pistachio
95.14,89.35,23.69,28.61,81.03,6.63,244.51,pistachio
45.35,62.87,72.23,19.02,66.76,7.04,187.55,date_palm
78.11,77.23,84.03,21.2,52.48,7.05,203.47,date_palm
82.96,89.38,88.37,26.33,59.02,5.22,62.46,date_palm
79.27,50.28,25.96,21.14,83.27,6.86,128.22,date_palm
50.59,85.25,83.3,28.69,74.15,6.71,111.38,date_palm
95.79,20.15,42.51,20.59,45.52,6.81,144.09,date_palm
71.71,74.72,64.81,27.44,85.18,5.46,145.44,date_palm
47.09,71.43,72.5,18.44,57.12,5.18,215.18,date_palm
100.57,37.27,68.97,31.05,83.76,5.97,64.4,date_palm
76.88,38.45,69.45,22.63,82.36,5.7,229.75,date_palm
132.85,57.94,22.46,29.04,82.81,5.34,198.33,date_palm
49.24,42.28,40.22,20.19,72.13,7.47,155.67,date_palm
134.3,38.57,28.99,21.95,80.93,5.82,126.05,date_palm
127.1,62.59,47.74,30.2,47.12,5.5,177.31,date_palm
89.31,67.91,76.97,27.58,48.75,6.81,104.72,date_palm
49.54,40.78,46.92,25.06,45.86,6.58,132.3,date_palm
138.95,53.58,78.19,29.31,70.27,6.66,76.29,date_palm
130.91,87.71,84.44,19.14,50.74,5.79,93.21,date_palm
65.59,26.83,61.03,30.22,56.77,7.09,224.72,date_palm
97.39,80.45,37.73,26.56,72.21,5.01,247.51,date_palm
66.04,56.25,75.33,24.7,46.28,7.47,225.14,date_palm
89.31,42.65,20.39,22.38,88.99,6.89,87.95,date_palm
104.91,25.99,54.46,31.34,41.35,6.25,243.86,date_palm
49.82,51.46,76.08,29.8,66.76,6.45,162.83,date_palm
107.31,88.51,66.18,21.15,51.61,6.23,186.82,date_palm
119.41,39.1,33.34,19.26,78.03,5.08,62.03,date_palm
84.08,76.46,88.67,21.73,57.55,5.27,85.24,date_palm
59.61,75.53,69.68,27.79,78.72,5.5,244.08,date_palm
93.13,38.56,76.35,21.47,40.87,6.9,84.38,date_palm
139.11,78.86,43.46,31.53,69.57,6.36,113.94,date_palm
130.08,62.91,40.28,22.36,54.94,5.82,238.03,fig
97.76,63.88,72.06,18.88,70.18,6.96,75.46,fig
133.11,54.42,21.21,31.63,60.42,7.07,246.04,fig
43.37,39.16,54.37,22.18,75.58,5.91,150.87,fig
81.09,74.44,57.93,23.4,83.58,6.1,248.57,fig
53.03,26.54,68.76,30.44,42.54,5.85,198.45,fig
112.1,58.83,68.06,30.2,68.94,5.95,99.35,fig
73.38,77.22,80.04,23.07,51.75,7.45,70.35,fig
78.84,48.52,68.87,18.56,74.04,5.1,99.24,fig
84.21,73.59,33.48,27.16,41.2,5.39,118.26,fig
47.66,76.51,60.27,29.6,63.37,6.39,65.4,fig
133.4,42.0,64.96,29.9,60.36,5.86,205.06,fig
120.44,83.71,48.3,22.74,65.23,6.49,187.83,fig
122.9,64.07,37.65,28.83,78.77,7.09,78.87,fig
80.08,79.7,47.39,20.25,41.88,6.76,65.71,fig
74.56,52.14,31.91,24.4,76.78,5.18,121.65,fig
106.78,63.38,59.39,21.97,57.76,7.33,151.61,fig
68.83,52.96,28.09,26.0,87.06,6.63,60.78,fig
124.3,33.82,22.52,21.89,66.62,5.01,248.05,fig
80.69,20.66,67.79,31.69,41.17,5.4,82.11,fig
76.43,46.67,22.16,31.47,78.36,5.71,179.66,fig
87.89,76.05,36.82,31.38,76.58,6.56,167.64,fig
105.12,21.6,82.31,24.83,49.9,5.9,197.11,fig
118.46,35.15,46.93,31.84,43.17,5.98,241.2,fig
112.15,56.36,51.47,18.98,77.62,5.85,74.05,fig
136.83,26.09,52.81,27.73,67.11,5.99,200.45,fig
64.51,69.1,49.37,31.52,82.66,5.56,229.46,fig
84.42,43.86,30.36,20.45,41.84,5.55,133.67,fig
108.4,83.35,68.31,31.48,87.26,7.17,114.96,fig
44.37,61.41,45.7,31.74,41.24,7.36,113.64,fig
107.89,70.97,53.57,28.82,82.01,5.31,215.03,olive
138.53,77.71,61.43,26.37,44.89,6.4,116.35,olive
63.32,85.14,38.08,20.77,82.94,6.34,226.61,olive
57.39,83.14,49.3,30.39,70.53,5.85,127.58,olive
51.04,58.7,25.12,30.67,52.89,5.8,133.24,olive
87.78,84.77,25.45,22.94,67.08,6.29,226.11,olive
94.05,66.73,66.81,23.22,62.13,5.53,81.57,olive
136.02,67.28,28.2,29.81,60.5,6.03,210.05,olive
69.7,67.81,74.75,27.36,48.31,5.3,203.04,olive
100.85,45.4,85.59,25.74,89.41,5.46,217.55,olive
138.41,31.86,34.07,24.62,55.96,6.47,80.11,olive
43.59,26.64,27.73,22.77,79.43,6.46,91.16,olive
99.63,88.92,87.33,19.91,74.88,5.21,223.99,olive
72.48,64.17,83.97,24.29,55.91,5.14,187.13,olive
107.2,67.62,25.86,22.74,53.75,5.39,81.1,olive
62.82,80.23,80.68,26.53,56.1,5.82,231.36,olive
53.79,28.07,86.23,21.82,87.73,5.74,78.91,olive
72.05,80.2,80.07,26.53,66.47,6.1,125.52,olive
133.85,47.55,27.59,26.2,58.76,5.79,239.5,olive
106.55,52.47,84.66,20.58,48.97,7.43,81.28,olive
114.18,40.06,27.38,31.25,75.98,5.81,99.81,olive
111.64,72.7,40.67,18.53,57.64,6.37,117.87,olive
116.9,53.0,35.19,25.61,46.88,6.77,245.31,olive
63.16,32.34,60.54,21.41,45.61,6.26,95.35,olive
108.05,55.36,35.58,30.71,67.25,6.98,209.4,olive
65.64,35.57,40.25,25.16,76.87,5.31,109.94,olive
41.62,76.02,85.08,26.29,69.3,6.08,122.07,olive
77.48,20.05,36.31,24.69,56.92,6.54,88.75,olive
78.5,85.08,35.38,31.83,40.11,7.42,244.23,olive
131.47,89.75,88.38,25.02,80.69,5.45,215.5,olive
56.99,80.11,73.78,27.58,78.81,5.82,213.71,avocado
132.22,64.66,67.84,21.29,60.08,6.78,171.71,avocado
94.86,29.43,21.05,24.73,81.08,7.48,86.93,avocado
137.96,39.66,88.26,23.8,80.07,6.43,182.1,avocado
46.62,29.39,83.39,18.8,70.73,7.38,181.1,avocado
97.54,69.49,75.2,22.08,45.72,5.77,179.58,avocado
61.62,44.71,52.57,22.79,72.37,7.35,161.95,avocado
120.09,36.29,82.5,30.02,45.56,5.04,139.48,avocado
64.87,20.55,31.43,29.5,64.49,6.59,154.39,avocado
50.75,88.89,85.68,24.26,88.29,6.68,139.67,avocado
51.71,89.13,22.65,23.86,56.23,6.83,133.11,avocado
45.51,47.33,21.95,26.23,86.71,6.66,242.28,avocado
96.45,58.91,59.95,18.32,55.73,6.17,162.65,avocado
130.0,69.44,43.63,31.79,70.47,5.18,158.94,avocado
69.48,47.99,62.77,29.76,76.16,7.37,168.62,avocado
51.16,61.0,81.33,22.64,88.67,5.18,176.31,avocado
62.55,61.1,36.64,25.41,49.38,7.31,234.91,avocado
91.28,31.93,58.43,20.85,86.25,7.11,83.28,avocado
54.53,64.92,37.92,19.71,48.66,5.1,224.26,avocado
53.72,25.03,39.64,18.37,79.2,6.91,161.32,avocado
138.29,84.6,60.64,20.22,77.48,5.02,241.46,avocado
118.77,67.23,28.7,29.28,79.28,7.35,141.92,avocado
77.34,81.3,49.68,27.42,77.66,5.52,167.42,avocado
120.74,88.74,37.47,22.72,63.02,5.41,60.41,avocado
106.1,71.9,49.2,19.91,60.21,5.31,178.69,avocado
46.61,39.23,23.78,25.03,85.97,6.71,83.23,avocado
53.71,66.83,26.15,26.3,41.85,5.25,227.72,avocado
80.04,42.46,23.53,28.23,67.71,6.79,78.41,avocado
78.3,42.34,20.59,24.07,66.37,6.25,197.04,avocado
84.99,53.02,32.54,23.67,51.55,6.08,184.18,avocado
87.99,35.9,72.65,18.81,81.64,6.33,180.37,coffee
57.96,59.1,22.63,21.07,64.52,6.18,178.27,coffee
114.94,25.44,56.28,20.53,58.63,5.72,200.39,coffee
110.52,66.81,20.21,20.55,54.97,5.98,274.65,coffee
118.08,83.01,84.77,21.29,40.97,6.06,282.32,coffee
131.15,50.13,28.53,20.97,47.72,5.44,177.11,coffee
124.18,87.6,77.81,21.53,84.05,6.37,213.38,coffee
77.72,40.83,33.42,22.9,56.07,5.61,279.08,coffee
99.35,22.77,63.37,18.58,64.97,5.37,266.81,coffee
96.78,51.68,73.06,23.43,60.85,6.05,172.81,coffee
135.05,25.49,65.55,20.32,44.96,5.19,209.7,coffee
54.88,56.7,89.56,22.57,83.91,5.68,177.33,coffee
44.11,59.66,48.61,22.07,55.5,5.42,245.53,coffee
130.9,51.54,73.89,18.15,65.48,6.31,153.78,coffee
117.66,50.56,25.99,21.83,88.9,5.56,169.75,coffee
92.97,24.23,88.23,21.79,63.86,5.11,205.86,coffee
40.0,29.46,53.83,19.79,63.82,6.02,156.69,coffee
134.13,63.87,58.52,18.23,87.75,5.57,186.44,coffee
110.07,53.61,34.38,18.61,83.8,6.22,295.4,coffee
108.06,50.29,84.17,18.42,62.72,6.3,230.84,coffee
119.73,74.37,40.56,23.75,41.57,6.15,151.72,coffee
51.59,22.58,33.15,21.37,60.83,5.85,285.38,coffee
73.31,24.56,83.01,23.88,88.28,6.36,231.76,coffee
50.34,84.84,86.77,20.15,48.88,5.08,210.55,coffee
63.12,44.22,44.12,22.81,60.52,5.25,239.26,coffee
88.54,25.23,52.84,19.75,52.76,6.35,299.96,coffee
88.99,82.47,49.5,23.18,65.48,5.46,197.33,coffee
130.06,80.72,85.1,23.54,52.29,5.04,252.7,coffee
98.73,43.42,37.19,22.37,78.76,5.22,199.14,coffee
72.41,39.63,73.4,18.11,56.79,6.19,160.53,coffee
83.2,88.0,88.26,26.44,79.12,5.12,211.48,tea
43.08,53.96,20.26,19.1,65.75,5.4,209.52,tea
91.2,29.2,63.05,28.91,89.2,4.55,185.83,tea
86.67,53.21,84.13,26.65,69.68,4.68,251.11,tea
89.99,67.93,20.02,22.61,56.27,4.91,226.13,tea
118.87,56.86,34.41,23.81,68.56,4.55,237.51,tea
96.18,65.03,67.12,27.1,44.31,4.82,190.69,tea
103.27,82.24,45.54,27.39,40.78,4.75,231.11,tea
129.66,71.22,82.48,29.56,53.43,5.44,174.1,tea
97.69,34.22,27.69,21.86,75.1,5.19,173.87,tea
74.99,87.62,61.6,27.8,89.99,4.62,157.57,tea
122.49,77.01,41.98,27.71,74.68,4.83,253.49,tea
118.77,55.69,57.7,20.42,43.73,4.56,269.14,tea
139.05,76.74,80.6,23.6,45.38,5.42,231.33,tea
98.75,70.5,36.24,29.22,68.16,5.11,201.66,tea
96.97,86.61,31.81,20.61,74.97,5.21,223.78,tea
115.37,57.17,34.41,21.7,55.66,4.87,172.98,tea
130.46,43.96,33.55,19.43,63.81,4.57,216.49,tea
54.11,53.31,29.18,20.92,87.9,4.55,226.12,tea
122.12,73.39,30.01,21.68,68.23,5.23,287.73,tea
93.88,29.69,22.43,24.86,83.73,4.75,254.14,tea
115.11,20.18,33.54,23.88,51.35,4.61,247.79,tea
54.86,63.2,89.65,18.4,52.36,4.6,221.35,tea
118.26,73.11,42.08,21.89,67.16,5.04,161.59,tea
131.12,76.2,71.67,19.02,67.72,4.64,289.3,tea
58.14,27.06,55.99,23.92,62.16,5.23,233.97,tea
82.12,81.39,34.63,24.31,43.45,5.29,180.27,tea
96.64,69.15,25.7,19.06,65.16,5.11,179.26,tea
73.95,86.02,65.28,20.07,70.67,4.77,155.0,tea
40.95,76.08,87.41,20.83,76.57,5.27,173.95,tea
136.07,82.2,23.35,22.4,76.38,5.28,169.59,cocoa
43.11,82.47,85.82,24.48,77.05,5.84,298.96,cocoa
69.63,53.57,62.51,29.38,85.84,6.06,229.66,cocoa
73.77,88.61,71.9,29.65,54.15,5.43,218.51,cocoa
82.15,81.85,54.19,27.35,65.42,6.31,274.75,cocoa
70.26,89.88,79.98,27.98,74.12,5.38,170.86,cocoa
50.01,45.06,63.93,28.73,58.97,5.91,239.37,cocoa
130.13,84.3,20.71,27.37,54.51,6.38,159.93,cocoa
77.36,22.59,63.06,20.48,44.2,5.66,172.96,cocoa
40.88,81.48,78.64,24.99,82.52,5.67,281.07,cocoa
50.47,22.69,67.66,22.98,68.59,5.99,226.61,cocoa
69.49,86.4,46.86,24.49,65.93,4.57,231.34,cocoa
101.41,31.85,69.1,24.5,87.27,5.26,162.76,cocoa
132.04,39.72,87.06,26.62,57.4,5.5,270.02,cocoa
127.66,29.55,40.57,20.94,65.77,5.05,191.99,cocoa
105.75,87.96,34.31,25.25,61.3,5.64,199.44,cocoa
58.19,40.47,84.12,24.95,87.6,4.54,178.4,cocoa
132.2,27.76,60.8,21.76,46.72,5.45,280.72,cocoa
96.13,21.01,34.89,29.92,79.26,5.54,198.54,cocoa
71.63,22.52,36.1,28.47,58.26,6.2,293.56,cocoa
108.08,40.39,50.6,21.2,51.56,5.2,155.84,cocoa
125.4,55.05,44.75,26.25,62.69,5.14,207.66,cocoa
84.29,41.43,45.76,24.66,83.0,6.11,279.58,cocoa
86.85,86.69,24.09,28.46,73.55,4.55,276.75,cocoa
72.81,62.54,23.88,26.48,72.96,5.21,200.06,cocoa
119.43,83.94,20.16,22.98,66.31,5.13,199.18,cocoa
96.46,79.34,76.32,23.87,83.61,6.46,171.84,cocoa
58.34,88.24,26.79,22.55,89.85,6.13,179.71,cocoa
80.72,89.63,37.65,27.75,52.64,5.35,290.83,cocoa
105.94,49.92,87.41,28.97,87.26,5.55,168.41,cocoa
71.73,32.68,39.74,21.53,73.61,6.05,153.17,rubber
121.51,76.28,55.54,29.82,45.03,4.57,167.6,rubber
54.45,73.63,64.05,21.22,81.31,5.93,236.15,rubber
66.89,46.96,88.58,26.06,42.81,5.37,234.57,rubber
109.03,57.42,34.97,26.8,65.17,5.84,297.87,rubber
130.71,42.29,73.37,22.1,57.3,4.61,268.04,rubber
62.22,78.15,62.05,28.22,74.66,4.86,260.34,rubber
121.14,50.52,74.95,23.21,44.76,5.52,160.81,rubber
76.54,84.77,80.07,27.49,59.81,4.8,227.92,rubber
48.61,73.81,76.11,20.87,55.91,5.56,207.88,rubber
109.54,22.56,72.86,26.63,51.29,4.66,170.0,rubber
55.42,52.45,30.86,20.12,58.66,4.58,153.86,rubber
121.44,61.88,38.27,22.87,60.65,5.35,242.4,rubber
57.2,62.41,64.54,28.61,80.68,6.03,237.75,rubber
45.18,82.74,65.56,26.02,58.07,4.67,166.79,rubber
130.67,52.44,47.77,28.98,64.26,5.15,210.14,rubber
89.58,63.02,69.71,20.41,77.62,5.92,288.25,rubber
75.18,28.65,88.36,22.88,82.25,6.34,259.38,rubber
68.46,55.75,59.84,22.74,68.97,6.47,237.74,rubber
100.11,51.3,37.87,28.49,44.56,5.45,242.37,rubber
138.71,32.07,86.54,26.45,42.41,5.14,170.88,rubber
127.87,65.98,82.32,20.46,61.89,6.22,170.97,rubber
74.07,63.16,80.68,22.18,51.19,4.58,235.45,rubber
104.45,22.99,29.03,24.65,71.42,4.59,282.45,rubber
95.2,63.3,64.84,23.77,69.76,5.28,260.75,rubber
91.39,23.7,46.36,20.63,84.56,4.65,216.33,rubber
113.34,49.21,21.64,22.02,60.61,5.0,274.12,rubber
61.77,86.55,67.84,22.31,61.04,5.67,174.36,rubber
130.46,29.87,67.69,25.08,82.01,4.68,170.88,rubber
96.23,37.78,37.37,23.17,78.33,5.57,171.81,rubber
104.45,31.31,20.09,22.7,59.35,5.48,185.8,vanilla
54.88,77.64,27.63,25.24,80.33,5.2,249.13,vanilla
67.35,65.49,25.13,29.62,87.16,6.42,251.47,vanilla
85.8,63.3,76.36,28.88,64.63,5.16,178.76,vanilla
69.18,69.29,25.96,26.14,42.44,6.06,183.29,vanilla
84.85,80.09,72.2,21.17,73.48,5.27,298.27,vanilla
63.08,63.14,52.92,25.02,71.81,5.34,267.27,vanilla
102.41,37.8,34.62,26.51,67.53,4.82,214.65,vanilla
132.07,49.18,40.7,26.22,42.91,5.21,287.75,vanilla
43.58,29.49,44.49,22.22,42.01,5.53,241.52,vanilla
42.33,70.48,58.35,26.32,51.96,5.76,299.87,vanilla
129.56,45.99,21.49,23.61,78.0,5.32,242.49,vanilla
108.14,50.38,35.25,27.49,63.46,5.54,201.18,vanilla
94.46,62.68,78.04,27.02,67.64,6.19,265.03,vanilla
117.38,26.82,84.93,24.51,53.39,5.99,175.99,vanilla
101.99,23.83,67.25,27.81,76.32,5.57,267.07,vanilla
60.88,53.22,59.0,22.79,86.29,6.36,234.23,vanilla
41.87,42.38,71.03,25.25,75.94,5.62,269.08,vanilla
125.87,86.46,54.74,27.46,81.41,5.01,291.69,vanilla
50.32,51.66,25.37,28.83,76.98,4.61,200.3,vanilla
110.28,35.33,33.01,23.13,59.65,5.51,186.46,vanilla
68.99,84.03,23.38,22.0,50.39,5.49,246.37,vanilla
88.5,86.16,53.81,21.06,45.97,5.7,163.81,vanilla
116.11,69.42,37.7,29.62,88.44,5.22,171.81,vanilla
86.63,40.29,77.06,21.3,64.56,5.32,272.87,vanilla
80.11,28.3,21.21,24.28,58.92,5.31,259.82,vanilla
74.68,57.05,27.58,20.09,60.89,5.87,198.63,vanilla
134.63,25.24,27.81,22.43,50.5,4.73,175.68,vanilla
137.85,42.27,81.91,29.0,62.26,6.05,262.18,vanilla
103.65,60.63,62.3,20.76,71.67,5.71,282.38,vanilla
116.87,54.42,63.01,19.17,51.81,5.82,105.45,cardamom
69.75,35.63,70.85,28.42,46.35,7.47,79.01,cardamom
82.82,67.51,83.63,27.69,82.17,6.73,109.16,cardamom
40.68,57.58,24.21,28.58,54.16,6.78,46.44,cardamom
121.86,33.46,24.28,19.49,73.91,6.68,71.96,cardamom
81.31,20.63,32.84,16.54,87.89,5.88,112.02,cardamom
104.63,25.53,73.92,27.04,78.1,5.7,47.0,cardamom
105.52,87.13,70.65,15.27,73.29,5.71,62.24,cardamom
80.07,68.61,44.25,18.9,77.14,6.19,81.21,cardamom
48.71,39.43,72.88,15.22,66.04,6.08,111.8,cardamom
64.36,53.53,65.63,28.98,46.89,6.51,107.95,cardamom
42.13,29.43,35.28,21.19,40.15,5.93,88.84,cardamom
119.49,87.42,82.81,16.45,44.66,6.63,97.12,cardamom
52.53,55.49,85.09,22.2,62.23,6.17,108.67,cardamom
136.09,61.08,44.2,25.4,66.86,6.71,84.39,cardamom
49.59,73.28,41.7,15.98,58.34,5.93,118.18,cardamom
42.24,78.34,61.15,16.54,76.65,6.31,105.56,cardamom
69.54,30.56,43.41,23.84,89.2,6.83,95.36,cardamom
114.8,72.77,46.64,15.69,83.73,5.79,58.41,cardamom
70.63,68.83,49.7,21.22,47.87,7.06,121.11,cardamom
102.79,82.81,22.59,27.27,78.78,6.45,81.79,cardamom
138.4,75.35,86.43,15.57,77.2,6.05,43.86,cardamom
122.02,82.35,75.06,23.14,68.47,5.69,113.11,cardamom
68.39,77.41,25.72,17.91,53.24,6.56,74.23,cardamom
77.96,54.48,30.49,23.03,40.97,6.37,106.01,cardamom
92.48,21.25,56.57,28.58,58.66,6.04,131.11,cardamom
124.14,76.21,52.6,18.25,45.84,6.76,56.64,cardamom
105.92,29.74,51.17,24.71,72.3,6.12,104.73,cardamom
129.64,73.35,51.55,15.61,44.16,5.9,43.11,cardamom
107.65,64.13,23.25,29.5,62.96,7.3,61.19,cardamom
106.82,85.59,68.47,19.19,86.77,6.14,83.44,black_pepper
89.21,39.76,81.65,22.05,44.89,6.15,122.67,black_pepper
130.09,24.34,72.0,27.93,40.12,6.59,139.48,black_pepper
102.73,85.47,69.44,18.71,82.59,6.48,52.66,black_pepper
79.38,21.33,82.0,15.31,84.04,5.83,48.21,black_pepper
106.71,59.62,57.23,19.54,59.09,6.34,140.24,black_pepper
94.68,81.08,59.03,20.05,46.81,6.52,113.56,black_pepper
42.25,45.32,67.07,19.18,88.56,6.62,122.93,black_pepper
59.12,78.48,44.35,16.98,62.23,5.88,89.86,black_pepper
130.95,47.44,34.34,25.92,57.55,6.67,128.28,black_pepper
65.96,35.61,27.84,24.84,43.53,7.35,47.19,black_pepper
125.02,74.64,72.79,29.7,58.85,6.91,104.27,black_pepper
40.06,58.13,66.72,19.6,54.04,5.69,43.44,black_pepper
57.13,23.73,21.82,19.6,65.53,6.92,55.9,black_pepper
132.35,79.14,51.95,16.55,68.08,5.53,53.96,black_pepper
100.98,44.52,84.42,24.16,74.37,7.2,94.74,black_pepper
80.47,65.27,27.23,17.71,44.99,7.05,108.38,black_pepper
58.23,81.6,30.51,18.04,56.54,7.06,106.74,black_pepper
139.53,71.71,74.94,25.83,77.26,6.55,145.18,black_pepper
113.87,55.86,62.87,22.31,57.34,6.84,131.43,black_pepper
105.44,23.82,47.22,21.25,89.26,6.1,71.51,black_pepper
46.59,22.23,44.67,21.28,67.9,5.58,144.44,black_pepper
123.72,32.13,51.45,25.85,45.22,5.96,65.34,black_pepper
94.32,71.83,76.06,20.35,41.26,5.7,80.19,black_pepper
49.24,40.32,75.42,22.21,54.97,6.33,132.48,black_pepper
138.94,68.66,26.19,27.27,83.96,6.4,57.64,black_pepper
107.79,76.96,88.63,27.36,51.68,5.83,144.05,black_pepper
126.5,67.44,24.1,16.83,68.8,7.42,120.57,black_pepper
97.3,61.66,52.99,27.66,63.39,7.27,88.33,black_pepper
87.16,89.22,66.32,21.7,40.54,6.34,64.94,black_pepper
81.03,23.15,48.66,20.61,80.53,6.14,121.5,clove
98.7,62.14,75.28,28.2,46.78,6.06,44.19,clove
98.26,23.79,40.48,28.56,60.03,6.31,70.03,clove
118.84,55.78,53.91,27.9,48.06,5.54,138.5,clove
118.86,71.88,76.3,22.83,44.69,5.89,118.15,clove
53.84,62.07,48.32,28.9,78.34,6.21,53.51,clove
94.46,64.5,22.43,22.22,47.22,6.15,122.16,clove
132.17,27.12,44.35,22.7,87.08,7.29,127.44,clove
55.69,72.87,67.31,15.6,60.64,6.52,60.56,clove
55.79,48.59,20.28,20.02,65.77,6.04,97.28,clove
129.28,52.67,46.93,25.2,84.23,5.74,131.03,clove
130.81,84.01,33.25,28.44,56.7,6.2,71.46,clove
119.05,64.3,30.34,19.55,68.99,7.16,106.94,clove
106.54,41.61,79.64,24.24,70.11,6.07,102.82,clove
71.82,47.89,85.9,21.65,49.51,6.32,65.13,clove
110.85,34.83,69.62,21.96,60.76,6.66,147.54,clove
99.36,34.65,42.44,17.16,71.69,7.32,46.73,clove
66.94,28.0,56.99,27.55,47.59,7.16,83.95,clove
93.69,62.13,85.6,29.12,89.01,6.67,145.25,clove
118.61,60.3,61.58,19.65,47.82,6.41,67.84,clove
40.19,85.28,34.74,29.49,65.06,6.02,83.85,clove
49.29,58.73,41.82,15.04,51.01,6.34,140.82,clove
62.02,77.94,50.74,20.2,59.55,6.53,75.28,clove
101.02,72.94,82.04,21.29,69.1,5.8,97.05,clove
128.18,33.26,25.27,15.1,52.6,6.25,100.21,clove
79.01,88.93,59.58,28.16,51.71,5.99,99.34,clove
40.44,69.53,42.28,25.72,65.73,7.18,62.31,clove
133.95,88.65,48.66,23.67,40.26,6.62,86.32,clove
117.82,71.94,69.34,29.81,40.99,6.18,107.34,clove
131.09,42.33,74.48,27.2,64.44,6.9,122.25,clove
106.48,79.0,24.06,27.48,42.64,6.68,79.51,nutmeg
92.63,78.94,40.03,22.55,77.64,6.57,101.23,nutmeg
101.26,88.26,25.7,21.49,80.71,5.58,125.55,nutmeg
75.66,32.44,73.28,25.29,76.61,7.0,122.34,nutmeg
139.15,79.54,24.61,16.28,72.41,6.17,76.71,nutmeg
131.24,37.02,49.02,29.54,73.7,6.7,62.08,nutmeg
120.36,48.46,87.07,20.53,59.45,6.34,140.28,nutmeg
114.24,62.5,22.68,17.36,56.7,6.95,77.79,nutmeg
75.32,49.72,21.03,27.18,55.19,7.43,140.05,nutmeg
98.8,61.74,69.97,15.93,89.68,6.7,101.56,nutmeg
110.08,60.96,77.84,22.77,56.14,5.85,72.6,nutmeg
78.43,42.62,58.22,24.16,57.02,6.43,116.14,nutmeg
139.89,33.62,24.55,25.41,79.05,6.99,77.32,nutmeg
47.49,45.49,77.92,18.27,73.17,6.2,139.23,nutmeg
41.43,62.14,40.16,25.9,66.73,6.34,148.5,nutmeg
85.82,65.36,64.49,19.72,69.33,7.39,148.36,nutmeg
82.98,63.49,67.45,16.61,53.61,6.65,136.18,nutmeg
83.2,76.73,60.12,27.45,86.36,6.16,82.69,nutmeg
44.44,75.36,56.14,28.11,44.73,6.4,132.35,nutmeg
60.34,57.67,81.23,26.69,50.35,6.38,81.12,nutmeg
83.45,25.44,83.33,23.32,83.18,6.84,47.32,nutmeg
75.62,30.86,40.92,26.51,78.81,5.54,123.48,nutmeg
43.38,21.18,83.53,16.38,70.58,7.12,45.63,nutmeg
122.34,44.41,78.98,26.8,63.81,6.72,86.72,nutmeg
49.1,61.53,63.08,16.04,63.99,5.99,83.28,nutmeg
101.15,39.04,44.32,15.43,75.78,7.09,149.21,nutmeg
86.28,47.42,45.5,24.29,68.91,5.66,89.86,nutmeg
132.28,42.0,62.82,29.67,45.86,7.4,76.77,nutmeg
91.11,41.58,40.22,21.7,72.76,6.64,50.02,nutmeg
112.3,52.01,25.63,20.66,86.67,6.92,140.68,nutmeg
69.9,28.55,23.75,18.11,84.63,5.58,115.43,cinnamon
43.52,20.25,86.94,26.39,83.93,6.04,55.25,cinnamon
121.71,73.45,38.15,25.53,71.05,5.59,146.93,cinnamon
56.15,64.57,41.61,22.28,79.75,5.76,70.59,cinnamon
82.51,42.61,65.95,27.79,81.13,6.77,98.98,cinnamon
106.22,40.08,69.21,17.64,86.43,7.03,121.5,cinnamon
86.95,61.78,51.8,24.92,44.02,6.51,85.16,cinnamon
127.86,25.89,80.58,29.22,87.9,6.06,73.1,cinnamon
55.48,75.57,69.79,18.41,75.11,6.0,126.25,cinnamon
46.15,81.7,49.34,28.31,65.85,5.75,124.67,cinnamon
111.93,21.86,30.15,17.09,60.4,6.6,104.7,cinnamon
131.81,53.34,57.92,25.41,87.87,7.34,98.49,cinnamon
78.23,27.43,31.46,17.98,63.23,6.71,51.39,cinnamon
92.16,81.33,81.86,27.91,81.54,6.45,94.72,cinnamon
47.39,87.87,49.67,15.21,83.29,6.99,112.75,cinnamon
62.0,24.76,60.83,18.16,66.95,6.91,80.35,cinnamon
122.36,81.4,88.85,15.54,64.12,6.99,77.71,cinnamon
113.02,29.54,54.91,29.97,59.37,5.66,100.88,cinnamon
57.2,55.96,82.21,29.51,75.0,6.89,86.41,cinnamon
104.92,57.37,48.29,20.05,63.47,5.52,120.87,cinnamon
100.87,43.84,71.13,26.08,63.82,6.59,50.6,cinnamon
44.24,77.29,39.64,25.97,60.18,7.04,135.59,cinnamon
46.56,30.54,51.35,16.43,40.44,6.33,49.63,cinnamon
132.66,78.16,21.86,24.25,76.28,5.67,42.9,cinnamon
61.63,73.41,28.33,17.26,75.82,6.42,98.72,cinnamon
50.61,28.43,47.06,22.76,60.67,7.16,120.04,cinnamon
112.32,66.11,43.6,23.86,51.13,7.32,82.47,cinnamon
101.22,71.36,70.47,17.01,42.18,6.07,98.18,cinnamon
71.46,38.91,72.57,16.95,49.67,6.43,51.93,cinnamon
122.65,62.37,83.16,19.27,65.85,6.48,132.17,cinnamon
80.8,64.56,87.15,26.64,43.94,6.91,110.61,turmeric
104.84,89.58,83.08,22.14,44.31,7.36,126.14,turmeric
67.85,55.93,38.43,28.77,51.17,7.05,230.41,turmeric
123.08,86.46,37.17,25.17,61.16,5.64,158.1,turmeric
55.37,80.08,31.41,23.52,49.9,6.93,157.06,turmeric
70.71,59.76,60.24,33.25,46.06,6.59,108.29,turmeric
56.92,85.82,74.85,23.48,80.32,5.87,93.21,turmeric
66.32,86.05,82.22,30.94,54.18,7.28,182.97,turmeric
54.92,84.35,48.55,33.02,40.43,7.37,107.91,turmeric
127.29,59.27,21.39,25.95,62.92,7.34,192.85,turmeric
48.7,47.97,89.49,30.88,62.39,6.02,236.1,turmeric
54.12,47.99,52.74,28.99,82.15,6.98,171.11,turmeric
120.21,72.61,41.39,21.58,85.81,6.95,99.91,turmeric
94.57,49.76,42.22,21.84,76.66,6.03,73.51,turmeric
78.94,42.85,80.9,23.05,42.14,7.42,152.62,turmeric
67.61,77.85,53.44,25.78,64.65,6.73,60.25,turmeric
136.58,51.91,62.11,32.13,72.46,5.54,190.56,turmeric
74.44,56.41,74.65,21.4,46.95,5.93,248.11,turmeric
97.49,59.25,73.41,34.12,89.25,5.98,249.39,turmeric
139.45,50.26,20.23,30.54,50.13,5.6,156.06,turmeric
130.59,26.14,57.57,32.66,67.09,7.36,233.4,turmeric
49.75,36.74,70.78,22.51,65.0,6.75,76.56,turmeric
76.83,81.15,89.53,27.41,44.03,5.79,71.07,turmeric
107.26,71.72,48.76,29.31,89.83,6.06,161.48,turmeric
94.86,36.24,33.28,31.78,65.41,7.37,123.03,turmeric
77.14,70.11,75.13,28.96,89.2,6.88,148.43,turmeric
74.52,86.3,57.14,30.34,40.09,6.57,154.59,turmeric
127.23,37.61,62.17,30.08,78.7,6.89,154.06,turmeric
60.01,34.99,61.18,20.04,71.7,7.13,100.91,turmeric
105.06,33.86,87.44,30.2,86.82,6.05,67.08,turmeric
108.26,81.72,79.53,34.02,48.12,6.29,248.96,ginger
99.24,87.23,46.86,22.53,74.65,7.0,207.82,ginger
117.32,89.3,85.43,30.46,56.51,6.46,75.47,ginger
81.21,44.98,44.65,32.19,43.51,6.33,127.36,ginger
73.36,67.96,60.62,33.26,78.39,7.04,230.74,ginger
133.74,61.56,36.94,23.44,71.47,6.78,98.16,ginger
139.87,60.47,20.77,24.08,71.91,6.06,175.18,ginger
95.92,87.23,21.17,20.33,54.05,7.14,130.87,ginger
81.22,79.42,88.24,32.26,83.75,6.59,142.81,ginger
79.45,26.53,49.62,20.19,63.65,6.32,62.86,ginger
96.07,46.19,61.77,33.2,85.19,6.24,168.88,ginger
136.44,89.05,39.08,24.1,48.14,7.42,159.17,ginger
63.06,80.85,81.92,24.28,68.97,6.24,218.19,ginger
134.02,83.49,38.0,20.68,50.22,6.59,203.65,ginger
91.17,81.1,45.38,27.72,63.79,7.16,169.13,ginger
86.2,45.88,87.15,26.72,41.52,7.3,247.22,ginger
113.3,44.98,65.9,21.79,47.68,6.18,105.76,ginger
90.41,69.68,61.1,26.42,82.25,6.2,91.28,ginger
125.73,54.59,25.7,30.22,43.21,7.12,141.06,ginger
97.28,73.51,65.39,34.33,57.45,5.92,205.19,ginger
135.19,63.54,30.53,28.34,51.33,6.41,230.5,ginger
63.94,88.14,65.56,29.09,48.63,6.33,229.54,ginger
105.59,83.85,74.21,33.73,55.45,6.05,84.87,ginger
52.48,69.17,47.5,22.9,54.78,6.02,132.2,ginger
95.7,87.78,56.78,34.62,78.53,6.63,159.76,ginger
54.68,58.02,41.75,20.02,59.09,5.63,152.69,ginger
87.66,29.27,83.98,26.77,56.45,6.75,79.69,ginger
83.78,58.6,30.36,21.92,47.66,7.22,180.38,ginger
126.71,62.08,60.14,26.73,56.29,6.51,91.65,ginger
135.09,52.55,35.79,32.83,85.44,5.87,227.64,ginger
129.91,57.68,43.23,20.23,72.84,6.58,230.73,saffron
105.95,81.28,68.35,30.45,87.39,6.3,248.74,saffron
98.53,37.59,78.51,31.41,52.48,6.46,92.17,saffron
116.46,71.54,68.29,23.66,46.64,6.59,145.66,saffron
65.18,83.92,64.69,26.24,75.17,5.9,205.51,saffron
52.89,60.68,65.27,25.79,88.25,7.47,180.06,saffron
60.09,36.26,76.47,25.5,59.09,6.53,124.19,saffron
51.86,42.26,46.48,25.02,42.02,7.09,229.69,saffron
55.31,71.52,69.31,31.5,80.9,6.26,124.69,saffron
122.51,71.38,51.39,26.8,70.36,5.77,85.25,saffron
98.59,61.65,72.04,21.13,79.2,5.62,115.19,saffron
41.79,32.26,65.82,31.2,83.92,7.24,229.59,saffron
61.64,57.35,32.53,29.99,52.44,7.33,212.12,saffron
118.1,85.43,39.59,33.63,68.92,7.19,194.0,saffron
95.83,23.03,83.19,29.54,50.18,6.5,133.55,saffron
134.46,41.78,21.87,34.93,83.01,5.83,185.63,saffron
51.01,79.42,48.72,23.43,70.62,7.18,179.24,saffron
48.97,65.46,45.81,33.44,85.35,7.13,177.27,saffron
120.83,44.01,64.7,34.58,46.44,7.05,172.05,saffron
45.35,74.95,70.79,23.24,89.58,6.92,207.9,saffron
89.88,30.88,39.47,31.97,84.12,6.13,217.24,saffron
52.5,42.77,74.51,30.56,48.51,7.44,186.08,saffron
120.81,88.86,78.66,28.93,55.72,6.28,222.26,saffron
138.66,87.49,63.46,24.77,64.54,6.93,90.6,saffron
102.83,23.5,42.38,27.81,86.01,7.18,161.16,saffron
60.65,53.65,38.46,34.86,40.6,6.38,112.12,saffron
94.75,61.73,51.91,20.18,88.21,6.13,143.19,saffron
85.14,39.47,39.18,21.78,86.23,6.99,135.38,saffron
128.71,23.21,67.46,31.64,84.34,6.89,84.24,saffron
107.37,50.48,48.81,31.12,73.43,6.44,96.08,saffron
129.55,56.73,39.75,26.53,73.25,6.06,146.81,fennel
112.3,65.54,56.97,29.94,56.72,7.44,247.86,fennel
123.44,67.93,24.33,25.28,53.85,7.36,180.97,fennel
106.45,62.63,89.94,27.76,51.64,7.46,110.47,fennel
104.36,58.83,86.89,31.49,89.49,7.07,179.32,fennel
53.77,31.33,45.25,25.28,49.03,6.79,230.21,fennel
94.7,73.21,46.09,25.72,72.07,5.81,196.24,fennel
109.23,43.94,85.22,32.13,75.85,6.41,167.57,fennel
102.96,89.63,64.95,23.89,82.36,6.69,145.38,fennel
100.96,53.49,47.39,27.99,82.73,7.28,237.75,fennel
106.99,20.83,79.58,20.31,83.92,6.3,149.33,fennel
77.84,73.8,77.81,33.81,54.87,7.5,131.32,fennel
94.83,61.04,31.03,28.09,54.8,5.9,66.39,fennel
99.87,24.72,69.98,29.7,76.17,6.14,220.01,fennel
129.3,67.33,37.7,33.33,64.98,6.09,119.54,fennel
75.28,53.07,79.23,23.38,64.79,5.74,88.81,fennel
85.49,47.61,40.57,32.56,40.84,5.6,73.79,fennel
41.39,43.56,37.96,31.21,56.95,5.73,154.83,fennel
134.43,56.4,31.39,32.08,44.45,6.02,201.65,fennel
111.79,55.66,48.64,21.13,65.24,6.37,89.51,fennel
112.6,36.92,37.95,24.75,67.77,6.54,201.4,fennel
80.94,49.86,49.25,20.1,85.15,6.1,205.43,fennel
116.25,78.87,69.46,33.1,54.17,6.87,90.94,fennel
139.95,86.51,49.53,28.81,52.27,6.73,181.09,fennel
46.25,25.03,82.82,20.45,62.02,6.94,106.64,fennel
69.61,74.31,48.04,21.69,67.15,6.1,110.33,fennel
127.36,33.36,75.87,23.99,87.53,6.77,92.87,fennel
128.52,36.41,35.38,32.84,87.16,5.59,234.55,fennel
87.61,56.71,20.66,33.56,45.33,7.09,138.06,fennel
64.17,85.37,78.78,31.76,46.94,6.6,86.5,fennel
94.52,83.85,60.65,32.74,56.33,6.54,133.82,coriander
103.45,67.1,41.44,27.24,77.95,6.03,115.57,coriander
110.47,83.19,33.21,30.11,50.54,5.53,75.93,coriander
55.74,89.68,87.57,22.54,62.05,7.1,211.21,coriander
129.85,28.58,46.28,29.25,60.22,6.03,132.26,coriander
75.46,83.86,69.93,25.35,67.12,6.21,180.03,coriander
121.69,46.22,41.71,29.98,41.73,6.14,101.39,coriander
89.44,48.55,35.66,22.97,72.93,6.62,73.44,coriander
130.94,23.76,41.7,22.82,68.67,5.76,76.27,coriander
45.04,56.4,24.35,28.78,70.89,6.81,165.3,coriander
55.27,87.91,57.49,20.4,74.56,5.61,123.24,coriander
85.57,77.01,62.63,31.91,54.48,7.23,131.33,coriander
121.74,37.95,42.06,21.43,81.3,6.87,184.38,coriander
76.34,53.12,73.51,29.63,42.69,6.13,224.42,coriander
109.85,88.37,46.49,21.63,65.72,6.37,157.9,coriander
132.86,73.32,43.85,29.31,73.8,6.14,159.41,coriander
117.84,31.49,43.46,25.5,72.28,6.4,61.15,coriander
65.77,88.23,61.17,25.12,47.01,5.61,64.16,coriander
99.56,53.25,61.2,24.91,85.21,6.9,83.99,coriander
59.68,48.32,77.77,22.51,45.13,5.94,140.64,coriander
123.86,36.69,65.37,26.26,71.52,6.45,100.67,coriander
81.18,39.56,50.98,21.35,69.37,6.82,248.14,coriander
47.22,55.64,60.3,30.62,40.29,5.55,155.64,coriander
95.97,56.71,66.66,21.07,50.42,6.23,120.25,coriander
137.87,79.45,73.52,29.55,81.14,7.09,114.41,coriander
77.2,74.49,89.71,30.48,88.03,6.94,186.5,coriander
47.94,87.24,58.18,26.18,52.02,6.29,73.95,coriander
109.9,68.25,89.79,29.04,82.06,7.17,191.0,coriander
49.0,67.84,36.49,24.62,57.17,6.62,207.6,coriander
55.82,68.47,84.13,25.03,49.32,6.76,91.51,coriander
56.53,89.77,46.59,32.31,66.35,5.5,163.95,cumin
70.93,30.75,29.35,29.28,53.11,5.87,202.51,cumin
75.72,34.66,25.27,24.36,64.65,6.19,204.81,cumin
86.46,20.21,20.1,24.69,80.47,7.11,123.45,cumin
136.32,57.03,64.73,30.56,83.37,6.94,89.18,cumin
55.8,44.61,45.5,34.87,60.98,6.0,100.22,cumin
64.06,61.78,21.5,23.88,81.81,5.69,225.08,cumin
78.51,72.23,58.23,20.31,87.28,5.96,81.4,cumin
78.4,84.15,50.8,31.81,56.16,6.12,72.12,cumin
62.08,86.79,50.01,32.9,43.71,6.82,166.21,cumin
61.58,75.93,60.86,25.61,60.71,6.05,152.3,cumin
126.5,65.51,57.7,21.67,42.65,5.93,166.65,cumin
79.14,76.29,35.09,34.41,42.92,6.84,150.78,cumin
125.24,25.63,75.19,31.12,66.84,7.01,186.31,cumin
97.57,42.53,79.05,23.78,67.31,5.5,95.05,cumin
61.23,84.2,30.13,31.88,49.52,6.64,172.63,cumin
114.92,81.48,24.98,24.74,69.66,7.16,191.42,cumin
135.4,52.26,76.03,25.49,89.46,5.77,230.58,cumin
58.63,59.96,82.94,31.22,86.31,7.09,198.57,cumin
137.38,70.45,75.5,20.4,86.62,7.34,138.03,cumin
48.53,52.03,44.11,23.08,75.06,6.73,175.7,cumin
136.86,34.25,82.3,29.7,53.04,7.46,172.42,cumin
41.13,24.11,60.73,34.72,42.54,5.61,196.41,cumin
102.27,77.49,23.62,28.05,60.78,5.96,234.05,cumin
128.96,65.79,77.68,32.03,67.6,7.42,71.26,cumin
129.01,49.01,40.17,27.72,84.79,6.79,199.55,cumin
107.86,44.04,75.26,28.9,46.94,5.84,80.47,cumin
83.41,31.04,59.97,21.69,78.2,7.23,213.67,cumin
67.68,68.54,44.96,25.75,47.22,7.08,143.09,cumin
59.84,39.58,34.75,27.59,82.54,7.5,158.05,cumin
55.26,76.41,76.45,21.49,74.1,6.71,167.43,anise
50.79,83.1,56.57,27.7,50.98,6.05,172.48,anise
64.67,66.49,72.9,34.62,76.3,6.49,203.17,anise
76.73,86.68,46.76,24.14,85.52,6.81,89.28,anise
71.66,40.83,21.72,20.52,86.22,6.7,85.65,anise
88.47,78.8,31.83,24.03,64.78,6.34,248.78,anise
77.19,62.44,27.61,23.35,84.15,5.98,61.2,anise
115.29,87.39,42.44,24.41,65.01,6.51,132.57,anise
107.55,77.49,20.32,26.1,65.28,7.15,73.06,anise
136.99,43.13,26.42,25.73,43.29,6.16,65.31,anise
72.52,47.93,65.89,33.49,68.1,7.13,101.04,anise
56.96,77.78,75.8,26.57,78.57,5.61,221.21,anise
66.79,51.29,26.14,32.94,82.55,5.64,175.68,anise
62.11,51.68,58.88,34.36,62.9,5.73,143.32,anise
96.34,20.51,84.8,31.59,69.34,6.06,134.86,anise
77.27,85.33,34.83,32.08,82.82,5.98,241.26,anise
127.11,65.74,82.98,27.11,46.8,6.25,126.86,anise
134.43,58.49,66.09,21.75,58.8,7.21,74.75,anise
47.07,44.43,40.4,27.89,87.18,7.05,192.07,anise
88.07,53.13,56.81,32.68,79.87,6.17,76.05,anise
73.85,51.22,89.31,22.77,42.45,6.62,75.73,anise
98.5,39.12,70.87,26.16,53.31,6.89,122.26,anise
77.83,75.83,27.72,32.17,62.26,7.28,100.94,anise
60.11,32.63,35.79,22.77,67.43,7.11,87.73,anise
87.54,84.27,57.97,33.67,77.89,5.51,118.95,anise
126.27,46.8,78.76,28.4,42.08,5.94,84.15,anise
85.18,76.89,55.48,20.14,81.07,5.51,229.86,anise
104.96,47.97,44.56,24.17,59.56,6.53,247.08,anise
64.15,77.88,81.93,29.52,84.82,6.75,225.57,anise
51.6,48.78,71.74,33.88,50.2,6.74,151.02,anise
66.67,55.07,56.09,21.35,75.12,6.66,186.69,caraway
63.47,21.76,57.81,34.89,69.2,5.96,186.71,caraway
43.27,28.21,27.0,22.76,86.21,6.67,188.53,caraway
79.77,25.6,64.79,24.81,50.12,5.63,230.66,caraway
114.01,45.85,35.06,34.69,88.14,6.59,137.33,caraway
122.38,59.91,44.12,34.57,86.1,6.02,245.78,caraway
125.01,89.17,86.93,24.62,80.03,5.87,94.03,caraway
65.41,41.1,42.97,32.65,71.74,5.53,216.2,caraway
56.36,74.86,37.49,34.36,72.02,6.73,112.67,caraway
125.12,25.39,77.89,28.4,60.43,6.31,64.57,caraway
89.17,53.33,46.01,23.01,69.11,6.4,100.9,caraway
62.87,32.09,21.67,30.74,49.12,6.86,131.54,caraway
50.31,35.18,70.61,24.87,68.08,5.67,240.54,caraway
85.68,76.18,35.49,34.1,51.62,6.87,230.49,caraway
103.2,27.64,80.83,31.75,74.0,6.74,70.33,caraway
70.11,43.27,36.33,32.04,46.38,6.02,93.2,caraway
57.29,81.21,22.66,20.69,78.51,6.1,115.45,caraway
56.42,62.42,27.79,26.42,71.84,5.5,143.47,caraway
53.43,22.64,75.55,20.37,49.24,7.41,68.93,caraway
83.87,69.4,59.75,34.54,61.42,7.27,109.57,caraway
78.69,89.65,49.76,29.03,82.37,7.25,234.39,caraway
42.33,45.45,85.65,25.5,51.45,5.99,220.11,caraway
96.54,46.82,33.28,24.03,52.46,6.48,70.6,caraway
93.6,61.82,72.45,28.19,78.05,5.84,217.96,caraway
61.3,44.17,62.26,21.58,80.84,7.12,196.22,caraway
72.99,32.84,33.44,23.39,71.53,5.97,167.3,caraway
116.91,81.89,72.29,24.92,76.33,7.4,184.1,caraway
48.34,57.29,53.15,20.23,54.53,7.21,149.73,caraway
132.18,79.73,53.13,28.04,49.12,6.81,87.74,caraway
93.67,53.57,68.75,30.61,86.13,7.29,219.67,caraway
54.66,51.1,69.25,26.3,40.05,6.68,80.58,dill
42.39,31.91,36.05,23.32,60.27,6.99,175.04,dill
80.01,46.47,52.15,25.18,84.34,6.29,201.91,dill
95.44,50.72,61.34,31.72,63.71,6.83,114.08,dill
107.53,36.09,39.89,34.0,74.67,6.78,116.95,dill
97.35,40.84,35.3,29.64,46.66,5.56,185.85,dill
75.68,43.87,64.22,33.17,72.75,5.75,204.69,dill
94.57,85.1,27.44,25.3,44.12,6.1,147.58,dill
84.68,44.28,71.75,33.98,68.81,6.42,212.18,dill
101.39,62.95,37.71,28.37,74.67,5.75,171.84,dill
100.29,59.95,68.9,33.92,87.35,7.37,218.0,dill
55.97,70.3,70.25,27.9,62.53,6.26,131.62,dill
80.45,34.15,76.69,28.77,88.54,6.53,242.88,dill
135.51,26.94,57.08,29.43,85.65,6.34,204.85,dill
65.2,44.9,48.33,28.96,53.2,5.83,65.07,dill
56.81,80.88,79.68,24.62,62.67,6.31,166.77,dill
63.9,22.86,58.97,34.45,81.47,6.73,82.7,dill
81.72,54.6,89.1,29.3,75.7,6.44,201.49,dill
57.84,88.69,86.31,30.1,60.44,7.21,61.87,dill
64.26,63.03,77.7,24.17,74.78,7.32,211.13,dill
91.1,75.93,81.25,26.88,51.77,6.18,130.1,dill
135.76,20.53,63.62,22.7,48.61,6.25,141.12,dill
116.18,38.39,68.13,20.74,57.39,6.14,87.22,dill
92.57,44.39,40.13,24.17,78.78,6.26,189.78,dill
110.04,77.19,77.92,30.25,65.62,6.17,240.63,dill
48.11,27.2,27.22,25.97,84.38,7.37,189.92,dill
133.38,36.51,58.61,25.05,67.54,7.27,90.57,dill
91.41,25.51,28.4,25.19,65.17,5.56,218.51,dill
41.15,73.96,40.66,25.4,80.64,5.56,148.07,dill
55.5,72.12,71.29,23.13,79.89,5.8,89.07,dill
56.88,49.02,85.32,24.2,61.94,6.57,221.88,parsley
60.58,43.45,30.12,34.12,77.26,6.5,127.7,parsley
98.67,45.22,45.02,30.31,43.25,5.7,93.86,parsley
139.83,31.07,49.7,26.18,63.53,6.87,198.62,parsley
124.36,34.54,88.03,29.7,74.96,6.16,167.22,parsley
41.77,80.13,46.44,29.82,67.95,6.67,110.8,parsley
111.09,34.45,82.35,27.11,85.74,5.57,67.83,parsley
46.44,55.2,26.26,28.1,46.87,5.71,179.0,parsley
131.09,69.04,24.1,28.07,86.84,5.91,235.69,parsley
124.14,74.4,62.03,25.27,45.69,5.79,72.4,parsley
129.22,71.6,48.97,32.99,66.59,6.87,69.51,parsley
134.16,39.17,45.71,25.75,63.32,6.83,110.85,parsley
98.59,52.99,36.05,32.19,46.36,6.66,109.93,parsley
117.18,38.32,65.72,26.37,70.15,6.59,144.88,parsley
113.29,76.31,22.64,21.04,65.47,7.02,200.13,parsley
110.64,43.78,56.87,28.45,44.98,6.82,65.27,parsley
92.0,51.09,54.05,32.7,75.64,6.7,150.65,parsley
107.79,65.47,37.84,26.57,48.25,7.37,143.33,parsley
96.87,81.84,50.13,26.18,42.61,6.44,129.46,parsley
95.38,68.41,57.78,23.99,83.77,6.98,98.93,parsley
126.86,49.62,26.4,28.67,67.41,6.7,189.08,parsley
71.55,83.4,25.55,20.4,77.53,5.76,170.92,parsley
57.52,44.26,44.19,27.82,46.76,6.78,178.37,parsley
65.7,89.37,52.51,20.49,87.93,6.34,168.43,parsley
116.97,77.94,69.55,33.77,86.64,7.46,166.34,parsley
72.18,43.94,65.4,30.8,71.6,5.64,112.93,parsley
80.61,72.73,61.59,30.7,87.38,6.85,203.92,parsley
68.15,70.82,80.94,30.34,54.49,7.36,133.4,parsley
98.23,45.75,52.62,32.59,69.84,7.29,222.21,parsley
47.4,83.22,86.04,23.32,80.02,6.85,181.97,parsley
57.21,82.02,45.82,27.05,41.46,5.88,240.25,basil
69.36,85.71,34.01,30.87,62.13,6.84,61.22,basil
100.78,53.62,40.52,29.68,47.73,6.05,75.08,basil
104.86,27.94,82.86,34.68,51.06,7.32,62.02,basil
107.87,72.93,75.77,29.23,49.53,7.14,205.64,basil
74.61,46.52,41.97,30.73,44.49,7.07,153.87,basil
84.11,50.7,47.03,25.35,63.72,5.72,111.25,basil
94.96,51.59,22.79,27.19,63.0,6.16,70.76,basil
85.19,81.77,35.03,20.72,49.63,6.37,169.99,basil
84.03,74.28,66.49,33.23,89.28,7.26,101.37,basil
58.71,70.62,85.96,32.76,78.14,5.99,152.17,basil
99.24,67.33,62.05,30.05,50.15,6.44,148.98,basil
49.91,32.78,65.26,26.86,62.63,7.37,227.86,basil
95.54,63.04,75.47,34.67,70.5,6.45,76.84,basil
115.3,23.24,40.44,22.9,83.11,6.76,169.3,basil
41.11,36.69,85.44,22.0,59.09,6.06,86.7,basil
52.66,72.68,52.6,24.25,80.0,6.4,183.01,basil
54.5,20.61,41.65,20.64,83.28,6.32,82.08,basil
116.87,38.23,75.38,29.28,80.59,5.73,206.7,basil
60.51,85.95,75.98,20.22,52.8,7.33,168.74,basil
81.97,63.85,26.31,27.67,61.66,7.5,60.79,basil
103.2,49.15,47.71,27.92,78.04,5.87,185.15,basil
97.61,26.37,56.04,28.79,64.78,5.91,138.56,basil
70.43,70.8,33.73,21.78,52.55,6.69,68.56,basil
48.89,44.52,38.43,32.56,74.61,6.67,145.18,basil
59.68,45.82,86.91,33.08,67.8,7.09,165.37,basil
112.55,21.7,80.28,34.0,75.4,7.16,172.14,basil
54.58,37.56,47.8,28.78,60.55,5.51,180.06,basil
89.56,45.03,62.4,29.04,74.75,6.89,243.51,basil
119.24,80.67,23.5,30.92,53.24,7.24,89.36,basil
76.92,56.36,23.19,30.28,85.55,5.81,102.74,thyme
61.79,37.26,59.16,20.4,71.05,7.08,114.99,thyme
105.41,37.47,68.28,25.18,45.72,5.72,110.51,thyme
111.0,87.59,22.07,31.99,48.15,7.22,149.66,thyme
65.38,78.64,75.38,26.31,58.71,6.9,133.25,thyme
134.55,86.3,61.75,32.45,46.17,6.36,135.25,thyme
78.55,42.59,77.9,22.98,44.69,5.51,182.5,thyme
43.5,84.06,62.45,23.42,59.65,7.24,85.92,thyme
93.59,53.34,57.42,32.72,52.67,6.6,91.0,thyme
89.18,25.42,28.13,28.31,76.85,6.6,65.52,thyme
104.0,78.27,78.99,20.69,77.61,5.54,196.05,thyme
86.38,24.8,43.82,23.8,76.98,6.23,140.9,thyme
84.2,20.16,20.02,24.37,77.31,6.45,89.0,thyme
50.3,68.49,55.37,20.35,57.81,7.48,148.06,thyme
133.1,88.28,22.16,23.28,84.43,5.59,89.9,thyme
77.43,73.48,46.24,21.89,69.17,6.44,152.47,thyme
46.09,69.74,49.36,22.17,80.0,6.38,180.27,thyme
47.8,40.34,59.84,28.71,82.74,6.17,176.29,thyme
109.34,22.18,39.13,30.09,40.97,7.16,162.95,thyme
77.67,49.64,78.55,24.2,61.77,6.78,122.95,thyme
88.12,82.14,77.68,33.83,65.58,6.33,91.95,thyme
127.45,21.86,70.59,28.71,75.92,5.51,81.4,thyme
91.53,38.33,36.78,33.43,56.65,5.86,96.2,thyme
65.73,42.44,69.04,20.86,70.71,6.74,183.79,thyme
97.9,21.75,56.42,24.64,65.88,6.87,148.84,thyme
98.54,58.17,86.79,30.53,71.87,6.63,80.36,thyme
47.6,63.86,42.93,24.7,53.24,6.0,138.23,thyme
51.79,41.41,45.49,21.75,86.05,7.47,173.77,thyme
137.23,68.85,72.07,24.37,81.74,7.07,111.75,thyme
59.47,50.61,55.36,28.17,62.54,5.92,174.26,thyme
133.07,83.76,59.47,31.81,86.31,5.55,172.29,rosemary
107.9,22.4,21.34,33.77,85.79,6.05,249.19,rosemary
78.72,69.8,52.59,21.93,86.63,6.62,151.97,rosemary
43.37,37.36,70.55,34.01,73.68,7.23,216.67,rosemary
102.49,45.44,52.36,22.75,79.72,6.14,218.31,rosemary
62.46,25.5,30.11,29.08,71.1,7.47,126.12,rosemary
125.83,25.77,23.06,30.41,62.84,5.96,165.63,rosemary
87.56,68.52,49.03,25.45,68.54,6.58,123.87,rosemary
77.8,72.58,47.93,27.34,45.53,6.01,195.36,rosemary
129.41,57.84,43.68,29.07,79.9,7.48,67.92,rosemary
46.27,50.3,22.25,28.06,58.54,5.55,84.78,rosemary
91.84,82.89,37.57,25.74,70.66,7.26,176.35,rosemary
115.33,44.31,37.11,32.87,71.76,5.77,197.68,rosemary
49.14,75.15,68.08,33.11,59.98,6.0,237.01,rosemary
42.34,55.23,41.11,21.61,50.32,7.49,78.92,rosemary
133.43,43.34,69.71,25.68,41.33,6.74,81.19,rosemary
45.08,30.48,83.31,24.6,68.43,6.21,127.35,rosemary
48.88,20.79,75.3,24.0,86.92,5.64,221.45,rosemary
123.25,78.82,55.8,20.9,77.52,7.12,102.71,rosemary
117.19,22.15,62.19,20.01,46.02,6.42,230.29,rosemary
124.46,71.45,23.49,34.07,49.71,6.79,157.79,rosemary
75.38,48.77,73.36,23.25,85.52,7.34,114.99,rosemary
92.49,80.33,56.68,20.83,69.41,5.82,209.56,rosemary
55.42,57.94,40.36,29.82,88.31,6.98,127.49,rosemary
91.54,65.61,37.4,27.56,65.36,5.78,192.78,rosemary
57.75,65.63,84.43,28.75,84.12,6.66,137.76,rosemary
87.93,76.98,75.54,27.91,69.32,6.09,92.96,rosemary
93.63,29.52,41.25,21.15,70.14,5.89,85.22,rosemary
42.48,44.93,84.49,26.82,65.32,6.39,99.51,rosemary
126.09,70.31,47.47,28.6,82.51,6.77,85.07,rosemary
40.87,23.28,40.3,34.19,68.48,5.86,168.97,oregano
101.33,74.15,72.24,30.24,53.86,5.97,86.78,oregano
67.18,42.68,49.19,22.63,73.2,7.11,163.37,oregano
83.17,34.56,75.6,22.36,50.6,6.16,212.07,oregano
93.26,33.71,24.84,33.1,87.87,7.31,211.8,oregano
92.82,78.17,35.34,20.88,70.01,6.57,206.2,oregano
88.55,38.41,80.38,30.19,55.49,5.9,168.01,oregano
78.74,44.22,55.03,32.64,68.45,5.81,214.44,oregano
78.34,26.71,29.64,24.61,40.34,7.29,137.72,oregano
46.52,71.85,74.5,20.75,55.69,6.75,154.55,oregano
88.51,68.81,25.23,20.66,87.87,6.23,153.68,oregano
87.23,27.87,79.99,23.77,79.66,6.67,142.61,oregano
68.11,79.76,53.95,34.75,77.95,6.13,208.64,oregano
124.34,75.0,45.81,26.71,52.6,6.93,83.99,oregano
115.11,35.25,22.73,28.45,50.8,6.69,229.64,oregano
132.85,73.68,54.62,33.23,54.52,6.62,103.96,oregano
128.89,65.32,82.56,21.38,62.51,5.62,242.72,oregano
118.63,31.92,25.45,27.93,74.19,5.68,92.91,oregano
116.41,45.58,44.14,22.79,57.95,6.44,99.97,oregano
110.03,55.25,69.02,28.96,81.35,5.61,224.89,oregano
120.2,50.52,37.02,21.4,82.17,7.36,199.95,oregano
86.86,26.87,87.5,31.49,42.39,5.77,228.76,oregano
71.92,46.33,26.83,20.94,57.48,7.39,199.58,oregano
80.97,45.8,79.32,23.06,57.49,7.03,171.3,oregano
110.9,38.74,53.6,26.54,61.87,6.01,210.33,oregano
52.18,58.2,43.65,21.87,71.7,7.3,180.75,oregano
86.31,42.84,38.19,22.54,79.78,6.78,102.93,oregano
104.22,61.19,20.6,31.33,73.85,5.67,109.57,oregano
130.82,46.39,65.79,27.99,67.28,5.52,218.72,oregano
83.77,66.05,61.25,25.08,57.87,5.5,117.39,oregano
45.67,53.72,44.48,23.7,69.1,6.77,60.11,marjoram
41.83,60.18,36.06,29.0,68.38,5.57,244.8,marjoram
54.12,65.91,50.17,31.19,73.63,6.89,149.94,marjoram
54.05,28.7,65.66,23.47,64.8,6.52,222.2,marjoram
61.07,86.03,66.09,34.75,72.2,5.61,237.21,marjoram
53.8,60.03,48.48,23.49,86.92,6.63,248.06,marjoram
108.31,28.68,58.5,30.56,63.61,5.81,230.04,marjoram
60.0,79.75,45.03,26.38,49.17,6.18,108.22,marjoram
129.5,47.19,23.35,33.5,73.66,6.64,153.05,marjoram
41.36,24.92,34.27,32.2,75.28,6.55,90.0,marjoram
136.89,37.39,75.0,25.93,40.32,6.42,161.74,marjoram
98.68,50.11,22.73,33.68,85.63,7.26,209.0,marjoram
113.43,52.22,38.31,26.12,43.7,7.14,113.08,marjoram
66.18,56.31,66.75,30.45,85.19,6.92,167.82,marjoram
129.37,65.4,87.54,27.39,44.09,6.48,231.94,marjoram
111.59,53.77,59.1,21.1,88.12,5.98,135.78,marjoram
67.5,20.99,22.6,27.92,60.4,5.52,84.72,marjoram
114.87,23.14,68.74,25.83,67.28,6.89,116.92,marjoram
112.67,36.03,54.48,28.05,59.13,6.55,210.11,marjoram
94.77,27.83,30.08,26.12,70.07,6.71,81.58,marjoram
120.08,83.8,45.09,24.37,50.38,6.75,62.49,marjoram
54.24,88.37,53.32,31.96,88.32,6.3,207.82,marjoram
46.78,53.99,78.49,32.78,80.08,6.72,184.93,marjoram
75.93,82.75,60.43,21.53,64.77,5.76,82.53,marjoram
42.66,55.68,26.48,24.52,58.3,7.39,244.67,marjoram
53.12,79.12,52.04,30.93,64.38,6.04,137.69,marjoram
100.65,70.86,80.07,24.36,87.38,7.45,60.37,marjoram
86.71,32.68,51.38,21.41,86.5,7.44,99.92,marjoram
52.68,53.02,71.96,24.56,72.99,6.98,97.31,marjoram
85.33,85.66,31.38,26.6,63.91,5.66,248.57,marjoram
65.64,62.25,84.38,20.01,78.25,6.64,241.65,sage
113.89,31.35,22.41,32.84,58.86,6.63,102.13,sage
101.76,57.02,85.75,24.12,86.66,5.92,218.54,sage
63.99,85.87,71.14,23.09,79.94,7.37,202.05,sage
84.34,34.56,34.86,28.1,57.54,5.91,195.05,sage
56.12,28.61,80.89,21.08,50.85,6.06,209.88,sage
75.47,63.81,46.0,24.46,81.23,5.65,127.08,sage
43.77,66.61,38.61,33.81,75.3,7.04,146.63,sage
96.26,58.95,20.88,33.55,46.54,6.42,177.85,sage
98.35,38.12,46.27,31.64,64.81,6.99,193.55,sage
118.69,61.45,67.45,32.95,70.33,6.24,235.82,sage
75.98,68.03,30.43,31.82,44.01,6.57,155.71,sage
120.65,73.69,50.77,33.06,76.27,6.11,160.89,sage
107.9,84.03,56.89,23.55,85.37,7.43,101.66,sage
77.19,70.98,86.36,26.27,44.71,6.24,74.95,sage
121.26,35.48,36.83,30.83,60.82,6.81,85.46,sage
40.95,55.78,79.32,25.49,84.91,6.22,143.33,sage
111.02,35.48,62.89,34.97,77.7,6.83,241.03,sage
115.67,60.49,23.86,29.48,73.18,7.32,78.48,sage
120.84,30.69,75.77,32.79,56.28,5.53,65.08,sage
93.52,31.25,59.39,34.81,76.73,7.33,211.71,sage
60.76,25.71,88.58,34.46,58.07,6.67,234.48,sage
70.67,47.1,56.11,33.2,43.36,6.68,160.19,sage
79.25,33.37,51.25,28.82,46.18,6.96,151.84,sage
76.39,43.02,65.14,23.18,71.76,6.4,70.7,sage
65.63,23.92,26.76,23.49,48.69,6.65,110.6,sage
76.97,71.52,20.85,23.67,47.85,6.03,80.23,sage
74.73,74.16,20.5,21.43,65.81,5.89,152.58,sage
89.74,36.87,46.29,30.26,40.27,5.92,165.08,sage
49.31,51.66,87.94,21.63,54.58,6.65,119.68,sage
93.04,27.6,65.48,26.79,87.25,7.2,90.93,tarragon
49.43,28.42,74.96,24.92,50.34,5.62,128.51,tarragon
101.71,88.06,42.05,32.11,88.75,6.3,93.68,tarragon
43.29,37.35,35.18,28.83,56.31,6.95,167.97,tarragon
99.5,66.53,48.57,29.84,43.26,6.41,146.84,tarragon
85.42,73.37,63.08,20.83,65.18,7.1,233.2,tarragon
71.89,84.15,43.2,32.23,82.57,5.97,180.92,tarragon
90.48,70.31,85.77,22.52,89.06,5.55,63.51,tarragon
94.6,32.65,42.7,27.65,66.69,6.04,82.92,tarragon
126.46,68.48,78.29,33.95,83.34,6.5,70.86,tarragon
130.67,43.99,64.84,22.31,59.51,6.85,146.14,tarragon
51.06,45.56,50.61,34.18,83.55,7.2,60.6,tarragon
134.28,69.15,22.55,27.26,85.78,6.32,166.99,tarragon
69.36,88.19,42.99,22.62,78.12,6.69,218.01,tarragon
103.51,43.92,77.32,28.04,66.41,6.16,129.09,tarragon
40.41,72.2,70.09,25.9,50.87,5.79,79.83,tarragon
98.88,60.72,56.86,32.0,60.61,6.47,116.39,tarragon
88.05,21.28,82.46,32.0,68.38,6.93,240.91,tarragon
69.74,85.66,32.42,29.21,72.2,5.65,210.45,tarragon
51.4,30.12,37.74,29.87,87.69,6.74,71.05,tarragon
83.33,70.75,24.0,29.42,64.13,6.78,131.85,tarragon
99.97,29.04,26.35,21.44,59.99,7.34,247.14,tarragon
62.79,39.56,75.55,34.65,86.42,6.47,124.24,tarragon
125.93,40.31,37.04,21.89,53.27,5.59,143.88,tarragon
139.76,57.81,44.01,31.21,52.06,5.96,186.65,tarragon
138.62,32.88,22.26,33.31,82.62,6.42,123.5,tarragon
43.35,55.91,31.27,25.33,44.72,7.42,196.94,tarragon
113.26,57.07,75.37,27.28,57.75,6.97,236.63,tarragon
48.89,52.34,66.01,30.72,41.26,6.78,194.45,tarragon
81.12,42.35,72.59,27.64,52.32,6.64,79.46,tarragon
77.71,74.31,36.59,23.75,66.64,6.32,248.85,mint
125.27,69.0,66.8,25.96,55.29,6.8,114.75,mint
55.43,78.58,38.04,34.55,71.47,5.82,171.81,mint
123.5,41.0,86.87,27.71,64.46,5.91,79.09,mint
91.59,84.87,56.36,27.96,66.82,7.24,194.61,mint
92.73,34.1,24.43,32.6,71.88,6.51,173.92,mint
115.48,32.36,55.33,31.39,84.09,6.77,213.8,mint
100.96,77.22,68.38,34.74,59.78,7.37,152.9,mint
99.81,74.48,52.7,26.49,59.87,6.11,193.1,mint
53.74,60.56,33.3,22.95,69.53,6.5,84.64,mint
54.91,72.37,65.32,30.32,56.29,6.68,122.32,mint
81.15,41.35,31.25,34.15,44.25,6.48,99.69,mint
133.43,87.24,86.14,24.02,65.79,6.73,220.24,mint
108.09,48.83,61.87,25.88,80.25,7.32,167.52,mint
63.2,53.38,77.04,33.66,64.65,6.86,88.76,mint
122.76,85.91,24.93,25.95,63.55,6.0,220.18,mint
46.16,81.3,56.26,24.4,41.92,6.41,224.05,mint
66.72,51.71,86.34,34.46,81.12,7.03,215.14,mint
56.39,88.49,82.85,31.54,47.33,5.53,218.46,mint
60.59,23.74,27.61,29.17,74.72,5.55,203.05,mint
61.58,81.89,43.02,29.24,85.51,6.68,122.35,mint
46.78,64.15,84.97,24.82,72.25,6.05,196.03,mint
92.9,74.78,34.24,27.38,47.54,6.65,67.18,mint
62.57,25.38,74.94,25.27,62.31,5.6,95.8,mint
133.5,33.19,69.77,31.01,54.82,6.8,159.41,mint
136.63,29.09,42.84,27.55,75.51,5.93,145.68,mint
117.19,33.14,22.4,22.3,64.8,6.43,242.42,mint
43.91,55.52,26.7,23.49,51.19,6.63,159.14,mint
130.37,37.08,65.38,30.5,69.67,7.04,111.34,mint
58.27,29.5,21.48,34.72,48.21,6.48,169.39,mint
63.93,81.76,37.5,33.3,76.53,6.68,176.89,lemongrass
46.83,68.68,23.98,20.32,86.75,6.55,63.07,lemongrass
65.68,50.36,37.7,25.27,63.09,6.29,123.34,lemongrass
42.41,60.26,62.01,26.86,76.58,7.49,162.24,lemongrass
93.76,65.52,79.06,32.6,62.52,5.63,140.09,lemongrass
54.37,27.99,29.93,22.07,69.84,6.68,218.77,lemongrass
83.95,22.35,74.25,27.06,57.55,7.3,96.77,lemongrass
46.79,80.83,87.01,33.07,42.25,6.03,176.02,lemongrass
113.64,63.92,64.19,31.66,86.13,6.6,159.76,lemongrass
90.02,51.59,65.72,22.85,41.4,7.4,154.61,lemongrass
122.91,77.4,32.23,32.98,59.07,6.47,151.56,lemongrass
81.18,81.06,35.72,27.7,63.08,6.07,74.61,lemongrass
115.49,72.88,24.68,27.4,65.73,6.86,93.61,lemongrass
133.01,69.12,29.75,34.91,66.32,6.99,192.17,lemongrass
84.19,53.18,22.29,32.4,73.62,5.65,178.41,lemongrass
114.02,33.23,79.84,30.32,56.48,6.58,201.12,lemongrass
124.01,78.36,40.35,28.11,86.77,7.02,93.67,lemongrass
53.69,85.36,20.89,21.99,41.67,6.73,66.63,lemongrass
67.66,84.89,37.66,26.66,56.98,7.04,64.56,lemongrass
82.68,23.58,87.46,33.98,83.64,6.4,238.51,lemongrass
115.96,31.99,49.64,27.56,47.35,6.73,198.91,lemongrass
47.73,61.59,72.81,33.18,81.06,6.92,80.36,lemongrass
106.75,64.8,45.52,22.79,58.36,5.69,183.97,lemongrass
92.47,88.49,38.89,24.89,48.15,7.34,145.89,lemongrass
118.61,21.63,81.4,32.33,65.62,5.99,171.38,lemongrass
138.36,33.07,55.44,34.59,77.24,5.53,84.01,lemongrass
85.24,40.26,38.14,28.28,75.93,6.75,214.15,lemongrass
57.66,34.67,25.55,29.27,87.43,5.88,120.43,lemongrass
91.08,32.3,80.08,23.51,75.73,5.74,249.48,lemongrass
79.18,52.39,48.51,28.41,54.14,6.55,167.69,lemongrass
51.64,48.74,79.17,21.0,69.97,5.5,109.17,sweet_potato
47.35,45.23,85.93,22.08,53.28,7.05,88.79,sweet_potato
81.86,36.52,38.76,16.9,65.61,6.34,94.62,sweet_potato
77.93,62.01,41.06,17.61,66.27,6.12,43.64,sweet_potato
97.21,51.29,47.05,17.51,83.49,7.41,55.38,sweet_potato
118.96,84.23,33.19,27.38,75.78,6.46,107.56,sweet_potato
76.38,45.48,67.23,28.02,55.0,5.83,94.06,sweet_potato
107.81,35.58,25.86,15.8,54.45,6.84,112.14,sweet_potato
133.57,33.42,30.29,25.04,70.56,6.08,42.88,sweet_potato
94.96,56.63,53.85,19.55,67.96,6.65,110.89,sweet_potato
52.92,53.91,76.85,16.98,74.61,7.45,47.07,sweet_potato
62.57,72.89,57.9,23.01,80.91,6.12,100.77,sweet_potato
131.73,88.0,46.07,22.11,45.49,6.57,116.87,sweet_potato
52.33,68.76,64.0,24.45,60.83,5.78,127.42,sweet_potato
117.7,68.56,68.36,17.06,84.58,6.88,147.6,sweet_potato
47.25,83.34,47.16,15.48,77.19,6.76,44.26,sweet_potato
71.82,54.97,86.77,19.33,41.33,7.46,58.16,sweet_potato
120.78,24.38,55.48,24.24,69.24,7.47,68.71,sweet_potato
68.78,58.7,32.39,25.75,75.01,6.29,69.98,sweet_potato
72.32,55.26,51.21,15.86,49.2,7.06,144.57,sweet_potato
57.29,51.43,51.2,20.74,68.21,5.5,148.42,sweet_potato
139.58,61.0,66.37,22.28,50.81,7.22,58.66,sweet_potato
43.09,86.49,73.04,15.88,79.44,6.13,115.89,sweet_potato
54.3,81.31,50.96,23.31,66.59,5.61,93.35,sweet_potato
93.36,26.58,63.63,22.16,80.79,5.96,101.41,sweet_potato
75.9,36.8,29.49,21.57,46.91,5.93,126.37,sweet_potato
115.87,83.25,75.63,21.43,43.11,5.64,114.86,sweet_potato
135.93,78.7,44.9,27.77,78.79,6.77,133.95,sweet_potato
62.45,65.79,74.14,22.74,80.47,6.88,67.12,sweet_potato
106.1,71.78,64.74,18.93,42.89,6.41,121.38,sweet_potato
115.32,84.42,77.35,22.31,55.8,6.56,137.11,yam
69.46,33.66,82.3,29.19,76.32,7.45,128.82,yam
101.09,67.03,58.35,28.13,53.23,7.06,116.78,yam
80.89,21.64,25.26,28.19,75.22,7.2,99.91,yam
72.72,49.73,47.36,18.66,56.24,6.33,57.17,yam
54.05,83.16,80.69,15.61,52.85,6.52,87.35,yam
119.38,54.78,41.79,23.91,75.47,6.75,50.69,yam
138.54,47.43,32.99,20.41,45.92,5.9,141.92,yam
58.11,83.66,75.76,18.54,85.37,5.64,86.55,yam
138.68,41.69,79.45,23.21,72.95,7.37,129.55,yam
64.08,67.37,46.55,24.3,79.85,6.03,66.57,yam
54.78,30.15,89.17,27.6,47.66,5.71,50.54,yam
104.13,73.43,56.21,19.04,53.49,5.97,99.82,yam
44.24,81.04,73.8,20.93,86.16,7.28,101.81,yam
43.98,59.44,41.94,26.92,68.59,7.08,65.15,yam
65.2,36.39,45.11,23.02,62.97,7.43,110.99,yam
102.69,39.96,71.9,15.42,70.13,7.47,52.32,yam
126.57,38.9,43.74,20.82,58.34,7.36,89.81,yam
76.4,25.29,85.43,22.64,89.6,5.95,76.21,yam
95.53,82.29,78.51,27.46,43.42,6.47,96.02,yam
113.35,31.73,49.28,25.42,40.43,6.4,89.73,yam
131.09,89.5,72.23,24.04,83.98,6.92,49.12,yam
91.26,23.57,32.77,26.41,86.34,5.73,116.62,yam
114.46,87.33,66.35,26.01,70.57,7.44,48.77,yam
81.8,44.28,88.72,29.07,55.21,5.85,102.14,yam
64.99,88.15,68.79,26.69,57.17,6.57,103.56,yam
113.26,55.63,48.73,17.79,51.56,7.01,112.34,yam
102.3,81.83,30.2,27.87,58.22,6.25,146.17,yam
75.64,37.9,86.82,26.02,63.62,6.79,51.51,yam
69.14,56.95,74.57,28.77,87.85,7.23,133.82,yam
107.43,63.49,28.04,24.88,82.1,6.28,53.23,taro
60.21,82.55,80.8,19.31,48.68,6.95,84.6,taro
67.95,83.05,30.28,24.4,88.1,5.71,105.39,taro
48.32,63.06,25.37,23.31,69.2,7.03,83.14,taro
53.22,82.77,65.11,24.99,64.98,7.36,99.38,taro
63.81,53.18,70.26,22.07,61.69,6.13,70.54,taro
76.45,44.29,68.57,23.83,40.34,6.21,40.03,taro
111.51,38.46,79.5,24.77,73.16,7.08,104.98,taro
113.73,74.73,24.91,25.19,82.17,6.02,81.73,taro
126.44,85.06,36.59,22.47,64.4,6.66,62.43,taro
78.27,79.8,36.68,27.89,88.38,5.66,140.27,taro
66.56,28.56,53.12,29.98,69.73,6.05,103.99,taro
110.85,31.95,85.82,21.97,47.28,6.81,95.58,taro
68.74,81.49,21.17,19.26,70.41,5.8,42.66,taro
116.12,30.19,33.35,20.84,61.43,6.46,48.63,taro
116.77,20.9,64.65,24.3,51.48,6.02,141.62,taro
112.87,39.26,27.58,26.52,46.27,5.86,116.53,taro
97.05,69.04,26.64,20.04,89.23,6.9,79.6,taro
72.08,26.61,36.8,24.25,53.18,6.91,76.17,taro
40.46,22.94,22.06,25.11,81.49,6.61,125.11,taro
95.39,30.98,36.22,20.55,68.26,7.14,131.88,taro
79.49,77.58,41.49,23.75,74.27,6.9,119.79,taro
110.36,37.69,79.8,26.11,81.83,6.06,83.31,taro
73.91,78.84,56.65,24.53,83.34,6.24,97.39,taro
88.85,41.78,55.68,23.83,44.14,6.65,78.77,taro
59.95,66.94,79.1,25.29,81.75,5.85,84.89,taro
62.95,24.9,66.58,17.12,81.73,6.52,88.57,taro
125.71,42.17,81.31,25.67,73.14,7.13,95.9,taro
77.08,68.72,32.07,25.91,45.41,7.34,143.48,taro
69.39,43.57,68.08,29.29,64.24,6.39,96.39,taro
50.84,79.76,65.34,25.9,81.54,5.75,72.34,cassava
109.51,32.41,58.63,22.69,55.04,5.66,103.25,cassava
50.94,72.42,80.59,17.07,72.61,6.69,105.83,cassava
70.02,37.31,85.97,26.54,45.22,5.92,81.01,cassava
83.54,28.66,82.65,25.54,55.55,6.28,58.66,cassava
64.02,37.38,81.91,23.12,43.63,7.29,75.04,cassava
43.66,72.42,72.32,26.95,45.78,7.3,58.54,cassava
102.89,89.19,69.47,20.83,72.38,6.54,111.35,cassava
97.58,84.42,72.79,20.83,77.63,6.86,68.13,cassava
108.85,59.92,32.14,23.44,67.11,6.54,130.11,cassava
109.97,82.77,31.67,27.97,83.07,5.52,87.01,cassava
127.67,39.65,85.4,15.91,80.94,7.47,107.23,cassava
90.56,57.71,47.38,19.7,76.46,6.31,106.42,cassava
45.25,89.47,88.1,19.13,77.4,6.59,124.62,cassava
59.75,78.06,53.0,24.23,72.24,5.58,96.46,cassava
112.26,30.76,50.34,22.99,49.97,7.06,68.11,cassava
87.08,59.23,31.44,26.99,40.03,5.81,125.28,cassava
105.39,70.02,82.21,25.49,79.71,5.91,143.73,cassava
110.88,46.19,75.56,18.69,80.84,6.89,55.5,cassava
127.66,70.79,52.03,26.94,63.76,7.3,44.39,cassava
47.87,68.12,54.85,22.64,55.85,6.84,148.79,cassava
86.33,74.48,48.31,22.01,65.84,7.17,77.49,cassava
44.46,74.14,81.56,29.05,57.85,5.85,48.24,cassava
65.04,58.85,42.14,21.46,74.71,6.44,79.78,cassava
56.4,78.76,21.77,22.8,65.49,7.33,81.71,cassava
105.77,55.9,76.15,22.84,87.43,6.61,53.47,cassava
133.76,26.5,23.34,20.52,72.74,6.74,49.67,cassava
102.05,69.1,68.75,23.86,56.82,5.64,52.86,cassava
53.37,53.52,65.15,23.08,73.69,6.2,60.43,cassava
98.76,77.86,46.1,17.36,85.73,5.72,112.14,cassava
79.49,50.42,82.53,18.2,80.75,7.33,131.98,arrowroot
138.74,75.02,25.56,19.83,44.63,6.07,91.26,arrowroot
80.87,83.07,86.7,25.64,66.06,7.24,48.4,arrowroot
44.26,82.04,57.25,27.88,73.86,6.59,82.03,arrowroot
114.48,86.12,57.01,18.56,60.22,6.09,131.77,arrowroot
73.62,58.41,48.0,16.12,85.83,6.83,120.02,arrowroot
72.13,86.7,52.85,20.96,42.5,6.87,111.54,arrowroot
104.43,28.98,51.46,21.83,41.39,5.56,97.67,arrowroot
50.89,67.61,35.62,27.0,56.11,6.23,79.1,arrowroot
112.91,61.84,81.37,19.72,85.26,5.94,132.85,arrowroot
122.69,69.4,36.39,16.28,56.44,6.4,146.9,arrowroot
64.15,67.59,50.39,16.31,89.32,5.97,52.33,arrowroot
53.82,22.98,62.73,15.19,76.91,5.92,72.81,arrowroot
124.35,29.9,74.87,29.69,81.33,6.08,58.71,arrowroot
123.84,25.27,45.89,24.26,81.05,6.68,94.3,arrowroot
71.47,69.21,70.9,27.21,62.17,7.03,83.29,arrowroot
55.53,62.36,23.56,17.22,89.83,6.2,144.06,arrowroot
136.28,43.29,81.99,28.9,80.48,6.09,90.51,arrowroot
107.86,69.71,84.01,21.79,76.16,5.61,134.26,arrowroot
70.18,70.31,21.07,21.07,63.98,6.47,97.22,arrowroot
138.86,79.16,46.38,15.88,50.24,7.13,118.5,arrowroot
93.02,71.75,34.44,22.15,63.33,6.17,92.15,arrowroot
52.35,59.96,65.25,23.15,79.3,7.2,110.55,arrowroot
85.19,45.66,43.9,28.9,43.29,5.78,82.0,arrowroot
58.58,65.72,87.52,25.23,67.38,6.53,82.26,arrowroot
90.22,69.82,43.17,18.14,49.69,5.56,102.18,arrowroot
108.17,32.88,60.32,22.05,46.89,5.77,124.58,arrowroot
131.98,40.55,61.36,21.49,66.46,6.15,97.56,arrowroot
55.42,37.95,31.67,22.76,70.82,6.65,74.28,arrowroot
103.83,50.17,85.06,20.31,46.82,6.37,73.94,arrowroot
122.59,71.58,86.64,22.19,78.23,6.8,49.54,lotus_root
48.47,82.73,85.97,20.7,43.12,5.92,130.84,lotus_root
76.74,71.22,69.22,19.34,44.27,5.87,68.84,lotus_root
64.22,54.53,68.27,22.72,53.25,7.31,42.52,lotus_root
120.24,49.74,72.94,15.05,41.51,7.41,92.4,lotus_root
89.64,23.37,81.48,20.29,86.68,5.71,80.12,lotus_root
125.59,83.73,81.71,15.91,78.8,7.18,136.07,lotus_root
112.03,32.6,55.19,17.18,41.28,6.65,109.54,lotus_root
127.59,25.18,78.96,22.45,77.11,6.07,93.34,lotus_root
112.65,43.42,22.59,19.55,74.15,5.65,149.27,lotus_root
91.6,57.93,26.26,26.46,68.36,6.31,124.36,lotus_root
53.35,36.37,81.54,17.65,87.45,7.14,148.89,lotus_root
121.17,62.9,34.7,27.02,78.99,7.39,121.79,lotus_root
46.12,79.07,70.74,23.44,42.51,5.94,47.24,lotus_root
42.62,51.49,21.94,25.51,42.92,7.4,124.81,lotus_root
81.72,65.23,31.01,29.49,69.3,6.03,50.47,lotus_root
66.41,37.49,64.94,20.35,54.66,6.32,114.55,lotus_root
132.9,74.0,29.65,28.73,44.43,5.57,117.99,lotus_root
97.58,29.85,85.88,26.56,51.0,7.03,56.2,lotus_root
92.04,52.92,50.26,16.13,75.98,6.31,139.55,lotus_root
43.39,41.27,79.71,22.66,45.89,7.25,55.48,lotus_root
94.17,56.33,56.92,18.77,51.72,6.47,101.38,lotus_root
129.97,67.42,23.62,26.64,73.2,6.29,144.87,lotus_root
114.71,56.46,37.41,17.04,77.37,6.95,135.37,lotus_root
41.05,65.65,51.94,15.78,58.9,7.35,63.71,lotus_root
129.64,61.32,71.92,20.81,83.5,6.4,62.16,lotus_root
105.46,64.18,50.54,18.69,70.87,5.89,124.9,lotus_root
54.63,71.86,53.25,24.19,83.52,6.31,104.22,lotus_root
101.01,80.96,88.11,29.46,84.43,6.8,104.73,lotus_root
50.73,46.17,34.4,18.55,63.06,6.25,48.75,lotus_root
75.4,65.36,64.19,27.57,70.76,6.28,109.21,water_chestnut
134.8,53.63,48.75,28.97,78.55,6.47,80.57,water_chestnut
56.34,69.06,81.49,20.8,80.16,7.39,64.68,water_chestnut
114.83,33.58,86.55,21.88,45.83,6.06,72.65,water_chestnut
139.32,53.33,26.24,18.58,78.47,6.71,63.5,water_chestnut
72.79,68.66,73.4,17.46,81.74,6.07,87.61,water_chestnut
78.09,77.96,40.3,22.85,63.01,6.54,116.46,water_chestnut
126.53,51.39,73.77,20.3,58.53,5.85,74.91,water_chestnut
106.7,36.56,43.64,16.68,60.37,6.26,68.47,water_chestnut
40.03,26.83,71.72,23.83,84.95,5.7,146.63,water_chestnut
118.67,44.47,51.18,20.22,86.88,6.67,51.85,water_chestnut
69.26,44.73,54.61,22.73,82.19,6.1,126.96,water_chestnut
109.4,62.73,68.57,27.94,80.0,6.72,47.01,water_chestnut
49.87,25.31,22.24,17.69,59.64,6.36,98.69,water_chestnut
93.27,67.74,45.94,26.62,82.97,5.82,117.55,water_chestnut
83.94,79.64,51.03,17.76,71.04,6.27,147.07,water_chestnut
55.79,70.13,66.88,27.47,70.9,5.73,124.02,water_chestnut
91.9,22.95,86.69,16.22,45.22,6.38,137.39,water_chestnut
109.33,75.7,58.19,21.39,46.76,7.27,81.99,water_chestnut
97.89,37.32,37.63,26.2,47.63,6.39,111.46,water_chestnut
101.81,54.96,34.06,28.89,87.35,7.06,136.46,water_chestnut
135.93,23.8,36.09,20.4,43.95,6.7,114.89,water_chestnut
99.74,80.54,60.34,24.47,77.73,7.04,144.87,water_chestnut
43.89,61.57,34.09,27.24,80.79,7.03,44.74,water_chestnut
54.77,32.09,88.93,27.85,81.83,6.93,104.93,water_chestnut
115.28,51.67,84.24,25.42,59.63,5.99,105.82,water_chestnut
88.18,39.27,29.9,28.42,87.29,6.15,40.56,water_chestnut
48.39,65.31,63.27,26.51,76.96,6.74,114.03,water_chestnut
126.76,58.04,66.9,21.59,51.86,6.06,48.11,water_chestnut
136.53,74.64,53.26,27.35,88.8,5.5,119.19,water_chestnut
79.82,53.05,28.45,18.58,75.88,7.09,45.93,kohlrabi
85.42,52.95,35.87,15.15,74.77,6.59,134.92,kohlrabi
52.37,65.81,51.17,17.93,60.13,6.05,63.75,kohlrabi
64.24,77.75,20.85,18.65,45.19,7.12,139.97,kohlrabi
71.29,48.04,49.49,20.36,47.58,5.95,137.2,kohlrabi
59.32,81.39,75.13,28.43,68.3,6.08,80.96,kohlrabi
88.98,24.45,74.64,20.29,77.62,7.3,102.23,kohlrabi
65.13,85.34,35.95,22.92,70.64,5.51,120.78,kohlrabi
138.92,25.3,70.82,19.72,55.2,5.51,82.06,kohlrabi
99.46,36.37,66.34,18.6,55.11,6.38,107.73,kohlrabi
106.82,24.51,46.66,25.51,50.91,6.3,137.73,kohlrabi
103.16,54.89,77.46,25.64,66.94,6.85,53.55,kohlrabi
90.26,41.45,55.23,17.42,44.4,6.75,62.73,kohlrabi
100.04,31.48,20.75,26.25,77.35,7.01,100.77,kohlrabi
42.91,69.84,45.29,22.8,77.93,6.15,50.0,kohlrabi
95.46,32.37,64.48,24.0,79.36,6.4,46.15,kohlrabi
98.36,52.55,34.99,29.16,80.95,6.9,46.44,kohlrabi
86.33,78.0,34.34,24.33,71.09,5.65,137.73,kohlrabi
90.71,49.58,60.41,24.28,51.62,7.14,81.23,kohlrabi
130.84,79.18,70.53,20.25,74.91,5.62,139.89,kohlrabi
58.24,32.43,63.1,20.11,66.9,6.25,90.23,kohlrabi
50.95,41.91,57.91,21.0,73.91,5.94,96.22,kohlrabi
65.84,74.79,40.09,27.06,60.38,6.47,139.33,kohlrabi
46.67,86.2,23.04,16.84,45.74,6.5,105.76,kohlrabi
124.49,55.82,29.59,18.43,40.34,6.24,104.83,kohlrabi
84.08,43.12,54.62,15.92,66.7,6.15,98.04,kohlrabi
77.44,74.45,50.92,16.13,59.12,6.75,60.42,kohlrabi
103.61,39.63,84.24,22.37,87.58,5.84,73.59,kohlrabi
84.96,35.57,45.79,19.44,79.13,6.08,131.28,kohlrabi
122.27,43.74,35.41,23.73,86.73,5.67,135.19,kohlrabi
90.35,51.68,36.43,29.76,51.2,5.95,131.0,celery
54.85,66.4,20.72,22.56,41.87,6.79,94.13,celery
60.97,34.56,30.44,29.64,65.23,5.58,58.27,celery
59.68,63.52,34.14,15.0,89.2,6.61,126.03,celery
40.83,28.09,61.77,22.85,86.01,7.44,42.48,celery
87.32,22.09,61.81,29.47,57.85,6.09,94.61,celery
106.08,79.57,24.56,17.7,59.51,5.91,122.41,celery
76.46,41.19,42.44,19.68,88.4,6.94,91.21,celery
41.88,59.35,35.34,27.03,80.38,5.5,41.16,celery
125.12,57.44,32.56,17.68,72.74,6.76,75.98,celery
56.64,33.06,67.03,16.61,61.06,7.01,120.75,celery
109.69,20.78,43.91,21.04,71.4,5.67,104.9,celery
137.6,87.66,50.72,21.36,50.15,6.44,120.74,celery
78.77,44.28,68.99,26.52,40.05,7.29,100.18,celery
121.54,72.03,73.43,16.75,46.36,6.53,65.02,celery
40.41,58.33,75.2,18.23,87.64,5.75,144.43,celery
113.55,41.46,57.53,22.88,58.76,7.04,118.26,celery
116.57,43.75,80.78,16.11,56.65,6.73,93.02,celery
49.26,73.58,76.69,24.21,49.56,7.13,116.69,celery
123.9,56.45,54.79,21.98,73.45,6.15,58.61,celery
86.67,27.81,33.55,27.04,41.12,7.16,115.12,celery
129.24,68.06,60.06,17.74,47.32,7.21,130.83,celery
60.74,87.41,66.38,26.76,78.2,6.16,84.01,celery
66.48,31.2,60.05,20.58,81.06,6.13,51.7,celery
44.02,54.36,88.49,28.25,72.82,7.04,42.86,celery
117.58,61.59,35.39,15.5,74.23,5.64,95.38,celery
42.83,64.25,22.59,29.33,78.35,5.61,41.07,celery
135.51,77.91,74.8,22.18,80.44,6.98,130.66,celery
68.03,25.84,53.04,23.88,85.43,6.57,64.49,celery
42.74,32.05,86.28,15.06,72.59,7.37,93.71,celery
126.67,63.33,48.42,20.7,42.87,5.92,47.21,leek
108.78,65.21,20.02,21.41,41.96,6.71,75.01,leek
99.85,31.05,84.11,24.92,77.29,7.17,87.92,leek
45.03,60.22,61.82,26.29,68.03,6.55,61.93,leek
58.24,27.14,44.15,25.96,43.15,6.39,106.17,leek
49.16,27.51,88.92,26.55,46.72,7.47,88.88,leek
60.01,81.22,47.32,18.57,66.07,7.44,67.24,leek
99.84,57.38,21.68,16.54,55.36,7.01,117.12,leek
49.69,63.62,76.34,17.54,65.44,6.64,105.48,leek
61.35,68.33,59.37,29.5,50.66,5.93,54.68,leek
106.53,49.04,57.95,25.23,48.01,6.78,52.15,leek
109.4,80.2,31.75,23.82,46.95,6.95,86.05,leek
58.7,43.78,69.41,27.21,54.45,6.86,82.09,leek
104.18,55.95,34.62,17.32,40.58,7.37,68.5,leek
107.26,80.98,47.24,26.61,51.65,6.83,106.17,leek
93.0,77.02,26.62,20.87,75.89,6.87,52.06,leek
77.57,22.14,54.65,15.54,85.69,6.76,133.4,leek
48.64,48.92,30.77,20.94,69.1,7.16,147.12,leek
74.46,75.87,78.22,28.72,52.44,7.05,46.98,leek
98.6,83.89,37.85,20.25,69.83,6.19,112.69,leek
51.01,26.36,24.38,17.93,67.08,5.97,78.57,leek
129.19,70.61,84.48,28.79,55.09,5.84,103.01,leek
119.84,32.18,46.21,16.21,81.22,6.1,89.12,leek
110.92,23.55,50.46,20.02,84.27,5.64,113.17,leek
95.09,36.72,79.05,29.05,57.16,7.45,102.76,leek
109.69,48.77,35.21,15.58,73.0,6.41,90.52,leek
86.28,79.09,33.01,27.7,65.06,6.23,83.1,leek
118.52,58.02,48.12,18.65,63.14,6.67,83.26,leek
79.84,56.12,53.88,25.61,54.25,6.22,68.37,leek
47.24,74.83,45.54,16.59,84.94,6.0,54.73,leek
103.34,83.95,52.21,16.65,76.91,6.2,123.99,shallot
120.22,20.16,44.92,27.16,80.3,6.02,134.25,shallot
72.6,58.71,55.55,18.64,65.71,5.95,72.55,shallot
139.64,47.15,70.9,19.68,64.85,6.63,48.63,shallot
105.99,53.93,70.57,16.32,52.91,5.83,73.7,shallot
127.44,75.98,36.96,19.68,52.86,7.25,43.05,shallot
107.14,87.16,42.93,26.82,57.1,6.16,76.1,shallot
57.89,50.71,20.92,27.84,80.08,7.3,75.52,shallot
93.32,22.97,29.93,29.95,52.84,6.98,133.48,shallot
67.24,77.55,70.16,27.82,49.74,6.59,145.28,shallot
130.45,41.44,21.94,15.36,51.65,6.31,120.26,shallot
130.68,40.9,62.73,22.03,85.0,5.98,109.17,shallot
104.78,76.41,74.63,26.89,46.06,6.6,65.21,shallot
86.57,26.56,78.31,19.53,70.13,6.89,123.73,shallot
97.26,28.75,40.53,28.3,70.75,7.42,87.35,shallot
102.38,25.2,77.27,28.64,75.91,5.63,58.04,shallot
92.89,88.6,33.82,19.78,78.65,6.53,147.51,shallot
68.1,69.42,80.67,21.56,81.14,6.05,52.2,shallot
85.03,72.25,76.61,28.4,80.97,7.09,139.69,shallot
83.69,74.85,70.75,16.72,58.84,5.8,131.39,shallot
137.94,34.67,62.47,15.15,65.36,6.16,110.69,shallot
82.06,31.62,40.04,28.06,55.59,7.3,68.44,shallot
132.61,24.33,46.75,28.81,51.28,7.18,40.84,shallot
100.45,69.84,23.57,28.14,85.27,6.82,92.38,shallot
110.45,49.8,45.61,15.37,59.33,6.73,102.66,shallot
45.03,45.3,61.06,29.93,78.16,7.03,126.14,shallot
139.12,78.85,88.83,16.93,68.55,7.34,103.06,shallot
76.7,23.26,84.92,25.96,60.68,7.26,86.9,shallot
87.87,68.73,20.42,16.29,64.4,6.17,125.32,shallot
129.7,22.44,67.75,28.07,54.02,6.45,106.87,shallot
137.89,63.83,52.03,25.47,42.05,5.85,69.32,scallion
74.21,38.34,73.73,25.72,83.84,5.9,55.05,scallion
130.34,86.77,41.96,16.87,67.3,6.62,76.42,scallion
135.76,63.44,69.21,25.87,60.69,5.74,47.88,scallion
46.48,51.89,86.36,15.07,67.6,6.64,94.61,scallion
95.78,27.79,55.6,15.08,74.39,6.08,97.96,scallion
83.5,70.15,60.59,17.97,48.01,6.68,102.16,scallion
101.72,75.92,78.48,22.12,51.15,6.12,143.32,scallion
46.53,81.86,55.05,21.65,65.52,6.31,107.26,scallion
76.48,37.52,33.35,19.98,79.07,6.45,51.15,scallion
108.57,75.73,29.28,22.27,74.11,5.53,130.52,scallion
64.45,45.72,84.63,17.03,56.68,7.41,60.79,scallion
92.4,69.82,76.81,18.82,44.56,6.51,52.02,scallion
66.31,56.64,30.9,26.67,85.33,5.86,123.27,scallion
120.66,42.67,38.41,24.26,40.84,5.9,47.87,scallion
133.81,40.44,69.83,20.11,46.79,6.75,94.69,scallion
41.79,45.0,73.41,21.98,69.54,5.81,129.74,scallion
111.87,41.93,43.51,27.6,51.89,7.49,55.07,scallion
68.34,64.06,60.53,27.13,45.79,6.9,132.62,scallion
68.37,33.35,32.31,17.8,76.94,6.49,122.87,scallion
41.1,60.88,26.48,22.54,44.21,7.15,133.82,scallion
121.49,52.63,64.04,20.09,55.8,7.05,67.38,scallion
118.88,33.44,50.38,19.11,49.53,6.65,49.12,scallion
52.13,78.04,26.42,26.86,85.12,5.9,141.88,scallion
128.87,70.86,24.43,19.73,89.42,6.97,111.66,scallion
115.78,32.0,77.65,22.35,60.1,7.47,148.44,scallion
61.82,54.5,54.95,23.24,67.19,6.46,128.48,scallion
101.89,34.39,55.76,29.93,40.37,6.57,76.07,scallion
46.22,57.22,83.89,28.31,62.72,5.92,132.95,scallion
65.25,65.43,35.4,28.21,54.04,6.18,112.39,scallion
125.71,45.28,56.6,29.17,71.56,6.56,134.22,chard
86.27,78.31,46.37,28.27,57.59,7.43,131.99,chard
69.2,32.73,75.73,16.75,68.74,5.87,97.34,chard
110.03,22.96,44.49,18.84,80.82,6.92,69.32,chard
104.0,25.02,23.97,25.3,64.48,6.21,67.36,chard
98.08,84.52,38.03,16.59,71.2,5.66,64.13,chard
46.15,25.54,72.23,17.86,85.99,6.1,78.1,chard
112.03,71.77,28.96,22.61,47.21,7.02,58.59,chard
134.51,70.35,42.67,27.1,43.68,6.23,147.92,chard
44.0,69.65,41.62,21.08,80.02,6.86,124.71,chard
114.33,87.59,44.98,22.27,72.42,5.97,45.88,chard
131.33,88.55,39.02,18.73,80.27,5.7,57.34,chard
62.45,44.24,22.14,17.38,70.65,6.07,49.28,chard
58.0,79.76,53.46,23.72,89.0,6.71,58.95,chard
83.7,63.31,71.82,19.99,40.54,6.22,106.53,chard
45.8,41.56,35.27,21.68,85.79,5.61,71.77,chard
41.28,87.45,29.67,19.26,81.78,6.98,105.55,chard
119.76,23.47,64.77,21.53,88.5,5.67,122.04,chard
87.97,65.23,30.65,24.72,56.04,7.07,146.59,chard
81.1,59.75,32.72,26.49,68.82,5.81,83.2,chard
47.58,40.14,21.22,29.82,54.11,6.43,53.23,chard
42.63,29.01,89.1,20.1,76.36,6.08,125.19,chard
68.66,87.97,62.07,19.23,53.31,5.73,67.23,chard
108.47,84.25,62.21,28.88,51.99,6.73,106.33,chard
67.48,37.19,40.69,15.25,74.79,7.35,60.2,chard
132.8,63.21,66.31,16.5,65.1,5.76,115.11,chard
93.79,57.51,38.89,22.58,75.43,7.25,142.65,chard
108.34,65.66,38.65,20.85,66.84,5.67,42.91,chard
123.89,44.91,44.5,26.72,75.19,5.96,102.56,chard
98.78,50.95,85.62,19.34,71.81,7.38,53.59,chard
92.76,48.46,51.36,29.84,74.02,5.87,144.33,endive
127.71,25.7,76.54,22.3,41.71,7.19,149.05,endive
129.7,56.05,22.74,22.41,66.45,6.69,113.72,endive
137.94,58.35,71.39,23.6,86.12,5.87,132.1,endive
56.11,84.91,41.88,20.05,65.79,6.78,100.25,endive
139.42,38.07,42.34,20.46,81.87,5.67,81.92,endive
82.58,26.45,36.15,24.85,67.55,6.25,88.4,endive
104.53,75.63,39.99,16.68,82.47,5.73,87.93,endive
53.4,85.24,80.14,19.35,71.94,6.32,50.99,endive
54.53,69.92,33.97,19.24,63.38,6.5,89.3,endive
125.91,39.86,45.65,17.2,49.27,6.75,73.82,endive
76.9,24.23,34.24,24.18,87.97,6.77,85.28,endive
129.47,43.03,81.5,15.68,65.93,7.39,81.49,endive
89.41,47.05,27.18,22.46,60.33,7.09,60.51,endive
45.29,83.9,29.14,28.75,68.18,6.56,58.71,endive
86.12,63.12,20.82,26.29,70.39,7.17,91.48,endive
129.92,74.49,43.52,27.86,55.12,6.32,64.13,endive
84.91,21.63,58.55,17.82,43.54,6.89,102.05,endive
92.77,33.23,80.6,15.31,44.84,6.3,67.04,endive
80.12,84.21,86.17,18.31,50.53,6.18,73.22,endive
49.68,68.3,26.94,21.16,45.46,7.16,77.16,endive
52.28,70.39,35.23,19.21,58.89,6.05,92.78,endive
54.71,39.48,61.4,21.66,45.22,6.72,112.85,endive
102.98,49.51,57.3,19.9,84.75,6.42,118.66,endive
108.93,50.69,30.99,20.86,75.93,6.24,56.02,endive
84.17,70.36,86.38,26.51,48.93,5.99,113.2,endive
67.91,43.2,80.06,29.68,82.96,7.02,99.23,endive
62.11,45.62,39.38,23.51,50.08,7.28,81.6,endive
89.81,86.44,67.63,25.51,42.08,7.35,90.8,endive
42.62,51.14,88.96,20.89,68.53,6.35,147.0,endive
116.99,56.46,35.98,17.94,53.93,7.32,74.86,artichoke
117.87,81.95,66.14,22.31,80.44,7.36,112.62,artichoke
110.58,77.94,22.65,20.36,78.23,6.44,95.46,artichoke
66.79,76.63,73.26,15.96,54.14,6.33,88.79,artichoke
118.22,75.29,76.79,17.18,49.89,6.14,125.96,artichoke
49.34,84.26,26.69,18.03,57.04,7.42,71.31,artichoke
61.22,31.63,66.32,15.36,46.77,7.38,110.9,artichoke
82.52,70.98,82.63,15.95,81.3,5.63,140.17,artichoke
97.24,86.4,89.46,20.63,45.18,5.94,113.22,artichoke
119.33,89.82,30.76,15.92,63.9,6.61,128.64,artichoke
82.34,29.2,66.34,29.65,80.89,6.88,61.05,artichoke
88.92,28.36,58.41,27.77,81.02,6.26,72.28,artichoke
135.55,69.32,57.45,25.02,42.22,7.0,101.78,artichoke
117.26,31.84,54.72,17.79,79.59,5.89,57.14,artichoke
60.33,52.41,37.51,20.56,85.2,6.17,42.22,artichoke
53.38,84.47,20.78,17.08,43.24,6.69,120.3,artichoke
116.0,39.1,44.78,29.58,76.43,6.7,44.87,artichoke
73.79,21.69,26.87,20.28,46.7,6.42,114.49,artichoke
51.66,59.55,21.85,18.36,44.84,6.82,99.85,artichoke
129.1,58.85,67.31,29.15,83.02,7.22,108.23,artichoke
99.2,79.5,68.74,18.17,67.48,7.41,122.81,artichoke
48.72,65.01,81.77,20.58,62.33,5.86,145.74,artichoke
111.76,34.18,48.24,23.91,69.96,5.94,95.96,artichoke
101.34,79.07,51.41,28.32,46.57,7.15,89.75,artichoke
104.3,53.8,71.6,17.26,66.08,6.69,52.24,artichoke
89.87,72.86,22.45,28.38,76.87,5.62,146.29,artichoke
52.8,29.49,82.25,28.92,64.11,6.14,73.53,artichoke
67.17,76.66,45.58,20.29,83.81,6.8,114.33,artichoke
98.21,47.08,87.03,17.36,58.59,7.34,40.52,artichoke
109.94,52.2,75.26,29.13,44.7,5.83,134.97,artichoke
100.4,22.09,28.53,15.71,53.37,6.94,55.2,asparagus
114.78,50.39,65.51,25.76,79.34,7.25,138.39,asparagus
107.18,87.42,51.61,23.09,44.72,7.1,61.78,asparagus
78.74,56.64,24.76,25.86,56.79,7.23,136.24,asparagus
49.35,21.94,62.67,28.27,81.07,6.21,128.17,asparagus
50.41,72.56,28.27,19.33,56.79,6.68,131.53,asparagus
52.51,31.4,23.6,18.84,61.66,7.43,97.55,asparagus
64.86,49.38,68.21,26.56,65.2,5.84,95.82,asparagus
120.12,82.1,27.67,20.53,42.39,7.41,42.28,asparagus
121.97,64.08,87.93,16.09,70.04,5.95,110.42,asparagus
72.34,21.08,22.28,15.82,65.29,5.73,61.37,asparagus
102.45,36.71,25.83,27.6,62.03,6.46,83.07,asparagus
109.89,49.58,68.96,27.06,43.34,6.57,131.0,asparagus
136.93,39.07,22.52,20.4,64.33,6.02,50.08,asparagus
112.89,22.85,53.97,16.56,89.31,6.71,107.52,asparagus
79.16,31.5,73.47,16.45,53.04,7.2,103.06,asparagus
76.26,34.26,35.42,28.04,56.49,6.32,140.93,asparagus
122.65,39.56,35.09,16.68,47.18,5.72,135.23,asparagus
100.2,55.99,57.68,20.16,42.11,6.04,50.12,asparagus
88.2,69.31,81.88,25.31,69.42,6.58,107.26,asparagus
135.9,81.03,27.86,21.19,77.98,6.16,149.99,asparagus
123.88,21.62,81.55,22.18,40.2,6.81,71.78,asparagus
125.54,48.15,78.96,23.69,66.24,7.11,139.71,asparagus
100.14,26.21,85.42,18.97,67.04,6.55,43.92,asparagus
138.1,26.94,81.8,26.47,72.92,7.18,106.55,asparagus
47.11,49.34,58.9,23.96,78.94,7.38,123.11,asparagus
116.3,88.84,30.41,15.04,54.28,5.92,92.53,asparagus
42.81,57.61,37.33,18.81,58.7,6.82,101.07,asparagus
106.14,35.69,39.81,23.64,54.4,7.17,40.29,asparagus
92.57,45.16,20.8,21.08,60.11,7.33,58.1,asparagus
76.69,35.41,59.58,24.72,73.44,7.23,85.83,parsnip
88.71,82.98,70.06,20.59,53.84,7.08,64.69,parsnip
73.71,58.33,62.44,28.93,52.39,5.6,109.79,parsnip
97.38,21.59,54.31,21.82,67.45,6.07,96.49,parsnip
127.37,60.56,55.46,18.51,58.23,5.96,70.09,parsnip
119.78,65.61,75.77,24.38,52.76,6.78,72.46,parsnip
82.81,47.5,70.4,15.88,62.19,6.9,147.77,parsnip
102.43,37.44,54.54,18.94,55.23,6.84,76.64,parsnip
127.65,80.72,31.66,24.82,42.03,5.53,136.16,parsnip
104.88,40.78,24.14,26.48,77.37,7.16,53.69,parsnip
55.65,86.63,52.81,25.03,76.32,7.4,63.07,parsnip
135.46,40.3,75.6,15.79,75.94,5.97,127.81,parsnip
91.82,75.84,49.76,21.63,50.53,5.62,63.38,parsnip
131.52,20.87,67.5,19.17,70.37,5.88,91.71,parsnip
83.28,88.95,76.98,29.7,50.72,5.66,84.44,parsnip
128.98,76.66,50.14,22.66,55.46,7.05,52.68,parsnip
61.13,61.92,86.16,15.2,44.2,7.34,94.65,parsnip
46.54,57.54,31.18,25.27,57.61,7.34,69.43,parsnip
98.96,47.63,56.29,21.15,75.69,6.16,44.21,parsnip
78.41,21.64,41.55,27.17,76.83,6.1,85.43,parsnip
80.38,32.95,64.76,28.94,57.56,7.41,133.39,parsnip
81.4,86.99,25.78,27.98,47.66,6.01,87.41,parsnip
43.44,40.03,22.33,17.79,80.12,6.31,69.75,parsnip
105.44,34.28,27.73,16.5,82.93,5.67,139.05,parsnip
131.28,80.91,21.95,17.06,63.37,6.97,50.1,parsnip
45.39,21.36,27.86,29.53,79.58,7.02,121.66,parsnip
69.3,31.53,30.57,19.52,47.83,5.6,72.36,parsnip
116.76,57.03,47.51,20.94,77.2,6.54,44.43,parsnip
75.96,82.03,42.83,23.35,42.09,5.5,119.23,parsnip
61.63,30.26,43.45,28.65,89.22,6.93,75.97,parsnip
109.85,62.4,47.25,23.15,68.73,5.82,45.13,rutabaga
75.99,87.09,24.58,27.02,44.98,7.48,108.23,rutabaga
98.04,34.12,77.72,17.87,42.1,7.02,44.45,rutabaga
61.6,59.54,51.77,15.74,48.83,6.89,109.8,rutabaga
80.34,46.79,47.21,29.71,67.4,7.44,147.28,rutabaga
106.45,70.6,77.4,20.7,47.22,6.43,68.21,rutabaga
101.47,38.44,40.9,25.07,46.36,7.14,109.0,rutabaga
110.82,57.66,47.41,17.51,79.03,6.32,124.55,rutabaga
102.03,32.64,78.19,27.44,49.06,7.35,139.67,rutabaga
106.24,31.18,33.48,20.06,81.32,6.02,91.3,rutabaga
111.28,27.94,43.6,18.96,49.28,6.74,109.3,rutabaga
133.16,87.55,40.65,16.07,72.34,6.19,45.47,rutabaga
109.13,46.04,78.23,16.9,74.67,5.54,96.66,rutabaga
97.65,76.51,47.17,28.42,57.06,7.24,149.41,rutabaga
55.0,81.69,75.85,20.57,52.78,7.21,74.16,rutabaga
52.19,74.89,24.3,18.14,73.21,7.3,140.28,rutabaga
102.06,25.46,85.17,23.01,70.05,6.1,64.82,rutabaga
57.02,77.29,54.44,19.73,89.63,7.01,77.47,rutabaga
129.67,71.87,40.34,22.67,49.82,7.13,63.34,rutabaga
66.1,56.43,36.72,15.68,77.31,7.0,81.09,rutabaga
57.69,84.39,34.54,26.15,82.34,6.22,139.28,rutabaga
75.4,34.91,62.41,16.7,41.64,6.64,105.73,rutabaga
115.61,65.77,28.42,22.43,80.29,5.97,107.0,rutabaga
101.21,77.78,25.42,22.48,73.97,6.81,117.03,rutabaga
94.05,22.52,76.08,26.19,52.3,5.84,133.78,rutabaga
76.75,56.53,40.03,19.05,46.43,6.59,128.3,rutabaga
66.35,22.67,76.98,28.17,74.24,5.87,115.36,rutabaga
79.96,40.69,33.87,16.69,41.74,6.08,137.96,rutabaga
84.93,68.93,33.18,19.51,58.81,5.94,98.79,rutabaga
77.44,89.97,55.82,15.99,77.92,6.42,72.39,rutabaga
87.08,42.9,81.31,26.51,80.77,7.32,84.91,horseradish
85.37,39.95,75.26,24.88,76.1,7.05,121.9,horseradish
102.3,43.44,57.08,23.47,74.25,5.66,129.82,horseradish
80.18,71.73,76.86,21.82,70.27,6.33,94.74,horseradish
43.77,72.6,64.32,17.48,83.78,7.16,77.82,horseradish
116.66,26.69,44.27,25.29,51.03,6.8,72.76,horseradish
85.93,33.48,44.81,29.37,68.6,6.98,132.48,horseradish
40.52,67.43,28.56,27.95,61.65,7.26,65.94,horseradish
51.59,68.48,32.86,29.19,76.21,5.69,123.6,horseradish
96.78,79.13,26.78,27.61,88.95,7.22,64.49,horseradish
63.74,84.7,54.82,25.09,63.5,6.41,93.24,horseradish
121.17,80.13,45.19,16.76,67.67,6.04,116.17,horseradish
63.14,21.4,85.44,15.98,62.69,7.12,123.64,horseradish
91.53,87.75,88.77,18.34,74.61,7.5,137.5,horseradish
47.0,31.41,52.04,19.2,58.52,6.74,142.12,horseradish
125.05,76.82,34.09,29.33,78.35,6.13,52.64,horseradish
134.86,62.55,71.63,23.16,53.65,7.17,134.21,horseradish
116.68,77.75,67.02,29.99,81.56,6.07,94.62,horseradish
98.06,25.43,32.13,22.24,48.18,6.79,105.48,horseradish
133.79,58.68,66.02,26.56,63.08,7.11,136.81,horseradish
110.28,37.87,48.17,17.46,51.4,7.36,136.53,horseradish
72.04,35.71,20.33,26.51,62.13,6.16,119.59,horseradish
100.16,70.22,87.15,23.83,60.94,6.69,136.41,horseradish
112.46,63.96,59.94,27.9,86.12,6.46,103.04,horseradish
84.77,42.14,76.98,22.69,86.45,6.66,48.33,horseradish
117.63,86.9,80.79,15.13,67.58,7.19,131.37,horseradish
47.71,80.79,51.37,23.14,83.55,6.83,134.74,horseradish
125.41,58.13,38.07,25.7,85.02,5.96,55.46,horseradish
58.59,22.68,76.98,16.75,51.77,6.32,47.1,horseradish
103.41,34.1,81.89,24.26,53.58,7.43,71.43,horseradish
131.09,38.28,28.79,26.04,84.61,5.99,74.81,mulberry
86.07,82.55,38.09,30.87,75.87,5.3,136.24,mulberry
57.72,62.51,22.41,25.5,40.67,7.38,223.12,mulberry
104.11,38.73,33.42,26.97,54.77,7.23,110.39,mulberry
77.48,45.54,72.29,24.99,42.47,6.69,137.18,mulberry
61.36,89.4,50.6,27.61,89.23,7.35,66.79,mulberry
48.62,21.38,62.03,21.25,83.82,7.03,184.91,mulberry
87.24,32.79,79.25,23.21,52.71,6.6,207.33,mulberry
132.43,77.09,83.33,30.43,73.87,5.07,223.16,mulberry
89.44,63.68,61.72,30.17,88.39,6.34,174.52,mulberry
92.91,53.05,23.28,18.4,81.08,6.58,244.21,mulberry
58.51,73.54,44.42,26.8,57.02,5.15,227.45,mulberry
109.77,64.59,46.93,19.9,50.03,6.8,105.83,mulberry
99.71,57.51,23.05,30.79,73.98,7.44,243.95,mulberry
133.66,80.01,70.8,20.5,49.76,5.76,75.48,mulberry
110.11,75.68,50.42,22.15,88.97,5.99,189.06,mulberry
97.54,33.53,81.31,26.98,69.83,5.69,159.96,mulberry
104.26,24.41,40.54,18.58,62.76,6.47,78.77,mulberry
105.38,43.97,40.52,27.79,41.74,5.34,154.29,mulberry
122.74,56.36,40.22,22.63,89.22,6.59,71.88,mulberry
105.18,85.37,28.82,22.97,42.93,5.12,155.01,mulberry
112.72,50.67,61.21,28.69,49.1,6.98,231.52,mulberry
66.31,72.1,53.07,20.81,79.38,6.28,90.3,mulberry
105.48,74.57,51.66,24.15,53.47,5.2,209.04,mulberry
56.32,63.55,33.08,31.05,48.62,5.78,70.0,mulberry
77.21,50.15,79.15,18.63,84.6,5.82,209.62,mulberry
80.36,77.2,47.14,30.79,44.35,6.25,231.93,mulberry
94.66,44.18,79.25,22.49,53.24,5.77,228.82,mulberry
66.83,78.5,82.55,26.17,69.61,5.68,170.06,mulberry
120.52,44.48,45.65,18.37,43.08,7.45,129.84,mulberry
42.64,20.67,48.76,27.98,46.88,7.17,112.83,jackfruit
130.87,34.94,50.04,22.6,41.65,5.46,147.93,jackfruit
73.67,30.72,31.03,25.91,81.19,6.8,237.57,jackfruit
125.57,82.01,53.39,27.45,46.61,6.36,220.17,jackfruit
67.04,76.23,69.97,19.55,46.71,5.96,105.42,jackfruit
56.8,60.15,72.4,30.93,86.87,6.58,230.63,jackfruit
70.58,80.03,27.76,31.4,44.27,7.49,217.02,jackfruit
129.49,86.81,67.11,29.03,67.05,6.91,200.73,jackfruit
51.18,86.17,72.92,27.41,81.06,5.32,117.67,jackfruit
72.1,21.61,41.33,19.23,75.48,5.22,95.19,jackfruit
116.22,83.65,50.8,27.42,47.47,5.81,200.75,jackfruit
98.52,85.98,60.42,28.59,53.23,6.88,102.11,jackfruit
84.28,42.02,50.16,18.96,86.3,5.05,193.6,jackfruit
71.36,32.35,50.94,21.82,75.44,5.54,158.46,jackfruit
89.3,57.4,70.24,28.39,61.31,6.8,222.43,jackfruit
139.69,39.28,67.27,30.4,54.4,6.23,238.82,jackfruit
51.58,82.26,52.3,27.33,80.56,6.41,170.14,jackfruit
112.69,80.5,66.16,27.3,41.34,5.46,236.3,jackfruit
59.16,51.52,81.6,31.97,41.35,7.0,78.76,jackfruit
129.45,86.66,44.08,25.47,42.15,5.76,113.86,jackfruit
58.06,62.08,20.23,18.77,43.98,6.47,132.24,jackfruit
121.63,70.6,44.52,27.53,58.53,6.84,128.28,jackfruit
97.09,54.39,20.69,22.6,50.01,5.26,229.09,jackfruit
53.45,28.43,48.95,25.63,85.61,5.62,185.59,jackfruit
118.26,83.49,28.48,19.26,45.19,5.04,82.8,jackfruit
95.97,61.86,79.46,28.91,77.16,7.37,228.96,jackfruit
62.55,50.97,66.0,24.59,81.47,6.17,74.93,jackfruit
73.82,89.82,36.38,27.34,64.85,6.56,240.28,jackfruit
73.05,44.92,78.69,29.65,82.86,5.26,215.89,jackfruit
60.88,38.91,70.53,27.31,62.14,5.18,173.83,jackfruit
63.21,82.56,85.18,22.45,87.35,5.91,116.97,durian
82.74,50.7,60.5,27.3,52.08,6.92,144.84,durian
125.08,53.81,64.06,18.63,52.0,6.97,159.5,durian
92.96,34.55,89.06,21.28,61.24,7.17,138.2,durian
59.33,59.34,86.34,20.59,78.31,6.28,176.15,durian
101.43,85.73,75.97,30.86,69.47,7.27,199.21,durian
86.42,59.9,82.45,23.7,77.38,5.57,130.3,durian
97.13,23.45,69.41,31.95,54.64,6.88,116.84,durian
47.1,34.41,25.16,23.84,72.95,6.97,137.03,durian
41.68,54.99,65.53,24.66,72.68,6.36,176.59,durian
121.23,26.36,80.7,18.64,68.63,6.97,176.61,durian
41.33,47.94,71.66,29.77,73.13,6.96,120.49,durian
104.32,61.38,89.2,28.22,86.64,6.29,139.1,durian
74.84,31.65,87.71,24.43,45.37,6.41,177.34,durian
48.78,64.95,68.76,27.53,52.9,7.3,151.07,durian
99.03,60.42,56.63,29.24,59.62,6.73,67.07,durian
87.18,24.25,53.34,29.49,89.38,7.01,143.06,durian
116.28,61.89,35.35,21.95,65.96,6.6,113.97,durian
125.07,38.96,38.77,21.93,50.91,5.38,104.13,durian
110.42,31.01,23.56,22.56,55.75,6.48,232.54,durian
137.18,69.98,33.43,28.42,58.17,6.21,166.78,durian
87.35,88.92,58.54,26.1,61.92,5.36,156.04,durian
121.4,87.97,59.33,28.44,83.58,6.61,190.64,durian
139.97,49.14,79.48,31.84,73.66,6.73,67.03,durian
50.55,47.69,80.91,24.18,49.0,7.27,85.71,durian
89.93,66.48,24.8,31.99,85.19,6.79,96.68,durian
57.25,73.91,68.26,30.77,60.54,5.44,165.75,durian
64.24,27.86,68.14,24.38,64.72,5.8,75.83,durian
61.48,29.55,50.36,23.86,67.53,6.95,168.72,durian
88.19,34.09,58.58,22.35,72.1,6.39,75.49,durian
94.95,61.53,21.75,31.2,46.14,5.97,165.57,lychee
118.12,75.34,61.73,31.53,61.63,6.53,140.27,lychee
44.88,58.94,78.62,30.57,89.68,6.41,98.16,lychee
105.77,58.1,56.34,19.34,57.69,7.06,198.66,lychee
42.34,25.34,78.12,27.99,66.42,5.15,62.14,lychee
117.67,62.61,75.14,28.35,88.87,5.72,165.46,lychee
119.29,80.57,42.77,25.94,67.92,6.58,175.39,lychee
106.56,69.11,89.59,18.83,61.52,5.95,81.71,lychee
105.78,24.74,33.84,21.38,89.25,5.39,249.57,lychee
114.16,45.89,80.39,27.44,64.43,5.27,63.04,lychee
113.85,62.57,42.29,19.91,42.2,6.94,86.29,lychee
124.92,27.86,60.01,19.37,62.04,6.64,217.86,lychee
79.76,44.25,87.88,26.4,54.71,6.68,66.3,lychee
86.75,71.85,78.24,18.66,68.85,6.04,61.05,lychee
73.01,30.55,71.57,18.34,81.56,6.78,205.33,lychee
57.02,64.93,89.98,20.43,87.22,5.47,169.68,lychee
40.32,53.38,37.42,28.45,48.65,5.72,153.38,lychee
121.92,84.05,63.37,23.59,47.24,7.08,161.62,lychee
62.39,33.64,49.03,27.92,61.14,7.21,93.06,lychee
107.85,54.82,84.01,24.11,42.61,5.87,192.9,lychee
98.18,21.22,59.48,25.57,66.38,7.13,153.79,lychee
65.76,56.74,77.31,30.73,50.71,6.82,131.66,lychee
85.75,28.64,43.85,23.06,67.41,6.46,93.45,lychee
91.78,52.59,77.35,25.23,45.06,6.98,62.95,lychee
132.49,29.05,26.5,23.64,62.82,7.1,201.54,lychee
126.1,61.2,75.3,19.01,55.12,6.86,182.1,lychee
42.15,20.81,31.71,20.75,81.16,5.31,202.85,lychee
138.3,27.31,46.22,29.01,57.51,7.01,82.13,lychee
64.16,46.96,89.11,19.93,43.81,5.02,193.28,lychee
48.93,81.91,37.86,21.27,43.54,5.98,64.72,lychee
44.77,65.71,75.67,19.59,64.17,5.71,102.9,longan
92.79,45.04,68.37,23.44,41.25,5.28,158.01,longan
123.73,41.64,71.38,18.31,84.83,6.61,63.36,longan
95.13,52.71,32.25,29.34,65.37,7.44,160.79,longan
133.62,52.94,45.07,22.83,40.32,5.48,137.09,longan
120.36,77.98,74.29,25.34,74.3,5.12,84.13,longan
87.17,64.33,29.73,20.92,75.48,5.57,129.79,longan
89.99,23.47,22.03,20.4,53.67,5.46,142.27,longan
78.99,74.61,83.31,23.57,83.36,5.93,223.07,longan
54.82,51.99,88.85,23.74,73.66,5.67,208.45,longan
94.51,89.61,51.87,28.05,72.62,6.56,176.13,longan
84.0,30.85,38.13,29.94,89.22,6.5,241.14,longan
123.23,27.29,24.66,24.08,71.38,5.75,235.55,longan
127.55,63.02,64.86,19.42,45.75,7.06,199.55,longan
118.84,46.28,73.33,27.85,67.97,5.93,202.7,longan
132.06,77.81,39.48,21.18,49.57,5.26,216.85,longan
51.81,67.45,59.44,27.61,67.35,5.01,72.87,longan
102.41,25.2,41.49,23.46,83.55,7.42,70.58,longan
104.11,82.95,30.12,24.16,72.04,7.27,213.18,longan
65.79,24.24,62.65,28.58,88.4,7.44,205.09,longan
85.18,55.53,44.05,21.33,85.5,7.23,228.92,longan
103.19,31.21,33.77,18.14,81.38,7.26,87.64,longan
104.48,36.1,64.1,31.3,58.33,5.75,104.68,longan
105.33,58.77,67.08,21.83,66.86,6.04,138.42,longan
52.21,71.54,58.89,18.94,88.51,6.05,63.42,longan
62.33,24.49,54.8,30.76,48.48,7.42,93.98,longan
42.09,89.57,79.04,18.75,65.06,7.13,82.8,longan
59.68,38.77,56.48,30.0,53.48,5.91,196.01,longan
105.19,34.14,60.7,26.21,45.37,5.86,109.07,longan
68.72,27.44,62.1,25.02,80.86,5.71,215.61,longan
43.9,74.64,45.19,26.73,75.9,5.36,66.21,rambutan
93.16,73.84,35.92,22.33,82.61,6.71,199.14,rambutan
135.99,67.76,47.63,18.11,85.88,7.42,81.57,rambutan
49.88,28.5,31.01,21.19,88.01,5.51,177.8,rambutan
116.19,35.81,71.09,28.42,85.63,7.44,240.87,rambutan
108.97,68.05,33.77,27.29,62.04,5.75,64.69,rambutan
100.15,88.64,35.66,26.08,79.7,6.37,237.12,rambutan
123.46,58.4,21.74,22.39,84.67,6.0,83.27,rambutan
101.08,46.94,59.57,18.13,80.84,6.0,80.24,rambutan
102.11,81.73,32.21,18.05,68.07,5.24,121.27,rambutan
86.26,54.87,78.86,27.18,84.91,6.95,142.36,rambutan
124.73,27.95,53.88,21.94,70.9,5.28,199.65,rambutan
130.85,26.02,69.42,20.24,53.24,6.98,120.65,rambutan
100.35,37.87,53.81,30.44,88.1,6.44,98.65,rambutan
106.44,28.76,81.42,19.04,41.83,5.03,207.19,rambutan
135.8,89.39,76.29,20.43,82.66,6.13,137.05,rambutan
60.3,30.23,58.82,28.18,87.33,6.83,196.6,rambutan
90.26,33.67,24.86,20.97,85.23,5.71,115.82,rambutan
91.1,60.55,49.57,19.93,89.91,6.47,85.84,rambutan
78.87,28.75,36.59,22.73,66.08,6.93,101.19,rambutan
76.33,88.97,34.81,21.61,89.29,6.01,132.97,rambutan
85.85,35.49,77.04,27.08,41.79,6.37,186.91,rambutan
104.82,88.85,42.24,18.17,87.08,6.58,246.25,rambutan
51.11,58.15,46.05,27.95,41.87,5.5,81.1,rambutan
94.87,55.44,78.41,23.46,85.33,6.6,249.44,rambutan
43.42,70.07,32.0,31.74,40.13,7.0,238.86,rambutan
46.41,23.06,47.05,23.82,61.67,5.24,83.99,rambutan
126.86,45.21,55.24,21.33,88.91,7.29,154.21,rambutan
52.42,29.28,73.69,28.41,79.04,5.82,103.14,rambutan
74.55,85.09,47.73,28.2,80.66,5.25,128.13,rambutan
124.95,34.52,53.46,28.6,48.17,6.7,101.72,sapota
74.35,46.98,80.06,31.18,81.74,6.15,138.01,sapota
134.55,45.85,50.44,31.33,40.04,6.32,228.49,sapota
89.5,66.85,72.18,29.99,65.51,5.05,126.15,sapota
103.31,30.95,70.47,30.77,84.81,5.26,216.74,sapota
102.41,67.44,50.98,24.94,47.6,6.94,177.77,sapota
68.33,74.58,24.08,26.08,78.59,5.31,189.75,sapota
59.24,63.47,78.76,22.32,71.66,6.7,217.71,sapota
136.05,27.93,64.19,18.56,58.35,6.78,238.82,sapota
107.88,88.59,21.91,19.96,41.26,6.39,234.56,sapota
49.16,26.93,51.32,30.59,80.64,6.32,115.17,sapota
56.0,50.76,64.23,20.34,86.31,7.36,197.94,sapota
126.93,78.38,29.3,22.38,65.8,6.04,179.99,sapota
65.45,21.56,65.41,21.54,46.02,5.66,152.57,sapota
98.69,58.27,65.43,24.53,67.93,5.25,229.13,sapota
45.89,65.83,43.11,18.34,73.71,6.91,177.98,sapota
91.71,59.19,30.95,20.82,52.83,5.14,190.75,sapota
56.47,63.12,28.34,20.59,73.27,5.85,66.06,sapota
123.27,82.93,44.0,31.89,88.29,5.02,204.89,sapota
52.36,53.3,35.49,25.14,59.8,7.1,91.96,sapota
100.32,27.72,83.2,22.91,59.77,5.78,230.2,sapota
108.85,82.57,72.93,19.5,76.47,5.45,131.88,sapota
58.24,60.34,32.9,21.8,88.46,6.25,160.54,sapota
130.88,45.73,53.72,30.78,78.34,7.1,160.33,sapota
52.37,40.68,49.6,18.56,49.06,6.43,219.61,sapota
82.18,59.66,66.32,26.94,79.22,5.15,215.58,sapota
91.21,53.32,78.16,22.13,65.89,6.28,96.1,sapota
87.52,62.24,62.01,18.48,50.5,6.25,173.44,sapota
73.8,38.02,23.43,23.9,83.6,5.01,231.11,sapota
43.6,60.13,51.68,21.09,48.8,5.46,179.35,sapota
105.67,76.54,42.23,20.59,65.71,7.33,221.61,custard_apple
129.32,65.46,83.96,22.17,89.31,6.38,224.09,custard_apple
82.08,23.54,29.75,28.61,62.58,6.1,190.88,custard_apple
80.21,76.38,69.63,24.32,62.97,6.37,162.35,custard_apple
81.77,23.83,62.98,31.51,83.14,6.07,116.45,custard_apple
100.72,35.43,34.11,27.19,63.43,7.41,79.53,custard_apple
105.12,78.02,58.76,24.32,63.69,5.44,172.43,custard_apple
127.31,27.33,59.69,19.81,65.57,5.04,158.43,custard_apple
59.8,65.3,80.28,30.88,49.96,5.53,149.52,custard_apple
98.97,25.31,50.96,29.52,87.87,6.29,96.19,custard_apple
67.21,86.91,62.49,20.14,89.93,6.73,80.37,custard_apple
78.34,24.58,45.72,31.76,69.99,6.35,224.45,custard_apple
52.1,53.19,52.44,21.85,85.55,6.12,243.19,custard_apple
77.74,30.34,75.16,20.55,79.36,6.12,125.68,custard_apple
102.98,83.54,80.53,28.77,67.64,7.44,163.63,custard_apple
79.16,25.39,34.68,19.83,62.89,7.04,66.91,custard_apple
47.52,45.17,75.84,21.18,80.18,7.31,158.97,custard_apple
92.45,40.7,39.47,30.2,84.76,7.45,72.94,custard_apple
50.63,79.8,89.11,27.34,62.01,7.48,118.36,custard_apple
107.47,21.64,39.76,25.72,83.32,5.16,166.07,custard_apple
103.4,44.98,74.95,25.15,56.29,7.34,160.64,custard_apple
62.18,65.76,37.88,25.86,42.03,5.13,115.3,custard_apple
139.79,24.23,83.39,22.66,42.05,6.39,229.46,custard_apple
69.06,48.19,32.76,19.2,50.34,6.27,222.4,custard_apple
135.06,52.87,33.17,18.86,78.52,7.29,123.96,custard_apple
42.21,58.95,84.4,29.66,78.8,6.12,189.82,custard_apple
111.52,40.44,71.81,31.89,45.4,7.4,167.38,custard_apple
46.85,31.32,32.19,28.25,60.22,7.03,161.05,custard_apple
122.85,26.12,43.17,23.83,57.61,5.73,83.97,custard_apple
91.7,54.26,64.14,18.39,42.5,5.06,92.64,custard_apple
62.17,77.34,76.62,23.18,45.68,7.1,138.94,starfruit
132.18,55.59,39.16,24.08,41.8,5.48,182.01,starfruit
86.29,31.98,85.94,20.86,60.77,7.02,126.69,starfruit
86.14,45.73,83.03,26.25,64.66,7.43,88.25,starfruit
70.39,53.49,29.46,31.07,82.26,5.29,227.94,starfruit
45.72,41.56,65.67,24.49,87.66,5.5,72.78,starfruit
54.41,69.27,37.43,26.97,86.92,5.7,75.89,starfruit
65.99,74.34,54.33,27.32,80.86,6.28,141.09,starfruit
45.97,20.77,71.29,26.52,49.27,6.81,156.51,starfruit
66.43,78.56,30.73,29.91,68.95,7.19,199.39,starfruit
43.95,41.43,49.62,23.32,79.96,5.96,215.67,starfruit
109.12,68.32,26.08,25.24,84.24,7.12,66.72,starfruit
70.59,62.77,23.4,19.3,72.55,6.42,107.41,starfruit
77.11,22.39,36.59,23.25,88.09,6.42,174.65,starfruit
63.67,60.51,59.23,31.52,55.97,6.55,81.79,starfruit
91.99,20.44,20.3,24.06,53.02,5.09,164.45,starfruit
121.17,60.36,80.73,24.52,62.99,6.77,214.17,starfruit
130.77,51.38,75.03,18.81,63.03,5.41,208.11,starfruit
49.51,54.32,45.29,22.87,43.96,5.3,65.18,starfruit
56.0,73.43,66.47,27.87,58.68,6.88,121.44,starfruit
83.72,62.11,86.93,28.53,59.24,6.24,78.37,starfruit
54.91,21.05,40.93,18.79,68.42,5.77,75.95,starfruit
53.41,79.08,37.2,31.02,76.3,6.73,183.14,starfruit
124.28,79.08,29.86,28.44,56.8,6.95,114.48,starfruit
68.88,43.36,38.33,20.7,72.93,7.35,243.64,starfruit
58.81,69.55,81.56,25.96,45.03,7.0,196.78,starfruit
92.49,73.51,41.76,20.7,59.55,5.01,190.84,starfruit
109.17,42.61,86.83,28.63,45.7,7.44,100.11,starfruit
67.79,47.38,72.89,28.51,67.91,7.34,151.2,starfruit
117.97,71.29,32.28,24.62,72.14,7.33,131.69,starfruit
135.82,27.41,43.64,25.06,71.58,5.5,66.36,dragonfruit
127.87,39.27,26.48,20.36,51.41,5.38,127.7,dragonfruit
135.9,46.82,66.15,30.19,56.81,7.24,224.58,dragonfruit
133.71,81.12,24.96,30.63,78.88,5.86,214.87,dragonfruit
70.94,48.22,83.78,23.76,83.49,7.0,161.34,dragonfruit
124.71,82.1,76.01,20.99,80.52,6.61,163.34,dragonfruit
92.2,65.92,39.97,28.28,44.44,7.19,62.56,dragonfruit
56.65,52.61,82.3,25.36,88.57,7.22,158.81,dragonfruit
89.85,60.8,54.29,21.72,51.88,6.97,130.41,dragonfruit
123.03,73.9,68.0,28.08,63.76,6.51,203.72,dragonfruit
85.22,68.91,23.82,31.7,74.09,6.04,165.27,dragonfruit
60.8,70.1,80.54,31.45,81.14,5.65,130.72,dragonfruit
109.86,44.19,71.6,30.84,84.05,6.98,189.39,dragonfruit
91.05,62.71,81.84,27.58,89.79,6.48,137.59,dragonfruit
120.27,53.65,53.09,22.29,46.43,5.85,129.07,dragonfruit
48.37,48.76,78.46,28.01,87.49,5.52,67.61,dragonfruit
57.33,37.46,32.16,20.67,55.21,6.19,78.5,dragonfruit
131.22,41.81,23.54,25.97,53.83,5.63,162.32,dragonfruit
69.77,47.58,45.27,31.83,68.79,6.71,171.68,dragonfruit
106.08,72.42,20.74,25.78,61.9,5.75,93.52,dragonfruit
70.54,48.65,35.99,22.68,88.24,6.46,245.57,dragonfruit
97.37,53.18,34.97,18.68,85.47,5.01,204.36,dragonfruit
120.61,44.46,38.41,22.99,61.28,5.54,171.49,dragonfruit
109.51,38.85,68.37,20.11,53.76,6.79,199.6,dragonfruit
75.98,47.68,81.64,27.72,64.37,7.14,201.72,dragonfruit
55.19,52.44,88.83,18.52,86.86,7.32,87.27,dragonfruit
58.18,39.53,70.39,19.95,75.08,5.56,208.21,dragonfruit
59.8,30.48,75.8,18.01,63.07,6.05,142.66,dragonfruit
45.36,35.83,61.39,22.44,89.18,6.45,76.31,dragonfruit
80.66,46.83,36.05,22.51,59.21,6.75,67.92,dragonfruit
105.76,38.05,60.53,27.57,55.84,7.34,77.73,passionfruit
58.8,68.84,26.73,29.77,69.95,6.74,191.05,passionfruit
63.51,60.76,62.58,28.82,86.18,6.34,243.35,passionfruit
78.19,68.95,29.28,28.27,53.91,7.05,103.49,passionfruit
68.98,31.05,71.82,26.8,51.08,5.23,129.25,passionfruit
55.1,86.81,56.82,29.42,41.27,6.94,167.4,passionfruit
68.39,32.55,30.34,28.22,75.3,7.37,217.21,passionfruit
51.07,80.43,67.68,28.43,65.4,5.65,179.12,passionfruit
46.41,53.61,24.04,22.09,53.67,6.52,65.23,passionfruit
79.68,23.7,49.03,29.88,82.3,6.44,137.16,passionfruit
120.29,27.64,76.98,20.66,50.71,7.28,170.85,passionfruit
63.47,48.3,56.74,23.67,76.59,6.74,110.69,passionfruit
136.54,74.59,32.81,29.78,67.84,6.51,71.41,passionfruit
86.11,29.81,32.13,28.69,82.61,6.49,249.06,passionfruit
47.35,65.91,28.44,24.38,78.13,5.51,232.44,passionfruit
47.08,77.95,66.27,19.75,76.89,6.67,224.67,passionfruit
116.81,29.35,69.11,21.44,62.21,6.81,149.35,passionfruit
109.8,73.0,44.91,22.81,41.52,5.19,86.79,passionfruit
85.34,89.97,77.69,30.02,74.25,7.23,156.09,passionfruit
67.7,81.59,31.18,24.02,75.3,5.68,135.35,passionfruit
105.11,88.29,24.05,26.17,50.75,5.9,243.76,passionfruit
111.18,43.59,60.37,29.68,61.33,7.24,154.45,passionfruit
40.82,47.26,55.19,23.87,66.33,7.35,172.73,passionfruit
43.18,33.33,25.52,19.42,51.18,5.78,171.16,passionfruit
46.93,39.03,22.04,18.48,66.58,7.45,188.15,passionfruit
99.68,32.71,57.97,29.81,52.58,5.41,68.49,passionfruit
85.67,43.97,86.23,29.56,67.9,6.04,166.28,passionfruit
137.97,72.87,25.78,30.11,48.64,5.33,69.39,passionfruit
100.94,75.64,64.23,28.48,85.03,5.99,81.86,passionfruit
114.94,68.01,53.3,22.55,65.75,6.36,230.84,passionfruit
134.45,71.87,30.62,25.35,48.99,5.43,81.23,persimmon
58.61,47.72,76.98,31.23,70.0,6.21,144.71,persimmon
64.84,28.49,32.46,18.03,58.44,6.59,113.48,persimmon
79.55,74.65,61.91,19.84,51.96,6.16,63.38,persimmon
91.62,28.26,80.18,20.25,56.31,5.93,164.86,persimmon
82.42,25.13,79.96,27.01,52.54,6.05,194.36,persimmon
61.03,81.26,37.76,20.85,83.29,5.81,77.11,persimmon
124.76,84.39,62.2,27.8,43.84,5.5,89.78,persimmon
115.37,62.35,24.72,22.99,54.72,5.61,161.1,persimmon
62.62,29.8,59.45,30.01,47.61,5.05,76.13,persimmon
69.99,58.54,55.14,27.28,82.14,7.46,76.17,persimmon
111.27,72.86,81.08,30.75,48.52,5.66,97.11,persimmon
114.73,32.22,26.87,31.75,55.08,6.07,67.65,persimmon
97.73,29.91,57.44,21.06,60.1,5.74,171.3,persimmon
80.59,82.49,57.52,25.37,47.93,7.14,104.76,persimmon
139.48,24.14,51.02,19.22,53.45,5.95,67.49,persimmon
40.9,54.15,25.54,24.42,52.07,5.07,73.38,persimmon
106.58,70.3,35.65,29.0,45.66,5.01,224.79,persimmon
106.12,35.87,75.61,21.87,81.65,7.15,185.79,persimmon
91.98,43.11,65.2,29.96,85.24,5.36,195.32,persimmon
63.98,33.0,69.76,20.66,72.36,5.22,94.86,persimmon
111.27,54.35,50.8,20.48,80.96,7.05,182.19,persimmon
128.76,29.8,67.53,18.84,47.21,5.36,143.11,persimmon
135.63,59.51,53.51,22.05,88.52,7.2,189.68,persimmon
40.13,31.78,46.04,21.29,79.98,6.21,160.48,persimmon
47.86,41.18,53.0,27.4,40.26,5.68,198.68,persimmon
128.8,39.69,35.59,24.95,63.76,5.38,153.36,persimmon
82.27,71.93,40.48,31.82,76.88,5.59,198.71,persimmon
115.22,66.03,82.88,21.57,58.56,5.47,89.23,persimmon
102.92,25.03,74.56,22.72,75.31,7.46,157.49,persimmon
126.53,78.98,80.77,25.16,66.76,6.86,171.22,quince
63.61,80.83,60.9,27.4,72.06,6.79,152.68,quince
71.01,27.89,46.0,25.5,88.5,5.02,119.45,quince
135.45,69.7,82.16,20.47,59.34,6.21,227.82,quince
100.14,57.81,87.52,24.69,84.18,6.55,158.36,quince
112.41,58.88,41.94,26.94,70.38,5.92,107.44,quince
68.93,41.3,58.74,24.86,67.3,6.7,61.12,quince
118.32,77.45,38.9,28.84,73.77,7.18,249.09,quince
131.72,42.53,76.71,18.63,87.48,6.14,222.26,quince
57.42,88.38,74.81,20.91,46.29,7.34,186.44,quince
109.76,65.01,41.79,18.76,86.0,7.38,203.3,quince
80.01,74.03,21.87,18.02,51.32,6.07,235.96,quince
71.92,28.86,81.93,21.45,85.74,6.3,177.39,quince
96.36,47.7,44.78,30.32,59.29,5.38,102.68,quince
135.23,40.4,49.26,20.69,88.12,5.81,247.62,quince
121.87,83.66,67.13,22.38,64.81,6.42,112.56,quince
124.54,64.79,88.16,18.42,81.7,7.18,190.87,quince
73.08,57.3,72.47,21.0,68.53,6.12,76.29,quince
71.04,85.81,84.7,31.17,68.3,6.78,218.78,quince
50.23,62.13,60.91,25.79,57.2,5.12,163.49,quince
42.22,78.61,31.21,31.53,82.17,5.48,177.42,quince
128.51,20.79,41.76,21.59,86.0,7.15,156.8,quince
61.47,65.32,61.33,28.7,79.81,5.95,93.39,quince
99.57,33.34,27.83,26.28,41.21,7.38,249.16,quince
123.6,30.24,39.84,22.23,52.27,6.51,147.74,quince
52.31,83.91,73.79,26.46,64.0,5.61,167.45,quince
70.26,40.19,53.87,19.51,71.83,7.26,222.68,quince
72.72,85.44,39.11,23.33,46.91,6.98,147.16,quince
100.19,73.24,38.15,20.24,86.63,5.31,200.12,quince
139.59,45.9,83.89,23.97,66.09,7.18,141.37,quince
79.38,73.7,79.17,20.74,58.38,7.31,163.07,cranberry
106.69,58.55,46.43,27.46,63.96,7.44,139.85,cranberry
100.16,56.86,89.82,26.94,41.83,5.52,236.74,cranberry
88.4,73.43,41.46,24.14,83.71,5.24,84.26,cranberry
126.93,36.28,66.61,23.79,82.79,6.69,145.59,cranberry
111.63,29.82,51.65,25.06,48.67,7.15,239.84,cranberry
45.31,33.65,73.51,28.21,49.21,5.45,71.28,cranberry
126.87,57.9,33.2,25.32,79.68,5.86,64.3,cranberry
59.15,65.75,34.56,18.51,62.29,6.37,195.25,cranberry
74.37,64.84,88.93,28.05,66.85,5.21,74.05,cranberry
69.48,66.89,55.94,24.98,62.43,6.75,148.17,cranberry
122.49,48.18,72.34,21.69,69.4,5.97,182.15,cranberry
135.51,52.34,65.41,23.92,88.0,5.4,203.44,cranberry
109.79,76.55,57.1,28.13,46.88,6.7,115.48,cranberry
96.42,36.71,37.65,26.12,43.47,5.34,159.37,cranberry
89.09,59.68,50.1,31.86,68.9,7.49,115.93,cranberry
109.37,85.06,43.72,28.87,41.7,7.26,172.82,cranberry
45.86,76.8,43.16,19.66,87.89,6.02,186.28,cranberry
73.35,59.64,30.97,20.61,79.56,6.26,201.39,cranberry
119.59,66.15,63.08,20.43,52.6,7.26,164.95,cranberry
108.31,64.02,53.38,22.66,81.53,5.5,85.66,cranberry
119.18,72.69,73.46,22.4,81.43,6.89,167.49,cranberry
136.5,81.45,65.92,22.24,78.31,5.35,233.23,cranberry
48.52,32.8,49.73,30.59,80.76,7.33,150.37,cranberry
135.09,65.19,22.31,31.84,46.03,6.67,151.36,cranberry
49.1,52.03,28.85,31.24,80.61,6.27,241.1,cranberry
95.16,40.36,57.96,31.82,48.0,6.9,66.06,cranberry
104.96,25.03,46.33,18.9,40.94,6.25,210.14,cranberry
52.82,72.26,70.2,31.87,49.06,6.4,94.2,cranberry
87.31,28.13,32.18,26.08,51.32,5.38,86.45,cranberry
68.17,77.97,75.36,26.84,49.36,7.39,149.0,gooseberry
69.02,89.58,23.28,21.18,70.81,5.68,156.65,gooseberry
60.81,42.02,82.44,26.68,81.57,7.41,100.65,gooseberry
91.68,20.93,37.91,21.16,87.37,6.88,167.6,gooseberry
50.87,38.91,40.74,24.78,78.88,5.12,195.61,gooseberry
52.13,76.19,44.41,25.55,60.07,7.19,248.08,gooseberry
93.76,51.21,49.02,23.03,55.14,5.17,235.45,gooseberry
41.14,41.77,80.64,28.65,62.98,6.74,249.88,gooseberry
53.7,73.21,80.25,21.47,60.96,5.47,92.38,gooseberry
135.16,55.56,21.47,21.35,59.03,5.91,125.0,gooseberry
76.9,64.16,83.41,31.44,68.92,7.32,144.07,gooseberry
88.09,80.25,42.34,25.12,64.37,6.59,145.84,gooseberry
116.76,61.79,74.78,28.48,59.53,5.17,131.15,gooseberry
129.27,71.52,80.28,27.32,65.98,6.7,171.85,gooseberry
123.14,29.38,61.62,30.7,59.22,6.02,175.61,gooseberry
133.44,88.16,36.16,27.81,84.78,6.75,94.53,gooseberry
91.08,78.71,70.51,26.29,73.17,6.72,236.7,gooseberry
132.96,27.0,80.49,19.15,80.98,6.39,152.55,gooseberry
99.48,43.38,28.78,25.44,43.24,5.61,64.91,gooseberry
132.89,28.94,25.68,31.73,44.54,7.04,154.43,gooseberry
115.97,42.76,82.49,20.93,52.41,5.6,102.98,gooseberry
111.98,42.44,27.21,30.01,54.65,7.36,68.3,gooseberry
125.8,60.25,51.39,22.22,77.99,6.64,65.72,gooseberry
51.88,76.4,24.58,23.16,55.15,5.88,121.36,gooseberry
82.32,33.65,48.38,27.16,62.84,5.59,72.77,gooseberry
43.59,69.22,70.41,27.18,77.97,6.15,226.05,gooseberry
78.98,33.08,75.32,20.11,60.69,5.79,94.11,gooseberry
48.59,85.62,47.06,30.45,41.43,5.14,68.35,gooseberry
91.01,79.94,31.04,28.4,68.73,5.88,156.49,gooseberry
62.74,51.87,56.84,21.34,52.23,5.09,170.06,gooseberry
84.01,66.65,50.96,23.77,72.35,6.54,225.53,currant
62.89,55.9,26.44,29.84,54.16,7.12,71.88,currant
54.34,81.64,67.86,22.65,57.7,7.3,72.46,currant
117.63,60.04,41.13,21.13,82.24,6.17,228.96,currant
59.82,55.42,86.57,21.44,79.66,5.21,192.84,currant
75.36,39.08,46.5,18.83,79.98,6.3,109.22,currant
107.33,28.67,74.68,29.63,73.21,5.39,75.29,currant
120.14,71.11,36.41,25.27,68.11,5.44,175.94,currant
91.4,55.71,28.94,20.82,62.43,6.69,127.55,currant
40.2,40.81,47.34,19.57,65.24,6.11,149.69,currant
73.42,36.03,86.42,23.67,64.33,6.37,210.71,currant
87.63,72.0,26.43,30.44,65.11,6.66,149.31,currant
59.05,35.28,36.18,22.26,74.01,6.21,152.84,currant
67.37,22.93,80.29,19.44,43.8,6.07,242.39,currant
132.5,37.95,21.53,26.76,83.73,6.61,190.37,currant
49.16,75.81,71.85,22.47,53.89,7.45,130.44,currant
54.13,46.95,22.42,23.36,60.7,6.08,175.09,currant
71.0,49.95,79.98,26.02,57.24,6.68,101.56,currant
67.85,20.95,85.02,21.26,46.46,6.27,159.94,currant
80.04,64.49,51.17,24.42,84.03,5.97,216.58,currant
127.56,32.09,72.15,30.84,53.52,5.07,242.18,currant
70.74,61.87,66.25,26.65,49.67,6.53,162.14,currant
98.19,60.85,86.55,19.28,58.03,5.25,78.22,currant
113.6,46.49,34.22,19.17,58.09,7.44,239.54,currant
76.46,29.32,64.78,22.65,59.78,5.74,183.79,currant
42.5,78.0,53.9,31.69,80.93,6.41,168.7,currant
77.92,21.69,70.54,30.41,61.99,7.13,87.87,currant
135.88,79.06,45.27,31.13,73.14,7.34,242.51,currant
80.27,35.2,46.19,20.02,83.14,5.15,194.02,currant
135.04,27.23,24.37,25.49,55.53,7.27,207.8,currant
108.94,70.82,74.27,27.84,72.87,6.24,106.97,elderberry
66.5,69.34,74.61,31.36,59.41,6.69,138.34,elderberry
58.02,37.1,50.41,27.76,66.01,5.59,133.65,elderberry
138.23,66.5,54.2,25.04,88.27,5.07,87.91,elderberry
98.96,59.41,42.34,31.49,62.99,5.68,137.13,elderberry
90.93,81.74,20.04,19.95,43.39,5.74,112.51,elderberry
131.22,48.38,40.82,25.58,59.37,7.22,89.28,elderberry
98.53,50.06,63.27,28.55,65.48,6.15,244.88,elderberry
123.95,55.72,51.75,30.4,86.11,7.16,182.96,elderberry
108.18,73.37,62.49,18.35,87.83,6.94,210.93,elderberry
54.05,57.33,84.64,23.88,72.64,6.78,203.03,elderberry
139.2,21.89,46.01,19.86,76.26,5.76,160.3,elderberry
64.98,71.33,80.69,27.74,45.26,5.51,206.25,elderberry
94.42,25.16,66.11,18.19,71.14,6.61,160.39,elderberry
54.52,31.93,53.77,18.7,57.86,5.75,71.63,elderberry
73.53,51.21,31.85,29.91,49.14,7.38,153.15,elderberry
113.32,32.66,30.08,31.22,41.5,5.23,180.32,elderberry
127.64,57.96,36.81,27.96,64.87,5.55,63.61,elderberry
129.09,56.3,56.25,26.74,71.26,7.39,181.08,elderberry
43.05,47.53,30.98,29.86,45.04,5.9,137.53,elderberry
59.47,62.91,27.09,21.53,79.63,6.07,95.23,elderberry
42.3,22.81,37.6,19.47,53.42,7.31,69.51,elderberry
70.66,39.49,81.3,28.87,46.33,6.78,212.21,elderberry
86.84,26.51,77.38,21.45,52.93,6.25,71.68,elderberry
69.94,35.12,23.98,19.66,86.5,6.11,197.66,elderberry
112.77,34.38,28.81,23.59,64.26,5.64,92.6,elderberry
119.14,53.93,55.71,19.67,85.84,6.45,226.53,elderberry
129.58,69.68,36.0,18.18,41.64,5.37,102.28,elderberry
117.94,44.39,23.14,20.71,66.51,7.34,80.74,elderberry
43.49,52.14,78.29,28.84,59.32,6.47,189.15,elderberry
57.06,85.12,81.21,22.23,70.57,7.14,227.35,acerola
69.84,39.23,29.13,30.3,63.36,5.25,148.83,acerola
92.99,43.76,47.91,26.31,68.46,6.14,114.53,acerola
91.85,86.5,27.09,19.71,48.25,5.83,103.03,acerola
103.44,43.32,42.93,18.6,73.39,6.02,147.03,acerola
96.61,40.64,54.95,22.4,48.31,5.15,159.37,acerola
130.58,35.72,36.56,29.87,78.54,6.81,215.22,acerola
106.5,27.97,87.44,30.34,88.95,6.9,248.33,acerola
46.61,83.81,44.53,28.77,61.68,6.8,87.73,acerola
119.73,36.61,21.59,20.17,46.82,5.66,104.6,acerola
50.49,57.28,41.8,27.46,70.85,5.95,214.05,acerola
101.95,35.97,67.47,29.21,66.94,5.0,66.29,acerola
99.54,35.33,27.92,25.99,51.85,5.12,114.01,acerola
56.65,41.74,71.24,19.26,60.34,6.01,160.62,acerola
117.75,77.07,57.22,21.06,67.86,6.45,88.47,acerola
128.44,82.2,50.68,25.06,59.02,6.89,143.97,acerola
62.59,21.95,65.06,19.31,89.13,6.37,207.72,acerola
102.43,76.31,67.81,28.76,78.41,7.15,72.82,acerola
114.37,52.36,80.03,23.77,59.87,6.84,99.09,acerola
114.58,64.57,50.77,21.2,75.8,5.17,170.17,acerola
130.41,39.27,50.99,19.24,69.07,5.28,185.01,acerola
53.47,60.08,54.66,23.83,74.57,6.31,246.07,acerola
108.04,52.78,81.88,20.54,84.79,7.37,69.52,acerola
105.96,82.29,28.88,25.57,79.42,6.89,145.65,acerola
127.13,66.6,59.54,23.79,80.23,5.74,109.81,acerola
110.34,24.89,33.65,23.01,72.68,5.63,144.09,acerola
109.67,48.45,82.3,27.2,52.7,5.71,211.3,acerola
110.75,35.58,75.32,30.29,68.16,5.08,205.3,acerola
75.02,80.77,44.48,25.0,44.92,6.2,105.64,acerola
73.16,54.4,48.94,24.18,82.9,5.87,218.92,acerola
100.57,63.83,41.66,25.9,45.54,5.49,227.16,bilberry
123.11,22.25,42.14,26.05,81.12,7.14,183.14,bilberry
122.81,25.92,63.42,25.92,67.25,6.64,237.4,bilberry
138.43,55.98,32.02,31.46,41.31,6.51,198.64,bilberry
101.92,48.79,47.38,20.09,52.73,5.61,121.9,bilberry
100.47,54.06,25.31,21.57,56.97,6.39,226.44,bilberry
76.64,40.85,25.16,19.4,42.46,6.84,62.31,bilberry
93.47,79.16,54.26,30.43,70.5,5.23,143.71,bilberry
89.17,48.84,70.43,18.84,57.75,6.3,152.82,bilberry
77.63,72.55,60.97,31.62,45.7,6.52,92.97,bilberry
101.03,44.81,48.58,27.94,86.18,5.82,183.44,bilberry
132.28,44.13,84.29,26.13,63.66,6.79,220.7,bilberry
95.74,33.18,88.04,19.14,85.8,5.34,145.4,bilberry
88.29,89.7,21.27,23.27,83.61,5.42,122.59,bilberry
114.17,68.7,46.83,27.8,83.86,7.49,70.58,bilberry
99.61,23.52,20.47,19.25,59.51,7.36,145.34,bilberry
124.02,21.78,58.02,23.77,59.55,5.78,107.61,bilberry
122.17,76.65,31.13,18.06,66.47,6.51,92.72,bilberry
131.59,54.54,40.11,21.67,45.88,7.4,104.53,bilberry
88.3,75.4,34.86,24.88,42.85,7.3,85.73,bilberry
74.18,25.49,36.28,29.98,44.21,5.85,244.7,bilberry
115.52,26.52,79.37,19.24,85.57,5.7,201.66,bilberry
52.55,38.7,46.21,19.82,69.32,7.48,246.55,bilberry
67.09,46.12,43.57,19.63,70.51,5.9,182.46,bilberry
55.2,26.06,27.35,27.37,42.86,6.1,162.44,bilberry
73.03,79.52,67.66,27.16,53.35,6.3,122.63,bilberry
113.95,48.88,76.42,23.23,42.41,6.29,146.88,bilberry
77.78,53.89,64.53,24.49,77.88,7.14,217.28,bilberry
73.69,37.45,80.08,21.15,43.8,6.11,130.1,bilberry
119.99,59.55,66.65,28.53,77.04,5.73,73.91,bilberry
125.67,72.01,31.37,19.26,73.96,6.92,152.74,breadfruit
62.44,44.16,30.04,26.28,54.09,6.61,118.38,breadfruit
96.14,80.86,64.92,21.38,68.49,6.92,104.44,breadfruit
80.19,59.8,42.42,24.74,53.64,5.8,188.46,breadfruit
55.86,44.77,56.34,18.06,41.03,6.8,68.69,breadfruit
119.23,78.63,28.05,28.27,89.75,5.0,148.29,breadfruit
86.87,33.28,56.84,29.98,59.97,6.57,243.29,breadfruit
99.7,22.32,70.9,30.99,50.45,6.97,85.27,breadfruit
122.7,60.03,38.87,24.23,78.47,7.42,151.54,breadfruit
70.58,88.82,48.11,20.08,71.31,6.31,161.98,breadfruit
133.34,45.65,32.97,26.92,61.13,5.35,121.18,breadfruit
108.82,78.62,88.44,28.75,80.69,6.27,199.3,breadfruit
136.11,89.57,45.04,20.73,48.23,5.17,64.34,breadfruit
91.1,58.57,58.38,27.7,57.94,6.5,96.0,breadfruit
120.28,55.08,82.5,20.48,70.98,5.83,246.14,breadfruit
78.37,65.5,47.66,28.87,58.2,5.86,112.46,breadfruit
124.86,76.55,35.64,26.09,84.36,6.19,214.46,breadfruit
47.68,44.37,57.87,18.7,50.18,5.34,172.42,breadfruit
52.09,23.25,74.78,29.2,67.53,5.09,145.17,breadfruit
135.33,28.12,21.03,22.03,57.54,7.3,108.35,breadfruit
80.75,77.28,25.2,27.6,88.69,5.8,119.32,breadfruit
47.91,71.59,81.93,23.61,82.61,6.55,202.15,breadfruit
55.83,62.96,60.86,19.53,71.06,6.83,165.67,breadfruit
109.21,75.98,50.51,24.79,75.26,7.36,67.05,breadfruit
139.71,38.1,85.5,24.54,73.38,5.87,91.81,breadfruit
43.38,47.92,36.49,18.47,49.47,6.11,156.78,breadfruit
101.39,71.85,39.61,19.1,86.73,5.01,92.49,breadfruit
83.46,47.97,36.3,18.18,41.07,7.23,220.79,breadfruit
59.51,61.86,22.13,30.77,77.06,5.26,151.13,breadfruit
110.19,20.54,55.28,24.88,45.92,5.39,64.81,breadfruit
47.2,73.6,88.58,27.19,82.2,6.72,151.46,plantain
55.36,60.0,38.92,26.76,44.55,7.05,216.75,plantain
133.98,85.68,52.12,31.94,49.83,6.24,124.9,plantain
120.86,46.56,48.77,20.03,43.01,7.32,249.71,plantain
55.56,84.26,70.89,19.5,79.97,7.16,227.76,plantain
58.15,72.53,47.59,27.32,83.4,6.32,167.02,plantain
71.85,81.31,53.37,28.02,69.16,6.14,235.59,plantain
44.93,26.53,66.06,28.87,60.31,5.86,180.01,plantain
65.06,85.95,81.34,30.6,77.08,5.73,98.26,plantain
64.81,47.87,41.57,24.6,59.59,7.16,106.23,plantain
60.56,68.56,70.17,24.52,80.63,5.48,111.72,plantain
93.67,70.92,47.67,31.32,62.06,7.06,166.24,plantain
120.03,56.68,66.09,20.37,65.03,5.87,159.47,plantain
83.51,38.69,83.34,23.94,41.59,6.81,229.65,plantain
118.55,79.56,20.45,18.72,77.05,5.8,241.81,plantain
125.7,36.85,28.37,27.44,49.49,7.3,204.57,plantain
91.78,27.64,58.46,27.51,71.26,6.26,169.85,plantain
138.9,88.63,34.83,19.26,79.43,6.09,174.1,plantain
62.65,86.03,75.28,25.23,49.5,6.63,104.35,plantain
51.84,68.92,26.8,21.87,88.49,6.2,84.28,plantain
112.62,41.18,22.45,18.26,46.32,6.4,203.46,plantain
67.72,28.74,40.8,26.43,70.87,6.98,204.78,plantain
67.95,32.29,37.77,23.89,45.89,6.09,138.31,plantain
105.17,54.32,50.23,24.19,55.46,5.9,113.94,plantain
114.6,27.27,48.94,24.19,42.79,6.96,144.28,plantain
137.6,38.99,53.9,30.32,66.85,6.8,160.72,plantain
129.65,43.48,80.32,27.56,80.94,5.09,233.31,plantain
84.38,44.19,25.75,23.69,56.81,5.12,134.98,plantain
137.6,50.25,64.01,30.06,50.22,6.05,206.12,plantain
99.8,63.69,34.12,26.74,65.11,5.14,215.95,plantain
139.67,43.28,67.61,19.38,40.42,7.17,220.55,tamarind
115.78,70.33,74.09,28.67,81.1,5.89,117.77,tamarind
117.72,46.99,31.95,23.22,57.57,5.35,72.44,tamarind
96.56,36.27,58.56,25.92,53.38,5.68,69.01,tamarind
60.17,23.34,61.45,30.67,66.43,6.35,233.73,tamarind
57.06,48.38,70.16,21.67,64.9,5.35,176.76,tamarind
113.2,56.0,80.92,23.24,67.22,6.31,74.38,tamarind
81.63,41.23,65.66,24.97,71.83,5.49,67.72,tamarind
40.91,85.25,75.01,20.46,85.95,5.08,222.41,tamarind
112.81,33.55,89.53,22.52,84.77,6.18,226.32,tamarind
81.59,39.29,48.17,26.31,46.44,6.16,134.72,tamarind
92.75,86.69,33.46,25.2,50.52,5.44,174.2,tamarind
90.96,62.59,62.66,22.7,66.96,6.99,237.4,tamarind
75.5,88.98,68.74,30.8,40.58,6.36,170.0,tamarind
42.23,86.97,36.58,19.69,41.88,6.77,93.07,tamarind
96.31,67.01,83.84,23.77,58.01,6.94,223.97,tamarind
76.88,52.96,40.03,19.31,65.95,5.04,171.79,tamarind
116.38,51.64,42.04,21.57,61.26,6.22,248.48,tamarind
80.95,81.2,54.77,25.27,67.17,6.93,179.23,tamarind
134.65,55.05,64.73,22.86,74.18,5.83,172.03,tamarind
79.68,47.82,77.78,20.27,49.2,5.49,244.71,tamarind
91.12,27.61,32.35,24.81,58.63,5.89,240.05,tamarind
42.34,74.62,79.31,22.42,67.02,6.49,93.85,tamarind
90.22,63.1,81.84,30.14,68.81,6.91,104.54,tamarind
54.33,60.46,52.51,24.4,48.29,5.32,229.33,tamarind
117.26,42.28,63.59,30.02,75.71,6.81,217.36,tamarind
47.42,38.54,37.68,20.45,76.81,7.46,168.69,tamarind
87.95,42.38,43.39,27.82,76.43,6.73,160.73,tamarind
58.55,26.79,20.76,30.87,59.66,7.46,96.65,tamarind
64.52,46.61,45.98,22.4,41.26,6.92,229.72,tamarind
84.54,35.52,54.88,31.53,84.89,7.23,136.36,bael
70.66,65.62,62.01,26.77,85.18,6.06,145.37,bael
106.95,54.57,74.62,23.88,62.93,6.18,217.64,bael
91.26,35.47,64.89,22.41,86.21,5.66,155.34,bael
90.63,51.2,67.2,26.61,48.54,5.36,193.69,bael
135.25,38.54,49.73,31.11,46.96,6.37,113.41,bael
64.12,64.98,76.84,24.35,81.42,7.03,237.17,bael
42.53,42.48,72.14,30.17,51.06,5.3,143.67,bael
109.39,55.59,77.49,29.97,56.58,7.4,112.79,bael
119.96,35.4,63.34,23.27,79.84,6.46,203.16,bael
51.36,44.98,43.42,29.21,57.45,6.33,229.97,bael
98.55,54.41,73.43,24.82,88.62,6.28,241.98,bael
92.09,56.74,59.68,18.62,40.51,5.27,231.81,bael
101.24,69.12,54.46,27.67,72.33,5.88,177.91,bael
41.88,50.92,54.01,22.44,46.14,6.25,68.66,bael
101.84,78.28,53.69,27.12,44.91,5.6,148.35,bael
81.33,25.6,66.9,18.65,45.69,5.62,206.31,bael
49.84,57.18,87.43,27.87,60.73,6.47,125.01,bael
116.89,61.48,40.03,30.26,86.61,7.13,116.84,bael
124.74,52.24,82.88,28.93,58.58,6.54,203.69,bael
66.32,48.77,84.64,31.33,84.47,5.56,221.57,bael
133.43,37.01,25.55,24.18,76.96,6.6,186.39,bael
130.68,86.16,36.77,18.79,68.84,6.11,63.07,bael
139.86,24.4,56.46,30.36,43.01,7.06,88.48,bael
127.77,85.42,44.59,20.45,47.25,5.1,170.84,bael
66.58,42.89,58.21,29.07,79.22,5.45,77.31,bael
78.41,83.97,84.59,31.19,57.75,6.6,169.07,bael
66.7,64.29,40.74,20.52,62.71,6.5,72.44,bael
116.22,74.2,63.23,23.27,40.88,5.89,87.64,bael
99.13,75.73,44.64,31.97,70.65,6.68,200.16,bael
117.41,50.15,48.79,31.07,64.53,5.73,197.33,jamun
104.59,60.76,71.49,23.5,69.91,5.98,126.34,jamun
109.28,73.07,40.76,27.29,63.89,5.28,207.66,jamun
52.09,36.41,30.95,30.24,63.38,7.32,161.18,jamun
89.83,73.8,56.57,20.98,48.86,5.93,117.68,jamun
52.29,44.9,88.68,20.6,69.06,5.19,187.43,jamun
105.75,84.36,63.75,23.18,77.11,6.14,245.85,jamun
66.86,35.6,72.23,31.18,85.85,6.15,156.75,jamun
70.25,84.54,47.62,29.64,64.39,6.08,195.57,jamun
97.24,24.16,22.65,27.53,50.08,6.05,239.7,jamun
107.8,38.69,45.8,24.48,56.14,5.82,147.11,jamun
122.13,64.22,32.39,30.16,74.65,7.4,169.47,jamun
69.1,23.88,48.86,23.82,64.97,5.02,197.76,jamun
41.1,50.54,59.12,29.82,47.75,7.04,134.83,jamun
116.66,32.91,64.84,25.42,43.03,5.83,234.71,jamun
134.69,64.92,31.59,18.41,53.99,6.05,158.06,jamun
104.34,77.57,60.25,19.31,40.65,5.72,175.98,jamun
105.35,66.17,83.76,30.23,77.84,6.22,60.84,jamun
72.73,33.78,23.14,20.13,51.54,6.61,171.61,jamun
121.5,55.21,48.14,22.63,80.06,5.95,246.26,jamun
72.91,74.82,68.16,22.71,69.36,6.75,121.75,jamun
42.67,47.49,88.89,19.78,51.28,7.3,127.52,jamun
52.26,32.84,62.06,30.59,62.54,6.67,88.94,jamun
127.82,88.26,46.82,24.05,76.67,7.33,114.93,jamun
98.54,41.42,27.65,18.55,81.62,5.2,130.49,jamun
136.86,29.33,80.02,26.05,47.42,7.29,219.9,jamun
44.28,80.45,59.4,30.87,68.25,7.38,118.72,jamun
59.4,71.21,89.99,30.91,71.41,5.7,237.13,jamun
43.13,86.42,89.38,30.66,74.17,7.16,233.97,jamun
62.83,59.43,52.01,22.99,78.34,7.05,198.73,jamun
40.64,30.1,38.1,30.13,72.58,6.53,135.05,karonda
53.49,37.77,48.85,23.26,83.78,6.1,162.33,karonda
100.12,22.58,80.18,29.56,86.83,6.37,193.12,karonda
130.26,77.36,23.39,29.5,59.18,5.05,168.04,karonda
41.14,85.87,66.86,24.98,85.97,6.09,206.17,karonda
76.9,89.65,81.79,27.2,62.75,6.64,62.32,karonda
69.23,20.54,81.88,28.97,58.28,5.63,249.7,karonda
88.71,22.4,45.32,27.96,76.29,6.98,115.63,karonda
109.09,89.13,86.19,31.05,78.81,6.16,168.3,karonda
42.87,46.74,62.17,23.92,46.55,6.19,179.94,karonda
75.91,36.7,74.59,23.82,45.61,7.02,74.37,karonda
88.3,45.79,83.08,28.4,56.93,6.59,102.89,karonda
111.46,86.86,20.63,23.96,70.11,7.21,71.32,karonda
103.66,70.61,28.72,19.69,47.76,6.08,170.72,karonda
54.71,51.72,59.45,26.18,77.8,6.32,170.48,karonda
65.06,81.83,60.93,24.39,65.75,7.06,118.15,karonda
56.95,67.05,42.31,19.64,89.16,7.18,177.2,karonda
62.93,22.02,74.18,28.35,56.0,5.75,214.74,karonda
78.55,83.45,62.1,19.49,67.6,6.28,84.76,karonda
47.09,46.38,68.4,25.51,85.78,5.02,190.75,karonda
121.21,24.87,42.2,29.92,48.54,6.14,114.89,karonda
79.8,87.45,50.35,19.79,72.97,6.72,67.67,karonda
110.71,21.8,20.24,28.43,84.24,5.01,174.45,karonda
45.52,25.09,84.24,20.86,85.9,5.05,72.07,karonda
125.44,73.64,70.26,21.11,59.45,5.95,123.33,karonda
62.99,59.51,23.59,21.2,68.07,6.58,174.65,karonda
84.48,72.16,82.75,31.32,71.98,6.95,111.69,karonda
90.59,62.23,65.87,31.79,46.79,7.33,98.95,karonda
88.03,21.34,31.77,21.58,77.93,5.15,81.3,karonda
79.88,47.78,33.11,31.07,63.17,6.63,221.37,karonda
40.65,33.3,43.4,28.55,61.94,6.09,164.61,kokum
110.6,51.24,88.53,24.63,70.08,6.54,87.35,kokum
62.62,72.56,29.96,19.57,62.92,6.16,226.45,kokum
101.74,35.33,56.37,27.69,76.28,7.2,125.42,kokum
123.28,57.04,88.54,31.9,61.35,5.26,89.77,kokum
107.02,82.28,64.63,28.09,74.37,5.72,164.79,kokum
63.74,75.79,82.7,25.07,55.19,5.64,239.27,kokum
83.72,22.35,79.92,27.18,85.82,6.71,217.73,kokum
76.84,53.12,37.65,18.11,50.0,5.49,138.39,kokum
58.44,45.8,24.76,18.21,45.57,6.75,98.07,kokum
40.88,87.35,72.71,27.95,50.15,5.2,206.63,kokum
52.62,83.02,61.54,31.76,64.94,6.04,231.4,kokum
70.85,79.37,85.59,28.23,73.98,5.6,117.36,kokum
83.64,83.71,73.95,24.77,40.69,6.78,182.01,kokum
107.08,46.86,45.38,21.58,76.23,5.48,93.2,kokum
128.82,57.28,80.49,31.73,50.67,5.27,67.42,kokum
54.24,71.17,69.99,23.2,45.27,6.34,226.28,kokum
131.78,55.84,85.39,20.18,71.46,6.38,99.17,kokum
92.19,37.63,65.49,28.05,44.3,5.06,146.42,kokum
112.42,84.31,70.18,26.97,46.29,6.91,100.19,kokum
105.83,66.71,87.36,23.63,69.76,6.36,134.08,kokum
94.92,60.88,29.44,28.1,47.17,5.53,184.69,kokum
87.44,23.81,35.04,23.02,75.39,7.19,152.56,kokum
50.8,34.86,64.2,20.96,83.66,6.56,232.44,kokum
85.22,24.34,71.64,26.7,56.62,6.45,105.65,kokum
116.55,79.87,70.67,27.6,80.39,6.19,139.97,kokum
105.12,25.51,59.52,25.64,47.45,5.9,180.4,kokum
95.19,78.67,31.32,29.75,76.88,5.31,70.78,kokum
119.18,27.34,81.25,23.55,82.38,5.62,245.76,kokum
114.39,31.93,43.99,27.57,69.98,6.75,154.38,kokum
79.05,75.89,85.88,21.28,57.45,6.5,200.14,wood_apple
112.5,89.09,70.16,25.67,47.58,6.02,149.72,wood_apple
71.69,66.75,77.36,22.12,65.05,6.11,110.29,wood_apple
60.37,53.09,39.31,26.59,48.9,5.14,239.03,wood_apple
100.53,46.16,46.98,24.24,56.52,7.46,68.19,wood_apple
113.63,26.89,68.42,27.9,49.65,7.4,93.52,wood_apple
138.2,34.34,47.69,19.4,57.91,7.49,172.29,wood_apple
118.28,34.21,89.18,24.45,54.24,5.41,243.68,wood_apple
72.05,78.34,89.29,23.25,59.12,6.06,68.94,wood_apple
55.71,84.07,22.16,20.71,87.85,6.39,159.04,wood_apple
47.83,39.69,83.56,24.32,67.62,5.83,139.24,wood_apple
114.24,81.02,69.06,24.99,69.49,6.9,126.25,wood_apple
89.82,56.49,70.33,20.51,62.87,7.05,175.17,wood_apple
138.93,33.34,54.13,28.03,48.6,6.47,164.63,wood_apple
103.86,86.75,69.03,31.4,54.48,6.34,68.77,wood_apple
44.17,23.64,82.82,29.86,50.22,6.9,177.31,wood_apple
60.99,56.78,83.09,23.75,82.06,5.13,106.99,wood_apple
121.96,69.18,38.85,22.47,65.39,7.03,154.95,wood_apple
76.85,21.78,55.69,19.9,80.42,7.3,177.61,wood_apple
106.7,26.36,38.13,27.62,79.68,5.33,127.49,wood_apple
101.68,70.21,59.04,23.24,66.2,7.02,152.99,wood_apple
46.77,57.82,86.82,29.62,51.13,6.69,207.51,wood_apple
139.1,64.54,64.33,19.03,57.64,6.79,133.72,wood_apple
57.32,79.31,83.8,28.29,71.41,6.25,153.02,wood_apple
44.44,66.71,67.42,23.61,43.53,7.21,174.48,wood_apple
129.25,39.58,44.98,19.44,67.96,6.29,120.2,wood_apple
72.24,33.35,81.12,29.08,76.31,6.43,121.21,wood_apple
88.95,70.7,79.8,18.24,41.02,7.42,113.82,wood_apple
81.78,79.05,77.83,20.86,66.8,5.18,131.26,wood_apple
71.93,70.04,25.33,27.15,61.11,6.31,95.34,wood_apple
94.71,85.96,55.52,21.08,61.5,5.5,174.93,ber
77.76,89.71,20.51,26.39,60.46,5.45,106.18,ber
135.3,47.79,75.25,24.24,67.82,7.42,81.94,ber
112.39,51.58,64.9,18.9,76.93,5.39,160.04,ber
127.19,67.67,35.04,25.19,70.67,5.07,199.25,ber
127.37,26.4,62.22,20.67,86.92,6.41,190.38,ber
96.34,51.37,70.62,18.31,61.73,7.47,110.41,ber
90.59,76.4,70.89,22.8,89.71,6.06,120.08,ber
104.6,67.51,63.77,23.8,42.67,6.53,133.64,ber
49.29,67.96,70.34,18.51,80.34,6.57,231.47,ber
55.19,40.13,62.99,24.44,77.36,6.85,193.55,ber
52.18,54.2,86.19,28.78,42.14,5.11,90.79,ber
78.85,81.32,62.97,30.75,63.3,5.23,203.04,ber
62.35,63.29,31.74,18.31,60.31,6.03,220.59,ber
85.99,71.62,66.02,27.7,48.5,5.69,241.61,ber
136.05,63.17,68.59,20.07,87.77,7.28,168.89,ber
44.25,78.83,36.77,28.42,51.82,6.64,109.56,ber
86.4,37.86,73.97,22.26,81.53,7.35,219.2,ber
131.91,44.83,72.82,31.61,59.55,6.52,249.37,ber
101.92,68.29,37.72,23.36,83.68,6.33,249.83,ber
125.14,73.74,27.25,29.94,54.6,5.17,243.39,ber
107.58,27.93,33.34,22.63,83.39,6.76,129.48,ber
52.59,49.56,78.46,25.5,68.32,7.44,240.19,ber
118.42,49.73,34.4,23.15,86.68,6.44,110.95,ber
72.47,41.07,33.12,28.88,77.29,5.2,64.37,ber
94.96,34.49,27.85,31.18,44.9,6.99,178.71,ber
67.89,58.78,41.03,22.9,49.87,5.15,221.84,ber
87.98,43.81,84.26,28.56,84.82,7.5,107.47,ber
49.6,59.66,33.81,26.19,75.79,7.0,220.43,ber
54.43,27.91,47.88,22.67,59.09,5.52,121.16,ber
96.61,41.32,62.96,23.77,55.89,6.13,144.35,phalsa
77.84,36.2,25.18,23.37,42.6,6.08,180.17,phalsa
112.78,43.72,39.25,19.31,42.75,5.44,188.62,phalsa
84.87,75.24,49.92,30.56,41.67,7.32,121.61,phalsa
45.86,59.09,44.14,21.52,74.54,5.03,168.82,phalsa
100.46,77.4,23.38,21.67,43.51,5.3,126.67,phalsa
90.77,71.01,26.03,25.65,86.39,6.86,246.29,phalsa
115.32,29.81,65.12,28.39,58.05,7.41,145.63,phalsa
110.86,40.74,45.06,29.96,70.5,7.44,88.98,phalsa
66.24,64.87,49.7,29.1,63.6,7.03,133.54,phalsa
137.74,68.25,25.04,29.01,88.54,6.11,60.82,phalsa
123.93,79.96,50.44,23.1,84.86,6.15,223.74,phalsa
66.13,61.24,80.11,19.17,80.94,5.78,84.31,phalsa
68.56,87.99,57.46,26.44,81.35,6.12,153.78,phalsa
82.3,86.24,85.73,26.36,81.36,6.73,122.47,phalsa
139.47,30.18,62.72,28.63,85.07,6.85,220.24,phalsa
117.75,82.15,66.78,21.47,72.77,6.08,176.36,phalsa
102.43,81.42,75.22,27.57,75.32,6.68,201.65,phalsa
126.86,64.52,52.83,28.34,47.39,5.93,166.82,phalsa
95.81,56.09,80.27,25.17,82.07,6.16,110.51,phalsa
56.0,65.69,51.49,31.93,57.09,7.09,100.28,phalsa
112.44,86.75,78.59,23.7,47.25,6.64,214.54,phalsa
113.41,77.56,20.9,25.99,85.38,5.5,169.98,phalsa
84.54,21.53,85.04,22.47,45.54,5.86,248.85,phalsa
112.48,60.29,41.41,28.98,61.36,5.72,198.73,phalsa
94.4,89.97,78.25,21.16,62.14,5.24,96.23,phalsa
132.65,67.09,34.49,23.92,47.04,5.57,197.59,phalsa
120.03,58.44,56.94,29.59,82.34,5.46,190.04,phalsa
95.05,30.01,89.85,25.89,79.45,6.92,72.06,phalsa
111.34,75.74,63.57,29.08,70.82,6.79,209.51,phalsa
50.78,44.83,83.99,29.75,47.53,6.83,54.41,drumstick
49.52,35.63,62.86,20.81,72.9,6.63,131.9,drumstick
122.71,31.45,89.92,23.49,67.62,6.59,79.09,drumstick
95.05,43.86,79.48,21.1,71.09,6.01,109.65,drumstick
68.14,42.47,89.19,23.81,54.24,6.98,125.19,drumstick
43.69,20.31,43.59,24.43,77.6,6.89,65.52,drumstick
139.87,45.29,58.5,19.78,85.0,5.92,99.8,drumstick
56.61,75.79,56.78,15.57,87.86,6.31,139.65,drumstick
49.95,82.32,42.87,29.34,56.41,6.91,122.23,drumstick
52.74,67.28,83.1,29.17,77.44,7.21,53.74,drumstick
41.57,78.02,72.57,21.96,61.11,5.55,113.21,drumstick
55.96,67.91,38.34,16.8,86.07,5.81,113.0,drumstick
49.27,40.21,52.27,28.36,85.53,6.49,136.66,drumstick
113.28,59.91,59.09,18.67,42.62,7.09,49.28,drumstick
139.69,71.0,74.62,20.88,75.73,5.96,58.98,drumstick
104.1,83.22,80.61,18.53,44.53,5.87,57.22,drumstick
91.02,56.43,57.89,18.56,55.05,7.29,71.1,drumstick
83.23,41.5,39.99,26.3,50.63,5.79,42.64,drumstick
61.33,48.15,44.98,23.76,66.05,5.91,60.6,drumstick
40.75,32.8,74.83,23.28,77.53,6.71,141.81,drumstick
130.42,85.86,81.55,23.53,75.19,7.17,81.78,drumstick
51.12,28.91,48.74,18.98,70.82,7.18,45.31,drumstick
111.12,75.68,75.28,17.97,56.34,5.61,112.96,drumstick
124.05,86.63,71.35,27.75,53.39,5.7,75.64,drumstick
82.88,89.64,62.19,15.66,86.51,6.91,68.01,drumstick
57.22,86.65,29.17,22.43,87.27,6.36,148.84,drumstick
99.63,53.98,26.06,15.87,75.73,5.6,80.26,drumstick
71.48,49.92,26.46,29.81,68.15,7.13,41.66,drumstick
103.12,45.84,47.6,26.35,81.33,5.99,101.65,drumstick
96.55,57.78,54.91,23.42,74.69,6.6,130.33,drumstick
90.7,68.95,21.24,20.71,83.01,6.46,83.47,ivy_gourd
57.02,27.25,33.37,21.95,44.14,7.19,57.46,ivy_gourd
80.6,40.98,58.77,23.89,40.47,5.75,94.95,ivy_gourd
49.02,71.71,35.62,17.07,86.69,5.97,112.1,ivy_gourd
81.07,26.09,87.23,15.53,62.91,6.93,73.32,ivy_gourd
98.0,80.92,52.53,25.95,84.97,6.38,89.81,ivy_gourd
115.3,66.89,31.75,28.48,71.64,6.26,67.45,ivy_gourd
73.12,71.7,85.99,16.6,55.98,6.65,105.56,ivy_gourd
67.88,42.17,25.31,19.27,43.93,6.33,134.73,ivy_gourd
106.18,56.35,23.53,19.25,70.17,6.78,100.12,ivy_gourd
44.05,60.89,20.33,23.49,62.91,6.32,83.45,ivy_gourd
58.7,20.05,53.94,15.43,67.95,5.86,71.23,ivy_gourd
80.83,62.61,86.2,15.08,41.64,6.28,108.28,ivy_gourd
125.65,61.36,49.69,29.42,52.24,5.92,103.66,ivy_gourd
115.13,87.03,56.31,28.83,71.72,7.35,48.69,ivy_gourd
53.2,70.45,49.15,19.04,59.05,6.62,42.22,ivy_gourd
121.14,53.73,28.65,27.02,60.88,5.76,79.13,ivy_gourd
97.68,86.17,51.99,20.48,68.27,6.59,67.5,ivy_gourd
102.53,74.78,73.09,18.29,55.69,5.63,62.35,ivy_gourd
84.38,82.39,67.32,24.42,80.19,5.75,87.27,ivy_gourd
40.8,48.09,26.34,18.2,84.82,6.04,44.1,ivy_gourd
93.01,59.2,66.67,20.35,85.89,6.9,47.81,ivy_gourd
112.55,30.92,65.49,18.27,48.41,5.61,50.11,ivy_gourd
96.4,66.66,42.7,25.88,64.29,6.67,112.45,ivy_gourd
78.6,28.28,41.32,23.9,47.67,6.28,109.66,ivy_gourd
46.66,48.1,55.05,23.78,68.14,6.23,49.55,ivy_gourd
51.85,28.48,87.31,21.64,84.9,6.18,82.69,ivy_gourd
77.66,80.42,20.01,22.81,83.13,5.8,139.65,ivy_gourd
74.83,41.14,64.88,20.22,48.85,6.97,104.86,ivy_gourd
104.74,30.54,66.54,25.18,57.41,6.17,43.09,ivy_gourd
43.66,43.13,72.07,29.47,66.57,6.37,110.89,pointed_gourd
75.1,78.64,55.18,16.29,59.33,7.1,132.61,pointed_gourd
67.55,20.56,61.41,24.84,84.2,6.78,125.71,pointed_gourd
111.97,59.54,45.87,28.0,81.75,7.39,112.61,pointed_gourd
83.81,57.71,58.42,24.04,71.89,5.8,135.49,pointed_gourd
125.23,62.43,45.19,24.36,78.3,7.49,147.87,pointed_gourd
46.92,23.49,54.77,25.09,55.85,6.32,92.97,pointed_gourd
117.36,60.04,73.38,29.75,61.83,6.13,55.71,pointed_gourd
77.56,56.52,63.8,16.03,74.04,7.2,79.45,pointed_gourd
75.15,52.81,36.38,18.13,45.2,6.99,60.9,pointed_gourd
47.82,72.54,86.99,18.98,58.87,5.84,50.23,pointed_gourd
129.77,67.98,79.3,20.33,80.85,6.4,87.93,pointed_gourd
101.22,51.72,77.97,27.54,71.12,6.71,144.13,pointed_gourd
41.39,61.42,56.78,25.19,50.37,6.23,73.35,pointed_gourd
100.71,82.27,89.27,23.92,89.81,7.01,122.48,pointed_gourd
103.61,40.05,25.07,16.91,78.18,6.29,70.91,pointed_gourd
111.87,33.21,85.83,25.79,86.24,6.61,104.81,pointed_gourd
41.97,34.13,35.38,27.88,61.31,6.1,106.99,pointed_gourd
129.33,83.01,52.78,29.26,67.98,7.17,146.77,pointed_gourd
54.55,64.63,35.0,20.61,87.32,6.91,113.93,pointed_gourd
91.17,45.49,76.59,18.72,55.82,6.94,79.79,pointed_gourd
136.55,73.3,33.37,27.17,65.04,6.11,139.13,pointed_gourd
48.6,63.06,83.23,28.52,60.47,5.61,136.41,pointed_gourd
62.16,61.45,21.52,25.57,89.49,5.7,124.9,pointed_gourd
46.79,36.04,44.98,24.62,76.17,6.37,87.04,pointed_gourd
49.88,55.34,60.73,18.5,72.24,7.47,61.9,pointed_gourd
101.07,59.19,88.93,22.7,67.04,6.95,82.25,pointed_gourd
101.81,47.46,45.04,16.99,79.77,6.41,77.34,pointed_gourd
79.21,22.3,62.76,17.4,53.47,7.34,81.1,pointed_gourd
135.67,73.29,26.69,26.83,52.74,5.57,115.49,pointed_gourd
133.7,80.03,68.08,24.62,61.08,6.76,49.55,cluster_bean
91.68,47.9,41.39,29.14,49.09,7.16,84.35,cluster_bean
59.68,58.82,32.89,28.26,53.37,6.73,59.22,cluster_bean
139.23,29.04,59.27,29.45,48.58,6.59,116.66,cluster_bean
40.09,55.79,70.82,22.17,54.15,6.42,72.75,cluster_bean
92.82,64.08,86.74,29.1,49.75,7.14,38.54,cluster_bean
104.58,87.79,20.56,23.49,82.74,6.79,44.0,cluster_bean
94.78,79.47,58.2,25.07,80.56,7.31,108.38,cluster_bean
90.85,34.62,25.31,29.66,69.58,7.42,71.32,cluster_bean
79.67,83.07,81.52,25.94,63.31,6.76,38.92,cluster_bean
69.24,56.83,28.37,21.23,46.29,6.77,47.31,cluster_bean
131.13,58.03,64.28,28.92,83.53,7.13,105.45,cluster_bean
56.29,54.18,87.55,20.54,61.28,7.48,58.55,cluster_bean
94.9,74.21,82.61,23.92,66.76,7.26,115.67,cluster_bean
71.52,20.55,21.9,27.48,85.84,6.79,81.57,cluster_bean
96.8,62.45,25.05,29.62,89.0,7.19,100.62,cluster_bean
131.29,73.26,46.18,22.87,71.92,7.18,32.28,cluster_bean
67.46,36.48,35.38,27.0,80.83,6.21,57.35,cluster_bean
108.14,56.99,65.94,28.5,51.56,6.63,62.05,cluster_bean
118.91,77.37,23.03,27.49,83.47,6.26,61.06,cluster_bean
95.01,59.44,31.89,24.63,83.25,6.15,90.63,cluster_bean
101.48,31.48,67.03,24.86,58.51,6.19,83.05,cluster_bean
98.65,39.32,82.35,24.27,58.35,6.01,65.13,cluster_bean
86.06,22.21,89.62,20.65,65.39,6.73,100.5,cluster_bean
53.49,79.99,59.86,20.27,75.2,6.91,56.68,cluster_bean
60.74,25.14,82.38,25.94,56.91,6.6,106.13,cluster_bean
85.85,30.24,80.41,29.51,44.46,6.92,77.96,cluster_bean
124.21,24.68,45.37,26.13,66.23,7.5,97.7,cluster_bean
101.17,27.8,31.54,23.39,67.78,7.49,37.36,cluster_bean
64.62,23.99,36.59,21.72,88.52,6.11,91.62,cluster_bean
81.62,41.64,48.58,29.56,68.34,7.1,89.83,broad_bean
60.81,34.0,54.15,27.97,42.41,6.34,93.29,broad_bean
61.43,60.69,26.73,27.88,75.21,6.4,72.81,broad_bean
111.15,66.0,66.71,25.59,69.63,7.2,112.79,broad_bean
106.11,53.69,60.39,20.41,79.22,6.46,46.88,broad_bean
46.16,45.08,59.49,22.84,64.89,6.47,48.67,broad_bean
70.87,77.23,48.33,28.87,76.88,7.35,37.41,broad_bean
109.11,38.04,45.36,23.18,54.46,7.26,92.67,broad_bean
129.26,63.78,63.42,25.14,86.04,6.49,88.86,broad_bean
112.2,27.48,62.25,28.93,76.23,7.47,60.15,broad_bean
126.32,33.59,23.35,26.01,63.66,6.51,77.84,broad_bean
114.55,67.97,48.56,22.43,64.19,7.31,118.03,broad_bean
136.08,70.94,49.26,22.21,78.19,6.94,34.17,broad_bean
128.19,24.35,64.91,26.29,87.92,6.56,53.85,broad_bean
105.51,30.72,85.14,24.91,89.96,6.99,78.71,broad_bean
130.59,21.75,82.65,20.84,84.06,6.19,112.93,broad_bean
70.34,45.28,63.14,21.47,41.13,6.21,98.55,broad_bean
126.53,75.8,35.18,24.69,65.65,7.32,84.38,broad_bean
129.66,66.68,25.34,27.44,89.65,6.14,69.51,broad_bean
111.05,58.08,34.62,26.1,46.05,7.29,68.86,broad_bean
76.56,82.71,54.25,24.61,44.33,6.73,39.12,broad_bean
100.91,63.41,69.87,20.8,50.35,6.7,115.75,broad_bean
115.52,66.29,83.47,25.85,69.15,6.33,115.25,broad_bean
125.49,30.77,56.17,25.21,78.64,7.1,80.8,broad_bean
93.24,89.0,67.6,20.62,71.75,6.63,108.67,broad_bean
74.09,67.44,34.18,28.07,48.72,6.29,92.44,broad_bean
78.21,50.29,69.28,23.58,76.95,7.41,71.95,broad_bean
51.58,44.03,78.97,22.07,62.89,6.13,113.28,broad_bean
49.69,33.24,57.84,28.86,55.61,6.6,60.05,broad_bean
78.61,47.05,86.59,23.88,54.24,6.52,102.29,broad_bean
90.2,79.8,84.26,23.59,78.66,6.63,116.93,yardlong_bean
79.49,27.68,37.93,20.39,65.6,6.53,38.58,yardlong_bean
106.96,66.35,88.77,21.95,69.86,7.0,38.95,yardlong_bean
67.64,44.58,62.84,29.35,50.56,6.51,115.54,yardlong_bean
82.08,89.96,62.37,21.62,59.41,6.11,115.79,yardlong_bean
73.47,38.32,81.33,25.26,82.74,6.27,40.29,yardlong_bean
57.44,23.12,31.6,26.37,45.85,7.12,41.12,yardlong_bean
101.7,59.8,28.07,29.33,86.91,7.01,37.22,yardlong_bean
45.2,51.83,27.71,27.74,62.51,7.18,66.95,yardlong_bean
50.14,84.1,53.97,24.98,76.81,7.35,52.98,yardlong_bean
89.07,36.07,34.84,25.91,54.17,7.31,106.98,yardlong_bean
87.79,56.62,72.45,24.52,43.97,6.03,32.14,yardlong_bean
95.43,31.46,31.55,21.71,47.72,7.43,40.5,yardlong_bean
96.87,61.16,85.09,25.44,79.45,6.91,94.75,yardlong_bean
50.07,22.09,29.59,27.82,59.41,6.05,115.06,yardlong_bean
64.43,45.73,65.9,28.17,74.72,6.71,114.32,yardlong_bean
113.89,28.35,85.7,21.81,58.96,7.24,62.08,yardlong_bean
78.09,50.96,34.33,24.07,45.76,6.13,36.15,yardlong_bean
86.8,70.56,22.34,29.15,74.61,6.08,79.29,yardlong_bean
123.75,50.09,60.11,22.07,41.75,6.35,98.95,yardlong_bean
126.14,57.18,71.49,20.99,75.8,6.31,65.33,yardlong_bean
134.35,52.18,58.33,28.34,87.16,6.32,48.65,yardlong_bean
43.86,76.55,77.25,22.08,58.85,6.31,44.2,yardlong_bean
90.04,36.83,35.83,25.11,74.22,6.74,64.45,yardlong_bean
82.88,44.3,52.04,23.33,58.98,6.01,46.07,yardlong_bean
79.27,68.13,22.48,21.2,85.4,6.74,45.86,yardlong_bean
84.67,48.41,62.44,27.72,69.13,6.62,65.83,yardlong_bean
63.01,37.22,65.55,23.18,41.3,6.25,46.37,yardlong_bean
111.21,85.88,48.03,23.05,78.08,6.03,63.83,yardlong_bean
78.79,25.26,39.58,24.27,44.88,6.97,110.13,yardlong_bean
73.29,47.87,87.17,25.46,71.44,6.11,33.54,fava_bean
46.94,35.27,74.28,21.56,52.8,6.4,72.78,fava_bean
98.46,30.22,84.76,27.9,86.64,6.33,59.17,fava_bean
41.78,31.37,44.25,26.95,80.82,6.46,91.81,fava_bean
67.76,69.28,40.02,27.59,47.01,6.27,79.62,fava_bean
113.62,51.06,55.42,24.7,82.95,6.82,119.57,fava_bean
107.43,89.59,57.99,21.62,46.96,6.47,82.91,fava_bean
105.77,87.1,73.9,23.47,71.23,6.16,57.93,fava_bean
81.52,56.48,79.47,23.28,79.96,6.53,70.73,fava_bean
128.81,85.86,89.29,24.35,55.49,6.93,31.98,fava_bean
42.05,65.3,66.18,26.14,67.28,7.27,87.27,fava_bean
84.33,41.27,88.38,21.94,86.94,6.08,55.66,fava_bean
120.26,70.77,42.67,23.15,56.48,7.27,92.94,fava_bean
114.52,76.29,35.61,23.15,82.41,7.36,66.45,fava_bean
126.11,43.07,59.74,20.73,51.98,6.3,57.09,fava_bean
126.97,79.82,58.27,27.93,52.36,6.95,108.75,fava_bean
82.61,82.8,85.41,24.39,56.71,6.38,110.61,fava_bean
48.18,66.41,42.01,20.96,42.1,6.76,94.59,fava_bean
72.42,51.03,82.28,28.41,81.92,6.21,104.56,fava_bean
89.21,73.91,64.22,22.24,60.18,6.24,85.97,fava_bean
40.35,89.55,84.96,21.68,69.15,6.89,89.06,fava_bean
137.05,46.39,72.57,22.92,70.43,6.55,44.87,fava_bean
46.88,65.24,85.95,21.35,77.59,6.66,117.48,fava_bean
121.78,21.03,43.73,26.4,76.74,6.48,78.75,fava_bean
51.7,36.31,82.47,24.4,57.77,6.55,87.82,fava_bean
40.33,60.38,79.89,26.88,80.71,6.38,57.37,fava_bean
88.38,37.41,38.36,22.84,82.86,7.28,88.76,fava_bean
43.08,27.19,75.24,24.37,83.11,6.05,34.42,fava_bean
75.96,68.94,79.02,28.56,50.64,7.4,56.29,fava_bean
44.44,86.91,48.86,27.75,64.17,6.36,33.24,fava_bean
76.13,31.36,65.63,24.81,85.73,6.8,111.66,lima_bean
100.5,23.84,72.41,28.88,87.89,7.14,91.53,lima_bean
89.58,37.28,59.78,24.72,57.12,6.76,99.9,lima_bean
105.54,69.18,54.91,23.36,75.32,6.27,62.03,lima_bean
110.57,45.13,78.43,24.8,72.42,6.58,98.74,lima_bean
44.22,79.57,88.39,22.66,54.09,6.8,74.98,lima_bean
117.92,29.93,39.87,27.84,64.35,6.59,89.51,lima_bean
43.11,49.66,52.85,24.03,65.71,6.19,98.81,lima_bean
91.67,68.53,58.39,28.19,59.33,6.57,58.71,lima_bean
69.38,79.12,50.71,21.35,76.26,7.22,58.96,lima_bean
132.17,35.01,76.71,27.25,56.43,7.17,105.82,lima_bean
66.85,57.38,67.61,25.53,41.74,6.5,117.92,lima_bean
65.16,73.38,24.67,29.41,47.15,7.15,86.97,lima_bean
54.59,64.46,75.34,30.0,41.18,7.37,80.43,lima_bean
68.56,33.56,40.79,24.21,47.74,6.34,66.35,lima_bean
71.49,40.15,66.01,25.19,89.04,6.01,84.19,lima_bean
41.74,66.82,81.16,26.19,70.31,7.22,85.15,lima_bean
118.02,76.26,30.55,28.09,76.71,6.99,107.3,lima_bean
122.48,45.13,29.33,28.91,54.96,6.68,85.26,lima_bean
126.01,88.95,42.44,23.05,78.53,6.02,42.77,lima_bean
70.54,61.33,53.0,21.08,66.37,6.8,63.92,lima_bean
69.0,25.03,34.4,22.18,65.27,6.91,40.23,lima_bean
44.07,68.36,75.23,21.76,83.28,6.87,79.94,lima_bean
133.36,45.24,57.49,27.08,51.38,6.48,75.65,lima_bean
131.61,34.23,49.93,27.74,45.1,6.66,69.36,lima_bean
43.04,25.82,20.94,25.04,48.42,6.77,92.52,lima_bean
128.65,27.19,68.36,25.48,85.33,6.46,97.4,lima_bean
108.81,64.05,58.3,27.93,48.19,6.58,111.17,lima_bean
56.87,33.95,56.87,24.46,82.2,7.39,48.44,lima_bean
42.46,45.54,80.06,25.61,82.19,6.8,63.1,lima_bean
125.12,81.48,30.5,22.81,56.33,7.45,93.72,adzuki_bean
73.56,76.1,50.41,23.86,64.28,6.59,69.05,adzuki_bean
125.96,65.39,59.68,29.57,85.58,6.44,105.62,adzuki_bean
129.84,88.57,63.65,20.48,59.93,7.29,82.2,adzuki_bean
85.12,69.11,72.99,27.24,51.04,6.2,38.45,adzuki_bean
102.97,75.54,72.95,25.8,65.29,6.83,106.0,adzuki_bean
66.93,45.49,69.54,21.92,79.4,6.54,78.95,adzuki_bean
76.66,38.86,64.92,27.88,48.62,6.15,80.39,adzuki_bean
122.99,36.1,24.8,22.26,41.25,6.22,68.06,adzuki_bean
52.05,34.01,26.54,27.85,80.42,6.55,60.52,adzuki_bean
87.81,32.85,30.6,29.35,43.19,7.12,36.9,adzuki_bean
79.0,20.28,80.67,25.74,81.86,7.01,111.77,adzuki_bean
116.12,54.24,32.03,26.42,60.84,7.23,109.39,adzuki_bean
110.53,45.12,86.61,22.74,41.32,7.45,43.0,adzuki_bean
88.66,50.24,89.42,28.36,88.7,6.92,102.01,adzuki_bean
49.33,45.04,80.74,24.32,63.91,6.77,103.08,adzuki_bean
104.53,22.37,47.75,20.93,61.76,7.25,69.82,adzuki_bean
41.7,60.54,41.35,22.79,52.91,6.0,63.77,adzuki_bean
68.27,26.1,72.34,20.46,80.39,7.47,51.32,adzuki_bean
75.99,74.11,75.11,28.41,70.15,7.45,92.4,adzuki_bean
121.44,84.64,45.69,20.45,68.72,6.85,92.62,adzuki_bean
53.2,58.3,77.2,21.05,47.06,6.51,108.48,adzuki_bean
91.92,38.64,74.53,20.85,78.93,7.01,46.09,adzuki_bean
131.51,49.72,82.14,26.87,46.51,7.34,34.81,adzuki_bean
56.65,59.78,72.68,24.56,69.48,7.01,72.63,adzuki_bean
51.19,66.97,72.06,22.23,56.54,7.0,41.18,adzuki_bean
40.69,45.79,31.82,23.33,76.0,6.97,60.28,adzuki_bean
105.64,20.82,51.85,23.85,46.03,7.02,102.27,adzuki_bean
48.37,20.61,20.09,25.83,48.18,6.99,86.31,adzuki_bean
137.06,66.99,31.08,29.87,83.57,7.29,103.28,adzuki_bean
87.38,37.48,81.56,25.43,54.3,7.11,48.76,mung_dal
103.99,41.33,25.27,25.7,80.23,5.75,124.44,mung_dal
96.49,83.29,48.13,16.2,89.93,7.12,122.62,mung_dal
77.02,32.54,31.34,20.79,63.82,6.1,40.34,mung_dal
71.51,67.8,60.18,27.14,85.84,7.31,49.81,mung_dal
41.55,51.82,55.06,26.16,70.73,5.83,76.19,mung_dal
72.94,38.61,36.96,28.17,89.85,6.06,85.07,mung_dal
120.22,80.74,44.55,23.07,72.77,5.91,90.14,mung_dal
42.07,66.82,42.52,20.84,40.65,6.0,75.44,mung_dal
49.04,32.29,88.05,20.94,58.37,6.83,85.28,mung_dal
84.87,28.4,52.43,27.27,80.21,6.34,45.04,mung_dal
90.99,23.84,24.24,18.03,78.83,6.04,117.78,mung_dal
72.66,31.09,32.72,19.51,67.76,7.35,46.7,mung_dal
72.61,79.75,40.31,28.1,46.31,7.08,144.68,mung_dal
79.49,76.22,78.46,17.98,88.59,6.27,85.3,mung_dal
77.18,85.31,50.62,18.42,72.6,6.72,42.21,mung_dal
54.1,21.49,85.19,17.24,45.48,6.11,137.37,mung_dal
129.62,74.48,26.61,25.35,61.39,6.87,42.91,mung_dal
60.41,57.37,51.03,22.47,53.48,6.15,124.81,mung_dal
98.74,53.66,81.01,21.3,71.17,7.47,130.48,mung_dal
139.45,84.27,50.7,16.12,58.62,6.6,138.93,mung_dal
45.17,65.51,41.31,26.71,71.97,7.0,123.15,mung_dal
93.56,88.89,35.48,27.98,44.45,7.48,138.78,mung_dal
60.75,59.78,52.04,26.28,43.81,7.38,128.08,mung_dal
138.58,50.62,77.27,25.18,75.8,5.72,48.32,mung_dal
104.82,73.78,77.55,24.78,41.46,6.2,63.49,mung_dal
80.88,25.65,29.79,27.25,73.3,7.07,40.62,mung_dal
51.66,77.74,52.5,29.29,49.6,6.86,78.04,mung_dal
105.67,88.05,38.68,21.56,51.76,7.22,72.93,mung_dal
101.77,21.45,33.7,27.42,86.01,7.01,69.75,mung_dal
78.39,23.74,76.33,25.09,60.84,7.3,136.47,urad_dal
62.69,47.74,25.91,18.12,61.53,6.66,115.8,urad_dal
104.55,35.12,30.01,26.19,45.36,7.09,113.1,urad_dal
56.31,55.65,78.57,22.46,85.67,6.85,57.38,urad_dal
45.55,65.54,33.19,24.4,87.21,6.84,90.11,urad_dal
132.19,27.5,67.3,22.29,73.08,6.44,139.36,urad_dal
136.06,40.6,23.98,17.53,83.82,5.79,90.26,urad_dal
42.89,71.75,33.4,23.91,49.41,7.33,118.12,urad_dal
53.2,67.69,65.58,24.86,79.51,5.77,41.08,urad_dal
125.45,87.08,69.55,22.13,66.7,5.75,87.87,urad_dal
75.59,78.94,30.65,29.55,67.17,6.58,148.08,urad_dal
118.37,73.27,50.29,22.08,83.44,6.23,88.59,urad_dal
51.32,57.24,43.05,16.57,46.45,6.36,57.88,urad_dal
95.03,45.08,75.33,21.88,83.41,6.71,91.8,urad_dal
89.66,80.73,84.61,20.45,75.6,6.93,142.06,urad_dal
53.58,70.26,88.93,23.77,57.38,6.98,142.81,urad_dal
73.87,55.07,38.61,21.83,72.13,6.2,41.71,urad_dal
129.84,24.46,84.36,20.96,51.3,6.03,48.22,urad_dal
119.93,85.52,78.9,24.32,85.76,5.57,148.24,urad_dal
131.83,87.29,35.01,23.68,46.54,5.93,118.47,urad_dal
65.41,65.12,57.92,22.34,68.41,6.88,41.78,urad_dal
94.28,82.4,65.95,25.9,64.72,6.52,101.05,urad_dal
83.17,84.11,84.54,29.46,67.34,6.39,77.51,urad_dal
76.49,42.43,78.46,15.0,77.69,5.51,92.54,urad_dal
53.29,22.59,34.05,21.11,84.11,6.86,112.63,urad_dal
98.77,68.14,48.69,25.84,48.39,6.93,88.89,urad_dal
116.56,27.07,20.73,17.54,70.5,6.78,133.39,urad_dal
52.32,67.58,28.01,19.84,78.28,5.6,140.47,urad_dal
47.71,35.74,58.54,29.33,61.84,7.28,130.83,urad_dal
55.41,27.35,55.21,27.27,59.56,6.99,74.81,urad_dal
49.94,21.44,28.74,24.26,56.18,7.07,103.85,masoor_dal
62.45,27.37,28.87,16.29,76.68,6.82,142.25,masoor_dal
78.65,48.7,71.62,19.85,52.44,7.38,104.5,masoor_dal
40.52,65.09,84.49,18.24,63.3,6.25,124.04,masoor_dal
57.93,70.42,67.41,20.54,70.24,7.26,47.61,masoor_dal
72.59,44.1,48.54,25.66,53.38,7.03,77.45,masoor_dal
57.67,22.5,83.2,25.48,50.66,6.51,139.52,masoor_dal
79.84,52.72,57.4,22.44,51.34,6.04,91.15,masoor_dal
93.62,55.48,86.48,25.05,69.55,6.9,61.25,masoor_dal
69.96,74.88,59.79,29.55,42.81,7.29,73.92,masoor_dal
120.14,38.03,34.56,18.42,52.81,7.02,137.95,masoor_dal
45.93,76.6,42.76,21.74,45.25,5.74,72.47,masoor_dal
86.81,57.65,83.5,19.69,66.85,5.81,85.99,masoor_dal
71.18,23.14,57.49,26.26,61.97,6.72,69.95,masoor_dal
80.38,86.1,85.56,18.64,41.8,5.97,76.29,masoor_dal
86.57,47.83,87.82,16.93,46.73,7.03,66.78,masoor_dal
76.7,39.46,52.54,16.02,87.63,6.07,135.42,masoor_dal
139.26,72.19,37.71,24.09,79.39,6.49,97.97,masoor_dal
112.29,35.74,87.66,16.07,83.78,6.87,68.26,masoor_dal
103.6,85.67,82.81,22.47,85.98,6.45,82.47,masoor_dal
98.29,33.91,31.98,25.87,73.85,6.25,136.89,masoor_dal
101.68,87.6,32.56,20.29,76.38,7.41,60.78,masoor_dal
136.51,39.62,38.36,17.92,53.34,7.41,130.67,masoor_dal
82.61,47.64,75.27,28.77,61.13,7.47,118.99,masoor_dal
131.88,83.87,56.8,29.66,83.29,5.53,74.86,masoor_dal
43.26,63.36,70.91,28.58,73.21,5.56,68.0,masoor_dal
127.24,42.58,60.68,19.72,43.75,7.37,76.39,masoor_dal
104.21,82.48,38.11,20.31,61.66,6.85,127.18,masoor_dal
120.32,29.42,64.02,25.35,66.63,6.24,97.64,masoor_dal
139.65,65.02,49.34,20.73,86.03,7.48,62.33,masoor_dal
54.63,64.58,50.25,17.89,50.87,7.45,122.46,toor_dal
109.44,62.3,65.87,18.32,83.28,7.37,95.55,toor_dal
111.64,53.74,66.84,26.9,43.99,6.61,84.87,toor_dal
138.88,33.66,87.96,19.83,50.35,6.73,117.12,toor_dal
63.26,32.71,39.32,29.48,68.23,5.9,148.75,toor_dal
107.52,30.99,29.61,25.63,45.14,6.72,148.92,toor_dal
119.24,30.99,41.6,16.14,41.25,5.62,82.97,toor_dal
46.79,54.1,65.76,23.47,46.54,6.17,72.98,toor_dal
85.5,47.95,25.08,16.58,88.23,7.27,113.12,toor_dal
120.6,31.76,45.15,15.51,82.8,7.33,138.91,toor_dal
61.09,37.27,41.41,27.45,63.3,6.0,51.18,toor_dal
95.7,85.84,89.25,28.84,54.88,7.14,109.02,toor_dal
86.33,75.77,83.43,24.06,82.01,6.8,114.4,toor_dal
136.06,46.31,40.76,28.86,54.68,6.33,59.7,toor_dal
81.14,23.75,63.85,28.94,60.63,7.39,74.05,toor_dal
60.7,82.96,71.19,15.57,42.48,6.88,50.76,toor_dal
106.11,27.28,82.4,28.88,87.98,6.71,91.95,toor_dal
100.62,40.94,53.75,24.41,63.01,6.42,88.72,toor_dal
50.85,63.94,89.14,22.3,66.4,5.81,125.34,toor_dal
107.54,75.78,70.49,24.84,44.56,6.71,145.68,toor_dal
107.75,70.64,35.99,20.28,88.75,6.29,78.21,toor_dal
46.1,31.79,69.86,15.93,55.57,6.46,122.67,toor_dal
103.63,59.09,34.98,21.76,85.35,7.14,93.64,toor_dal
107.33,83.03,29.01,28.36,59.22,6.48,57.35,toor_dal
84.4,86.71,31.97,21.08,65.91,6.73,106.81,toor_dal
127.77,79.64,55.71,20.14,48.68,6.53,57.13,toor_dal
98.05,41.84,33.14,21.18,67.48,5.74,101.59,toor_dal
62.32,81.41,84.3,24.82,41.91,7.36,41.66,toor_dal
135.44,67.39,83.88,25.99,48.05,7.03,112.37,toor_dal
77.36,29.45,48.57,26.23,41.42,6.17,142.84,toor_dal
104.99,42.66,85.68,28.45,41.8,5.92,98.42,kulthi
93.37,23.37,64.05,25.28,57.05,7.08,70.7,kulthi
59.35,41.79,40.73,21.6,86.95,5.97,65.22,kulthi
106.3,20.57,79.0,15.19,65.54,6.69,52.61,kulthi
126.2,75.29,25.71,18.98,86.41,6.31,44.12,kulthi
65.4,27.65,42.83,24.83,72.53,5.62,78.74,kulthi
104.11,65.42,55.59,20.22,69.76,5.68,139.32,kulthi
136.71,86.58,70.35,21.94,65.33,5.86,83.31,kulthi
107.74,80.06,89.25,19.28,70.53,6.74,129.32,kulthi
72.29,29.67,40.28,21.61,85.0,6.14,53.97,kulthi
134.47,26.45,52.33,27.82,69.36,6.9,51.28,kulthi
108.82,28.96,44.41,17.5,59.32,5.94,130.24,kulthi
108.35,39.79,36.67,19.46,60.54,7.22,63.56,kulthi
98.97,48.18,79.32,22.92,82.68,6.25,99.94,kulthi
127.64,85.61,41.01,29.88,49.38,6.5,128.39,kulthi
132.84,63.71,46.75,26.68,85.65,6.88,66.83,kulthi
57.32,76.64,68.39,28.48,66.43,5.58,84.73,kulthi
102.43,77.28,87.21,24.11,83.61,6.75,60.22,kulthi
83.08,42.56,33.01,19.85,45.64,5.6,58.65,kulthi
136.36,30.42,68.9,24.72,52.6,6.34,56.62,kulthi
84.05,85.74,24.77,15.42,73.61,6.41,148.12,kulthi
98.37,76.34,52.27,17.86,52.55,6.51,79.36,kulthi
54.29,58.78,85.89,25.24,73.81,7.48,69.65,kulthi
108.61,86.99,62.44,17.57,74.93,6.46,86.77,kulthi
73.08,22.2,22.5,26.26,49.56,6.52,45.53,kulthi
92.37,28.08,41.76,17.12,59.09,5.78,113.79,kulthi
65.34,67.63,35.85,15.68,50.2,6.84,123.57,kulthi
68.74,73.8,72.08,20.16,46.95,5.79,52.28,kulthi
117.28,76.32,44.07,18.35,82.48,6.16,46.45,kulthi
106.92,82.39,50.54,16.03,60.39,5.5,132.63,kulthi
100.59,33.19,89.1,29.38,73.7,7.34,90.79,moth_bean
71.39,35.28,39.12,22.52,80.04,6.18,90.28,moth_bean
45.42,58.81,22.44,24.8,86.29,6.11,70.98,moth_bean
54.14,45.86,54.04,29.2,84.45,7.49,100.9,moth_bean
44.23,51.89,78.72,24.74,74.21,6.21,82.01,moth_bean
43.3,59.31,43.6,24.05,70.61,7.22,114.38,moth_bean
46.94,35.67,44.4,25.03,60.88,6.67,57.37,moth_bean
59.11,42.32,32.2,22.15,74.4,6.15,99.46,moth_bean
95.4,37.32,84.4,29.68,85.31,6.17,116.82,moth_bean
116.69,81.12,78.82,26.39,60.8,6.84,64.07,moth_bean
85.73,68.15,46.4,27.36,48.31,6.78,63.58,moth_bean
134.1,61.24,86.81,25.01,79.78,6.79,100.62,moth_bean
108.09,66.25,84.94,21.76,83.82,6.7,82.35,moth_bean
81.38,84.75,79.38,23.72,59.29,7.03,117.8,moth_bean
100.16,23.75,60.64,25.08,79.22,7.18,45.52,moth_bean
85.97,69.23,50.48,21.99,70.17,6.48,41.16,moth_bean
56.68,78.18,82.72,26.34,64.23,6.85,116.47,moth_bean
89.33,83.43,21.11,27.48,59.19,6.34,68.06,moth_bean
73.42,61.54,62.36,28.58,56.97,6.77,32.47,moth_bean
85.85,31.41,75.89,20.34,43.42,6.79,35.76,moth_bean
76.18,32.83,75.74,20.97,83.97,6.99,104.52,moth_bean
54.74,41.25,64.86,22.42,74.73,7.24,74.73,moth_bean
133.89,30.63,33.3,26.7,70.38,6.57,89.3,moth_bean
55.02,85.86,44.1,27.68,56.28,7.18,64.15,moth_bean
107.27,83.34,74.0,25.16,87.36,6.17,72.61,moth_bean
58.9,50.81,51.6,25.54,80.93,7.07,46.0,moth_bean
118.4,50.29,71.8,27.42,60.67,7.49,95.96,moth_bean
125.12,64.06,34.65,23.87,87.09,6.09,32.82,moth_bean
83.25,44.42,82.54,21.94,61.66,7.44,102.83,moth_bean
57.7,84.55,39.04,24.3,42.07,6.24,73.5,moth_bean
45.5,80.15,68.46,28.94,79.73,7.14,88.04,ricebean
130.59,33.31,61.23,27.22,79.89,6.96,112.48,ricebean
134.46,80.32,44.33,29.58,40.25,6.38,84.47,ricebean
125.75,37.96,89.12,27.4,58.16,7.1,69.66,ricebean
115.08,86.93,84.51,29.49,78.32,6.62,101.05,ricebean
106.79,45.01,76.32,22.98,45.51,6.64,84.7,ricebean
44.89,76.06,65.71,23.02,65.35,6.67,92.74,ricebean
93.93,64.03,74.91,25.18,76.98,6.67,113.97,ricebean
54.12,63.55,60.23,22.92,72.39,6.19,93.98,ricebean
75.93,38.19,41.95,21.03,82.9,6.29,77.15,ricebean
68.25,37.87,66.72,25.0,63.24,6.7,119.96,ricebean
137.44,55.23,58.58,29.88,83.89,6.5,58.55,ricebean
46.41,86.76,49.39,22.81,74.31,6.34,37.64,ricebean
50.78,71.01,61.79,22.18,46.46,6.74,100.69,ricebean
64.84,54.91,77.62,26.91,82.27,7.05,91.45,ricebean
125.06,68.29,87.43,26.35,74.69,6.97,32.36,ricebean
110.22,26.72,72.06,20.82,42.26,6.5,49.89,ricebean
118.44,34.96,43.26,27.27,84.83,6.78,49.24,ricebean
105.03,38.74,39.0,21.92,58.03,6.54,98.26,ricebean
55.84,88.75,58.49,29.12,62.59,6.84,76.39,ricebean
56.94,39.48,62.74,27.47,53.92,6.25,96.93,ricebean
122.19,36.56,86.36,29.83,78.23,6.15,57.18,ricebean
102.17,22.43,63.98,27.74,46.84,6.58,111.72,ricebean
50.56,82.53,26.37,25.49,89.58,7.38,52.12,ricebean
118.84,86.29,57.42,29.92,57.81,7.13,37.97,ricebean
132.15,43.39,46.61,29.12,87.95,6.55,70.63,ricebean
129.86,55.17,27.8,21.36,61.33,7.21,47.41,ricebean
58.74,83.78,48.02,26.63,67.87,6.58,35.61,ricebean
139.27,34.81,63.76,21.75,71.21,6.76,97.65,ricebean
53.45,63.47,63.94,20.86,75.11,6.48,78.15,ricebean
49.98,50.28,74.08,20.51,79.65,7.37,35.66,winged_bean
103.45,45.17,64.98,21.53,49.47,6.95,83.0,winged_bean
43.44,64.42,89.89,24.63,76.59,7.21,111.28,winged_bean
127.89,67.54,83.83,23.36,75.76,7.15,97.16,winged_bean
84.63,81.71,82.98,23.46,79.95,6.33,114.18,winged_bean
91.46,77.35,55.76,29.28,71.85,6.49,33.8,winged_bean
139.98,26.12,40.72,22.85,89.75,7.12,49.61,winged_bean
75.3,87.92,86.26,25.9,60.75,6.69,50.88,winged_bean
64.74,49.57,80.01,28.94,81.65,6.86,94.24,winged_bean
114.09,34.12,40.47,21.91,42.95,6.77,84.92,winged_bean
126.09,20.11,81.84,26.37,42.39,6.45,45.85,winged_bean
48.07,74.04,60.1,21.3,88.09,6.32,38.63,winged_bean
69.49,89.77,44.93,27.53,50.59,7.29,94.92,winged_bean
42.82,64.59,25.16,24.62,43.27,7.39,94.62,winged_bean
88.18,43.49,89.45,20.82,76.21,6.23,116.91,winged_bean
119.49,21.26,42.32,27.76,87.9,6.96,112.22,winged_bean
57.17,24.55,75.88,23.0,41.27,7.23,75.79,winged_bean
126.86,20.88,27.11,21.11,41.02,6.01,40.17,winged_bean
51.11,68.65,81.25,20.68,61.89,6.48,59.31,winged_bean
55.1,86.64,70.54,28.98,40.84,7.27,71.74,winged_bean
57.61,83.23,51.05,25.51,49.75,6.96,31.43,winged_bean
123.09,26.07,28.37,23.01,66.56,6.61,88.69,winged_bean
98.33,43.95,43.06,22.57,80.13,7.0,65.86,winged_bean
110.19,83.56,58.33,29.5,63.89,6.88,70.87,winged_bean
132.34,55.84,56.89,29.63,60.69,7.27,94.64,winged_bean
131.05,27.38,70.93,22.06,45.53,6.88,76.63,winged_bean
44.82,32.01,21.75,28.63,53.18,6.94,117.42,winged_bean
124.03,32.43,71.71,29.59,42.9,6.11,61.79,winged_bean
122.92,82.15,40.18,25.51,83.93,7.06,71.69,winged_bean
105.86,40.85,49.81,22.98,41.86,6.91,53.34,winged_bean
125.31,87.11,73.13,27.86,47.23,7.05,46.66,bambara_groundnut
138.7,84.87,61.52,22.88,71.56,6.07,123.41,bambara_groundnut
77.47,24.93,48.22,27.72,46.81,6.74,113.71,bambara_groundnut
64.52,32.4,37.14,22.75,89.82,5.79,134.98,bambara_groundnut
97.37,89.41,77.36,16.65,86.37,6.77,108.95,bambara_groundnut
107.86,81.6,29.47,15.08,41.55,6.95,75.63,bambara_groundnut
50.77,75.17,75.88,25.45,64.66,5.58,62.99,bambara_groundnut
51.54,39.24,39.14,26.46,75.23,7.07,128.67,bambara_groundnut
121.77,46.22,89.56,28.75,59.13,6.05,112.67,bambara_groundnut
109.37,55.4,34.2,28.53,63.7,6.9,70.3,bambara_groundnut
107.55,84.63,55.46,22.89,59.87,6.95,57.72,bambara_groundnut
110.29,75.71,23.95,29.71,45.01,6.0,100.19,bambara_groundnut
135.35,42.74,26.62,18.28,52.9,7.09,145.07,bambara_groundnut
105.76,49.71,44.64,19.06,43.24,5.78,46.24,bambara_groundnut
101.81,42.04,76.77,15.05,71.81,5.6,67.44,bambara_groundnut
42.65,23.67,37.96,26.34,84.01,6.09,83.42,bambara_groundnut
62.92,77.45,65.55,25.86,71.56,5.91,137.25,bambara_groundnut
44.75,80.0,73.68,29.92,74.29,7.48,96.86,bambara_groundnut
108.06,64.45,41.88,15.12,78.1,6.61,45.62,bambara_groundnut
124.43,81.31,21.69,19.39,44.36,5.67,81.34,bambara_groundnut
61.45,85.72,48.86,16.36,75.66,5.71,118.7,bambara_groundnut
54.24,62.3,21.41,19.94,80.65,6.77,94.24,bambara_groundnut
123.14,31.16,40.78,20.83,40.65,6.35,149.42,bambara_groundnut
134.77,85.83,71.42,23.55,58.43,5.68,72.95,bambara_groundnut
41.48,39.24,83.5,16.41,63.81,6.35,80.07,bambara_groundnut
122.44,52.62,43.81,24.27,87.95,5.7,112.18,bambara_groundnut
102.55,55.94,74.89,29.35,87.03,6.09,125.31,bambara_groundnut
118.58,42.8,32.12,16.11,54.53,7.02,100.44,bambara_groundnut
76.55,47.57,69.78,20.97,54.38,6.08,148.62,bambara_groundnut
106.9,65.56,48.06,23.11,49.89,6.4,106.24,bambara_groundnut
83.47,29.33,60.45,17.26,69.87,7.12,125.65,lupin
51.58,89.87,67.89,25.28,46.97,6.21,114.35,lupin
91.26,83.53,74.93,15.88,46.42,5.72,65.61,lupin
123.71,51.71,24.74,19.07,74.37,5.73,110.58,lupin
61.65,33.05,59.28,21.26,70.02,7.24,128.28,lupin
47.96,68.25,89.51,27.7,70.8,6.57,74.44,lupin
46.52,76.67,86.1,19.56,75.08,7.43,102.07,lupin
59.5,27.17,54.39,16.49,86.96,6.56,101.07,lupin
54.68,26.79,73.74,26.37,53.74,6.43,104.86,lupin
108.28,30.96,76.39,21.19,73.47,7.12,68.57,lupin
93.48,58.65,85.42,27.27,75.4,6.87,136.06,lupin
84.42,33.76,73.36,29.22,76.33,5.63,57.3,lupin
116.28,85.51,68.65,15.91,87.12,7.37,91.7,lupin
116.81,85.16,48.27,15.11,42.15,6.01,133.54,lupin
112.04,78.01,60.02,26.11,72.12,5.74,42.12,lupin
125.1,57.08,88.54,18.1,41.01,7.31,121.45,lupin
129.99,88.78,67.75,16.9,61.72,7.25,63.79,lupin
67.35,69.9,75.33,15.65,68.2,7.43,64.91,lupin
89.65,85.77,20.58,26.63,65.65,7.04,49.27,lupin
131.2,51.41,54.56,19.36,88.59,7.15,86.91,lupin
54.63,77.03,78.97,29.65,88.26,6.73,52.45,lupin
136.4,30.76,43.74,19.64,67.78,7.29,102.52,lupin
73.4,60.89,27.18,15.26,71.96,6.54,44.57,lupin
136.99,37.07,51.53,16.58,60.18,6.35,74.27,lupin
114.8,54.86,52.46,29.13,63.28,7.21,97.72,lupin
120.41,81.5,27.26,15.53,78.3,6.94,40.6,lupin
102.36,42.6,47.76,28.98,84.29,6.21,149.43,lupin
91.33,69.41,83.61,21.45,84.83,7.07,81.04,lupin
85.22,85.0,23.72,28.81,80.05,7.1,131.92,lupin
103.92,53.16,47.35,23.01,73.54,6.77,140.99,lupin
84.73,31.83,62.13,19.42,65.94,5.64,51.7,quinoa
131.77,47.04,64.06,26.31,42.53,5.86,78.55,quinoa
74.07,38.76,67.75,20.76,44.35,7.29,103.94,quinoa
68.24,35.76,76.08,22.59,71.27,7.11,133.57,quinoa
94.51,29.69,36.08,28.07,49.42,7.18,94.92,quinoa
115.74,76.0,30.06,28.32,58.92,6.71,81.83,quinoa
53.58,37.24,67.76,25.04,51.58,6.62,112.57,quinoa
120.77,32.51,88.29,31.03,70.57,5.55,85.49,quinoa
110.24,33.35,31.37,22.73,82.13,6.97,53.49,quinoa
58.47,76.82,21.48,19.59,71.97,7.24,56.13,quinoa
104.11,22.74,22.92,29.37,72.78,6.5,121.0,quinoa
123.73,34.92,34.08,18.44,71.47,6.73,138.22,quinoa
53.59,50.68,42.86,25.98,64.26,7.5,105.7,quinoa
50.18,64.8,66.1,26.28,75.96,5.53,63.84,quinoa
125.88,32.94,67.83,21.97,44.82,5.92,57.26,quinoa
106.16,81.48,78.66,20.65,86.94,5.74,64.44,quinoa
86.81,52.77,82.06,28.58,67.95,5.7,97.2,quinoa
73.19,57.34,68.66,22.51,71.35,7.4,149.41,quinoa
113.38,44.61,62.0,18.2,54.93,6.88,58.01,quinoa
50.32,43.89,83.83,24.47,64.09,6.91,86.01,quinoa
48.28,59.17,59.49,31.16,62.64,6.23,72.08,quinoa
118.51,71.45,87.43,19.91,41.36,6.71,99.29,quinoa
95.12,68.77,33.84,21.51,66.9,6.03,101.02,quinoa
80.01,58.99,56.68,20.6,44.14,6.49,107.02,quinoa
77.37,23.79,26.73,29.51,56.21,6.35,129.27,quinoa
72.0,25.56,86.66,31.14,49.95,6.04,41.26,quinoa
134.77,43.95,40.05,24.91,55.94,6.69,139.39,quinoa
88.24,50.14,88.53,28.99,64.42,7.32,105.8,quinoa
78.72,63.6,49.33,26.5,74.52,6.73,99.84,quinoa
139.06,85.38,60.84,23.01,84.47,7.42,54.47,quinoa
63.94,27.55,21.53,18.5,79.87,6.73,131.91,buckwheat
107.29,61.6,75.27,25.5,48.54,6.12,114.69,buckwheat
72.95,84.08,70.02,28.21,81.18,7.2,64.65,buckwheat
131.17,33.41,87.16,29.84,78.1,6.39,136.62,buckwheat
129.48,87.33,74.65,19.19,53.86,5.55,82.89,buckwheat
75.39,75.3,81.0,26.01,60.03,5.7,86.29,buckwheat
127.78,73.37,35.68,21.6,50.04,6.03,135.0,buckwheat
139.03,41.93,85.42,25.01,77.42,6.39,128.32,buckwheat
49.22,84.49,83.38,23.62,64.58,6.19,120.65,buckwheat
136.5,55.6,76.46,29.6,48.52,6.87,143.83,buckwheat
69.43,60.76,48.66,22.18,77.0,6.76,71.24,buckwheat
43.7,35.5,81.92,18.92,74.11,5.58,92.72,buckwheat
52.77,37.85,25.71,29.21,48.55,5.53,148.41,buckwheat
107.16,71.18,43.46,21.69,76.96,7.5,113.23,buckwheat
52.67,54.51,41.78,21.28,64.01,5.55,118.03,buckwheat
132.8,74.2,69.12,20.13,71.7,6.34,88.06,buckwheat
106.62,70.45,54.58,24.35,71.73,6.15,61.53,buckwheat
109.31,68.24,58.77,22.39,80.79,7.08,57.06,buckwheat
99.69,24.81,21.75,29.58,73.23,7.49,132.4,buckwheat
112.41,42.7,87.35,30.38,85.34,7.33,138.67,buckwheat
121.11,78.69,63.64,31.85,69.56,5.55,142.83,buckwheat
92.72,85.41,74.16,29.29,83.93,6.33,126.65,buckwheat
116.31,26.65,80.29,22.81,41.13,6.95,127.43,buckwheat
110.12,61.98,59.37,22.43,42.8,6.78,52.41,buckwheat
114.42,60.67,47.26,29.64,41.28,7.32,101.74,buckwheat
116.54,89.34,61.06,21.08,49.97,6.39,63.46,buckwheat
129.48,71.9,34.72,26.92,87.01,7.25,85.64,buckwheat
41.53,64.07,88.26,21.7,69.12,7.03,101.21,buckwheat
124.95,45.76,68.75,23.39,57.72,7.43,49.59,buckwheat
84.53,49.41,21.48,20.64,65.93,7.09,129.79,buckwheat
95.72,86.54,28.22,23.55,54.28,6.2,85.97,teff
124.94,73.83,20.43,23.02,71.54,5.65,50.76,teff
53.49,62.35,50.02,31.04,86.49,7.24,90.46,teff
80.85,26.88,74.77,30.46,67.08,6.44,57.12,teff
92.45,36.18,35.39,27.04,69.16,5.88,132.46,teff
77.79,37.41,42.19,22.74,76.87,5.64,107.5,teff
82.68,77.34,73.29,24.21,52.13,6.28,134.82,teff
122.15,38.14,65.45,21.03,53.49,5.82,140.1,teff
125.71,88.95,20.17,19.15,89.64,6.0,148.6,teff
135.32,58.5,34.27,26.92,69.86,7.15,108.25,teff
106.81,41.93,39.57,23.93,89.25,6.18,89.1,teff
63.09,60.47,53.14,28.05,70.42,6.79,121.14,teff
134.2,47.72,67.98,28.37,88.19,6.85,91.95,teff
98.51,39.27,79.59,27.83,54.6,7.22,48.19,teff
76.09,32.29,28.07,31.22,63.72,6.84,147.65,teff
91.29,46.75,50.69,29.37,53.65,6.05,131.59,teff
44.95,42.75,68.75,22.23,85.41,5.71,80.87,teff
48.47,26.33,46.28,27.25,85.12,6.44,60.48,teff
91.36,52.55,36.14,24.32,89.45,5.82,123.98,teff
99.29,33.02,52.21,31.72,84.94,7.44,107.47,teff
104.13,28.78,68.02,28.78,61.63,7.21,146.5,teff
110.09,72.07,78.04,31.81,76.72,5.96,136.56,teff
137.3,61.99,21.79,24.05,62.74,5.71,57.4,teff
99.29,43.93,50.67,31.32,60.47,6.81,99.4,teff
129.04,87.76,37.43,25.11,76.45,6.31,103.02,teff
107.7,82.01,74.69,25.33,84.96,6.17,134.26,teff
51.67,81.05,79.87,25.14,69.76,6.66,77.07,teff
122.51,73.98,89.45,29.09,48.0,7.48,75.93,teff
92.06,82.85,51.09,28.69,59.64,7.22,61.25,teff
62.88,60.05,80.74,19.82,42.44,5.78,36.85,teff
67.76,41.65,81.68,27.95,87.44,7.26,83.21,fonio
76.61,39.27,71.06,18.97,88.33,7.25,43.51,fonio
94.62,38.23,29.23,31.53,56.66,6.78,126.93,fonio
101.02,42.36,31.26,20.68,74.85,6.08,149.58,fonio
129.77,52.15,47.14,24.88,42.29,6.34,108.53,fonio
45.11,73.05,44.85,18.18,45.02,6.86,75.76,fonio
105.12,84.15,47.99,25.17,83.85,6.74,122.36,fonio
61.62,62.15,21.78,19.84,64.1,7.1,131.1,fonio
61.29,70.64,60.02,30.78,52.15,6.11,109.8,fonio
47.13,36.23,50.33,26.48,65.78,5.81,33.16,fonio
69.83,73.77,55.3,27.42,85.53,7.43,94.31,fonio
54.77,54.61,24.28,26.79,42.43,5.56,61.71,fonio
102.3,70.66,30.72,28.35,73.0,5.95,91.55,fonio
52.08,38.11,85.85,28.66,89.0,6.72,107.34,fonio
82.74,25.86,52.68,24.36,42.21,5.87,147.07,fonio
73.24,26.41,88.75,19.06,66.91,7.04,115.54,fonio
99.14,59.04,24.95,27.2,84.8,6.13,34.82,fonio
123.64,30.92,37.64,23.59,86.58,6.39,142.62,fonio
52.16,27.61,22.04,27.36,57.34,7.12,93.13,fonio
79.13,38.68,79.78,26.77,83.71,6.05,58.33,fonio
121.53,20.26,30.42,28.19,54.1,6.74,120.68,fonio
86.92,33.94,24.67,24.6,66.58,6.87,100.12,fonio
55.09,20.44,83.14,19.81,45.76,5.84,46.19,fonio
106.33,43.51,29.18,19.34,47.02,5.75,123.94,fonio
123.18,39.97,45.25,20.42,41.72,5.89,106.04,fonio
85.55,26.18,21.2,29.06,53.8,5.51,125.46,fonio
128.97,41.06,61.88,23.0,56.84,5.63,144.93,fonio
59.03,22.85,87.27,20.05,57.61,7.2,135.63,fonio
45.05,81.32,69.65,18.87,58.72,6.74,35.75,fonio
65.72,89.91,45.7,27.65,76.59,7.19,102.94,fonio
104.04,21.83,44.89,22.51,70.41,7.21,30.86,amaranth_grain
59.16,49.92,56.22,28.98,76.67,6.12,147.17,amaranth_grain
63.41,61.65,88.71,30.32,57.88,6.18,115.35,amaranth_grain
134.38,63.97,60.75,20.16,63.49,5.94,144.33,amaranth_grain
44.42,68.29,64.65,23.76,82.38,6.52,107.96,amaranth_grain
86.66,59.34,25.42,29.08,42.21,6.59,53.25,amaranth_grain
47.9,25.32,66.36,30.04,41.7,6.96,141.46,amaranth_grain
114.55,46.94,58.42,18.12,64.44,5.56,134.76,amaranth_grain
93.72,62.39,78.13,21.28,60.83,6.5,111.36,amaranth_grain
111.22,64.56,62.83,28.06,41.6,6.7,95.52,amaranth_grain
62.37,47.24,57.29,31.41,81.35,7.15,41.64,amaranth_grain
46.49,23.96,63.8,23.36,47.63,5.63,81.58,amaranth_grain
88.01,49.95,63.67,26.25,87.51,6.43,54.16,amaranth_grain
103.61,28.08,84.38,29.63,67.02,6.14,85.69,amaranth_grain
129.72,65.5,28.35,19.4,49.14,5.62,116.52,amaranth_grain
59.63,80.52,78.95,28.42,85.22,5.94,141.09,amaranth_grain
78.21,48.99,30.11,19.6,62.08,6.18,84.55,amaranth_grain
139.53,48.81,53.93,31.61,65.13,5.65,134.05,amaranth_grain
110.46,58.69,71.4,19.46,69.98,5.63,115.43,amaranth_grain
107.1,77.87,78.12,31.55,46.8,7.43,54.95,amaranth_grain
107.44,81.06,30.46,21.1,64.84,6.46,133.23,amaranth_grain
114.72,29.76,23.32,22.06,55.66,7.01,52.08,amaranth_grain
73.45,85.09,29.77,27.74,62.16,6.51,113.67,amaranth_grain
41.7,33.56,78.53,21.47,61.99,6.28,131.78,amaranth_grain
62.93,49.4,25.73,26.42,85.43,5.69,100.48,amaranth_grain
69.09,49.01,58.49,19.91,60.5,6.61,37.74,amaranth_grain
60.54,34.88,48.95,22.25,70.32,7.13,122.52,amaranth_grain
82.15,62.91,69.49,26.12,68.22,5.81,61.66,amaranth_grain
131.32,24.65,28.35,19.68,69.19,6.27,50.88,amaranth_grain
115.37,70.24,46.46,28.67,85.46,6.36,127.23,amaranth_grain
80.23,58.43,87.26,24.59,42.72,6.62,69.42,chia
100.37,74.15,67.24,19.18,61.87,6.45,100.41,chia
47.61,89.32,74.46,23.11,60.2,6.61,60.1,chia
134.68,51.61,20.87,31.36,86.89,6.66,88.68,chia
131.94,49.32,33.33,24.8,43.04,6.49,48.06,chia
64.83,36.92,66.94,29.32,81.72,6.84,52.32,chia
62.23,81.83,27.11,20.3,83.05,6.76,55.98,chia
134.26,83.06,64.44,31.77,79.53,6.56,50.37,chia
54.6,84.92,39.48,25.37,71.37,7.01,48.51,chia
59.36,23.88,77.68,26.06,48.74,7.13,89.54,chia
136.74,73.54,40.89,18.03,44.49,6.84,117.37,chia
41.09,28.41,48.49,27.22,66.9,6.67,90.47,chia
85.96,43.46,20.88,29.57,89.97,6.92,66.87,chia
44.36,30.81,30.33,31.49,59.85,6.99,110.62,chia
67.43,82.67,56.41,29.19,81.31,7.46,58.7,chia
118.77,25.92,42.24,22.85,70.58,7.38,104.02,chia
126.13,89.06,80.22,22.3,48.59,7.24,89.3,chia
75.1,39.88,23.46,19.96,59.11,6.46,109.59,chia
81.48,58.14,74.41,30.97,40.37,7.17,61.23,chia
129.06,55.09,88.37,30.48,47.34,7.34,55.69,chia
102.98,81.22,41.04,31.67,51.87,7.3,43.68,chia
109.81,60.38,65.82,21.25,80.66,6.82,76.17,chia
99.71,48.21,57.66,23.78,77.01,6.07,84.04,chia
123.22,76.45,31.01,25.14,70.51,7.32,86.1,chia
52.63,66.02,43.86,26.52,69.75,7.07,116.42,chia
61.04,45.31,87.95,22.45,76.77,6.65,66.55,chia
113.4,29.38,88.51,26.1,52.9,6.94,61.77,chia
65.26,77.54,81.61,25.01,53.55,6.61,114.2,chia
114.04,40.86,71.68,27.3,75.24,7.11,88.78,chia
59.07,74.04,83.49,30.53,49.66,7.08,38.76,chia
47.26,64.97,27.53,21.66,48.25,6.84,116.34,hemp_seed
122.17,23.84,45.8,24.82,48.9,6.44,76.73,hemp_seed
138.95,28.7,24.2,28.8,67.48,7.2,75.54,hemp_seed
114.81,40.99,59.66,21.49,58.9,7.07,41.28,hemp_seed
43.56,39.62,35.24,19.97,54.05,7.21,74.31,hemp_seed
73.33,83.58,55.82,25.1,83.14,6.65,50.92,hemp_seed
139.75,53.82,27.75,19.13,47.84,6.25,43.22,hemp_seed
76.06,70.64,89.01,22.47,59.11,6.12,61.3,hemp_seed
99.36,64.72,56.39,18.45,76.55,6.84,67.41,hemp_seed
55.22,39.14,61.64,31.67,64.09,6.49,99.46,hemp_seed
64.05,28.38,31.42,20.63,44.81,6.66,31.01,hemp_seed
84.52,70.52,61.92,31.35,76.34,7.06,45.05,hemp_seed
66.45,71.14,65.31,27.85,46.01,6.76,70.47,hemp_seed
81.79,85.44,31.31,28.84,70.13,6.18,75.25,hemp_seed
97.33,70.29,82.52,19.36,49.22,7.22,118.2,hemp_seed
55.29,74.93,24.35,18.04,89.62,7.18,69.42,hemp_seed
124.35,66.06,52.58,22.09,67.59,7.49,106.24,hemp_seed
62.08,64.3,82.36,19.75,59.15,6.11,82.8,hemp_seed
115.08,60.23,20.9,28.03,77.76,6.39,45.69,hemp_seed
51.98,61.86,40.66,23.59,72.69,6.25,76.37,hemp_seed
71.69,53.68,64.82,27.93,76.15,6.64,31.7,hemp_seed
138.65,51.04,89.77,23.29,88.31,6.25,43.37,hemp_seed
113.09,38.2,24.21,24.95,68.48,6.74,103.85,hemp_seed
76.08,64.94,80.62,19.71,80.03,6.07,54.73,hemp_seed
92.5,48.65,76.23,27.61,49.55,6.44,111.68,hemp_seed
105.21,22.25,47.76,20.95,74.83,7.34,100.69,hemp_seed
52.78,66.5,49.62,26.36,83.54,6.44,53.86,hemp_seed
91.14,32.15,80.22,19.93,55.27,7.44,32.62,hemp_seed
137.47,37.21,82.21,18.59,70.97,7.29,95.24,hemp_seed
47.84,76.12,50.27,19.37,89.46,7.39,52.37,hemp_seed
46.65,22.63,66.69,25.86,76.59,6.13,50.67,flax_seed
103.31,30.97,84.24,25.95,59.85,6.33,95.54,flax_seed
74.86,78.53,89.53,19.8,40.95,7.03,41.2,flax_seed
117.64,71.38,81.43,28.12,57.22,7.38,50.04,flax_seed
76.99,29.56,54.34,23.2,62.93,6.93,51.81,flax_seed
92.69,60.12,25.2,19.9,57.48,6.92,95.79,flax_seed
137.77,30.03,84.23,22.9,43.54,7.05,106.22,flax_seed
132.14,63.8,30.04,19.94,55.95,7.01,72.33,flax_seed
111.22,32.68,47.75,21.43,77.95,6.1,44.29,flax_seed
112.98,31.74,26.35,24.92,79.25,6.16,104.52,flax_seed
85.63,87.74,76.62,20.13,87.09,6.58,113.18,flax_seed
69.16,41.3,27.12,30.63,53.32,6.29,104.12,flax_seed
116.75,86.75,83.17,21.47,76.06,6.53,53.26,flax_seed
81.78,58.73,34.2,25.91,82.61,6.49,63.54,flax_seed
82.1,61.92,29.4,20.3,41.13,6.94,97.8,flax_seed
100.88,44.19,53.66,22.66,56.18,7.21,70.13,flax_seed
49.81,26.98,74.26,21.91,52.53,7.39,57.54,flax_seed
116.69,35.57,33.27,20.35,75.83,6.54,90.79,flax_seed
81.54,63.39,34.53,23.73,50.15,6.6,119.22,flax_seed
90.94,42.82,66.9,19.33,45.11,7.34,74.23,flax_seed
59.27,63.93,22.77,19.04,53.05,6.07,81.9,flax_seed
95.05,79.99,27.58,28.52,60.73,7.37,46.47,flax_seed
129.94,24.49,53.17,25.96,49.3,7.43,100.81,flax_seed
98.14,66.04,75.29,23.73,45.55,6.47,31.21,flax_seed
138.71,43.31,79.68,23.56,57.49,6.14,42.65,flax_seed
49.79,62.11,58.34,31.89,77.96,6.03,72.39,flax_seed
75.66,80.98,80.83,29.44,40.33,7.23,40.13,flax_seed
119.54,21.41,32.4,26.06,83.21,6.58,71.44,flax_seed
135.88,67.68,26.8,25.31,63.74,7.03,112.87,flax_seed
62.94,36.66,78.49,18.47,46.45,7.26,93.51,flax_seed
137.49,52.57,62.68,18.81,58.54,6.98,96.68,mustard_greens
85.54,81.03,51.67,15.14,76.38,7.41,88.9,mustard_greens
43.39,29.42,50.27,24.26,54.67,5.81,143.68,mustard_greens
77.12,39.61,69.8,29.44,59.79,5.95,101.68,mustard_greens
72.7,49.14,80.46,21.36,52.88,6.44,113.23,mustard_greens
121.01,31.63,76.73,24.54,63.71,7.32,47.52,mustard_greens
98.46,77.35,46.33,20.88,80.43,6.78,47.32,mustard_greens
115.68,78.51,70.31,29.03,68.65,7.12,102.65,mustard_greens
61.03,65.62,33.22,28.57,52.45,7.08,118.89,mustard_greens
128.39,39.61,45.04,26.05,51.92,7.25,78.89,mustard_greens
57.07,78.36,89.44,16.17,43.73,7.43,60.46,mustard_greens
75.46,39.85,86.99,21.43,80.43,7.07,63.44,mustard_greens
121.31,67.6,83.84,15.84,83.58,5.71,61.53,mustard_greens
101.98,77.66,29.72,15.06,44.7,7.18,53.27,mustard_greens
130.3,73.77,77.42,21.43,81.06,5.67,130.36,mustard_greens
125.5,87.31,87.31,23.24,84.56,6.27,80.12,mustard_greens
61.46,25.18,87.39,18.52,89.13,6.08,67.35,mustard_greens
64.57,60.93,51.75,24.05,81.54,6.75,83.69,mustard_greens
130.33,79.16,53.6,19.16,78.85,5.7,76.61,mustard_greens
47.56,77.7,57.02,27.81,86.39,6.14,117.43,mustard_greens
115.79,29.77,51.38,27.89,75.39,7.4,136.75,mustard_greens
115.04,60.34,42.45,18.77,42.8,5.88,122.48,mustard_greens
105.37,80.77,37.37,19.96,65.18,7.13,109.27,mustard_greens
94.03,71.0,72.98,19.15,49.63,5.79,113.7,mustard_greens
135.04,28.96,70.49,25.04,80.14,6.25,84.79,mustard_greens
114.34,74.22,78.79,23.81,84.63,6.39,129.28,mustard_greens
93.13,49.37,32.48,19.99,52.84,6.48,54.3,mustard_greens
72.78,41.41,58.75,25.39,77.61,6.91,100.27,mustard_greens
99.4,84.6,87.08,21.78,89.82,7.38,47.76,mustard_greens
132.39,45.91,38.12,16.1,43.01,6.75,50.15,mustard_greens
70.71,30.86,52.8,25.68,85.57,6.77,53.78,turnip_greens
60.4,72.74,47.04,20.61,57.37,6.65,82.43,turnip_greens
123.09,35.53,60.23,22.25,76.08,5.86,85.52,turnip_greens
59.68,71.61,76.68,28.36,76.0,7.5,75.52,turnip_greens
109.41,41.08,23.38,17.8,76.72,6.33,46.94,turnip_greens
111.45,24.55,44.44,18.46,65.1,6.09,86.8,turnip_greens
53.03,26.31,62.37,28.42,53.21,6.78,119.03,turnip_greens
40.93,81.95,43.02,27.55,54.64,7.11,69.98,turnip_greens
103.83,37.05,36.97,19.74,73.47,6.79,147.16,turnip_greens
41.37,59.95,70.8,21.31,45.67,6.67,72.54,turnip_greens
101.09,81.58,57.25,28.83,65.32,7.35,78.86,turnip_greens
70.57,68.98,67.15,23.15,45.79,7.37,94.33,turnip_greens
94.38,32.63,30.81,22.6,52.7,6.14,116.93,turnip_greens
129.01,36.31,70.8,17.18,42.45,5.89,120.06,turnip_greens
86.71,68.43,44.57,28.07,69.1,6.06,61.59,turnip_greens
99.24,50.97,44.6,18.78,55.85,7.35,128.91,turnip_greens
56.01,38.62,76.29,19.01,51.26,7.29,141.81,turnip_greens
80.64,50.16,51.86,20.89,55.01,7.41,43.55,turnip_greens
41.78,78.33,63.74,23.49,74.65,5.71,41.09,turnip_greens
70.08,20.66,75.49,24.77,64.12,6.31,52.84,turnip_greens
126.69,28.81,73.69,25.75,60.81,6.79,78.81,turnip_greens
48.05,51.16,64.05,18.85,86.17,7.19,141.07,turnip_greens
136.16,81.12,35.35,25.62,74.63,6.78,88.32,turnip_greens
68.37,27.23,73.84,24.37,59.6,7.39,101.9,turnip_greens
115.39,46.23,51.03,21.56,86.18,7.45,75.65,turnip_greens
90.09,40.65,47.6,25.48,63.33,7.0,116.48,turnip_greens
72.65,40.6,56.05,24.03,53.19,7.4,92.84,turnip_greens
128.0,66.58,25.19,22.91,89.97,7.03,40.06,turnip_greens
135.69,64.34,64.54,27.18,69.7,6.75,105.18,turnip_greens
117.39,78.61,21.67,23.37,54.2,6.66,70.11,turnip_greens
