N,P,K,temperature,humidity,ph,rainfall,label,season,month,state
78.85,90.59,68.34,28.99,67.19,5.55,135.0,rice,Kharif,9,AP
73.87,63.1,22.64,24.98,74.49,5.95,271.53,rice,Kharif,6,TN
41.4,85.77,84.93,32.5,71.93,5.72,239.98,rice,Kharif,6,WB
97.47,61.22,33.8,34.43,83.48,6.61,277.03,rice,Kharif,8,UP
125.78,48.52,44.14,30.19,67.9,6.58,146.1,rice,Kharif,10,PB
51.85,43.22,39.54,32.03,85.55,6.82,236.48,rice,Kharif,9,TN
96.79,50.0,19.11,21.16,63.42,6.6,195.03,rice,Kharif,8,TN
53.99,85.47,81.41,29.18,85.8,6.63,163.35,rice,Kharif,6,UP
124.07,79.59,21.56,25.61,72.61,6.11,167.79,rice,Kharif,9,AP
61.72,39.17,24.09,29.87,74.06,5.81,199.32,rice,Kharif,8,UP
61.3,74.67,54.28,31.53,80.87,6.23,170.03,rice,Kharif,10,UP
51.32,71.62,40.92,34.52,72.36,5.69,168.87,rice,Kharif,8,AP
52.4,87.67,84.16,31.5,74.0,5.78,269.39,rice,Kharif,6,TN
69.05,73.14,46.09,25.86,81.4,6.3,269.23,rice,Kharif,7,AP
130.27,47.38,77.63,31.67,85.0,6.23,235.29,rice,Kharif,8,PB
140.37,88.31,73.48,26.09,75.78,6.6,199.08,rice,Kharif,7,WB
96.71,94.83,34.33,27.83,87.85,6.66,254.79,rice,Kharif,7,AP
94.51,72.79,64.31,30.4,85.14,7.3,182.03,rice,Kharif,8,PB
76.46,61.87,24.88,20.58,92.73,6.41,182.69,rice,Kharif,6,UP
141.73,58.16,46.94,30.54,70.77,6.06,155.24,rice,Kharif,7,PB
88.29,77.4,62.56,23.72,88.16,6.98,232.96,rice,Kharif,7,WB
82.68,37.89,43.19,28.93,80.43,6.26,161.42,rice,Kharif,8,TN
43.98,73.41,25.29,29.72,89.82,6.34,203.36,rice,Kharif,6,UP
72.94,82.74,23.17,33.81,73.94,5.51,248.91,rice,Kharif,9,PB
122.83,74.72,87.3,27.76,74.34,6.85,195.89,rice,Kharif,9,TN
134.3,47.63,23.73,32.54,73.56,5.78,280.37,rice,Kharif,10,PB
96.8,79.75,73.87,33.47,69.12,6.51,154.3,rice,Kharif,8,TN
123.21,66.56,24.63,23.57,94.09,6.23,204.0,rice,Kharif,7,PB
57.48,57.57,23.26,28.23,62.07,5.51,164.2,rice,Kharif,6,PB
138.61,21.24,84.03,22.6,88.77,6.58,308.54,rice,Kharif,7,UP
84.9,67.83,53.64,34.89,65.66,5.65,302.89,rice,Kharif,9,UP
38.72,84.61,91.49,29.1,83.9,6.2,267.38,rice,Kharif,6,UP
126.47,26.92,61.05,26.87,90.03,6.82,290.91,rice,Kharif,6,PB
136.04,82.32,31.69,25.56,72.06,7.0,233.44,rice,Kharif,8,UP
86.93,72.99,63.86,34.4,77.5,6.27,264.19,rice,Kharif,8,PB
90.97,76.48,44.1,29.26,84.49,5.68,242.42,rice,Kharif,10,WB
97.83,38.76,29.05,23.24,74.37,5.66,166.36,rice,Kharif,8,PB
41.71,29.61,33.51,27.25,67.32,5.54,221.26,rice,Kharif,7,PB
124.62,79.55,36.15,25.13,83.28,6.18,186.19,rice,Kharif,6,PB
124.58,52.79,50.14,22.42,72.94,6.64,195.19,rice,Kharif,7,TN
116.98,52.22,33.06,27.02,73.93,6.81,215.03,rice,Kharif,10,UP
64.36,27.32,26.55,25.6,68.87,5.73,183.69,rice,Kharif,6,PB
147.16,87.06,81.86,24.21,67.58,6.3,292.2,rice,Kharif,10,AP
50.54,25.43,62.98,24.46,78.38,5.93,216.4,rice,Kharif,6,UP
66.31,68.06,75.66,32.11,76.43,6.14,196.39,rice,Kharif,8,UP
59.31,36.3,74.98,27.59,75.05,5.66,278.06,rice,Kharif,8,UP
110.34,56.34,37.08,34.55,71.97,6.24,291.06,rice,Kharif,9,UP
99.58,82.86,72.81,24.69,73.79,6.08,256.49,rice,Kharif,9,TN
55.88,83.15,35.85,28.68,80.04,5.78,173.8,rice,Kharif,9,AP
128.28,70.62,48.71,28.17,90.86,5.83,240.17,rice,Kharif,9,AP
110.27,33.8,73.03,30.67,73.84,6.58,300.87,rice,Kharif,8,PB
37.55,42.0,56.22,28.6,83.49,5.97,199.32,rice,Kharif,10,AP
84.75,51.39,80.04,26.46,79.52,6.48,145.19,rice,Kharif,7,AP
115.74,31.84,83.4,24.28,74.28,5.2,231.73,rice,Kharif,9,TN
84.24,53.87,29.06,24.26,88.0,6.76,205.1,rice,Kharif,10,WB
62.35,31.29,70.6,21.9,66.48,6.84,181.22,rice,Kharif,9,AP
114.67,54.86,60.56,23.44,76.28,6.49,159.51,rice,Kharif,9,AP
73.88,58.49,56.05,26.0,89.16,6.57,170.45,rice,Kharif,8,PB
60.43,58.32,56.2,26.18,74.5,6.9,292.97,rice,Kharif,10,WB
43.73,22.22,76.6,32.42,80.01,6.5,242.5,rice,Kharif,9,TN
51.15,55.21,47.58,26.6,72.5,6.07,263.93,rice,Kharif,8,PB
37.55,54.61,70.63,25.4,89.71,5.8,155.65,rice,Kharif,6,WB
113.34,67.72,44.37,29.85,76.47,5.76,300.46,rice,Kharif,9,TN
130.23,39.2,55.3,25.28,85.86,6.7,166.45,rice,Kharif,6,UP
125.41,89.98,80.89,30.08,85.77,6.79,201.99,rice,Kharif,7,AP
109.42,42.64,69.14,32.74,84.62,6.31,150.03,rice,Kharif,8,AP
125.87,85.67,68.75,25.85,69.73,6.36,175.11,rice,Kharif,6,TN
138.41,70.55,28.17,27.68,88.46,6.97,244.66,rice,Kharif,10,UP
61.2,27.66,39.41,26.0,85.52,5.95,151.62,rice,Kharif,10,PB
90.18,62.65,62.28,24.18,92.97,5.86,161.44,rice,Kharif,8,PB
59.86,34.7,76.67,28.96,71.0,5.6,236.09,rice,Kharif,7,UP
130.18,80.09,71.94,35.13,88.63,6.53,277.02,rice,Kharif,9,PB
77.6,66.09,31.38,32.77,88.06,5.99,165.91,rice,Kharif,6,UP
51.77,71.49,58.86,36.13,70.47,6.48,282.8,rice,Kharif,10,WB
76.42,61.36,22.55,30.28,91.53,7.17,245.44,rice,Kharif,6,TN
137.68,50.81,48.78,22.21,87.49,6.67,182.12,rice,Kharif,10,AP
78.42,62.02,48.2,25.22,92.45,6.05,289.17,rice,Kharif,10,AP
58.41,81.59,77.91,31.89,90.44,6.51,261.94,rice,Kharif,6,TN
58.67,54.31,23.63,28.53,79.14,6.6,206.79,rice,Kharif,8,UP
120.54,74.58,16.98,30.5,70.26,5.82,298.27,rice,Kharif,8,AP
73.62,51.99,31.1,27.49,64.35,5.53,212.29,rice,Kharif,6,WB
106.65,25.79,88.71,24.25,76.93,6.83,282.62,rice,Kharif,9,WB
80.07,62.93,59.94,33.2,75.94,5.57,177.73,rice,Kharif,7,WB
143.4,87.21,57.18,25.19,83.95,5.51,170.34,rice,Kharif,8,TN
74.07,53.1,80.97,21.66,89.08,6.4,221.12,rice,Kharif,10,UP
96.89,71.22,35.07,32.12,86.61,5.92,157.15,rice,Kharif,10,PB
81.46,58.67,23.67,26.68,82.95,5.94,245.92,rice,Kharif,9,TN
71.04,61.91,79.86,24.74,70.48,5.76,262.85,rice,Kharif,6,WB
59.93,23.69,37.93,23.41,76.51,6.91,157.29,rice,Kharif,9,PB
129.05,56.26,50.89,29.27,78.51,5.58,173.64,rice,Kharif,6,TN
131.63,33.63,66.24,33.0,89.21,6.61,213.81,rice,Kharif,10,UP
109.23,47.31,67.23,23.87,82.71,7.3,161.77,rice,Kharif,9,UP
134.3,47.24,43.49,29.14,81.36,6.31,260.82,rice,Kharif,8,UP
92.63,33.88,57.39,26.43,65.86,5.91,273.14,rice,Kharif,6,TN
45.96,46.19,45.35,27.77,78.94,6.41,240.85,rice,Kharif,6,UP
60.93,35.98,46.21,30.97,77.81,6.08,231.87,rice,Kharif,8,WB
65.13,56.46,66.74,23.48,80.6,5.91,306.5,rice,Kharif,10,TN
130.34,30.99,31.38,28.87,77.96,6.7,297.48,rice,Kharif,7,PB
104.98,28.5,69.79,30.31,75.05,5.81,275.13,rice,Kharif,10,AP
81.25,91.42,37.69,30.47,74.5,6.03,247.49,rice,Kharif,8,AP
67.82,45.28,27.17,31.92,63.17,6.45,192.01,rice,Kharif,8,WB
122.8,53.24,17.14,29.14,86.23,5.62,265.86,rice,Kharif,6,WB
106.86,78.8,85.28,26.89,72.74,5.77,293.6,rice,Kharif,9,PB
124.42,67.4,72.15,20.82,66.12,5.97,228.95,rice,Kharif,10,TN
129.75,59.45,92.29,33.97,68.69,6.85,155.58,rice,Kharif,6,WB
107.73,44.13,92.38,32.42,87.24,5.7,266.18,rice,Kharif,7,AP
82.41,30.46,36.72,21.92,60.0,5.76,297.3,rice,Kharif,8,TN
57.64,63.97,63.83,23.06,65.63,6.59,220.67,rice,Kharif,6,PB
85.72,88.93,76.34,31.48,71.14,6.2,241.13,rice,Kharif,10,WB
111.78,71.67,22.73,25.19,77.58,5.53,194.76,rice,Kharif,9,AP
56.81,54.91,40.29,32.31,64.83,5.78,175.36,rice,Kharif,8,UP
136.57,83.71,39.05,32.06,76.84,6.14,291.75,rice,Kharif,9,WB
47.85,54.47,26.5,33.53,74.86,6.25,163.05,rice,Kharif,10,UP
64.31,36.17,23.1,28.45,88.61,5.83,150.63,rice,Kharif,8,TN
108.78,81.42,68.8,29.78,63.49,7.02,275.38,rice,Kharif,9,TN
61.41,45.17,48.86,28.17,82.77,7.09,180.27,rice,Kharif,8,PB
130.58,82.19,79.13,26.03,84.85,6.2,275.36,rice,Kharif,7,WB
112.17,78.21,47.95,29.42,80.74,6.75,235.15,rice,Kharif,8,TN
110.07,71.59,32.51,25.9,67.39,6.16,253.82,rice,Kharif,8,WB
112.83,58.31,22.46,30.56,64.57,6.76,176.64,rice,Kharif,8,AP
148.04,42.78,57.24,30.53,87.7,6.22,230.87,rice,Kharif,8,AP
45.01,63.71,56.55,28.06,80.08,6.48,266.22,rice,Kharif,7,AP
114.27,69.0,77.6,26.68,76.57,5.84,217.85,rice,Kharif,7,WB
113.18,26.33,43.1,33.13,69.29,6.42,236.69,rice,Kharif,8,PB
60.37,49.87,82.12,32.38,61.04,6.67,227.73,rice,Kharif,8,PB
59.78,62.32,28.46,30.45,78.94,6.89,164.02,rice,Kharif,10,TN
67.7,68.63,42.67,30.56,67.38,6.25,162.07,rice,Kharif,10,AP
45.71,50.49,31.43,32.2,89.43,5.56,259.77,rice,Kharif,10,UP
49.93,31.2,37.67,27.98,86.02,6.18,215.85,rice,Kharif,8,TN
134.28,79.58,63.19,27.74,79.42,6.35,223.82,rice,Kharif,10,PB
54.67,45.16,74.56,28.7,69.94,6.67,282.77,rice,Kharif,6,WB
94.19,27.84,58.78,34.07,72.51,7.04,305.47,rice,Kharif,7,UP
123.96,46.01,82.73,29.65,67.31,6.44,271.97,rice,Kharif,9,UP
59.01,50.5,65.33,21.49,88.35,6.67,235.64,rice,Kharif,8,TN
52.2,23.27,60.54,29.31,88.41,6.91,158.87,rice,Kharif,7,UP
112.39,55.51,47.78,28.07,84.61,5.92,166.84,rice,Kharif,7,TN
85.22,72.96,67.44,28.89,77.39,6.54,216.67,rice,Kharif,9,UP
126.33,41.6,65.9,31.55,79.28,6.08,192.99,rice,Kharif,9,WB
66.73,87.91,68.22,29.19,67.21,5.98,216.84,rice,Kharif,6,AP
127.94,36.71,89.18,31.0,87.55,5.6,312.8,rice,Kharif,6,UP
54.9,33.48,23.01,29.44,75.24,6.44,201.93,rice,Kharif,6,WB
40.22,57.09,90.87,34.59,79.54,5.63,284.72,rice,Kharif,9,AP
102.27,45.68,48.3,30.27,81.3,6.56,274.22,rice,Kharif,10,WB
78.6,51.65,66.63,33.24,76.06,6.49,225.57,rice,Kharif,8,AP
49.53,36.7,86.98,26.32,80.3,5.68,246.42,rice,Kharif,7,UP
83.0,89.53,47.9,25.98,80.24,5.53,186.65,rice,Kharif,6,AP
82.91,46.31,79.99,31.8,77.7,5.52,264.69,rice,Kharif,10,TN
80.36,68.22,32.03,22.89,73.93,7.05,252.62,rice,Kharif,10,AP
92.77,78.58,84.07,22.84,81.68,5.75,238.65,rice,Kharif,9,UP
131.0,74.04,48.84,31.18,72.67,5.93,276.46,rice,Kharif,7,TN
70.62,55.9,41.16,29.17,82.79,6.5,192.06,rice,Kharif,10,TN
53.24,48.57,43.19,29.59,81.42,5.95,182.54,rice,Kharif,8,AP
81.53,86.06,46.43,22.85,66.49,6.26,158.61,rice,Kharif,6,WB
66.61,50.69,28.08,28.02,76.68,6.61,270.33,rice,Kharif,6,WB
66.0,96.99,60.5,27.86,85.39,5.93,212.13,rice,Kharif,9,TN
37.57,57.63,58.5,25.42,87.93,6.92,254.89,rice,Kharif,10,WB
68.85,85.58,78.84,22.67,78.49,6.83,224.92,rice,Kharif,8,AP
77.13,62.63,81.04,34.45,74.74,6.7,276.02,rice,Kharif,10,AP
134.48,81.55,29.13,35.14,74.98,6.12,255.44,rice,Kharif,9,TN
65.22,37.65,89.6,21.15,91.24,6.68,281.81,rice,Kharif,9,TN
97.65,67.1,78.26,29.15,67.54,6.2,161.95,rice,Kharif,6,WB
73.0,18.95,51.23,31.17,79.86,5.74,159.0,rice,Kharif,9,WB
67.88,54.69,35.86,31.83,95.0,6.15,197.18,rice,Kharif,6,UP
109.21,38.5,67.43,32.65,79.79,6.19,223.93,rice,Kharif,7,PB
107.73,19.67,68.11,27.82,64.18,6.11,164.31,rice,Kharif,6,PB
68.89,76.29,79.52,23.98,87.35,6.35,303.87,rice,Kharif,9,WB
35.16,35.92,70.93,30.24,87.84,6.67,296.7,rice,Kharif,9,TN
89.42,48.48,59.3,25.21,75.12,6.18,146.46,rice,Kharif,9,UP
93.6,84.85,40.48,28.76,84.84,5.79,172.41,rice,Kharif,10,WB
68.0,44.83,19.09,19.61,77.32,6.38,283.17,rice,Kharif,6,UP
41.6,58.68,86.26,29.04,84.88,5.82,244.48,rice,Kharif,8,PB
78.45,20.79,42.21,30.07,93.82,6.45,145.25,rice,Kharif,7,PB
49.25,36.18,36.23,27.32,81.7,6.09,162.06,rice,Kharif,8,WB
113.16,57.24,24.0,32.19,82.3,6.28,250.36,rice,Kharif,8,WB
110.96,26.69,30.33,19.66,79.18,6.22,178.56,rice,Kharif,10,UP
82.88,56.54,53.24,20.17,70.53,6.57,167.75,rice,Kharif,8,WB
47.44,65.85,88.26,22.61,81.93,7.03,305.48,rice,Kharif,7,AP
62.15,54.55,77.04,29.81,63.95,5.42,206.21,rice,Kharif,7,WB
76.15,15.63,54.9,30.84,68.26,6.05,221.6,rice,Kharif,10,PB
62.14,59.54,40.33,29.93,73.07,5.81,293.58,rice,Kharif,8,PB
90.72,58.98,54.36,26.66,73.29,5.76,278.61,rice,Kharif,6,UP
120.37,36.24,27.0,24.75,85.31,6.4,223.34,rice,Kharif,6,WB
58.61,71.08,54.08,24.14,72.54,5.41,181.35,rice,Kharif,9,PB
128.95,52.72,39.95,25.33,87.08,7.07,187.03,rice,Kharif,9,AP
39.9,61.29,74.5,25.38,84.62,6.18,269.74,rice,Kharif,8,TN
134.08,80.59,70.91,32.54,74.69,6.77,243.19,rice,Kharif,7,WB
61.6,88.2,82.23,30.31,81.04,6.63,291.46,rice,Kharif,9,AP
65.77,72.14,79.3,29.84,87.6,5.2,236.69,rice,Kharif,9,AP
49.92,83.66,36.57,28.93,72.46,6.68,240.88,rice,Kharif,6,UP
69.79,61.35,34.85,29.85,78.82,5.57,262.08,rice,Kharif,9,UP
132.97,62.81,64.47,27.72,65.99,6.14,277.78,rice,Kharif,6,UP
107.39,45.9,39.24,27.48,71.81,5.66,224.22,rice,Kharif,6,TN
53.51,90.65,32.94,24.59,81.94,6.13,245.13,rice,Kharif,6,PB
100.14,71.37,67.3,28.99,64.38,6.49,177.77,rice,Kharif,8,UP
129.67,25.38,28.97,26.9,67.36,6.61,302.86,rice,Kharif,6,AP
70.65,66.85,22.94,23.22,84.44,6.59,144.9,rice,Kharif,6,TN
106.27,63.3,74.19,24.08,89.25,7.1,268.91,rice,Kharif,8,WB
128.98,59.99,64.95,23.49,76.29,6.72,267.16,rice,Kharif,9,PB
80.8,65.47,89.51,22.81,86.37,5.86,234.08,rice,Kharif,6,AP
60.93,33.45,36.07,22.42,67.8,6.28,274.0,rice,Kharif,6,UP
85.77,52.04,48.52,26.61,88.91,6.26,182.16,rice,Kharif,6,TN
125.95,69.28,74.02,34.0,80.95,6.08,238.63,rice,Kharif,8,TN
55.12,21.84,66.41,31.09,78.19,5.44,148.36,rice,Kharif,6,WB
48.77,41.03,26.99,27.66,90.17,6.25,238.88,rice,Kharif,10,PB
88.33,45.68,83.1,29.0,76.89,5.42,239.52,rice,Kharif,6,WB
91.66,55.21,26.25,32.73,72.0,6.29,237.99,rice,Kharif,6,PB
123.88,58.05,42.43,31.24,75.46,5.96,283.21,rice,Kharif,9,WB
46.88,57.88,28.29,25.93,81.53,6.03,297.73,rice,Kharif,9,AP
75.91,60.94,71.93,32.81,86.91,5.6,190.16,rice,Kharif,9,PB
94.92,31.01,69.3,30.36,84.49,6.09,189.96,rice,Kharif,7,AP
125.76,56.48,60.48,23.0,79.4,6.54,176.92,rice,Kharif,9,AP
47.85,64.36,51.25,32.94,83.15,6.46,181.84,rice,Kharif,9,UP
62.66,71.66,30.56,31.89,70.24,6.48,268.91,rice,Kharif,9,PB
98.19,24.07,68.26,26.9,82.84,6.98,204.92,rice,Kharif,9,TN
131.88,87.44,27.84,23.49,71.68,5.83,166.71,rice,Kharif,9,UP
47.04,79.18,63.49,28.8,85.31,6.63,253.36,rice,Kharif,9,UP
68.48,63.98,88.43,36.47,73.35,6.16,193.64,rice,Kharif,7,AP
83.17,82.95,29.29,30.35,87.33,6.66,238.5,rice,Kharif,6,PB
89.75,68.74,73.71,28.8,62.17,6.61,224.91,rice,Kharif,7,AP
134.82,61.6,57.71,24.92,68.17,5.67,205.46,rice,Kharif,7,WB
74.61,75.7,88.89,21.66,88.46,6.5,289.34,rice,Kharif,10,WB
60.19,35.81,55.23,26.8,65.58,5.51,161.67,rice,Kharif,10,TN
61.35,30.41,42.36,26.05,76.1,5.56,195.1,rice,Kharif,8,PB
55.13,60.33,51.22,25.25,78.95,5.89,216.82,rice,Kharif,6,AP
91.96,71.3,54.28,29.92,89.53,6.78,163.83,rice,Kharif,9,AP
116.48,44.32,78.69,30.14,78.08,6.62,262.78,rice,Kharif,9,AP
58.44,55.83,48.26,29.96,69.67,6.32,178.47,rice,Kharif,8,UP
56.53,44.09,78.26,25.12,69.22,6.42,273.69,rice,Kharif,9,WB
64.26,33.69,16.47,32.93,87.3,6.44,255.98,rice,Kharif,8,PB
127.18,50.66,59.58,31.31,70.01,6.26,193.19,rice,Kharif,6,TN
107.51,82.87,47.92,28.06,67.0,5.37,224.53,rice,Kharif,9,UP
75.24,78.84,56.69,31.5,70.14,6.68,198.5,rice,Kharif,7,TN
121.0,30.56,38.29,24.11,90.03,6.61,280.35,rice,Kharif,8,AP
131.43,18.3,68.98,28.72,79.39,7.18,192.12,rice,Kharif,9,UP
128.07,34.19,45.8,34.8,61.6,5.64,195.18,rice,Kharif,6,AP
113.26,68.98,69.19,35.15,84.73,6.86,147.28,rice,Kharif,7,AP
68.31,40.19,32.61,23.67,78.09,6.42,155.89,rice,Kharif,8,WB
50.47,59.32,89.53,27.57,84.19,6.16,280.13,rice,Kharif,10,TN
41.83,75.14,78.19,26.48,74.19,6.31,167.15,rice,Kharif,10,AP
77.01,25.47,15.96,32.62,75.03,5.82,255.35,rice,Kharif,10,PB
81.25,45.12,73.62,24.31,71.68,5.72,212.08,rice,Kharif,7,AP
59.15,75.33,25.01,34.82,79.15,6.31,159.37,rice,Kharif,9,TN
110.39,22.27,38.31,25.23,81.53,6.99,233.65,rice,Kharif,9,TN
72.43,22.6,42.86,27.85,80.9,6.47,155.22,rice,Kharif,9,PB
58.59,80.53,65.84,27.15,81.95,6.48,313.62,rice,Kharif,6,PB
84.6,63.34,72.13,23.62,86.75,6.3,288.89,rice,Kharif,8,WB
98.95,38.82,66.65,24.46,70.02,5.81,151.69,rice,Kharif,6,TN
104.27,69.97,19.08,32.46,68.68,6.37,171.31,rice,Kharif,7,WB
110.06,84.23,24.02,26.35,65.72,5.5,250.09,rice,Kharif,6,PB
76.69,15.08,68.3,22.21,86.01,6.15,145.83,rice,Kharif,8,PB
64.2,85.92,49.41,28.33,60.31,6.02,281.63,rice,Kharif,9,UP
41.25,59.79,52.51,25.44,76.23,6.2,167.26,rice,Kharif,7,AP
78.73,44.04,70.2,22.25,64.93,6.21,249.88,rice,Kharif,7,WB
56.91,63.95,84.48,28.96,88.29,6.27,191.74,rice,Kharif,10,UP
132.33,41.1,57.38,30.87,79.69,6.2,206.18,rice,Kharif,7,UP
61.68,85.32,21.31,26.14,94.05,6.66,294.85,rice,Kharif,6,UP
78.87,42.15,79.17,25.43,81.45,5.43,241.71,rice,Kharif,7,PB
89.2,15.84,26.66,26.87,61.93,6.48,223.34,rice,Kharif,7,UP
91.05,53.9,19.87,24.72,85.73,6.06,288.7,rice,Kharif,8,AP
108.4,72.32,93.4,25.49,65.17,5.73,194.41,rice,Kharif,9,UP
102.7,60.11,51.67,22.76,66.23,6.8,274.78,rice,Kharif,7,TN
37.5,49.21,83.96,32.11,83.65,6.21,160.64,rice,Kharif,7,UP
68.68,30.82,28.29,32.39,79.72,6.53,273.12,rice,Kharif,6,PB
101.24,36.03,60.49,29.24,83.86,7.05,270.78,rice,Kharif,6,PB
120.73,34.08,34.69,37.94,69.67,5.96,257.54,rice,Kharif,10,TN
65.13,47.14,56.24,31.62,84.8,6.48,277.5,rice,Kharif,6,TN
81.98,79.09,28.59,25.24,60.0,6.41,257.5,rice,Kharif,7,TN
132.04,41.84,15.91,23.72,73.58,5.6,268.25,rice,Kharif,6,PB
117.05,22.13,67.98,36.46,78.72,6.86,161.54,rice,Kharif,9,AP
111.64,39.04,21.28,27.96,80.12,6.98,237.94,rice,Kharif,8,UP
85.64,42.01,29.81,22.72,79.1,6.48,155.03,rice,Kharif,8,TN
138.58,30.45,68.6,35.65,69.81,6.54,176.51,rice,Kharif,10,UP
120.09,82.26,15.22,37.07,67.55,6.6,189.71,rice,Kharif,10,UP
65.67,51.99,30.31,33.33,88.96,6.48,216.43,rice,Kharif,10,WB
88.42,89.27,50.16,30.06,68.73,6.49,223.58,rice,Kharif,8,UP
57.4,38.52,45.19,22.69,71.43,6.61,241.47,rice,Kharif,9,WB
138.32,61.44,84.75,23.86,62.54,5.59,180.98,rice,Kharif,7,PB
54.91,45.54,45.82,22.46,64.91,6.3,241.12,rice,Kharif,9,UP
52.95,91.13,54.94,35.44,70.19,5.83,190.57,rice,Kharif,7,AP
121.32,40.61,43.57,29.89,84.21,5.86,274.63,rice,Kharif,6,UP
127.43,24.2,70.44,22.58,72.39,6.27,224.09,rice,Kharif,8,AP
82.54,57.67,53.02,30.74,76.95,5.73,219.16,rice,Kharif,8,PB
116.71,69.24,36.29,30.12,84.61,6.4,241.78,rice,Kharif,10,TN
41.24,54.28,33.5,31.9,63.33,5.94,303.17,rice,Kharif,8,PB
98.4,84.33,41.53,21.64,86.97,6.53,277.88,rice,Kharif,6,PB
55.91,37.57,34.98,28.17,76.95,6.39,238.35,rice,Kharif,9,TN
40.85,69.45,76.34,33.51,89.76,5.57,179.56,rice,Kharif,6,AP
43.1,44.37,82.82,26.5,68.14,5.55,289.69,rice,Kharif,9,TN
84.87,38.9,87.88,31.02,89.51,5.79,272.59,rice,Kharif,10,WB
68.79,49.14,38.69,28.45,79.23,6.57,192.28,rice,Kharif,9,WB
115.01,79.87,77.77,23.7,91.88,5.95,197.11,rice,Kharif,9,PB
129.46,80.03,63.09,24.15,88.9,6.85,245.1,rice,Kharif,9,PB
124.32,78.59,31.62,33.3,75.76,6.72,268.31,rice,Kharif,10,UP
55.05,24.47,76.37,29.09,83.68,6.57,177.89,rice,Kharif,8,PB
81.2,83.64,79.88,32.13,66.97,6.57,251.38,rice,Kharif,8,UP
104.07,40.64,37.61,32.09,68.51,6.72,187.64,rice,Kharif,8,TN
85.14,79.35,47.62,31.22,72.66,6.9,192.6,rice,Kharif,7,TN
102.45,52.5,51.45,24.65,83.32,6.2,184.65,rice,Kharif,7,WB
62.71,18.86,83.45,34.08,83.66,5.54,155.72,rice,Kharif,7,WB
94.68,75.32,25.5,21.42,83.95,5.87,178.5,rice,Kharif,6,WB
127.39,74.12,22.14,31.27,72.25,6.88,217.23,rice,Kharif,8,PB
127.9,12.96,43.91,22.39,67.15,5.2,177.21,rice,Kharif,9,UP
48.76,87.89,19.76,26.35,73.91,5.89,166.6,rice,Kharif,10,TN
135.97,36.63,81.24,22.7,83.3,5.24,210.76,rice,Kharif,10,TN
98.41,36.39,69.2,22.38,72.1,6.11,264.43,rice,Kharif,7,AP
66.93,85.3,88.1,26.51,66.63,5.63,220.55,rice,Kharif,6,TN
96.52,29.01,23.21,36.18,88.83,6.61,239.38,rice,Kharif,7,WB
59.14,38.13,34.31,25.67,76.77,6.3,259.35,rice,Kharif,7,PB
51.7,79.55,40.98,28.82,64.03,6.48,186.8,rice,Kharif,9,PB
70.54,85.38,36.3,32.47,70.62,6.39,217.23,rice,Kharif,8,AP
114.78,37.04,90.36,30.34,79.51,6.98,160.41,rice,Kharif,7,TN
83.98,51.03,35.08,33.23,82.23,6.92,278.88,rice,Kharif,10,PB
116.8,84.32,41.98,23.4,75.94,6.83,211.01,rice,Kharif,8,AP
110.21,57.58,34.83,37.36,83.55,6.87,197.95,rice,Kharif,6,AP
53.25,39.28,22.44,21.43,93.99,6.0,230.89,rice,Kharif,8,UP
109.17,22.4,70.87,22.93,75.94,6.83,243.88,rice,Kharif,6,UP
61.33,42.62,33.64,32.51,80.15,6.44,182.81,rice,Kharif,7,AP
93.61,46.18,30.15,30.84,64.73,6.02,230.74,rice,Kharif,7,TN
111.52,94.59,63.07,30.23,65.56,6.52,238.29,rice,Kharif,8,TN
51.03,42.28,66.22,24.57,70.96,6.67,205.66,rice,Kharif,6,PB
84.7,25.47,84.5,27.82,85.08,5.86,223.71,rice,Kharif,7,PB
48.55,20.63,27.17,32.07,67.69,6.0,201.45,rice,Kharif,8,WB
98.49,47.33,36.77,24.88,71.98,6.08,281.2,rice,Kharif,6,WB
67.63,35.8,86.22,24.13,75.9,7.01,269.7,rice,Kharif,9,WB
50.58,23.96,88.56,25.39,78.58,5.9,255.76,rice,Kharif,7,TN
134.13,58.89,34.46,26.88,67.93,6.56,262.61,rice,Kharif,10,TN
100.21,21.38,40.8,30.3,67.61,6.99,180.78,rice,Kharif,10,AP
119.14,77.57,33.17,28.83,88.5,6.33,264.12,rice,Kharif,7,AP
111.63,80.7,40.4,31.63,86.63,5.56,201.32,rice,Kharif,8,PB
110.15,46.59,53.12,27.1,80.44,5.72,157.4,rice,Kharif,8,PB
99.01,71.42,29.21,29.92,82.08,6.12,255.83,rice,Kharif,9,WB
117.43,71.76,60.27,31.6,87.34,6.17,232.54,rice,Kharif,9,AP
37.57,58.93,54.93,33.26,67.25,6.62,229.72,rice,Kharif,10,AP
114.4,52.98,37.46,26.88,72.29,6.97,196.36,rice,Kharif,8,WB
61.64,40.64,21.96,23.69,79.24,6.23,229.09,rice,Kharif,10,UP
128.12,44.48,57.6,32.57,86.14,6.29,211.66,rice,Kharif,10,TN
47.46,32.54,55.0,28.86,70.51,5.98,159.65,rice,Kharif,8,PB
101.08,71.3,95.57,23.68,80.02,6.67,215.04,rice,Kharif,10,PB
87.26,81.68,62.37,29.09,85.37,6.03,218.41,rice,Kharif,8,TN
61.09,37.68,55.03,27.0,65.86,6.51,215.75,rice,Kharif,7,TN
124.89,63.0,66.51,24.97,61.65,6.07,228.68,rice,Kharif,6,WB
68.7,63.47,23.11,21.74,71.76,6.02,200.98,rice,Kharif,8,AP
85.78,57.92,89.56,24.15,79.56,6.71,239.71,rice,Kharif,7,AP
67.78,25.14,87.36,21.47,67.6,5.94,229.38,rice,Kharif,7,TN
104.72,31.65,53.33,27.13,89.72,6.95,283.97,rice,Kharif,7,AP
66.06,21.21,74.29,21.23,77.93,6.33,249.99,rice,Kharif,9,TN
111.4,95.34,34.76,27.96,82.82,6.51,175.16,rice,Kharif,10,TN
107.95,48.17,23.82,24.65,72.28,6.05,184.42,rice,Kharif,7,AP
59.92,78.24,85.15,28.24,68.14,6.4,273.9,rice,Kharif,9,TN
65.24,48.69,39.55,31.43,82.55,5.78,167.41,rice,Kharif,9,AP
105.48,24.67,33.48,23.2,69.57,5.77,179.98,rice,Kharif,10,WB
108.65,48.19,94.55,26.16,75.19,6.72,157.18,rice,Kharif,7,TN
103.15,96.17,83.31,26.76,68.33,6.03,260.06,rice,Kharif,6,PB
97.74,29.65,92.81,25.33,73.55,6.1,243.93,rice,Kharif,8,WB
48.96,63.95,78.55,31.31,77.16,5.87,159.42,rice,Kharif,6,UP
80.13,62.85,27.88,33.74,80.43,5.55,164.9,rice,Kharif,7,UP
94.35,41.71,17.52,31.04,81.79,6.21,249.79,rice,Kharif,8,TN
52.89,75.05,64.3,27.95,87.7,6.32,278.03,rice,Kharif,8,TN
111.24,38.8,30.29,29.44,89.29,5.64,186.3,rice,Kharif,8,PB
73.64,45.02,50.45,34.47,73.44,6.08,205.84,rice,Kharif,9,WB
54.01,86.68,58.49,33.76,78.49,6.06,191.71,rice,Kharif,9,WB
87.42,68.07,72.51,30.92,69.02,5.71,211.96,rice,Kharif,6,TN
56.05,71.56,84.37,26.8,78.11,6.32,214.39,rice,Kharif,10,WB
130.03,60.3,72.27,24.54,84.95,5.33,223.49,rice,Kharif,10,PB
96.17,24.15,22.3,33.94,71.76,6.9,295.96,rice,Kharif,9,PB
139.34,84.51,30.35,24.13,72.97,5.79,280.71,rice,Kharif,6,TN
55.89,22.12,24.58,30.37,92.31,5.97,274.47,rice,Kharif,8,UP
90.43,88.87,57.9,35.06,79.74,6.48,236.78,rice,Kharif,7,PB
43.09,21.26,79.82,26.63,68.6,6.69,186.29,rice,Kharif,7,AP
103.17,21.95,55.9,30.33,73.87,6.82,189.21,rice,Kharif,10,TN
74.24,43.34,80.66,30.97,84.51,6.11,198.12,rice,Kharif,8,AP
96.67,54.65,36.58,29.09,77.61,6.81,190.9,rice,Kharif,10,TN
50.9,65.21,54.07,28.18,66.81,5.94,201.71,rice,Kharif,6,PB
137.6,35.68,66.62,24.84,81.21,6.96,244.02,rice,Kharif,10,TN
102.12,29.86,35.26,26.06,76.58,5.75,148.11,rice,Kharif,7,PB
102.87,47.25,43.39,33.44,85.16,5.98,298.0,rice,Kharif,6,UP
129.88,83.42,40.43,33.97,66.84,5.83,210.31,rice,Kharif,6,WB
100.46,20.87,70.28,28.98,87.0,6.07,172.75,rice,Kharif,7,TN
99.91,39.25,86.25,35.67,88.98,6.09,224.09,rice,Kharif,10,WB
51.04,65.32,30.43,31.11,75.05,6.48,187.55,rice,Kharif,6,WB
82.87,34.21,69.28,32.82,70.88,6.19,239.44,rice,Kharif,10,TN
84.94,82.2,74.98,24.11,72.82,6.18,231.92,rice,Kharif,8,UP
145.68,48.69,28.07,24.92,72.38,5.63,189.87,rice,Kharif,6,AP
81.72,76.19,24.85,32.21,63.12,6.19,263.9,rice,Kharif,7,AP
78.65,69.79,33.81,34.28,71.19,6.02,220.17,rice,Kharif,7,TN
52.09,18.4,86.17,34.46,82.71,6.1,195.77,rice,Kharif,10,TN
37.74,26.02,50.21,34.72,81.08,6.45,243.34,rice,Kharif,9,TN
133.44,64.07,62.56,22.85,66.15,5.69,146.61,rice,Kharif,8,AP
62.23,46.67,38.05,30.24,82.97,7.21,153.86,rice,Kharif,9,PB
69.41,58.82,39.55,25.0,93.37,5.36,275.16,rice,Kharif,10,UP
60.88,79.97,29.59,20.41,82.57,5.97,285.46,rice,Kharif,9,AP
70.24,76.68,80.86,23.25,70.7,6.11,164.48,rice,Kharif,10,TN
50.03,84.49,76.75,28.58,82.14,6.94,234.09,rice,Kharif,8,WB
109.56,67.82,61.75,25.81,78.36,6.89,174.14,rice,Kharif,10,TN
125.57,35.09,26.98,32.18,64.74,7.22,298.44,rice,Kharif,10,PB
111.27,41.06,50.37,33.46,65.71,6.7,245.0,rice,Kharif,10,WB
135.03,54.98,31.1,26.45,91.89,5.84,272.95,rice,Kharif,8,AP
103.64,48.32,39.92,25.09,76.84,6.35,269.85,rice,Kharif,9,UP
109.01,59.5,60.95,19.0,81.39,6.62,215.56,rice,Kharif,10,UP
114.75,35.97,35.73,26.89,71.73,6.19,254.12,rice,Kharif,9,PB
44.07,56.02,20.26,29.68,83.24,6.91,206.37,rice,Kharif,7,PB
89.84,47.9,34.19,29.62,92.94,6.93,193.89,rice,Kharif,7,UP
95.65,64.78,36.26,26.48,68.49,6.29,260.31,rice,Kharif,7,PB
128.77,23.63,80.08,25.82,76.01,6.2,277.69,rice,Kharif,8,WB
76.37,77.58,69.47,29.9,94.47,6.33,174.17,rice,Kharif,10,TN
96.64,62.51,39.66,23.61,79.75,5.92,146.02,rice,Kharif,10,WB
121.61,89.37,43.74,24.92,88.61,5.81,250.38,rice,Kharif,10,TN
42.53,58.66,25.33,34.74,84.76,6.28,274.05,rice,Kharif,6,TN
96.04,28.83,55.31,25.42,82.81,5.82,171.88,rice,Kharif,7,TN
53.49,86.53,29.07,27.06,65.94,5.92,275.51,rice,Kharif,8,UP
43.01,72.57,82.35,31.45,76.44,6.06,278.72,rice,Kharif,9,PB
136.16,93.94,16.38,23.76,69.67,6.33,283.13,rice,Kharif,10,PB
91.51,60.81,25.15,26.92,69.91,6.33,251.53,rice,Kharif,9,TN
91.02,47.93,47.19,29.01,66.25,5.83,262.64,rice,Kharif,10,AP
127.03,91.69,67.32,20.84,83.04,6.24,214.75,rice,Kharif,7,WB
63.46,80.35,61.02,29.1,76.67,6.01,275.06,rice,Kharif,7,UP
127.11,64.17,34.47,22.97,66.33,6.08,193.16,rice,Kharif,6,PB
58.01,77.78,78.84,27.13,86.1,6.15,179.14,rice,Kharif,6,PB
52.93,50.7,74.49,33.32,76.16,7.01,184.68,rice,Kharif,10,AP
78.42,42.59,38.54,24.16,73.66,6.6,208.09,rice,Kharif,9,UP
57.0,32.99,46.0,30.08,77.5,5.67,174.9,rice,Kharif,6,TN
69.05,66.02,24.42,28.38,75.59,6.64,165.07,rice,Kharif,8,WB
104.26,37.42,86.69,26.67,81.57,6.42,209.68,rice,Kharif,7,AP
82.8,25.16,56.81,23.79,72.85,6.53,158.73,rice,Kharif,9,AP
139.43,76.88,53.05,23.46,88.12,6.24,158.05,rice,Kharif,10,UP
92.3,38.21,23.56,21.25,73.84,6.69,243.56,rice,Kharif,10,TN
52.59,80.8,63.73,23.41,77.61,5.21,271.88,rice,Kharif,7,TN
122.91,79.18,71.83,30.35,77.94,6.73,196.67,rice,Kharif,9,UP
53.02,60.09,14.8,22.21,73.7,6.05,213.87,rice,Kharif,8,UP
60.3,38.92,82.49,32.29,80.89,6.04,244.89,rice,Kharif,10,UP
127.76,27.74,54.03,31.99,94.13,5.51,215.92,rice,Kharif,7,PB
60.14,76.1,65.93,21.15,86.53,7.04,162.57,rice,Kharif,6,UP
93.24,23.11,67.79,25.27,84.5,5.94,185.76,rice,Kharif,7,WB
132.91,33.77,48.35,25.39,77.69,6.04,267.37,rice,Kharif,7,AP
65.06,35.41,10.0,29.58,69.47,5.39,180.5,rice,Kharif,6,PB
125.45,61.31,49.39,36.7,62.89,6.01,248.88,rice,Kharif,8,WB
72.0,32.9,54.68,22.8,89.86,6.38,198.45,rice,Kharif,7,WB
113.39,28.82,35.91,32.75,68.8,7.02,225.57,rice,Kharif,7,AP
117.3,82.08,50.14,26.99,86.96,6.49,206.8,rice,Kharif,7,UP
72.38,70.47,82.16,30.45,60.0,5.75,229.07,rice,Kharif,9,WB
135.06,58.91,63.27,35.69,75.48,5.98,149.14,rice,Kharif,10,TN
116.68,44.75,29.66,30.53,87.27,5.83,186.79,rice,Kharif,9,WB
37.33,97.45,44.29,25.07,86.76,5.46,249.13,rice,Kharif,7,TN
82.73,64.97,23.29,34.24,77.72,6.59,160.8,rice,Kharif,7,PB
99.14,29.3,73.95,25.72,86.2,6.88,279.32,rice,Kharif,6,WB
58.25,53.15,55.39,32.57,68.03,6.49,170.15,rice,Kharif,6,PB
84.4,55.9,63.67,20.91,84.83,6.49,182.04,rice,Kharif,9,UP
50.13,16.89,35.24,34.81,75.51,6.71,305.41,rice,Kharif,7,UP
126.06,23.84,56.96,33.69,81.23,6.13,160.07,rice,Kharif,6,UP
107.6,77.72,68.16,30.92,69.05,6.76,176.96,rice,Kharif,6,PB
84.68,68.52,64.25,22.76,93.86,6.95,208.28,rice,Kharif,8,AP
103.82,73.82,23.42,35.24,74.44,5.88,177.04,rice,Kharif,8,PB
135.53,76.83,35.55,29.64,70.96,5.64,278.81,rice,Kharif,7,UP
98.99,51.54,30.64,31.06,78.69,5.58,249.98,rice,Kharif,6,AP
84.21,83.64,53.37,24.43,70.05,6.19,178.41,rice,Kharif,9,TN
135.63,80.39,24.68,33.8,69.33,5.71,219.35,rice,Kharif,10,AP
106.83,49.0,76.69,33.99,69.08,6.36,190.5,rice,Kharif,9,AP
132.32,39.38,55.64,21.98,62.45,6.14,214.37,rice,Kharif,7,AP
73.14,86.14,71.38,25.23,72.02,6.92,226.12,rice,Kharif,10,AP
69.75,86.21,72.81,33.48,62.88,5.62,213.49,rice,Kharif,9,WB
57.95,83.17,19.91,33.6,83.64,6.34,252.81,rice,Kharif,9,PB
124.45,26.57,31.79,24.83,85.55,5.54,229.18,rice,Kharif,10,WB
59.06,29.23,64.15,26.39,94.15,6.04,252.36,rice,Kharif,8,UP
46.44,55.92,56.92,23.57,89.47,7.21,293.23,rice,Kharif,9,WB
84.11,47.16,49.8,29.92,69.89,6.69,266.71,rice,Kharif,7,AP
40.39,47.78,23.86,34.67,79.13,6.56,212.43,rice,Kharif,9,PB
71.18,31.4,22.78,31.83,84.14,5.65,145.27,rice,Kharif,6,WB
94.0,38.76,75.41,29.23,75.65,5.68,159.29,rice,Kharif,9,AP
80.04,45.02,26.25,26.35,79.34,6.31,196.28,rice,Kharif,9,WB
43.03,26.12,66.74,22.81,86.88,6.47,173.4,rice,Kharif,9,WB
130.7,89.01,55.59,25.09,73.93,5.81,233.82,rice,Kharif,7,AP
81.28,76.65,27.99,31.98,76.65,6.06,195.58,rice,Kharif,9,PB
72.1,63.35,54.91,34.81,78.79,6.81,171.46,rice,Kharif,7,PB
133.24,31.45,29.92,31.01,89.87,5.93,191.08,rice,Kharif,7,WB
125.48,31.11,56.3,29.64,77.96,6.55,200.31,rice,Kharif,9,UP
88.0,79.38,69.22,31.18,76.2,6.21,217.63,rice,Kharif,9,TN
150.0,52.21,69.35,29.24,78.46,6.24,178.32,rice,Kharif,9,TN
138.46,86.18,20.67,35.15,67.81,6.1,236.21,rice,Kharif,9,TN
108.01,54.59,22.58,24.69,81.18,6.27,215.69,rice,Kharif,7,TN
124.22,38.64,64.18,24.12,83.13,5.94,165.82,rice,Kharif,7,AP
72.74,79.94,91.94,28.15,89.24,6.32,172.83,rice,Kharif,9,PB
108.62,34.93,85.92,28.22,64.82,6.09,234.59,rice,Kharif,7,WB
94.4,36.92,46.51,31.15,65.97,6.13,157.44,rice,Kharif,6,PB
102.69,73.0,59.3,27.16,76.44,6.48,264.18,rice,Kharif,8,TN
103.37,62.87,67.91,34.48,69.12,5.75,279.38,rice,Kharif,10,WB
118.32,31.89,77.82,23.42,77.14,6.64,265.08,rice,Kharif,8,PB
38.43,19.55,54.96,31.76,78.03,6.92,155.35,rice,Kharif,8,WB
134.6,20.66,76.07,32.02,68.76,5.69,206.51,rice,Kharif,10,UP
129.74,27.12,60.7,23.56,77.49,5.96,250.85,rice,Kharif,9,UP
111.08,28.52,50.51,24.07,84.34,6.2,274.48,rice,Kharif,8,PB
100.92,67.07,33.92,25.05,67.66,6.58,197.26,rice,Kharif,9,TN
48.88,81.8,19.05,32.07,78.0,6.39,279.8,rice,Kharif,9,WB
109.13,18.67,87.16,23.29,69.52,6.02,140.85,rice,Kharif,6,PB
89.71,44.06,82.78,35.48,78.71,6.0,211.56,rice,Kharif,7,TN
107.26,22.9,29.38,29.67,70.74,7.03,166.47,rice,Kharif,10,TN
85.96,81.78,57.64,31.81,80.22,5.2,150.55,rice,Kharif,10,AP
73.68,40.28,23.23,22.5,66.65,5.99,171.93,rice,Kharif,10,UP
81.62,63.4,16.61,21.36,71.51,6.33,271.21,rice,Kharif,7,TN
121.13,54.77,50.72,31.72,81.28,6.49,199.09,rice,Kharif,10,WB
81.18,56.76,18.75,24.03,73.91,6.4,173.17,rice,Kharif,8,WB
118.51,72.84,56.68,15.44,55.15,6.24,41.52,wheat,Rabi,2,PB
74.37,58.85,75.79,23.29,56.27,7.62,32.47,wheat,Rabi,3,PB
80.13,30.11,78.14,16.41,48.98,6.88,57.04,wheat,Rabi,10,RJ
124.15,39.05,53.94,21.02,52.9,6.42,63.07,wheat,Rabi,1,MP
90.71,43.54,38.34,15.71,51.66,6.84,74.35,wheat,Rabi,1,PB
84.56,69.08,40.77,25.56,56.86,7.15,32.79,wheat,Rabi,10,PB
105.55,65.9,76.39,18.61,48.05,6.75,59.83,wheat,Rabi,11,UP
75.75,39.87,81.46,15.94,73.7,7.48,36.49,wheat,Rabi,11,PB
126.03,48.51,50.5,11.87,54.22,7.21,66.01,wheat,Rabi,2,UP
115.13,68.38,46.61,18.93,61.99,6.78,57.19,wheat,Rabi,2,RJ
136.69,68.21,36.58,20.61,74.65,6.73,35.77,wheat,Rabi,12,UP
106.83,60.75,74.05,16.64,56.58,7.48,38.68,wheat,Rabi,1,HR
93.99,58.62,43.28,19.98,57.95,5.79,28.55,wheat,Rabi,2,UP
134.26,58.91,49.69,11.74,63.64,7.23,41.33,wheat,Rabi,10,MP
76.14,73.08,67.1,13.64,64.89,6.55,34.8,wheat,Rabi,11,RJ
92.78,73.94,74.65,16.69,52.57,6.51,39.89,wheat,Rabi,2,UP
134.22,43.02,56.71,14.28,60.87,6.25,46.45,wheat,Rabi,11,PB
72.25,45.79,31.77,11.34,69.67,6.23,38.21,wheat,Rabi,1,HR
132.18,35.65,33.2,22.96,59.72,6.78,30.85,wheat,Rabi,12,UP
109.32,64.87,76.81,21.39,45.95,7.15,38.39,wheat,Rabi,3,RJ
131.84,72.3,85.93,24.06,47.02,6.79,54.57,wheat,Rabi,11,HR
110.82,36.31,42.63,12.31,62.44,6.71,62.76,wheat,Rabi,11,HR
108.9,73.17,62.16,11.22,48.35,6.98,61.55,wheat,Rabi,2,PB
128.34,67.35,44.13,20.92,43.42,5.71,31.27,wheat,Rabi,2,PB
66.53,60.2,51.87,16.57,68.86,7.1,57.91,wheat,Rabi,1,RJ
133.82,72.44,67.91,20.9,65.71,7.5,40.34,wheat,Rabi,12,HR
127.33,55.68,50.1,18.31,69.9,7.17,45.94,wheat,Rabi,3,RJ
102.34,38.96,44.24,23.9,48.2,6.17,45.83,wheat,Rabi,3,RJ
82.95,46.04,59.44,16.91,63.9,6.38,27.35,wheat,Rabi,2,UP
107.67,81.5,58.14,17.3,54.3,7.06,28.57,wheat,Rabi,12,MP
106.26,48.4,54.55,14.3,49.66,6.44,47.72,wheat,Rabi,12,UP
82.08,38.36,33.67,14.14,50.34,6.1,64.02,wheat,Rabi,2,PB
117.96,57.94,53.15,16.11,65.66,6.49,38.7,wheat,Rabi,11,PB
79.48,65.47,52.86,24.78,46.78,7.3,51.82,wheat,Rabi,10,MP
101.77,38.22,83.82,20.92,46.75,7.01,35.41,wheat,Rabi,3,RJ
83.09,70.58,43.14,16.85,70.38,5.93,57.17,wheat,Rabi,3,MP
85.29,76.26,50.0,22.2,41.66,7.13,60.83,wheat,Rabi,1,HR
133.23,58.47,56.89,15.49,62.08,7.09,28.75,wheat,Rabi,12,HR
113.06,48.56,37.17,25.14,63.36,7.33,34.62,wheat,Rabi,11,RJ
68.9,76.32,36.6,20.7,58.92,6.77,55.5,wheat,Rabi,12,HR
96.41,53.92,88.85,22.16,59.06,6.31,35.85,wheat,Rabi,2,MP
69.18,44.88,79.72,25.72,52.12,6.86,41.86,wheat,Rabi,1,RJ
125.42,58.85,63.3,14.39,65.65,6.82,49.03,wheat,Rabi,1,UP
124.92,55.71,85.15,24.0,47.39,6.49,58.8,wheat,Rabi,11,RJ
92.53,66.55,83.33,13.3,49.55,6.69,20.17,wheat,Rabi,12,HR
85.81,55.31,53.18,17.94,43.43,6.91,12.48,wheat,Rabi,11,RJ
122.5,39.73,52.4,23.32,56.35,6.47,26.35,wheat,Rabi,2,MP
79.36,34.55,47.02,15.12,60.99,6.68,28.17,wheat,Rabi,10,UP
87.82,39.81,54.58,23.59,55.14,6.04,40.62,wheat,Rabi,2,UP
91.37,40.66,67.24,19.69,65.64,6.49,56.51,wheat,Rabi,12,UP
128.5,61.01,49.21,19.25,49.1,6.47,51.02,wheat,Rabi,10,UP
106.02,43.39,98.04,15.74,47.11,6.34,80.0,wheat,Rabi,10,PB
78.41,37.36,36.41,12.25,62.09,6.29,37.82,wheat,Rabi,3,RJ
143.12,34.78,74.77,18.34,52.83,6.46,43.44,wheat,Rabi,10,HR
77.97,73.82,55.56,20.36,60.5,7.05,34.5,wheat,Rabi,2,MP
104.1,39.84,63.62,23.33,51.37,6.64,51.67,wheat,Rabi,12,MP
126.01,46.35,76.05,18.51,59.53,6.21,39.82,wheat,Rabi,10,MP
92.49,70.49,64.29,24.07,45.23,6.79,53.74,wheat,Rabi,11,HR
99.28,30.71,86.2,16.6,46.2,7.51,47.27,wheat,Rabi,3,PB
114.41,29.53,69.88,15.13,60.3,6.69,59.92,wheat,Rabi,10,HR
70.97,43.99,78.18,20.27,65.5,6.88,29.93,wheat,Rabi,2,MP
136.73,53.64,92.41,21.8,67.76,7.08,57.39,wheat,Rabi,11,RJ
135.97,51.04,40.15,17.15,59.43,7.31,58.97,wheat,Rabi,12,UP
89.66,42.59,95.02,14.37,49.03,5.8,43.88,wheat,Rabi,12,MP
122.3,78.69,42.14,23.52,71.8,7.12,38.11,wheat,Rabi,2,HR
135.01,49.37,66.56,16.34,45.7,6.88,42.07,wheat,Rabi,10,MP
95.13,30.9,65.08,20.75,54.08,7.09,41.41,wheat,Rabi,12,MP
143.39,71.45,57.89,15.11,53.71,6.42,60.83,wheat,Rabi,1,UP
110.6,46.13,45.27,20.26,59.81,7.09,38.22,wheat,Rabi,10,PB
87.08,62.46,39.13,26.59,56.67,6.35,60.28,wheat,Rabi,3,MP
83.07,46.18,95.37,15.19,57.0,6.06,48.13,wheat,Rabi,11,MP
127.68,70.84,54.32,9.81,52.22,7.39,42.3,wheat,Rabi,2,UP
76.27,39.4,87.7,22.42,55.87,6.56,19.45,wheat,Rabi,2,UP
121.03,43.5,42.02,19.64,74.06,6.56,49.87,wheat,Rabi,11,HR
86.73,35.97,82.72,15.87,60.59,7.32,39.99,wheat,Rabi,10,HR
107.44,56.67,65.31,17.03,60.16,6.99,63.4,wheat,Rabi,3,MP
103.49,57.12,83.94,24.37,51.7,6.72,32.06,wheat,Rabi,11,PB
92.39,82.51,51.76,20.5,66.68,6.53,30.08,wheat,Rabi,11,RJ
88.15,38.89,88.32,19.09,65.74,6.66,55.94,wheat,Rabi,1,PB
86.12,46.34,78.9,12.21,47.33,6.03,18.28,wheat,Rabi,11,UP
80.16,65.41,74.84,20.03,67.11,6.04,69.49,wheat,Rabi,2,MP
101.51,61.51,68.0,22.97,45.31,6.93,53.26,wheat,Rabi,12,UP
128.45,39.21,38.83,20.37,60.44,6.74,77.84,wheat,Rabi,10,RJ
94.05,35.24,45.77,19.25,65.65,5.91,46.4,wheat,Rabi,12,PB
78.22,42.31,39.81,18.71,52.05,6.24,75.63,wheat,Rabi,11,MP
114.7,71.43,27.73,13.88,58.02,6.03,49.0,wheat,Rabi,11,UP
93.83,62.94,34.48,14.78,57.74,7.11,71.69,wheat,Rabi,3,UP
120.92,77.29,75.93,22.54,72.67,7.3,33.06,wheat,Rabi,1,MP
91.98,58.34,51.31,14.31,50.32,6.66,56.04,wheat,Rabi,3,RJ
104.49,43.27,90.65,23.65,49.83,6.25,52.33,wheat,Rabi,2,MP
116.16,82.41,56.31,17.02,66.82,6.9,60.87,wheat,Rabi,10,MP
117.06,61.56,81.38,17.6,54.92,6.3,50.95,wheat,Rabi,11,MP
76.86,66.82,42.31,11.6,65.03,6.27,66.38,wheat,Rabi,2,UP
140.25,40.06,74.93,14.84,48.33,5.7,48.82,wheat,Rabi,12,PB
87.51,53.49,47.37,16.93,51.44,6.62,33.31,wheat,Rabi,10,PB
97.65,79.32,62.78,20.85,56.29,7.33,60.84,wheat,Rabi,10,PB
114.97,46.68,50.1,14.99,65.37,5.88,15.37,wheat,Rabi,1,PB
98.22,56.22,67.91,11.9,54.49,7.27,52.55,wheat,Rabi,2,PB
130.45,79.13,84.12,23.84,62.85,6.24,43.83,wheat,Rabi,10,PB
61.65,54.33,45.46,20.89,59.23,6.61,19.69,wheat,Rabi,12,HR
80.82,66.37,50.18,11.88,62.05,7.16,11.81,wheat,Rabi,12,HR
107.95,81.02,69.93,10.67,52.67,7.59,34.95,wheat,Rabi,3,UP
72.2,57.59,52.22,18.13,61.23,6.71,50.2,wheat,Rabi,3,MP
76.6,69.79,64.29,15.25,54.57,6.62,49.35,wheat,Rabi,11,HR
117.69,69.1,29.12,12.97,53.38,7.12,34.57,wheat,Rabi,11,HR
94.84,47.9,58.99,17.93,59.39,6.5,32.71,wheat,Rabi,12,UP
119.56,43.23,83.44,11.25,73.96,7.15,45.78,wheat,Rabi,2,PB
100.29,60.99,79.31,11.22,54.65,6.16,52.33,wheat,Rabi,2,PB
116.05,58.39,49.47,12.23,54.81,6.88,57.38,wheat,Rabi,12,MP
101.69,81.54,41.49,21.15,71.63,7.21,31.02,wheat,Rabi,12,PB
97.66,29.73,57.99,20.91,68.15,6.02,36.55,wheat,Rabi,11,HR
120.93,81.4,54.93,18.78,70.82,6.51,53.71,wheat,Rabi,12,HR
113.44,70.94,51.93,15.01,44.75,6.37,24.1,wheat,Rabi,11,HR
89.0,36.49,77.23,20.89,58.28,7.15,48.47,wheat,Rabi,3,RJ
97.22,72.7,81.12,20.23,65.0,6.14,37.27,wheat,Rabi,11,PB
118.9,40.09,51.49,16.86,76.75,6.15,59.81,wheat,Rabi,11,RJ
74.56,56.37,86.54,16.28,61.33,7.64,38.67,wheat,Rabi,1,PB
85.53,65.95,38.7,15.35,62.37,6.16,34.18,wheat,Rabi,3,HR
119.93,40.35,39.54,21.17,64.19,7.51,32.97,wheat,Rabi,2,MP
91.56,72.21,67.7,21.18,54.45,6.92,54.62,wheat,Rabi,12,MP
83.09,80.96,38.35,12.7,75.02,6.31,66.27,wheat,Rabi,1,MP
96.49,62.75,84.54,11.28,60.87,7.31,56.19,wheat,Rabi,3,RJ
132.58,66.96,64.5,12.24,59.19,6.03,75.64,wheat,Rabi,11,RJ
104.72,51.61,66.87,15.52,70.4,5.99,54.28,wheat,Rabi,1,UP
121.75,64.48,79.22,13.37,69.79,6.95,48.24,wheat,Rabi,1,PB
146.66,42.5,53.99,11.02,58.23,6.29,56.53,wheat,Rabi,2,RJ
96.78,67.73,79.04,19.22,73.42,5.73,31.38,wheat,Rabi,10,MP
102.9,44.73,52.45,16.28,61.19,7.69,46.25,wheat,Rabi,11,PB
103.98,55.52,74.03,11.27,63.24,6.46,11.54,wheat,Rabi,1,MP
138.12,65.78,62.96,17.89,53.44,5.78,52.78,wheat,Rabi,12,RJ
102.43,49.39,46.92,19.74,60.21,7.33,26.69,wheat,Rabi,3,MP
60.53,27.59,50.55,15.18,56.32,6.01,39.03,wheat,Rabi,10,PB
140.21,45.92,59.28,14.09,75.39,6.19,40.9,wheat,Rabi,10,PB
90.92,46.61,79.86,18.94,51.68,6.61,34.57,wheat,Rabi,1,RJ
100.95,72.09,83.18,21.56,64.25,6.52,80.0,wheat,Rabi,10,PB
108.4,29.37,66.38,22.14,56.36,7.05,45.41,wheat,Rabi,10,HR
117.56,62.0,44.62,12.75,68.12,6.95,59.03,wheat,Rabi,3,HR
68.84,66.1,60.31,13.62,51.89,6.4,49.26,wheat,Rabi,1,HR
116.39,71.8,87.22,14.87,66.12,6.68,43.02,wheat,Rabi,3,HR
117.85,68.74,63.28,21.73,60.78,7.19,27.21,wheat,Rabi,2,UP
132.0,67.66,65.32,16.15,63.0,6.02,62.04,wheat,Rabi,12,MP
81.25,37.91,48.49,18.82,53.61,6.92,76.64,wheat,Rabi,11,PB
128.14,75.22,45.27,14.16,61.76,6.58,27.01,wheat,Rabi,2,HR
74.14,45.59,51.24,14.19,48.18,7.2,33.19,wheat,Rabi,11,HR
122.63,47.35,61.82,13.94,65.64,6.74,72.23,wheat,Rabi,1,RJ
101.14,64.14,68.11,18.3,54.18,7.34,30.77,wheat,Rabi,3,RJ
139.05,30.3,78.85,15.04,46.96,6.49,73.9,wheat,Rabi,3,PB
142.09,66.52,27.4,17.6,59.39,6.69,47.2,wheat,Rabi,11,UP
94.37,47.77,58.72,15.28,72.98,7.01,27.54,wheat,Rabi,3,MP
148.6,77.22,50.02,12.27,71.21,7.31,63.68,wheat,Rabi,2,UP
141.99,40.15,88.59,10.62,64.8,6.5,43.6,wheat,Rabi,12,RJ
123.17,63.59,59.3,14.46,64.66,6.29,46.1,wheat,Rabi,2,PB
93.35,63.54,81.45,17.7,58.87,7.65,37.76,wheat,Rabi,3,HR
113.12,72.12,89.43,25.89,75.62,6.15,37.68,wheat,Rabi,10,UP
108.64,55.86,84.8,19.21,49.41,6.72,78.54,wheat,Rabi,3,PB
111.16,30.4,72.0,17.47,63.09,6.88,29.08,wheat,Rabi,3,PB
115.42,41.26,77.88,20.24,48.16,6.48,80.0,wheat,Rabi,10,HR
87.36,67.32,92.15,15.51,72.37,6.16,40.03,wheat,Rabi,2,UP
98.16,53.37,71.79,24.13,65.68,7.41,34.16,wheat,Rabi,10,HR
106.48,47.73,58.76,23.86,76.63,6.47,42.05,wheat,Rabi,2,RJ
119.98,33.62,79.44,18.35,54.35,6.19,33.17,wheat,Rabi,2,PB
66.65,38.32,48.25,18.87,54.12,6.95,19.17,wheat,Rabi,12,HR
131.83,43.21,50.02,19.13,55.73,7.03,58.7,wheat,Rabi,12,HR
102.13,53.96,81.02,16.85,52.87,7.21,23.58,wheat,Rabi,12,UP
112.14,53.51,38.7,20.46,66.46,6.91,75.65,wheat,Rabi,10,HR
101.49,66.86,61.83,13.34,70.37,6.42,75.29,wheat,Rabi,10,HR
133.31,64.37,69.58,22.54,58.11,7.04,55.97,wheat,Rabi,11,MP
131.59,71.85,46.53,24.61,66.64,6.6,26.26,wheat,Rabi,2,RJ
85.43,42.65,71.91,24.57,55.34,6.39,39.3,wheat,Rabi,2,RJ
97.79,79.69,84.24,13.77,51.1,6.55,49.06,wheat,Rabi,12,HR
84.25,58.44,69.59,22.15,53.08,6.23,38.95,wheat,Rabi,3,RJ
141.0,41.66,44.9,23.64,69.92,7.76,28.53,wheat,Rabi,10,MP
105.31,54.17,57.68,11.65,72.81,6.73,36.54,wheat,Rabi,12,HR
92.17,50.73,87.1,14.01,69.17,6.6,38.42,wheat,Rabi,10,UP
131.13,37.78,77.41,21.4,79.35,6.97,74.51,wheat,Rabi,3,PB
80.53,54.21,47.67,21.63,70.06,7.66,26.74,wheat,Rabi,10,MP
120.74,52.13,47.54,19.41,52.26,6.81,24.15,wheat,Rabi,2,RJ
83.28,36.98,77.58,17.62,56.82,7.07,55.76,wheat,Rabi,10,PB
88.94,59.39,48.47,20.06,58.76,7.42,24.29,wheat,Rabi,10,RJ
100.84,57.82,69.22,16.3,52.85,6.32,31.08,wheat,Rabi,2,PB
139.93,62.84,79.9,12.24,51.13,5.98,43.66,wheat,Rabi,3,PB
85.73,64.65,33.12,16.93,74.27,6.35,69.79,wheat,Rabi,3,PB
77.08,60.5,75.76,17.83,70.32,7.05,17.53,wheat,Rabi,11,MP
79.21,46.76,59.79,17.94,77.48,6.78,67.69,wheat,Rabi,2,HR
86.24,67.03,63.97,24.01,78.43,6.18,47.54,wheat,Rabi,10,UP
110.97,68.45,55.83,13.56,58.34,5.8,70.08,wheat,Rabi,10,RJ
132.74,42.3,61.44,22.28,47.05,7.43,48.45,wheat,Rabi,10,PB
72.73,71.24,36.24,25.89,57.08,7.04,42.49,wheat,Rabi,10,RJ
106.95,52.89,73.38,16.81,73.12,6.15,10.0,wheat,Rabi,10,HR
76.35,66.15,51.62,22.98,55.56,6.6,57.03,wheat,Rabi,2,PB
127.63,34.81,34.42,12.49,61.51,7.13,34.61,wheat,Rabi,11,RJ
124.43,58.84,76.29,14.15,62.39,6.84,37.78,wheat,Rabi,2,PB
96.15,65.98,80.56,17.73,69.02,6.91,54.78,wheat,Rabi,2,HR
119.39,74.15,53.39,20.76,56.09,7.05,61.26,wheat,Rabi,3,UP
74.8,77.78,73.03,21.98,65.95,6.65,43.91,wheat,Rabi,12,UP
140.09,64.72,31.41,25.27,57.77,6.4,54.04,wheat,Rabi,10,UP
127.66,61.94,68.45,19.03,76.0,6.73,49.35,wheat,Rabi,3,MP
80.33,85.69,84.25,13.02,47.03,5.98,37.08,wheat,Rabi,10,UP
85.67,50.39,64.81,16.48,51.38,7.19,47.47,wheat,Rabi,1,UP
125.78,81.16,81.4,13.41,53.84,6.57,50.27,wheat,Rabi,10,HR
130.68,28.11,86.56,18.67,58.57,6.9,45.36,wheat,Rabi,11,RJ
108.32,27.97,79.52,23.8,53.48,6.43,61.3,wheat,Rabi,2,PB
89.87,83.1,77.36,23.26,63.23,7.68,45.57,wheat,Rabi,11,HR
90.18,79.14,48.06,20.55,59.12,6.2,37.69,wheat,Rabi,1,PB
129.23,66.42,95.72,21.62,69.53,7.02,61.44,wheat,Rabi,10,HR
88.83,43.16,69.09,12.72,48.91,7.54,44.0,wheat,Rabi,1,MP
137.96,80.83,75.61,12.4,43.41,6.95,23.47,wheat,Rabi,12,PB
97.62,66.54,77.05,17.67,61.52,7.11,54.24,wheat,Rabi,12,MP
82.69,55.86,57.63,22.05,58.44,6.73,21.31,wheat,Rabi,1,UP
122.72,57.42,73.17,22.31,73.64,6.31,52.34,wheat,Rabi,1,PB
109.44,50.08,75.63,21.46,62.02,6.11,74.4,wheat,Rabi,10,HR
125.28,42.51,50.66,26.23,43.72,6.98,41.25,wheat,Rabi,11,PB
107.1,60.86,38.44,10.06,60.05,6.05,20.16,wheat,Rabi,10,HR
140.58,82.9,87.09,19.01,59.69,6.34,61.41,wheat,Rabi,1,UP
119.52,33.93,82.29,13.3,66.69,6.78,27.6,wheat,Rabi,2,RJ
125.39,50.82,79.61,22.81,50.24,6.37,74.44,wheat,Rabi,1,HR
127.53,48.89,80.76,16.27,57.23,7.03,26.4,wheat,Rabi,12,PB
83.02,51.19,77.06,21.01,70.42,6.29,52.27,wheat,Rabi,12,UP
129.3,63.31,46.37,19.11,50.01,7.22,50.8,wheat,Rabi,2,RJ
97.91,34.39,48.47,15.44,56.8,7.4,46.97,wheat,Rabi,3,UP
129.05,48.44,47.16,19.86,40.0,7.42,25.81,wheat,Rabi,10,UP
112.99,42.88,53.77,17.7,68.94,7.0,34.68,wheat,Rabi,3,RJ
128.2,76.14,56.83,12.11,65.05,6.27,42.59,wheat,Rabi,12,MP
133.68,55.91,47.98,18.53,67.12,6.22,44.13,wheat,Rabi,12,HR
100.8,72.32,67.81,15.52,45.23,6.4,32.74,wheat,Rabi,11,HR
111.32,75.78,58.23,23.18,65.09,6.93,36.04,wheat,Rabi,2,UP
150.0,34.88,88.74,14.3,57.35,7.23,33.21,wheat,Rabi,12,RJ
94.36,57.74,91.95,20.41,79.64,6.32,56.7,wheat,Rabi,12,UP
73.83,72.39,53.65,16.45,68.56,6.62,66.73,wheat,Rabi,3,PB
77.05,63.61,88.33,22.25,72.9,6.06,34.01,wheat,Rabi,12,MP
125.27,69.7,59.39,22.17,51.62,6.75,55.1,wheat,Rabi,10,MP
131.21,46.89,43.86,9.84,57.75,7.34,50.66,wheat,Rabi,2,RJ
101.29,44.82,84.37,26.42,66.98,7.32,35.21,wheat,Rabi,11,MP
127.28,47.69,31.29,16.6,59.75,5.73,48.35,wheat,Rabi,3,RJ
132.63,83.54,67.57,20.72,66.35,6.33,54.63,wheat,Rabi,12,HR
96.69,38.49,47.36,19.8,49.2,7.53,26.84,wheat,Rabi,3,PB
119.15,76.36,44.66,15.4,60.37,7.42,71.64,wheat,Rabi,11,PB
79.69,61.13,52.01,18.63,56.33,5.73,67.75,wheat,Rabi,11,RJ
70.21,62.06,46.32,15.44,70.35,6.5,27.15,wheat,Rabi,11,HR
94.75,43.52,87.64,23.48,50.26,5.84,33.73,wheat,Rabi,2,HR
98.76,51.54,77.44,19.73,68.26,6.91,49.95,wheat,Rabi,2,HR
83.37,81.48,42.99,15.02,64.18,7.45,55.85,wheat,Rabi,2,HR
130.28,53.6,56.99,20.37,66.23,5.99,52.84,wheat,Rabi,3,UP
93.53,46.88,87.59,24.08,43.6,6.8,30.69,wheat,Rabi,1,UP
118.1,40.4,85.43,19.02,59.93,7.32,58.37,wheat,Rabi,11,MP
81.14,60.76,81.56,14.03,49.18,6.08,53.55,wheat,Rabi,1,RJ
109.67,35.32,56.0,14.78,72.13,7.22,80.0,wheat,Rabi,10,UP
124.75,51.29,41.79,10.94,48.67,7.0,31.02,wheat,Rabi,11,PB
87.11,52.2,57.4,16.61,40.0,7.18,39.8,wheat,Rabi,12,HR
136.61,73.61,92.6,23.56,73.75,6.05,56.62,wheat,Rabi,11,RJ
114.07,57.58,34.8,13.9,55.56,6.18,51.63,wheat,Rabi,2,PB
94.05,58.63,76.1,24.36,49.29,6.25,53.01,wheat,Rabi,11,RJ
136.41,70.59,50.19,14.7,58.48,6.37,49.47,wheat,Rabi,3,RJ
132.15,48.49,85.83,19.77,48.03,6.05,19.62,wheat,Rabi,10,RJ
126.12,76.67,46.06,11.9,73.42,6.02,65.72,wheat,Rabi,2,HR
142.64,53.58,76.59,19.54,68.8,7.3,37.22,wheat,Rabi,2,UP
127.66,58.74,51.78,16.1,60.64,6.74,60.5,wheat,Rabi,2,MP
88.84,70.49,61.89,19.33,44.24,6.84,71.6,wheat,Rabi,3,RJ
124.3,60.95,82.51,17.54,43.18,6.69,59.05,wheat,Rabi,12,RJ
89.17,44.85,93.63,16.55,70.05,6.49,66.74,wheat,Rabi,3,UP
110.52,55.65,51.88,15.79,46.09,7.62,43.23,wheat,Rabi,10,UP
134.15,71.08,48.5,19.23,50.2,6.3,61.37,wheat,Rabi,3,HR
105.83,49.76,63.03,22.27,58.49,7.24,27.27,wheat,Rabi,1,PB
130.81,58.56,85.04,19.31,42.02,6.79,42.48,wheat,Rabi,12,HR
115.67,53.27,32.29,11.14,59.77,6.29,43.42,wheat,Rabi,3,UP
103.3,48.67,81.11,11.01,74.53,7.11,49.0,wheat,Rabi,1,RJ
118.4,45.05,30.54,21.76,70.18,6.88,40.39,wheat,Rabi,3,RJ
113.46,46.5,83.05,11.72,65.84,6.14,49.52,wheat,Rabi,2,RJ
136.67,78.27,77.41,17.2,53.44,6.99,30.06,wheat,Rabi,2,MP
84.86,62.01,89.82,15.02,53.39,6.75,78.93,wheat,Rabi,1,MP
133.08,57.83,53.24,18.33,59.79,7.21,77.13,wheat,Rabi,11,PB
70.4,78.7,46.7,21.62,70.98,6.55,40.56,wheat,Rabi,10,PB
84.81,50.02,51.87,21.14,62.9,6.4,28.03,wheat,Rabi,11,RJ
116.89,33.8,58.29,24.21,62.7,6.63,41.94,wheat,Rabi,2,PB
112.69,65.78,47.71,16.35,67.44,6.45,46.33,wheat,Rabi,1,PB
132.85,72.27,89.55,14.2,51.64,6.54,32.57,wheat,Rabi,12,RJ
100.51,73.1,45.72,18.49,48.71,6.18,46.0,wheat,Rabi,2,UP
104.49,66.91,58.79,20.76,45.02,6.89,25.59,wheat,Rabi,2,UP
94.42,46.78,85.29,25.16,40.0,6.93,52.63,wheat,Rabi,12,MP
97.83,76.1,54.7,18.53,74.19,6.69,61.89,wheat,Rabi,11,MP
120.72,57.83,64.75,15.78,75.47,6.1,15.27,wheat,Rabi,11,HR
101.54,64.58,85.65,14.4,62.19,6.29,43.82,wheat,Rabi,3,HR
131.95,59.24,82.36,16.15,47.37,5.9,20.46,wheat,Rabi,3,UP
85.02,36.79,75.15,27.0,71.5,6.65,46.48,wheat,Rabi,11,MP
88.46,48.53,72.89,15.97,49.93,6.3,41.8,wheat,Rabi,2,PB
87.34,49.22,44.75,13.69,71.55,7.01,46.39,wheat,Rabi,10,UP
123.87,78.15,40.17,18.63,54.53,7.53,25.5,wheat,Rabi,1,MP
129.63,57.61,59.46,13.01,59.47,5.99,21.69,wheat,Rabi,3,MP
83.6,58.59,67.86,19.42,53.33,5.96,39.12,wheat,Rabi,1,RJ
137.18,58.57,49.47,15.8,67.78,6.78,54.2,wheat,Rabi,10,HR
117.18,75.3,57.42,19.9,65.95,6.07,25.84,wheat,Rabi,11,UP
81.24,72.72,81.72,21.17,70.04,6.39,44.13,wheat,Rabi,1,UP
88.6,53.06,26.75,9.31,69.39,6.58,69.05,wheat,Rabi,11,PB
127.51,74.33,87.46,15.83,42.95,6.52,40.41,wheat,Rabi,2,MP
135.49,46.96,60.91,15.35,57.87,7.19,44.4,wheat,Rabi,10,HR
128.61,48.42,69.79,21.96,75.49,6.28,37.51,wheat,Rabi,1,HR
86.62,56.1,59.2,16.31,64.99,6.41,56.58,wheat,Rabi,2,PB
120.8,50.85,36.81,14.36,45.48,6.7,35.25,wheat,Rabi,10,PB
123.64,63.64,66.29,12.27,60.97,7.73,56.5,wheat,Rabi,2,MP
117.24,40.83,85.71,23.99,47.49,6.34,30.4,wheat,Rabi,3,UP
85.41,42.37,71.86,17.6,49.49,6.28,30.51,wheat,Rabi,2,UP
97.59,42.8,45.8,19.75,50.9,6.57,61.54,wheat,Rabi,12,RJ
102.7,39.01,83.18,14.64,48.21,7.03,27.99,wheat,Rabi,11,UP
136.58,41.76,60.73,14.71,64.14,6.44,35.71,wheat,Rabi,1,PB
120.48,60.88,54.85,16.2,59.87,6.3,31.82,wheat,Rabi,2,UP
96.82,44.33,51.16,20.45,79.26,6.49,63.99,wheat,Rabi,2,HR
110.8,35.53,71.75,23.02,52.49,6.45,43.44,wheat,Rabi,2,MP
108.46,33.92,63.94,12.16,61.91,7.16,14.5,wheat,Rabi,10,RJ
83.95,71.86,84.7,15.06,51.28,6.39,43.75,wheat,Rabi,3,UP
99.22,67.87,63.17,16.44,50.93,6.71,54.99,wheat,Rabi,12,RJ
105.02,72.47,63.7,12.56,64.21,7.39,60.04,wheat,Rabi,3,RJ
122.49,58.58,72.45,12.11,46.72,6.72,37.26,wheat,Rabi,1,PB
139.38,38.07,86.48,16.15,46.56,7.47,35.12,wheat,Rabi,3,UP
112.9,25.14,58.03,23.8,43.18,6.88,67.79,wheat,Rabi,11,HR
96.65,66.93,60.27,17.4,65.59,6.69,50.73,wheat,Rabi,12,MP
74.72,50.3,84.3,21.82,52.21,6.36,59.58,wheat,Rabi,3,UP
101.18,78.64,75.29,15.92,73.78,7.19,27.36,wheat,Rabi,10,PB
70.74,78.49,65.52,12.26,47.93,6.55,67.66,wheat,Rabi,12,UP
77.39,67.53,93.94,24.19,42.81,6.49,48.23,wheat,Rabi,10,PB
132.45,75.32,68.39,17.09,40.93,5.88,31.29,wheat,Rabi,10,PB
75.13,64.24,63.27,19.1,60.81,7.34,45.56,wheat,Rabi,12,HR
106.5,74.11,61.46,23.01,65.12,6.31,31.78,wheat,Rabi,1,PB
115.84,58.27,91.06,20.78,60.08,7.38,31.86,wheat,Rabi,10,RJ
82.25,50.91,81.72,13.93,41.74,6.42,43.74,wheat,Rabi,11,HR
81.79,42.67,41.59,21.37,72.32,6.64,19.92,wheat,Rabi,1,RJ
109.31,78.92,40.12,18.44,48.24,5.9,52.46,wheat,Rabi,2,HR
108.96,44.71,71.39,24.01,77.67,6.16,52.51,wheat,Rabi,1,MP
77.53,39.49,59.04,13.51,47.17,6.2,28.63,wheat,Rabi,2,HR
95.47,41.6,70.34,21.53,55.89,6.52,31.49,wheat,Rabi,1,RJ
72.89,33.89,50.52,18.23,68.22,6.58,64.34,wheat,Rabi,1,PB
139.81,60.66,55.08,15.29,44.51,6.8,51.49,wheat,Rabi,12,PB
86.24,37.8,91.1,12.86,58.73,6.52,53.4,wheat,Rabi,1,PB
106.93,40.68,62.93,22.01,44.75,6.66,29.82,wheat,Rabi,1,HR
97.82,65.37,55.73,14.83,57.28,6.56,45.12,wheat,Rabi,12,HR
105.84,75.89,44.02,21.99,75.02,6.91,24.55,wheat,Rabi,2,RJ
138.48,67.61,43.37,17.97,49.74,6.63,64.13,wheat,Rabi,11,MP
108.64,26.45,53.75,12.43,75.28,7.31,45.6,wheat,Rabi,1,MP
145.7,72.75,63.2,15.53,54.55,6.31,60.12,wheat,Rabi,2,HR
112.59,42.14,66.94,14.41,64.05,6.29,51.05,wheat,Rabi,2,UP
93.86,42.36,63.95,19.9,46.88,6.48,24.07,wheat,Rabi,2,HR
127.89,39.57,75.07,17.84,41.19,6.88,15.5,wheat,Rabi,12,HR
131.19,79.82,54.0,24.17,54.38,5.93,66.06,wheat,Rabi,11,MP
95.53,42.56,69.38,12.29,61.96,6.26,15.45,wheat,Rabi,11,MP
110.07,42.21,52.11,19.67,73.99,6.34,63.62,wheat,Rabi,2,RJ
131.64,44.43,77.39,19.81,70.6,7.26,14.73,wheat,Rabi,11,UP
139.49,47.48,79.29,22.83,57.28,6.82,36.01,wheat,Rabi,11,PB
125.77,34.98,81.96,20.98,74.55,6.76,37.22,wheat,Rabi,3,MP
103.96,38.87,64.77,16.61,54.39,6.55,28.33,wheat,Rabi,1,UP
122.05,76.61,73.01,19.51,54.08,6.62,56.81,wheat,Rabi,12,UP
115.8,46.92,72.33,15.4,41.53,6.32,62.12,wheat,Rabi,1,RJ
119.31,60.25,34.91,18.05,59.56,7.62,37.2,wheat,Rabi,12,PB
90.78,50.83,38.28,24.8,55.61,6.49,45.83,wheat,Rabi,2,RJ
108.42,74.35,36.47,21.56,55.64,7.05,54.61,wheat,Rabi,10,UP
95.02,44.14,87.32,10.94,54.67,6.05,24.07,wheat,Rabi,3,RJ
133.26,76.73,45.52,12.33,70.28,6.88,43.45,wheat,Rabi,1,PB
121.77,43.03,28.79,19.89,46.77,5.7,37.85,wheat,Rabi,11,HR
71.88,72.86,39.89,15.47,63.78,6.33,22.46,wheat,Rabi,3,MP
83.01,46.89,75.27,13.81,61.04,5.7,15.09,wheat,Rabi,1,PB
111.08,37.03,86.39,24.93,56.92,5.99,32.08,wheat,Rabi,10,RJ
113.14,70.23,66.74,17.37,62.46,7.16,51.46,wheat,Rabi,3,MP
93.81,57.49,45.33,14.4,69.88,6.31,47.81,wheat,Rabi,3,HR
72.65,26.88,48.35,23.73,65.42,6.45,65.67,wheat,Rabi,10,RJ
112.27,74.87,46.13,20.42,62.71,6.24,20.98,wheat,Rabi,12,MP
77.29,56.5,49.98,22.9,67.11,6.91,33.9,wheat,Rabi,3,MP
89.41,36.28,57.42,19.28,52.38,6.31,69.74,wheat,Rabi,11,MP
87.44,80.56,87.01,13.54,69.24,6.24,35.16,wheat,Rabi,3,HR
73.24,45.69,47.11,14.78,48.73,6.86,29.41,wheat,Rabi,11,HR
111.37,73.61,35.74,19.82,72.38,6.88,48.26,wheat,Rabi,3,HR
91.9,35.7,76.41,13.52,69.76,7.07,49.3,wheat,Rabi,11,PB
78.27,46.09,47.26,13.23,50.34,7.19,10.0,wheat,Rabi,3,UP
115.39,29.57,32.75,13.86,75.45,6.44,52.92,wheat,Rabi,10,UP
128.74,48.99,74.52,12.93,65.92,6.19,32.47,wheat,Rabi,12,UP
80.13,63.42,80.81,11.95,50.42,7.08,31.32,wheat,Rabi,2,UP
119.83,73.31,50.72,18.41,58.35,6.74,39.61,wheat,Rabi,12,HR
118.25,79.9,67.18,18.73,63.15,6.32,36.06,wheat,Rabi,2,UP
122.48,64.19,43.66,20.04,49.59,6.3,62.92,wheat,Rabi,10,HR
130.85,37.6,60.58,22.35,59.75,6.89,39.67,wheat,Rabi,1,RJ
138.24,37.85,87.86,18.7,48.29,7.01,54.75,wheat,Rabi,2,HR
84.43,76.78,47.78,15.43,57.05,7.18,71.92,wheat,Rabi,1,PB
73.08,69.33,67.67,24.12,73.66,7.02,51.55,wheat,Rabi,1,UP
108.81,45.17,29.21,14.97,51.22,7.19,43.41,wheat,Rabi,12,HR
104.12,55.72,67.91,13.46,47.69,7.14,37.03,wheat,Rabi,12,RJ
84.22,35.2,89.03,10.15,77.89,5.97,55.99,wheat,Rabi,2,MP
122.63,69.95,48.83,17.91,68.64,6.32,30.78,wheat,Rabi,1,RJ
68.43,41.39,84.98,14.04,63.54,6.82,52.07,wheat,Rabi,10,UP
105.8,62.54,84.35,24.41,54.14,7.27,23.51,wheat,Rabi,3,PB
108.5,33.84,61.08,18.31,52.38,7.21,50.33,wheat,Rabi,12,HR
128.6,68.97,79.05,17.23,70.98,6.89,70.56,wheat,Rabi,11,HR
100.54,43.84,74.27,11.31,70.06,6.87,47.04,wheat,Rabi,10,MP
88.51,63.39,73.06,18.45,40.99,6.78,47.33,wheat,Rabi,10,PB
97.77,22.0,79.86,20.63,53.27,6.97,50.61,wheat,Rabi,2,HR
126.03,49.03,45.22,16.02,68.63,7.47,45.37,wheat,Rabi,3,HR
80.09,50.69,73.82,12.6,63.96,7.18,69.87,wheat,Rabi,11,HR
92.43,55.44,58.23,19.56,73.95,6.53,44.2,wheat,Rabi,11,MP
117.57,66.7,59.33,24.1,66.58,7.09,76.55,wheat,Rabi,3,UP
138.51,53.29,60.55,18.55,60.75,6.76,27.17,wheat,Rabi,11,MP
103.42,44.91,79.01,24.41,71.81,6.74,52.91,wheat,Rabi,12,MP
139.0,34.15,42.91,16.72,71.71,6.16,58.22,wheat,Rabi,11,RJ
86.7,48.56,52.69,15.98,48.84,7.13,52.37,wheat,Rabi,10,HR
131.19,71.72,52.37,24.05,45.41,6.41,17.8,wheat,Rabi,3,UP
72.07,36.15,69.38,18.16,53.79,6.21,26.64,wheat,Rabi,2,RJ
75.34,66.81,33.24,12.57,44.25,6.88,43.83,wheat,Rabi,12,HR
89.86,76.94,60.39,23.38,53.44,6.62,20.79,wheat,Rabi,1,HR
93.0,38.34,60.58,23.69,52.47,7.39,65.63,wheat,Rabi,11,MP
114.89,59.01,87.17,21.47,71.49,7.09,24.11,wheat,Rabi,12,PB
98.37,30.11,78.27,12.33,64.01,6.78,41.5,wheat,Rabi,2,RJ
133.38,54.94,67.22,21.73,69.3,6.43,47.1,wheat,Rabi,1,MP
119.8,64.44,40.45,17.88,52.8,7.24,73.43,wheat,Rabi,10,RJ
108.1,50.27,42.49,20.06,55.22,6.66,48.92,wheat,Rabi,11,HR
75.51,69.44,75.95,21.56,69.44,6.47,10.0,wheat,Rabi,11,MP
130.4,78.07,46.97,14.4,46.05,6.95,33.73,wheat,Rabi,2,UP
120.34,38.38,28.82,21.19,57.47,7.16,36.39,wheat,Rabi,12,HR
70.31,54.45,80.98,14.27,72.91,6.69,68.34,wheat,Rabi,3,RJ
100.17,62.56,80.76,22.24,55.09,6.82,39.09,wheat,Rabi,12,UP
68.23,49.57,71.45,14.38,61.44,6.03,63.39,wheat,Rabi,1,RJ
101.11,56.02,63.43,20.62,48.37,7.08,60.16,wheat,Rabi,11,HR
121.81,34.6,54.51,21.41,58.69,6.36,60.24,wheat,Rabi,2,UP
98.11,69.75,58.19,12.75,55.21,6.56,28.5,wheat,Rabi,12,HR
119.6,78.89,84.56,17.52,60.75,7.35,64.89,wheat,Rabi,11,HR
131.09,46.87,74.3,20.07,70.53,6.74,68.26,wheat,Rabi,3,MP
92.68,76.73,64.78,20.6,53.22,6.25,67.76,wheat,Rabi,12,HR
110.94,57.71,81.83,21.37,67.42,7.23,23.53,wheat,Rabi,3,PB
92.77,69.24,55.58,22.2,61.87,7.05,53.91,wheat,Rabi,10,UP
100.92,57.21,79.78,14.79,67.99,6.17,26.69,wheat,Rabi,3,HR
125.65,33.8,81.03,13.23,52.11,7.25,55.7,wheat,Rabi,10,PB
94.81,40.23,74.76,21.48,52.93,6.69,46.74,wheat,Rabi,11,UP
114.26,39.05,63.03,12.51,73.9,7.31,35.12,wheat,Rabi,11,HR
111.98,75.07,86.44,23.11,51.47,6.28,61.15,wheat,Rabi,11,MP
127.04,45.73,29.34,19.41,59.0,7.14,44.21,wheat,Rabi,3,UP
75.43,60.0,83.47,14.47,48.26,7.49,46.3,wheat,Rabi,1,HR
81.28,39.26,65.08,23.58,69.29,7.45,59.37,wheat,Rabi,3,UP
99.34,67.67,68.92,14.68,67.85,6.6,27.08,wheat,Rabi,2,MP
107.7,70.58,38.61,18.25,57.84,6.05,48.83,wheat,Rabi,1,UP
112.94,59.22,88.02,19.65,59.17,7.11,31.97,wheat,Rabi,10,PB
85.82,48.49,53.38,18.44,71.69,7.35,38.12,wheat,Rabi,10,RJ
123.35,56.69,68.92,17.79,75.5,6.38,37.99,wheat,Rabi,10,MP
84.59,52.62,57.91,18.86,60.9,6.71,24.36,wheat,Rabi,12,UP
80.08,72.43,86.3,20.19,58.68,6.12,55.47,wheat,Rabi,10,UP
74.86,39.5,82.69,22.17,53.87,7.07,29.05,wheat,Rabi,3,PB
93.6,59.85,63.64,20.76,74.39,7.34,36.02,wheat,Rabi,10,UP
76.83,59.32,65.42,18.47,46.2,7.36,46.97,wheat,Rabi,12,UP
137.96,29.84,64.82,19.83,56.06,6.55,46.05,wheat,Rabi,11,PB
100.62,61.48,75.92,13.19,61.56,7.61,48.77,wheat,Rabi,2,HR
116.97,45.54,57.45,25.22,57.49,7.17,49.73,wheat,Rabi,12,RJ
86.61,43.25,78.73,22.2,48.19,5.91,54.04,wheat,Rabi,1,PB
98.45,40.88,44.95,24.71,56.13,7.45,53.69,wheat,Rabi,10,PB
82.96,63.44,41.45,23.68,52.75,7.22,55.45,wheat,Rabi,2,PB
98.62,56.04,30.47,13.8,57.58,7.14,52.83,wheat,Rabi,12,HR
74.27,74.35,59.14,20.57,46.19,7.07,40.0,wheat,Rabi,12,RJ
65.31,75.15,73.92,11.15,54.44,6.04,38.25,wheat,Rabi,2,RJ
120.44,21.44,49.05,25.3,67.51,6.91,81.66,maize,Kharif,10,KA
42.91,26.77,57.73,31.82,84.01,5.75,74.36,maize,Kharif,10,AP
94.22,75.4,27.89,25.95,75.51,5.55,73.39,maize,Kharif,9,MP
124.4,77.84,19.03,28.75,63.29,5.75,77.07,maize,Kharif,6,MP
118.84,30.03,58.39,31.43,81.6,5.54,59.89,maize,Kharif,8,MP
91.7,34.58,35.66,22.5,60.99,6.42,95.13,maize,Kharif,8,AP
83.17,31.96,20.18,23.84,79.39,6.54,48.83,maize,Kharif,10,RJ
59.98,36.34,55.8,28.19,81.53,5.4,85.0,maize,Kharif,10,RJ
111.81,63.03,34.34,23.07,81.57,6.5,120.31,maize,Kharif,10,AP
123.19,81.37,76.44,21.95,58.95,5.78,64.96,maize,Kharif,6,KA
76.39,52.58,52.54,21.21,80.59,6.6,90.15,maize,Kharif,7,KA
129.52,62.47,43.99,27.9,77.1,6.92,96.52,maize,Kharif,9,KA
48.26,23.25,13.57,30.11,70.9,6.54,84.92,maize,Kharif,9,MP
125.5,67.31,81.56,25.23,80.71,6.62,114.35,maize,Kharif,8,MP
124.8,50.73,38.64,24.64,78.78,5.74,89.84,maize,Kharif,7,UP
91.54,65.36,34.59,33.65,69.93,5.45,115.03,maize,Kharif,6,MP
96.12,45.02,48.83,21.77,75.98,7.31,82.87,maize,Kharif,9,MP
130.52,43.3,46.3,31.57,52.97,5.74,75.95,maize,Kharif,10,MP
37.67,62.14,73.62,26.73,78.26,6.07,93.06,maize,Kharif,10,KA
107.05,51.6,64.86,26.86,62.56,6.96,52.62,maize,Kharif,8,RJ
105.16,43.44,70.53,23.4,72.64,7.14,63.97,maize,Kharif,9,KA
91.68,62.92,27.79,29.61,63.31,6.71,119.34,maize,Kharif,9,UP
90.87,48.01,42.73,25.41,72.36,6.11,68.09,maize,Kharif,9,AP
114.49,44.96,41.63,29.29,74.68,7.13,94.27,maize,Kharif,8,AP
111.04,56.64,83.72,24.3,72.51,5.8,92.83,maize,Kharif,8,UP
67.07,53.37,47.12,26.74,78.77,6.5,56.31,maize,Kharif,8,MP
107.56,49.77,47.91,20.52,64.12,7.29,115.45,maize,Kharif,6,KA
102.1,53.46,52.11,24.26,70.78,7.8,65.09,maize,Kharif,8,RJ
77.22,43.55,20.01,28.98,76.84,6.74,95.65,maize,Kharif,9,UP
64.23,67.24,27.95,24.96,65.08,6.49,75.21,maize,Kharif,9,KA
48.51,52.73,45.24,28.79,76.06,6.87,106.95,maize,Kharif,6,KA
41.67,56.29,62.89,29.42,74.58,5.99,74.42,maize,Kharif,10,KA
59.3,36.3,75.35,28.34,76.79,6.23,70.4,maize,Kharif,9,KA
107.26,63.54,55.37,26.08,64.5,6.54,112.77,maize,Kharif,10,KA
112.69,67.18,53.72,25.2,84.32,5.9,61.31,maize,Kharif,8,AP
121.24,38.39,47.3,24.27,58.43,6.37,78.0,maize,Kharif,10,MP
99.45,61.77,37.71,29.38,84.68,7.28,68.34,maize,Kharif,9,UP
119.19,32.45,68.21,27.19,64.62,5.93,82.82,maize,Kharif,6,MP
72.81,22.09,30.26,28.26,65.7,5.89,90.93,maize,Kharif,7,MP
101.81,34.5,34.64,30.88,76.03,7.18,57.67,maize,Kharif,10,MP
76.08,60.59,77.0,30.06,71.47,7.01,99.58,maize,Kharif,10,UP
68.83,26.06,19.68,25.09,68.39,6.28,57.76,maize,Kharif,7,MP
71.92,26.16,29.11,32.22,89.24,6.56,98.39,maize,Kharif,10,KA
68.09,38.79,79.84,31.3,67.83,5.54,106.29,maize,Kharif,10,MP
89.09,45.95,48.96,22.27,56.69,7.43,123.7,maize,Kharif,10,RJ
129.11,23.01,30.47,23.49,75.71,7.04,88.88,maize,Kharif,8,RJ
109.3,37.92,50.31,24.67,78.5,6.73,108.68,maize,Kharif,8,KA
92.37,60.28,65.38,23.29,71.84,5.85,91.92,maize,Kharif,10,RJ
41.18,74.45,58.69,24.14,65.11,6.04,86.1,maize,Kharif,7,RJ
56.4,65.01,30.5,29.28,68.74,6.38,100.04,maize,Kharif,10,AP
97.99,71.08,20.89,22.07,67.04,6.1,53.21,maize,Kharif,10,MP
88.85,69.36,70.57,29.22,78.49,5.96,77.34,maize,Kharif,7,KA
119.09,25.61,49.53,19.95,64.84,5.72,52.03,maize,Kharif,9,AP
102.5,50.88,68.22,31.34,63.31,6.03,72.97,maize,Kharif,8,KA
78.1,66.48,60.35,25.18,80.74,6.24,87.07,maize,Kharif,7,AP
120.92,22.45,31.9,28.9,86.11,6.98,110.63,maize,Kharif,6,KA
126.09,48.23,81.14,21.0,70.76,6.91,91.55,maize,Kharif,10,KA
121.04,40.19,54.9,31.65,75.86,7.49,131.65,maize,Kharif,10,RJ
110.85,62.75,25.65,32.08,69.84,6.18,101.76,maize,Kharif,6,UP
119.35,28.17,78.02,25.84,79.02,7.61,67.13,maize,Kharif,9,RJ
115.02,65.45,40.58,32.29,67.75,5.51,80.28,maize,Kharif,7,AP
119.18,66.22,33.23,25.62,58.77,7.26,56.9,maize,Kharif,9,MP
98.07,78.39,35.25,24.41,76.89,6.48,112.13,maize,Kharif,6,MP
38.58,61.17,38.72,26.44,80.48,5.39,53.41,maize,Kharif,10,AP
118.56,59.87,43.37,25.2,62.29,6.38,117.23,maize,Kharif,10,RJ
50.91,49.86,37.48,32.16,83.02,6.47,61.36,maize,Kharif,6,MP
91.88,32.28,66.03,28.65,60.13,5.26,66.79,maize,Kharif,6,RJ
135.21,40.64,73.18,20.73,75.26,6.85,111.98,maize,Kharif,6,UP
61.76,62.32,41.08,30.3,77.36,6.93,81.86,maize,Kharif,9,AP
131.38,68.58,24.48,33.08,59.59,6.96,66.86,maize,Kharif,10,RJ
126.58,69.52,80.78,24.1,61.86,6.56,52.38,maize,Kharif,8,KA
109.82,56.44,54.21,24.69,61.3,6.39,63.26,maize,Kharif,7,MP
46.35,40.99,17.17,32.55,82.37,5.83,40.17,maize,Kharif,10,KA
98.41,77.5,55.38,31.31,58.14,5.89,100.97,maize,Kharif,8,MP
58.92,56.75,82.15,29.25,52.68,5.39,72.48,maize,Kharif,6,AP
103.55,41.8,58.71,24.11,59.76,6.91,93.6,maize,Kharif,7,AP
47.96,35.55,33.81,27.27,65.79,6.84,80.2,maize,Kharif,10,RJ
127.16,62.12,87.29,25.91,59.1,6.38,78.55,maize,Kharif,7,AP
38.18,69.33,18.57,33.11,72.39,7.38,53.27,maize,Kharif,9,AP
75.02,52.76,27.69,26.22,53.06,6.81,103.36,maize,Kharif,7,AP
40.73,61.21,58.91,24.87,80.23,5.67,35.0,maize,Kharif,10,KA
121.51,19.85,78.69,29.23,78.85,6.59,68.52,maize,Kharif,6,KA
110.24,61.97,52.35,24.8,84.56,7.09,89.61,maize,Kharif,6,AP
98.41,50.75,52.45,26.54,79.6,6.92,84.18,maize,Kharif,7,MP
81.11,34.11,26.12,30.15,56.95,7.4,104.54,maize,Kharif,10,AP
104.46,36.73,14.94,25.57,55.7,6.87,71.18,maize,Kharif,6,MP
37.53,35.13,49.0,27.56,67.15,7.08,49.18,maize,Kharif,7,RJ
62.78,30.14,43.13,23.5,64.46,5.96,98.94,maize,Kharif,10,UP
98.71,40.93,28.24,27.36,81.98,6.46,99.11,maize,Kharif,6,KA
91.35,56.07,67.77,25.05,73.95,6.06,107.54,maize,Kharif,9,KA
107.29,45.46,61.12,30.15,55.75,6.27,92.42,maize,Kharif,8,RJ
124.92,77.07,50.24,32.0,72.61,6.93,88.43,maize,Kharif,7,RJ
130.23,64.86,36.87,32.59,75.57,7.43,50.94,maize,Kharif,10,MP
65.64,20.8,44.46,26.48,75.75,7.05,86.94,maize,Kharif,10,KA
65.59,64.64,56.62,31.86,61.73,6.49,81.85,maize,Kharif,6,UP
66.5,33.68,78.76,30.43,79.26,6.02,118.06,maize,Kharif,9,AP
52.01,53.93,54.24,24.55,69.23,6.43,98.01,maize,Kharif,7,AP
107.8,79.27,42.58,23.46,68.04,5.54,51.6,maize,Kharif,8,UP
61.35,17.29,70.49,24.25,84.14,6.43,72.54,maize,Kharif,6,AP
85.14,53.47,38.13,23.26,61.73,7.24,124.25,maize,Kharif,7,KA
114.96,38.08,78.73,24.51,78.7,6.9,114.8,maize,Kharif,7,UP
68.89,47.52,70.62,30.05,78.36,6.29,72.46,maize,Kharif,7,MP
110.97,70.34,22.1,23.76,82.43,6.6,103.39,maize,Kharif,10,RJ
135.87,65.17,81.68,24.85,74.39,7.16,43.91,maize,Kharif,9,MP
108.37,58.55,48.49,28.76,72.94,6.35,65.55,maize,Kharif,10,KA
121.52,52.0,63.27,25.74,60.49,6.8,105.6,maize,Kharif,6,RJ
79.5,60.32,44.05,29.51,83.98,7.52,93.98,maize,Kharif,8,RJ
128.25,45.38,85.61,28.94,57.22,6.77,96.25,maize,Kharif,7,KA
87.76,66.0,44.41,29.08,61.32,5.66,90.81,maize,Kharif,6,AP
55.64,57.74,67.32,24.53,83.89,7.43,120.22,maize,Kharif,9,KA
67.31,35.57,72.73,20.81,70.06,7.19,110.85,maize,Kharif,10,MP
69.17,42.16,65.37,28.49,79.46,5.38,101.46,maize,Kharif,9,UP
77.36,70.32,71.14,25.88,70.46,6.36,123.38,maize,Kharif,9,UP
103.85,15.92,39.91,30.51,80.35,6.1,64.62,maize,Kharif,6,KA
127.31,36.07,25.18,25.79,66.9,6.49,115.24,maize,Kharif,6,AP
111.11,54.0,36.14,23.7,59.41,5.76,59.2,maize,Kharif,6,MP
57.93,24.53,70.35,31.24,58.03,6.16,119.12,maize,Kharif,9,UP
112.84,63.67,71.41,31.66,73.67,6.64,68.26,maize,Kharif,7,KA
56.97,58.42,33.58,32.21,59.74,6.75,130.8,maize,Kharif,6,KA
40.81,44.92,45.58,27.17,77.77,6.5,49.01,maize,Kharif,10,AP
125.32,60.76,75.78,31.46,72.42,5.36,78.88,maize,Kharif,6,AP
110.05,64.78,40.8,27.26,69.36,6.82,122.81,maize,Kharif,10,MP
60.45,58.82,25.58,26.98,71.93,7.16,88.38,maize,Kharif,6,AP
48.5,35.75,64.08,31.91,57.35,7.28,69.09,maize,Kharif,6,AP
94.96,42.66,53.19,24.79,59.75,6.42,108.34,maize,Kharif,8,AP
66.22,48.45,86.23,22.56,75.25,7.48,73.69,maize,Kharif,7,AP
99.6,44.0,19.64,32.41,77.62,7.47,93.52,maize,Kharif,9,RJ
65.23,63.38,35.07,23.56,68.2,6.1,102.3,maize,Kharif,10,MP
114.08,35.89,64.88,26.04,84.96,7.5,99.43,maize,Kharif,7,AP
102.24,61.4,40.78,26.3,62.79,6.29,92.28,maize,Kharif,8,RJ
86.79,51.52,55.48,33.64,85.19,7.29,90.94,maize,Kharif,8,AP
78.15,35.74,29.54,25.18,78.49,5.44,52.93,maize,Kharif,6,KA
45.25,51.03,35.19,34.26,77.06,6.9,84.44,maize,Kharif,10,AP
56.36,51.04,31.38,29.0,64.99,5.8,117.68,maize,Kharif,7,UP
134.83,31.07,60.78,31.09,67.39,5.81,104.65,maize,Kharif,10,AP
123.41,26.18,48.7,22.36,59.3,6.8,95.77,maize,Kharif,10,RJ
46.24,77.22,69.86,28.21,72.1,6.39,99.88,maize,Kharif,9,MP
103.42,50.22,41.56,22.21,63.35,6.79,97.49,maize,Kharif,6,AP
66.2,52.99,61.35,25.81,79.42,6.65,85.15,maize,Kharif,8,MP
113.85,47.84,53.0,25.26,62.33,7.17,69.53,maize,Kharif,9,UP
85.87,61.54,53.54,30.14,84.53,6.16,86.21,maize,Kharif,8,KA
90.35,33.83,84.28,23.0,87.1,5.91,61.56,maize,Kharif,7,KA
77.18,58.99,53.6,22.04,80.44,6.82,105.23,maize,Kharif,9,RJ
70.17,70.38,35.57,29.02,80.85,7.11,113.63,maize,Kharif,8,UP
61.35,48.86,85.72,26.39,81.18,6.98,73.17,maize,Kharif,10,AP
113.86,76.8,75.05,27.13,87.81,6.24,76.01,maize,Kharif,10,MP
50.24,51.6,39.81,21.99,61.91,6.0,49.76,maize,Kharif,6,UP
123.42,40.59,21.92,23.42,53.27,7.8,54.65,maize,Kharif,8,KA
69.39,76.61,56.26,28.87,82.32,5.55,63.14,maize,Kharif,9,RJ
84.23,74.25,46.3,26.11,64.41,5.73,65.58,maize,Kharif,7,RJ
128.53,41.57,72.27,26.27,70.08,6.06,77.22,maize,Kharif,10,RJ
56.56,72.51,30.92,30.2,69.38,7.35,114.86,maize,Kharif,9,KA
57.16,38.57,76.25,22.52,79.22,6.97,92.84,maize,Kharif,6,MP
83.41,55.67,60.12,26.13,83.24,5.63,105.19,maize,Kharif,6,MP
83.64,65.43,82.12,33.14,59.1,7.24,125.54,maize,Kharif,7,UP
87.82,70.81,56.78,24.63,56.99,6.31,101.84,maize,Kharif,10,MP
98.53,57.97,56.11,23.13,76.58,6.51,96.39,maize,Kharif,8,KA
81.99,31.87,60.87,26.49,60.97,6.69,84.51,maize,Kharif,8,UP
106.26,63.87,29.92,23.17,78.05,7.02,47.29,maize,Kharif,10,MP
75.93,29.22,33.75,29.7,64.87,6.35,61.42,maize,Kharif,7,KA
94.7,61.79,59.51,30.7,77.25,6.23,76.73,maize,Kharif,7,MP
91.12,36.55,22.89,33.4,81.37,5.78,91.4,maize,Kharif,6,RJ
45.62,70.8,32.61,35.0,68.73,6.41,128.28,maize,Kharif,8,AP
55.44,60.43,57.14,27.82,58.64,6.84,70.46,maize,Kharif,6,AP
51.32,70.46,60.81,30.13,65.13,6.31,116.4,maize,Kharif,8,MP
52.05,44.57,67.07,26.34,87.49,6.78,37.79,maize,Kharif,9,AP
73.35,42.39,36.46,26.37,80.77,6.59,50.96,maize,Kharif,9,UP
85.04,58.12,47.81,30.18,69.89,6.08,69.92,maize,Kharif,7,RJ
123.98,34.97,34.28,24.33,74.38,6.14,94.56,maize,Kharif,8,RJ
108.03,45.87,56.78,24.97,65.95,5.37,97.91,maize,Kharif,7,AP
118.21,70.08,71.19,21.63,61.68,7.12,60.75,maize,Kharif,6,AP
80.56,47.86,63.44,29.79,53.52,6.39,98.55,maize,Kharif,6,KA
62.2,56.45,38.09,23.09,84.45,5.9,61.01,maize,Kharif,6,UP
58.38,66.1,41.65,22.14,74.74,5.93,59.65,maize,Kharif,6,RJ
77.62,27.4,16.86,24.28,80.09,7.06,101.47,maize,Kharif,9,KA
129.3,49.94,63.18,25.71,69.96,6.88,65.51,maize,Kharif,7,RJ
43.71,70.56,73.58,23.82,76.69,6.94,55.81,maize,Kharif,8,KA
90.71,39.72,57.04,30.47,75.47,5.73,102.07,maize,Kharif,8,KA
54.31,36.13,72.38,22.0,69.39,7.32,72.11,maize,Kharif,7,AP
106.63,41.14,74.41,24.14,82.29,6.64,112.46,maize,Kharif,7,RJ
93.12,31.21,81.6,27.6,69.02,6.7,109.54,maize,Kharif,7,UP
83.36,46.93,39.48,30.27,70.41,5.24,66.61,maize,Kharif,7,KA
85.7,68.54,76.18,28.57,68.45,5.52,50.82,maize,Kharif,6,KA
105.47,52.37,28.9,30.31,59.42,6.98,79.94,maize,Kharif,10,KA
102.01,47.6,72.69,29.82,73.14,6.89,96.51,maize,Kharif,8,MP
59.69,63.8,84.73,29.54,76.83,5.57,109.51,maize,Kharif,8,KA
104.71,84.85,72.24,32.25,70.86,6.92,108.52,maize,Kharif,8,KA
106.28,66.06,67.59,27.97,80.31,6.51,62.88,maize,Kharif,8,UP
47.99,62.63,83.75,28.26,68.42,6.6,50.13,maize,Kharif,9,KA
100.23,34.16,47.42,27.54,81.52,7.16,85.84,maize,Kharif,9,KA
46.17,42.11,54.97,26.66,53.47,7.46,61.64,maize,Kharif,7,RJ
45.69,53.6,24.8,23.7,72.35,6.11,70.55,maize,Kharif,7,KA
63.16,24.99,53.14,32.07,70.65,7.02,81.77,maize,Kharif,9,KA
122.66,36.75,46.09,31.46,67.7,5.7,79.05,maize,Kharif,6,UP
82.32,34.42,44.76,27.22,78.46,5.74,75.28,maize,Kharif,7,RJ
91.02,29.01,31.84,27.03,86.33,5.73,52.38,maize,Kharif,6,KA
48.08,59.31,38.21,31.65,68.34,7.07,75.46,maize,Kharif,9,KA
95.4,85.22,74.54,21.17,62.87,6.66,94.24,maize,Kharif,6,AP
106.78,41.55,58.56,22.95,63.19,6.88,82.76,maize,Kharif,6,KA
63.9,28.12,55.77,28.74,62.04,5.36,111.57,maize,Kharif,6,MP
39.1,23.87,39.87,27.85,61.76,6.59,68.86,maize,Kharif,7,MP
63.71,45.27,50.26,23.17,81.06,6.54,93.79,maize,Kharif,6,RJ
94.65,66.03,70.31,28.6,57.67,6.21,35.0,maize,Kharif,7,RJ
77.41,65.53,65.34,22.8,83.35,6.16,92.72,maize,Kharif,10,KA
82.98,61.18,56.28,25.93,63.52,7.05,91.06,maize,Kharif,6,AP
47.3,28.07,63.57,28.73,71.98,6.4,58.16,maize,Kharif,10,AP
90.61,44.43,73.96,30.24,67.16,7.28,90.36,maize,Kharif,6,RJ
51.6,20.07,62.98,27.01,56.76,6.41,71.21,maize,Kharif,10,AP
94.73,77.45,22.17,32.85,80.38,7.0,88.93,maize,Kharif,9,MP
128.68,34.74,56.56,23.21,73.73,6.49,59.28,maize,Kharif,10,AP
86.7,81.38,82.14,32.6,81.54,7.16,54.73,maize,Kharif,10,RJ
78.97,61.2,36.25,27.99,58.23,7.15,100.06,maize,Kharif,8,UP
121.88,33.82,76.31,24.48,63.2,6.26,59.45,maize,Kharif,10,KA
95.3,23.91,73.2,26.17,57.08,6.49,107.35,maize,Kharif,10,UP
69.86,51.53,80.07,30.22,67.97,5.99,102.83,maize,Kharif,7,MP
77.19,68.78,37.0,26.15,79.02,6.79,118.39,maize,Kharif,6,RJ
96.55,49.06,18.8,25.29,69.68,6.38,108.37,maize,Kharif,8,UP
115.95,30.87,76.06,24.43,66.27,6.74,87.86,maize,Kharif,7,MP
115.82,77.0,52.51,29.93,58.27,6.82,99.45,maize,Kharif,8,AP
128.31,70.12,65.86,23.32,72.74,5.69,102.69,maize,Kharif,6,AP
46.66,58.83,27.11,29.54,77.32,6.55,65.39,maize,Kharif,10,MP
95.93,66.0,33.06,21.97,64.99,6.34,85.69,maize,Kharif,6,AP
53.27,58.8,43.46,26.38,84.19,5.74,113.87,maize,Kharif,10,UP
134.6,41.78,32.86,27.71,75.31,6.55,93.97,maize,Kharif,8,RJ
66.24,58.69,66.36,26.21,74.88,7.15,98.0,maize,Kharif,10,AP
102.37,42.09,40.1,32.27,78.61,7.21,69.47,maize,Kharif,6,AP
50.94,53.33,57.73,32.72,85.85,7.43,75.79,maize,Kharif,10,UP
113.51,27.81,69.08,24.94,56.28,6.09,61.99,maize,Kharif,6,KA
97.83,56.2,47.94,27.34,80.49,6.17,52.44,maize,Kharif,6,KA
107.77,78.87,47.87,29.72,76.07,7.48,105.31,maize,Kharif,7,AP
122.71,67.19,89.85,30.08,56.27,6.28,52.14,maize,Kharif,6,AP
123.95,49.3,34.71,31.28,64.76,6.36,68.94,maize,Kharif,7,RJ
107.42,26.93,38.38,24.25,74.24,7.07,63.9,maize,Kharif,9,AP
110.82,58.22,67.67,30.25,73.58,5.85,100.99,maize,Kharif,7,KA
58.87,59.04,81.26,29.79,64.5,7.51,119.34,maize,Kharif,10,AP
116.88,47.38,48.02,24.28,79.26,7.3,67.79,maize,Kharif,9,MP
65.06,30.26,42.06,24.35,86.05,6.12,63.45,maize,Kharif,7,UP
120.61,53.15,83.88,23.74,67.99,7.52,80.19,maize,Kharif,7,MP
125.7,62.94,75.15,21.79,57.22,6.43,81.47,maize,Kharif,8,AP
53.56,31.94,72.87,22.18,67.39,5.25,85.61,maize,Kharif,7,KA
114.42,50.09,33.49,29.93,86.76,5.96,61.86,maize,Kharif,9,MP
83.89,43.48,54.94,28.73,69.68,6.02,67.37,maize,Kharif,10,RJ
129.92,59.31,66.11,26.22,69.53,6.97,79.79,maize,Kharif,7,KA
95.49,46.7,81.29,26.91,74.76,5.81,106.09,maize,Kharif,10,RJ
79.41,76.53,42.88,33.15,56.24,7.11,86.42,maize,Kharif,6,AP
122.59,52.47,43.29,26.02,60.77,6.55,72.28,maize,Kharif,7,KA
71.53,73.34,69.31,27.39,66.06,5.58,108.45,maize,Kharif,10,KA
43.28,40.39,16.75,32.84,69.42,6.95,49.34,maize,Kharif,6,MP
47.95,22.42,65.41,28.62,75.49,6.57,61.4,maize,Kharif,9,MP
128.57,41.13,67.72,23.73,75.2,5.57,35.0,maize,Kharif,6,UP
112.04,67.91,78.56,21.67,71.33,5.83,54.04,maize,Kharif,6,MP
38.17,82.37,83.3,26.65,87.64,6.66,52.57,maize,Kharif,7,MP
55.11,51.47,38.47,27.7,65.45,6.84,117.14,maize,Kharif,7,RJ
108.62,26.53,80.01,23.84,59.37,6.31,78.97,maize,Kharif,10,MP
85.17,28.24,35.43,20.34,79.18,6.69,87.34,maize,Kharif,6,MP
109.38,28.79,25.9,25.49,80.53,7.45,77.51,maize,Kharif,6,RJ
72.31,61.68,32.72,22.76,80.56,7.09,118.39,maize,Kharif,6,AP
108.47,25.21,35.05,30.6,69.28,5.89,65.3,maize,Kharif,8,RJ
111.1,68.37,14.75,25.56,58.25,6.63,102.42,maize,Kharif,10,AP
88.06,70.96,44.15,31.9,81.94,6.99,107.57,maize,Kharif,7,UP
105.84,77.22,31.09,24.43,71.13,5.89,59.1,maize,Kharif,9,UP
68.95,47.08,25.87,25.26,72.01,6.86,53.44,maize,Kharif,6,RJ
73.6,33.12,41.72,27.09,80.53,6.56,69.9,maize,Kharif,9,UP
77.35,27.69,41.91,32.37,58.22,5.85,58.73,maize,Kharif,9,MP
36.02,27.07,46.24,27.15,86.82,6.8,59.51,maize,Kharif,7,RJ
67.7,83.25,67.21,30.82,83.48,7.26,117.43,maize,Kharif,10,AP
135.73,36.97,60.37,27.88,61.02,5.51,112.64,maize,Kharif,8,RJ
127.56,42.92,19.69,25.53,83.94,5.98,89.83,maize,Kharif,10,KA
86.22,51.31,83.75,29.68,82.63,7.0,68.18,maize,Kharif,9,UP
124.21,34.78,18.08,21.49,83.7,7.2,89.66,maize,Kharif,10,UP
109.1,52.62,69.81,29.32,55.63,7.02,100.7,maize,Kharif,8,UP
110.33,22.57,52.34,31.96,78.24,7.41,109.47,maize,Kharif,8,RJ
110.06,33.6,32.44,21.61,65.24,6.06,94.97,maize,Kharif,8,AP
89.59,78.41,22.5,26.01,62.96,5.82,78.57,maize,Kharif,9,UP
76.39,18.66,69.88,30.67,66.26,6.68,54.24,maize,Kharif,10,RJ
88.87,44.96,44.41,29.38,60.18,5.81,66.82,maize,Kharif,7,RJ
110.31,32.4,75.64,27.29,68.03,6.14,57.33,maize,Kharif,8,RJ
54.93,83.19,79.1,29.79,60.8,6.04,82.43,maize,Kharif,7,AP
80.71,23.44,76.68,31.59,86.26,7.0,80.42,maize,Kharif,7,AP
81.11,61.74,71.41,29.34,62.69,7.35,82.15,maize,Kharif,9,AP
85.6,60.12,43.11,23.89,84.44,6.93,64.72,maize,Kharif,8,UP
84.12,60.39,22.73,30.54,64.19,6.48,50.12,maize,Kharif,9,UP
48.81,50.1,50.25,30.88,82.61,6.22,120.84,maize,Kharif,9,MP
86.05,22.62,70.15,29.89,76.14,6.83,113.7,maize,Kharif,10,MP
66.02,19.71,52.59,29.19,89.02,6.07,116.51,maize,Kharif,9,MP
60.17,65.46,67.5,30.58,67.74,6.29,119.89,maize,Kharif,10,RJ
76.1,21.94,75.54,25.9,67.44,6.87,83.08,maize,Kharif,10,KA
124.78,22.45,78.15,30.76,60.49,6.31,82.21,maize,Kharif,8,MP
116.18,57.34,82.99,22.67,58.64,6.51,79.06,maize,Kharif,7,AP
80.68,64.54,55.88,22.2,80.84,6.73,57.12,maize,Kharif,8,UP
118.05,38.22,18.61,23.93,61.19,6.5,79.75,maize,Kharif,10,AP
93.62,75.54,45.97,25.72,68.9,5.48,86.52,maize,Kharif,6,MP
33.91,67.65,75.97,24.65,71.12,6.48,81.9,maize,Kharif,7,AP
62.84,36.39,46.33,23.84,81.16,6.99,83.03,maize,Kharif,7,AP
122.29,62.73,76.23,27.77,90.0,5.88,65.1,maize,Kharif,6,KA
122.84,71.16,45.42,25.54,71.69,6.37,35.0,maize,Kharif,8,RJ
60.74,64.6,21.51,28.61,60.41,6.29,90.18,maize,Kharif,6,UP
109.68,75.05,31.4,31.83,63.04,7.37,55.32,maize,Kharif,6,UP
100.1,46.64,31.76,32.85,81.89,6.37,94.16,maize,Kharif,8,KA
85.19,45.86,67.6,25.31,64.87,7.18,92.68,maize,Kharif,6,UP
88.14,46.35,26.0,28.52,79.46,6.68,114.09,maize,Kharif,6,MP
128.58,37.32,92.28,29.01,77.51,6.04,68.72,maize,Kharif,10,RJ
67.35,33.94,30.89,23.91,70.9,5.63,121.0,maize,Kharif,9,AP
124.33,32.44,14.0,28.54,59.62,5.67,100.06,maize,Kharif,8,UP
52.54,29.67,27.22,25.45,62.53,6.87,106.41,maize,Kharif,10,KA
64.41,72.85,75.36,26.75,63.17,6.82,92.62,maize,Kharif,8,UP
113.55,35.06,65.27,32.02,60.45,5.89,55.77,maize,Kharif,6,AP
75.45,53.05,83.5,28.14,65.21,5.48,120.76,maize,Kharif,10,MP
96.69,78.9,31.69,24.85,78.24,6.15,90.58,maize,Kharif,7,UP
78.82,78.95,48.61,32.76,66.12,6.18,103.81,maize,Kharif,7,RJ
118.49,68.34,21.89,28.18,69.36,5.72,96.54,maize,Kharif,6,RJ
35.76,22.41,43.54,23.61,78.53,7.22,106.09,maize,Kharif,7,KA
89.44,40.82,26.29,21.95,62.54,5.97,108.75,maize,Kharif,6,RJ
42.81,28.15,65.85,30.42,63.78,5.26,127.54,maize,Kharif,9,AP
114.8,79.82,26.34,22.53,79.11,7.2,65.4,maize,Kharif,10,UP
62.79,46.5,71.76,30.1,75.59,5.98,72.58,maize,Kharif,8,UP
51.9,55.21,42.38,20.86,64.82,6.84,105.29,maize,Kharif,9,KA
57.99,72.08,33.84,27.94,63.62,7.14,74.07,maize,Kharif,6,AP
80.37,52.15,27.97,24.18,75.34,7.33,105.09,maize,Kharif,7,AP
49.96,67.07,45.63,21.89,58.62,6.4,61.71,maize,Kharif,8,RJ
91.91,59.07,79.21,22.25,65.6,7.39,64.19,maize,Kharif,10,KA
117.45,65.23,70.14,24.22,62.26,6.21,100.84,maize,Kharif,6,RJ
127.48,56.3,87.36,33.57,66.48,6.26,65.08,maize,Kharif,10,MP
56.42,66.21,85.39,23.6,70.04,6.22,64.26,maize,Kharif,8,AP
67.05,21.62,37.3,26.93,81.53,6.45,88.26,maize,Kharif,10,UP
44.27,50.1,88.54,30.75,62.81,6.87,109.64,maize,Kharif,7,AP
83.87,26.34,69.22,26.14,80.31,6.39,120.13,maize,Kharif,8,KA
118.06,43.32,78.19,24.46,57.33,6.55,83.58,maize,Kharif,8,UP
60.25,37.4,72.28,19.94,63.37,7.43,95.59,maize,Kharif,6,KA
128.84,37.62,34.21,28.6,71.51,7.51,63.32,maize,Kharif,9,AP
72.45,34.8,51.3,30.92,64.81,6.04,45.48,maize,Kharif,7,AP
120.96,37.17,32.68,22.22,81.54,6.58,103.86,maize,Kharif,6,UP
98.37,26.73,46.83,32.07,80.54,5.89,87.74,maize,Kharif,8,RJ
117.91,49.14,71.06,26.26,64.79,7.43,61.9,maize,Kharif,7,RJ
112.4,51.4,42.72,26.0,76.41,6.91,72.28,maize,Kharif,8,MP
91.52,74.92,20.46,25.11,52.78,6.12,121.09,maize,Kharif,8,RJ
114.8,43.46,74.28,28.45,69.84,6.65,135.0,maize,Kharif,6,KA
58.87,72.11,92.74,31.01,67.0,6.19,106.78,maize,Kharif,7,UP
38.51,23.78,77.68,26.59,66.3,6.99,81.6,maize,Kharif,10,RJ
104.24,30.8,35.28,29.24,87.04,7.25,106.22,maize,Kharif,8,AP
73.04,44.39,53.82,24.76,64.84,5.43,116.6,maize,Kharif,8,MP
43.42,46.08,78.2,27.12,75.91,6.14,66.33,maize,Kharif,6,RJ
110.15,35.71,83.6,22.35,55.41,6.35,93.17,maize,Kharif,10,AP
83.64,47.62,61.11,26.27,65.73,6.03,64.93,maize,Kharif,7,MP
118.98,49.7,30.38,32.31,57.91,6.76,101.88,maize,Kharif,10,AP
71.05,26.67,71.0,27.2,65.14,7.45,45.81,maize,Kharif,7,KA
77.12,63.96,48.65,30.75,63.41,5.91,47.68,maize,Kharif,7,RJ
61.26,65.4,35.98,24.86,72.82,7.28,98.79,maize,Kharif,10,RJ
84.93,38.52,49.24,32.56,63.62,6.3,106.62,maize,Kharif,6,MP
78.48,84.2,78.94,31.21,67.61,7.43,75.42,maize,Kharif,10,KA
102.04,41.19,45.14,27.59,56.14,7.78,74.99,sorghum,Kharif,6,KA
82.38,22.58,36.79,35.38,59.32,7.27,42.0,sorghum,Kharif,6,TS
34.11,59.4,48.94,31.32,62.81,6.16,68.42,sorghum,Kharif,10,MH
59.24,72.48,67.25,31.4,65.92,6.9,64.31,sorghum,Kharif,8,RJ
53.87,28.22,50.6,30.24,60.95,6.5,48.85,sorghum,Kharif,9,AP
108.75,66.63,79.68,31.4,63.66,6.59,77.89,sorghum,Kharif,6,KA
89.66,67.59,61.86,29.54,64.47,7.41,85.89,sorghum,Kharif,6,RJ
68.07,63.09,44.31,34.58,57.34,6.06,98.76,sorghum,Kharif,7,AP
72.48,43.4,47.19,31.14,63.95,6.13,51.81,sorghum,Kharif,8,RJ
64.11,72.56,54.37,28.36,75.7,6.61,47.53,sorghum,Kharif,7,RJ
71.45,58.02,50.55,26.77,80.35,7.45,78.36,sorghum,Kharif,10,MH
87.99,35.67,75.83,25.26,75.26,7.1,75.11,sorghum,Kharif,8,TS
72.76,77.67,19.15,29.81,63.28,6.2,92.31,sorghum,Kharif,10,KA
67.39,39.7,37.12,34.4,54.71,7.21,57.36,sorghum,Kharif,10,TS
60.97,32.89,61.95,29.58,49.75,7.34,60.87,sorghum,Kharif,8,MH
58.12,68.65,66.75,28.92,69.17,6.67,90.65,sorghum,Kharif,10,TS
42.62,40.46,81.12,28.05,78.87,6.34,70.45,sorghum,Kharif,10,AP
83.65,29.76,67.42,27.05,58.08,7.58,50.38,sorghum,Kharif,9,MH
99.53,69.98,74.8,32.93,64.37,6.51,72.2,sorghum,Kharif,8,AP
63.05,75.45,82.34,31.15,53.73,5.87,52.95,sorghum,Kharif,9,MH
37.98,52.88,70.7,35.96,74.06,7.07,93.07,sorghum,Kharif,10,AP
44.14,72.35,62.15,34.79,59.46,6.89,54.54,sorghum,Kharif,8,AP
43.65,70.01,47.01,28.42,83.38,7.19,47.98,sorghum,Kharif,9,KA
43.8,66.2,32.06,27.75,67.88,7.03,59.44,sorghum,Kharif,6,RJ
84.71,55.95,25.49,36.24,55.65,7.18,60.29,sorghum,Kharif,8,MH
103.85,28.87,24.82,28.65,60.8,6.84,57.43,sorghum,Kharif,10,KA
76.24,57.09,80.16,25.33,69.68,6.36,67.09,sorghum,Kharif,10,KA
60.99,39.14,34.94,30.4,65.67,7.1,48.82,sorghum,Kharif,8,RJ
39.08,48.36,80.95,34.71,57.51,7.27,68.52,sorghum,Kharif,8,AP
35.43,69.96,15.05,30.2,75.4,7.06,31.16,sorghum,Kharif,6,RJ
100.28,24.37,52.29,28.4,50.45,5.91,70.41,sorghum,Kharif,9,MH
100.74,46.55,63.61,25.8,73.8,7.44,44.09,sorghum,Kharif,10,KA
42.78,27.51,71.65,24.22,54.85,6.96,65.44,sorghum,Kharif,9,AP
78.67,48.51,64.04,32.7,54.18,5.8,42.47,sorghum,Kharif,6,MH
96.39,58.86,72.46,30.04,50.68,6.04,99.65,sorghum,Kharif,10,MH
29.65,34.48,78.6,28.65,62.38,6.62,76.09,sorghum,Kharif,8,RJ
32.61,54.84,71.41,30.26,61.41,6.27,86.32,sorghum,Kharif,10,AP
49.41,59.31,83.41,32.45,75.72,6.51,77.09,sorghum,Kharif,10,MH
73.54,23.82,64.34,29.68,70.37,6.21,85.89,sorghum,Kharif,7,RJ
32.83,28.64,52.33,27.01,50.04,6.86,48.07,sorghum,Kharif,7,MH
50.35,63.36,78.6,29.72,60.98,6.37,71.28,sorghum,Kharif,6,MH
83.98,52.36,68.69,27.84,77.94,6.91,58.05,sorghum,Kharif,7,MH
97.87,37.02,39.32,29.25,62.16,6.66,72.36,sorghum,Kharif,8,AP
107.13,71.51,62.73,30.52,70.24,6.41,49.06,sorghum,Kharif,6,AP
83.65,46.22,78.2,37.21,69.22,7.58,50.54,sorghum,Kharif,9,AP
83.17,51.19,61.19,28.91,66.19,7.11,95.36,sorghum,Kharif,9,AP
88.34,35.16,26.69,30.76,68.85,6.72,63.24,sorghum,Kharif,10,AP
88.72,26.26,25.78,31.34,67.12,6.34,76.54,sorghum,Kharif,10,TS
78.0,42.67,72.59,23.51,66.35,6.68,80.04,sorghum,Kharif,9,KA
75.95,34.85,81.71,34.94,74.69,7.42,50.41,sorghum,Kharif,8,TS
95.73,25.37,52.91,30.83,54.67,7.38,44.02,sorghum,Kharif,7,MH
49.44,50.64,77.78,25.23,55.6,6.65,53.61,sorghum,Kharif,10,KA
108.17,64.83,30.53,34.75,74.02,6.19,32.17,sorghum,Kharif,6,KA
105.92,22.19,42.47,32.87,71.75,5.81,35.51,sorghum,Kharif,9,MH
37.4,37.45,48.55,25.87,54.79,7.26,82.82,sorghum,Kharif,7,MH
108.76,27.78,77.95,28.65,56.0,7.01,54.47,sorghum,Kharif,10,KA
40.38,61.89,31.16,27.61,66.67,6.98,48.49,sorghum,Kharif,8,KA
102.1,25.73,80.9,31.76,52.89,7.09,93.95,sorghum,Kharif,7,MH
81.39,37.79,61.1,26.57,62.34,6.17,61.82,sorghum,Kharif,8,RJ
58.89,46.32,73.01,22.95,47.37,6.81,44.72,sorghum,Kharif,6,MH
109.85,61.64,33.02,28.81,54.43,5.91,97.75,sorghum,Kharif,8,AP
105.63,65.41,79.75,36.8,73.04,7.26,75.84,sorghum,Kharif,9,RJ
82.93,70.13,27.36,33.06,79.58,6.68,65.84,sorghum,Kharif,9,TS
97.95,47.78,74.09,32.97,73.35,7.12,50.27,sorghum,Kharif,10,AP
50.69,48.23,38.97,36.87,77.53,5.89,96.64,sorghum,Kharif,7,AP
31.38,73.94,67.15,25.71,56.64,6.73,80.72,sorghum,Kharif,10,TS
85.89,49.21,43.68,35.46,48.87,6.56,87.55,sorghum,Kharif,6,RJ
58.82,74.98,64.65,29.21,60.21,6.25,105.4,sorghum,Kharif,10,KA
98.54,60.03,70.74,26.7,54.97,7.22,114.38,sorghum,Kharif,8,TS
66.22,29.45,66.21,29.74,65.09,6.59,115.0,sorghum,Kharif,7,MH
50.91,57.96,29.15,25.84,55.57,6.51,58.64,sorghum,Kharif,9,KA
30.37,57.47,68.77,26.1,61.13,7.4,37.86,sorghum,Kharif,9,AP
55.05,74.6,62.37,29.4,56.62,7.05,115.0,sorghum,Kharif,10,MH
68.14,53.97,35.64,25.58,80.9,7.56,71.44,sorghum,Kharif,7,RJ
43.59,21.15,20.61,27.56,51.77,6.36,34.94,sorghum,Kharif,9,MH
45.56,31.57,33.82,29.03,74.8,7.07,30.34,sorghum,Kharif,9,RJ
64.02,66.24,44.87,28.02,73.5,7.21,75.88,sorghum,Kharif,6,AP
97.88,30.85,63.62,30.55,53.4,6.77,76.81,sorghum,Kharif,9,AP
71.49,27.81,56.37,30.17,66.39,6.17,58.1,sorghum,Kharif,8,RJ
69.52,60.98,66.25,31.44,56.15,7.39,54.68,sorghum,Kharif,10,KA
90.85,53.62,39.83,27.0,65.26,7.11,76.17,sorghum,Kharif,7,RJ
68.99,21.07,67.68,30.52,53.29,6.94,64.11,sorghum,Kharif,8,KA
78.32,20.67,75.5,34.82,55.39,7.61,89.47,sorghum,Kharif,6,MH
108.25,51.52,26.46,35.12,66.51,7.34,96.81,sorghum,Kharif,6,KA
102.88,58.51,33.19,30.59,84.47,7.16,62.88,sorghum,Kharif,6,RJ
107.95,63.18,38.48,28.97,66.39,7.22,71.51,sorghum,Kharif,8,TS
104.31,39.05,66.59,26.37,66.15,7.53,76.72,sorghum,Kharif,7,KA
75.42,69.51,45.96,33.75,57.29,7.65,83.89,sorghum,Kharif,7,KA
95.73,80.6,21.44,29.27,75.24,7.6,110.49,sorghum,Kharif,8,RJ
71.59,57.55,32.12,27.9,54.69,7.06,48.59,sorghum,Kharif,6,TS
61.98,74.49,50.03,29.84,62.31,6.4,50.19,sorghum,Kharif,7,AP
37.17,68.92,43.87,26.12,64.34,7.4,46.77,sorghum,Kharif,8,MH
71.81,68.4,57.4,32.63,67.02,7.34,62.72,sorghum,Kharif,9,RJ
90.3,27.04,41.58,27.68,64.89,6.92,56.89,sorghum,Kharif,7,MH
106.75,64.13,70.23,25.99,81.99,7.1,84.44,sorghum,Kharif,10,TS
59.11,31.64,38.88,27.58,54.2,6.95,97.07,sorghum,Kharif,6,AP
64.36,50.17,64.01,33.64,66.4,7.39,97.32,sorghum,Kharif,9,KA
68.76,30.67,66.39,28.2,65.94,6.16,70.8,sorghum,Kharif,6,AP
93.68,22.38,79.75,29.6,57.0,7.28,86.98,sorghum,Kharif,9,KA
51.48,30.58,60.45,23.9,59.39,7.09,83.32,sorghum,Kharif,7,KA
75.51,41.05,21.06,34.33,77.93,7.49,47.74,sorghum,Kharif,9,KA
32.64,40.75,44.11,25.96,79.3,6.27,82.5,sorghum,Kharif,10,TS
94.49,22.77,51.69,33.69,73.27,5.99,102.22,sorghum,Kharif,7,MH
81.26,24.76,20.01,32.12,68.59,7.1,90.49,sorghum,Kharif,6,AP
109.55,50.65,44.43,34.86,71.45,6.68,80.73,sorghum,Kharif,7,RJ
66.28,29.65,75.52,30.67,52.64,6.35,42.86,sorghum,Kharif,6,KA
67.27,67.95,38.37,28.93,76.28,6.05,106.3,sorghum,Kharif,9,TS
62.97,62.51,41.92,29.78,85.0,6.21,82.19,sorghum,Kharif,10,RJ
64.52,66.02,74.47,31.09,73.22,6.4,77.69,sorghum,Kharif,8,KA
89.98,21.61,74.16,36.06,78.55,7.14,48.57,sorghum,Kharif,9,TS
85.48,48.97,58.94,25.41,76.22,7.0,29.75,sorghum,Kharif,7,AP
106.46,31.73,30.38,29.72,57.15,6.88,39.02,sorghum,Kharif,9,MH
97.93,16.4,82.25,29.37,52.16,6.09,86.88,sorghum,Kharif,7,MH
41.75,71.42,68.41,33.43,55.2,7.8,93.52,sorghum,Kharif,9,KA
73.91,38.91,53.2,31.59,46.1,6.37,47.53,sorghum,Kharif,9,KA
53.93,33.81,60.07,35.47,76.77,6.47,64.07,sorghum,Kharif,10,AP
83.6,74.3,58.93,36.16,75.98,6.58,110.0,sorghum,Kharif,7,RJ
60.4,37.33,52.51,31.96,56.39,6.78,73.6,sorghum,Kharif,10,RJ
96.22,53.96,44.0,31.43,75.1,7.63,112.42,sorghum,Kharif,9,AP
99.18,34.24,38.01,31.23,59.09,7.62,82.92,sorghum,Kharif,9,RJ
73.85,31.1,33.02,29.84,74.4,6.13,94.83,sorghum,Kharif,7,AP
97.82,42.97,61.3,34.04,52.39,7.08,69.19,sorghum,Kharif,10,MH
56.43,51.74,71.17,29.75,77.41,7.14,45.6,sorghum,Kharif,8,KA
100.4,30.2,24.26,24.42,59.61,6.6,88.68,sorghum,Kharif,10,RJ
64.44,53.25,48.39,31.97,52.7,7.25,73.76,sorghum,Kharif,9,KA
52.36,51.55,18.77,34.6,74.75,6.82,80.57,sorghum,Kharif,6,TS
74.99,55.42,62.41,23.02,71.88,6.37,104.58,sorghum,Kharif,10,AP
34.09,64.8,70.97,33.76,77.03,6.96,45.5,sorghum,Kharif,8,RJ
47.46,21.06,71.7,22.0,80.54,6.47,72.71,sorghum,Kharif,6,AP
67.52,76.11,52.52,31.7,67.4,7.38,35.87,sorghum,Kharif,10,TS
66.96,45.55,38.98,25.44,69.93,7.35,87.88,sorghum,Kharif,6,AP
68.44,64.87,78.94,33.18,75.12,7.0,107.11,sorghum,Kharif,9,AP
76.11,39.26,29.76,27.12,60.82,6.47,107.11,sorghum,Kharif,9,AP
71.87,54.02,69.02,26.21,51.97,6.19,50.31,sorghum,Kharif,8,TS
39.82,67.01,57.42,23.83,73.31,6.78,78.94,sorghum,Kharif,7,RJ
112.85,20.61,61.37,29.03,82.17,6.88,79.73,sorghum,Kharif,6,TS
98.83,44.61,69.94,33.3,63.79,6.53,93.4,sorghum,Kharif,8,KA
99.9,56.79,75.49,31.84,74.57,7.02,61.35,sorghum,Kharif,10,TS
91.28,42.15,48.19,31.09,59.23,6.96,75.16,sorghum,Kharif,9,KA
99.45,26.32,83.23,33.55,71.97,6.42,80.06,sorghum,Kharif,10,KA
41.56,28.64,58.01,24.04,84.38,7.4,61.46,sorghum,Kharif,7,TS
99.26,51.02,28.76,26.63,65.97,6.76,65.04,sorghum,Kharif,6,MH
93.42,28.08,51.57,32.51,70.75,7.44,89.07,sorghum,Kharif,8,TS
47.53,56.84,66.44,31.03,56.83,7.04,49.93,sorghum,Kharif,7,RJ
103.63,70.42,39.79,32.13,65.7,7.19,90.48,sorghum,Kharif,6,AP
105.68,40.84,54.21,33.27,73.11,6.1,79.28,sorghum,Kharif,9,KA
83.48,24.56,64.04,33.06,63.49,7.47,34.25,sorghum,Kharif,7,MH
106.62,49.58,39.38,28.03,69.84,6.44,62.91,sorghum,Kharif,10,MH
33.73,38.61,43.98,31.12,72.42,7.32,52.28,sorghum,Kharif,8,AP
87.14,64.98,67.34,34.59,50.54,6.03,85.42,sorghum,Kharif,8,RJ
107.1,68.0,63.93,26.59,65.32,6.43,38.58,sorghum,Kharif,8,MH
95.46,26.36,36.99,31.49,60.83,6.57,72.93,sorghum,Kharif,7,MH
84.85,55.82,24.31,27.45,54.18,6.44,55.25,sorghum,Kharif,7,KA
93.45,46.29,43.41,32.35,67.69,6.53,86.36,sorghum,Kharif,9,AP
99.83,51.94,33.77,24.51,66.8,6.65,45.11,sorghum,Kharif,7,RJ
84.25,52.58,66.09,29.84,69.33,6.98,77.96,sorghum,Kharif,10,MH
60.99,43.74,69.78,29.44,70.72,6.39,87.84,sorghum,Kharif,10,AP
51.73,57.91,35.96,28.53,68.53,7.66,92.72,sorghum,Kharif,10,TS
84.79,54.38,71.49,26.39,53.63,6.23,27.58,sorghum,Kharif,9,TS
99.08,42.58,79.18,26.89,57.67,6.77,96.64,sorghum,Kharif,6,RJ
83.01,43.73,56.96,28.36,73.83,7.41,72.13,sorghum,Kharif,8,RJ
105.34,27.17,62.16,30.98,61.38,7.06,103.55,sorghum,Kharif,6,AP
88.21,41.67,27.27,25.68,50.75,6.65,84.43,sorghum,Kharif,10,KA
83.59,57.38,29.49,31.73,63.83,7.8,56.36,sorghum,Kharif,7,RJ
44.99,34.16,50.36,30.96,62.92,6.51,71.54,sorghum,Kharif,8,KA
101.66,34.5,22.4,25.49,55.42,7.23,47.89,sorghum,Kharif,9,TS
71.98,63.48,55.84,28.96,64.09,7.56,78.73,sorghum,Kharif,7,KA
43.6,58.17,27.17,29.47,56.77,6.95,84.87,sorghum,Kharif,6,RJ
74.38,50.59,38.22,28.25,82.15,6.31,98.7,sorghum,Kharif,6,MH
90.38,69.57,46.69,30.19,55.58,6.81,53.19,sorghum,Kharif,10,MH
42.71,67.37,30.31,24.18,51.54,7.34,73.36,sorghum,Kharif,9,TS
51.25,65.26,68.16,33.16,61.54,6.76,111.39,sorghum,Kharif,10,KA
35.38,47.23,64.75,34.44,67.93,6.61,56.23,sorghum,Kharif,9,KA
100.5,21.77,26.73,33.35,79.16,7.21,32.21,sorghum,Kharif,9,TS
50.66,50.06,24.8,33.14,69.85,5.98,99.95,sorghum,Kharif,8,KA
93.11,65.84,21.56,31.0,62.79,6.42,51.05,sorghum,Kharif,9,RJ
85.5,67.18,43.08,32.13,54.37,6.63,74.34,sorghum,Kharif,6,AP
47.78,42.71,66.54,33.04,79.6,6.43,63.22,sorghum,Kharif,6,KA
45.68,38.45,27.0,35.47,82.81,7.17,110.63,sorghum,Kharif,6,MH
91.07,30.42,73.48,32.56,58.99,6.48,45.19,sorghum,Kharif,6,RJ
109.46,55.14,41.48,34.23,57.93,5.78,79.88,sorghum,Kharif,7,RJ
79.14,62.89,78.22,34.08,66.96,7.65,60.29,sorghum,Kharif,8,AP
39.94,22.01,75.68,31.2,74.76,6.6,47.6,sorghum,Kharif,10,MH
95.18,39.78,80.72,35.97,48.59,6.17,67.56,sorghum,Kharif,10,TS
37.53,38.76,43.56,32.4,53.67,6.93,82.76,sorghum,Kharif,7,TS
40.09,34.53,58.39,32.04,53.32,6.59,66.39,sorghum,Kharif,10,MH
85.01,37.59,44.46,29.0,76.62,6.69,115.0,sorghum,Kharif,7,AP
36.21,45.18,74.9,37.75,60.53,6.68,70.39,sorghum,Kharif,10,AP
82.78,39.48,34.84,33.62,58.23,7.03,96.21,sorghum,Kharif,10,KA
98.72,28.77,46.68,31.61,70.97,7.66,78.11,sorghum,Kharif,8,MH
67.48,29.33,45.88,29.98,77.33,6.54,101.41,sorghum,Kharif,9,TS
85.11,71.06,21.71,31.66,58.75,7.22,37.67,sorghum,Kharif,9,KA
94.68,53.68,43.64,28.55,74.7,7.66,77.28,sorghum,Kharif,7,RJ
68.59,29.05,53.49,32.63,48.55,7.46,93.16,sorghum,Kharif,6,AP
46.98,59.33,44.85,27.45,67.6,7.39,85.02,sorghum,Kharif,8,MH
55.33,71.62,77.74,30.86,77.24,5.99,60.06,sorghum,Kharif,6,TS
47.78,30.55,57.65,25.86,60.39,7.29,49.14,sorghum,Kharif,8,TS
86.11,54.55,68.25,33.02,71.7,6.55,85.9,sorghum,Kharif,6,MH
35.94,68.91,73.72,29.66,74.98,6.24,86.44,sorghum,Kharif,7,TS
82.63,60.89,49.79,32.05,62.45,6.1,72.95,sorghum,Kharif,7,TS
63.17,50.01,54.92,27.57,69.33,6.79,45.45,sorghum,Kharif,8,RJ
99.71,41.15,38.41,34.55,66.05,6.24,65.66,sorghum,Kharif,10,MH
57.49,33.95,48.72,28.45,63.77,7.37,56.44,sorghum,Kharif,8,RJ
94.15,19.01,69.07,31.83,69.92,7.28,82.23,sorghum,Kharif,7,AP
55.65,61.49,64.03,27.56,78.35,6.2,99.71,sorghum,Kharif,9,MH
36.87,43.71,77.03,24.97,79.87,7.1,108.02,sorghum,Kharif,10,TS
53.62,41.51,16.01,28.86,63.92,7.51,102.27,sorghum,Kharif,6,KA
93.65,34.49,78.86,26.2,80.39,6.27,58.33,sorghum,Kharif,10,TS
49.86,39.77,56.81,29.89,75.29,7.62,69.26,sorghum,Kharif,8,TS
44.23,53.53,52.0,24.04,72.22,6.93,33.18,sorghum,Kharif,9,MH
45.85,57.9,17.19,26.93,53.96,7.04,41.95,sorghum,Kharif,8,TS
38.58,22.94,67.1,27.62,72.76,7.28,115.0,sorghum,Kharif,10,KA
82.59,29.11,51.62,29.46,68.89,6.31,47.85,sorghum,Kharif,9,MH
85.78,34.3,66.27,29.32,83.43,6.8,79.33,sorghum,Kharif,6,KA
54.04,57.04,34.06,27.19,60.49,6.82,44.95,sorghum,Kharif,8,TS
103.64,79.19,44.95,31.21,62.66,6.43,48.34,sorghum,Kharif,6,AP
41.94,69.33,38.36,26.99,60.7,6.53,89.44,sorghum,Kharif,10,MH
65.21,15.15,54.46,25.78,52.01,6.45,82.1,sorghum,Kharif,8,AP
49.93,50.77,47.2,27.12,54.94,6.45,78.11,sorghum,Kharif,8,KA
96.19,21.94,63.42,25.35,60.81,7.3,62.78,sorghum,Kharif,8,AP
87.07,33.39,66.36,27.28,45.96,6.53,114.06,sorghum,Kharif,9,AP
90.77,48.86,73.12,29.69,55.13,6.97,90.8,sorghum,Kharif,8,RJ
31.72,52.39,68.03,27.61,59.24,7.62,71.18,sorghum,Kharif,9,RJ
87.15,29.89,57.62,29.7,49.18,6.74,93.6,sorghum,Kharif,7,AP
74.93,50.73,74.37,30.04,68.4,7.19,60.57,sorghum,Kharif,8,AP
76.93,58.45,40.38,31.04,53.63,7.42,63.66,sorghum,Kharif,7,RJ
63.38,49.61,39.22,32.76,68.44,7.26,84.22,sorghum,Kharif,6,MH
86.09,52.89,72.71,28.6,53.9,7.8,60.09,sorghum,Kharif,10,TS
45.36,49.61,34.0,32.43,67.28,7.27,81.98,sorghum,Kharif,8,AP
101.28,45.18,23.42,31.04,69.12,6.52,40.6,sorghum,Kharif,6,MH
89.43,32.15,88.39,34.83,61.61,6.96,70.61,sorghum,Kharif,7,TS
115.42,33.64,77.59,36.14,65.4,6.96,53.88,sorghum,Kharif,9,AP
108.0,48.06,28.29,29.34,69.98,5.94,62.64,sorghum,Kharif,9,AP
77.87,49.51,14.73,28.29,63.7,6.52,97.38,sorghum,Kharif,7,KA
62.44,61.27,53.08,29.72,69.6,7.18,114.93,sorghum,Kharif,6,TS
66.99,53.54,50.96,29.77,56.67,6.13,75.76,sorghum,Kharif,8,RJ
42.53,38.23,70.37,32.91,74.67,6.41,68.66,sorghum,Kharif,6,MH
72.04,52.77,68.09,34.1,64.01,7.06,70.46,sorghum,Kharif,9,TS
52.8,75.92,65.95,25.71,71.22,6.86,85.92,sorghum,Kharif,8,MH
87.91,73.25,61.04,33.91,50.03,6.18,88.81,sorghum,Kharif,7,RJ
81.71,69.55,73.26,34.18,74.47,7.03,84.72,sorghum,Kharif,7,KA
108.5,75.48,85.49,28.1,60.13,7.71,61.52,sorghum,Kharif,10,KA
102.14,32.29,78.23,34.04,73.48,6.92,64.3,sorghum,Kharif,7,TS
73.97,37.48,23.17,27.96,67.12,6.01,58.2,sorghum,Kharif,10,KA
100.84,43.97,22.25,30.84,59.66,6.17,84.68,sorghum,Kharif,7,KA
49.56,54.85,65.68,29.95,78.05,6.76,51.79,sorghum,Kharif,9,MH
101.63,35.14,35.82,29.2,74.81,7.34,45.86,sorghum,Kharif,9,AP
111.23,55.94,66.77,29.32,73.02,6.79,84.06,sorghum,Kharif,10,MH
77.15,29.83,43.82,35.56,75.07,7.52,87.24,sorghum,Kharif,8,RJ
90.34,25.81,32.6,29.8,66.97,6.44,79.32,sorghum,Kharif,10,TS
57.9,40.76,72.39,24.86,48.07,7.42,58.51,pearl_millet,Kharif,6,GJ
82.77,57.56,24.91,27.83,68.05,8.13,43.59,pearl_millet,Kharif,6,UP
51.85,59.06,14.96,27.17,57.86,6.0,46.47,pearl_millet,Kharif,10,HR
79.05,55.65,58.35,27.05,74.02,7.21,67.79,pearl_millet,Kharif,10,HR
93.89,30.59,47.36,33.69,54.49,7.97,61.74,pearl_millet,Kharif,8,UP
58.87,12.59,59.43,30.56,71.53,6.15,30.61,pearl_millet,Kharif,7,RJ
48.69,36.87,16.56,32.83,70.73,7.9,34.97,pearl_millet,Kharif,9,MH
33.88,27.64,25.63,27.74,61.75,7.25,39.78,pearl_millet,Kharif,7,UP
63.69,25.39,34.95,35.15,51.14,7.19,42.06,pearl_millet,Kharif,10,HR
85.27,36.74,69.18,36.81,50.33,6.52,30.14,pearl_millet,Kharif,9,HR
51.65,18.6,56.51,28.66,68.19,7.19,78.7,pearl_millet,Kharif,9,UP
92.72,42.25,19.38,31.89,49.34,6.4,28.21,pearl_millet,Kharif,10,MH
64.07,29.99,66.25,24.63,64.03,7.5,82.75,pearl_millet,Kharif,9,HR
75.96,30.72,28.75,24.15,68.72,7.15,56.31,pearl_millet,Kharif,7,HR
74.19,46.74,34.19,26.07,42.09,7.87,30.95,pearl_millet,Kharif,9,UP
105.4,28.79,23.95,32.34,51.19,6.34,81.95,pearl_millet,Kharif,7,RJ
74.12,22.28,33.28,29.43,61.14,7.5,57.68,pearl_millet,Kharif,7,UP
97.85,53.64,65.34,29.11,73.6,7.82,76.7,pearl_millet,Kharif,6,UP
32.97,37.53,26.75,28.39,71.27,7.52,70.28,pearl_millet,Kharif,9,RJ
45.98,37.93,20.21,36.76,59.05,6.29,64.12,pearl_millet,Kharif,10,GJ
74.76,58.1,32.5,27.79,70.57,7.44,15.0,pearl_millet,Kharif,8,RJ
50.15,62.02,23.35,30.17,59.22,6.27,56.42,pearl_millet,Kharif,6,RJ
45.81,64.17,55.03,34.34,42.16,6.55,44.49,pearl_millet,Kharif,7,MH
33.98,27.63,10.12,37.19,57.71,7.78,82.44,pearl_millet,Kharif,6,GJ
37.92,10.0,62.01,32.43,43.48,6.16,95.0,pearl_millet,Kharif,6,RJ
90.95,52.19,38.37,37.85,50.08,5.92,83.13,pearl_millet,Kharif,8,UP
68.43,53.29,30.26,28.13,49.17,7.69,65.37,pearl_millet,Kharif,10,MH
47.02,52.37,68.02,35.25,62.31,6.03,52.92,pearl_millet,Kharif,8,MH
56.89,41.71,42.64,25.16,72.16,5.88,53.33,pearl_millet,Kharif,7,GJ
88.01,50.86,34.93,36.55,72.78,7.17,42.14,pearl_millet,Kharif,10,MH
32.66,13.25,58.53,37.84,60.41,6.14,51.56,pearl_millet,Kharif,10,RJ
87.17,22.23,25.53,33.1,53.89,6.96,54.48,pearl_millet,Kharif,6,MH
77.2,71.65,50.37,30.71,49.21,7.34,57.56,pearl_millet,Kharif,6,MH
61.62,62.16,16.06,35.89,53.65,6.69,40.22,pearl_millet,Kharif,9,MH
60.04,58.14,54.89,29.79,49.45,6.41,81.59,pearl_millet,Kharif,10,UP
90.7,53.29,38.83,30.9,58.16,7.31,74.47,pearl_millet,Kharif,8,GJ
77.22,58.41,13.46,36.19,59.51,6.09,62.06,pearl_millet,Kharif,8,RJ
46.64,29.72,64.48,36.36,69.72,7.18,73.89,pearl_millet,Kharif,6,MH
76.33,54.96,18.37,25.92,56.38,7.79,60.17,pearl_millet,Kharif,9,HR
96.92,48.85,62.03,33.04,48.55,8.02,68.92,pearl_millet,Kharif,10,RJ
89.61,21.19,66.91,27.39,53.88,6.62,47.19,pearl_millet,Kharif,6,UP
62.89,31.67,40.99,32.52,70.67,6.71,58.2,pearl_millet,Kharif,10,GJ
86.4,53.71,48.46,29.38,56.35,6.74,49.97,pearl_millet,Kharif,6,UP
38.52,51.17,53.61,29.7,57.34,8.2,76.02,pearl_millet,Kharif,9,UP
95.2,39.92,53.98,28.88,48.9,6.69,68.74,pearl_millet,Kharif,10,GJ
46.03,38.59,39.17,28.34,47.58,7.76,84.09,pearl_millet,Kharif,6,RJ
33.8,43.01,42.86,28.49,44.7,7.35,45.22,pearl_millet,Kharif,9,UP
71.14,30.75,70.97,26.9,65.23,6.72,62.9,pearl_millet,Kharif,7,MH
53.39,33.09,13.92,26.43,69.41,7.6,49.6,pearl_millet,Kharif,8,UP
44.92,51.02,24.91,33.7,71.16,6.66,69.34,pearl_millet,Kharif,9,RJ
51.89,23.84,20.02,31.77,40.84,6.43,43.81,pearl_millet,Kharif,9,HR
99.38,44.54,37.91,36.77,63.81,7.04,66.7,pearl_millet,Kharif,10,HR
78.3,30.73,17.98,29.88,63.22,7.48,52.92,pearl_millet,Kharif,10,GJ
94.0,57.44,57.31,40.38,45.47,7.36,75.61,pearl_millet,Kharif,7,GJ
87.78,20.47,26.3,36.0,52.84,6.61,51.1,pearl_millet,Kharif,8,UP
87.91,42.12,36.99,33.72,53.66,7.72,88.48,pearl_millet,Kharif,8,HR
52.74,54.33,36.51,31.45,41.52,6.98,69.25,pearl_millet,Kharif,9,GJ
71.08,32.29,12.32,32.42,50.62,7.1,40.36,pearl_millet,Kharif,8,HR
51.86,40.24,60.42,28.57,70.7,7.58,27.24,pearl_millet,Kharif,7,RJ
53.35,53.34,55.18,25.59,62.22,7.79,66.04,pearl_millet,Kharif,6,MH
31.2,60.7,32.25,26.14,41.18,5.89,29.99,pearl_millet,Kharif,6,HR
48.33,61.41,43.86,24.51,64.04,6.95,50.88,pearl_millet,Kharif,10,GJ
77.4,19.95,8.83,37.67,55.55,6.96,52.93,pearl_millet,Kharif,6,HR
54.5,59.94,11.79,26.6,70.53,6.59,69.33,pearl_millet,Kharif,7,GJ
71.94,48.0,39.1,30.52,62.61,7.42,46.62,pearl_millet,Kharif,9,GJ
39.48,62.69,71.28,24.71,64.42,6.9,25.44,pearl_millet,Kharif,10,RJ
48.26,35.15,36.0,33.58,60.87,7.32,52.14,pearl_millet,Kharif,7,GJ
100.08,21.74,41.18,25.98,57.27,7.87,66.69,pearl_millet,Kharif,6,GJ
56.59,19.39,17.81,34.21,60.58,6.13,56.56,pearl_millet,Kharif,7,RJ
38.51,36.61,53.52,35.58,63.46,7.08,58.79,pearl_millet,Kharif,10,MH
41.55,33.93,39.49,33.88,59.68,7.92,42.4,pearl_millet,Kharif,9,RJ
79.42,16.9,62.01,32.85,73.34,7.97,42.92,pearl_millet,Kharif,9,HR
59.87,42.25,44.87,25.14,63.89,7.05,62.67,pearl_millet,Kharif,9,UP
47.71,31.37,44.15,33.53,51.18,5.93,42.48,pearl_millet,Kharif,8,MH
66.95,44.64,59.6,35.96,64.62,5.86,58.01,pearl_millet,Kharif,7,RJ
29.73,27.09,20.54,28.22,71.95,6.26,45.55,pearl_millet,Kharif,7,HR
43.97,49.57,44.02,31.64,55.1,6.79,33.95,pearl_millet,Kharif,8,UP
86.58,65.03,28.75,34.89,58.02,7.95,50.93,pearl_millet,Kharif,10,GJ
49.54,34.86,59.54,29.79,45.74,7.88,66.89,pearl_millet,Kharif,10,MH
51.11,48.28,23.26,24.54,74.81,6.03,82.39,pearl_millet,Kharif,6,MH
58.29,50.27,50.82,29.05,65.95,7.01,42.9,pearl_millet,Kharif,10,GJ
86.57,46.3,65.73,29.83,54.28,7.69,32.16,pearl_millet,Kharif,10,UP
77.64,8.5,52.6,32.35,46.81,7.3,63.06,pearl_millet,Kharif,9,GJ
50.29,55.96,44.75,37.12,37.79,7.34,70.78,pearl_millet,Kharif,7,UP
55.79,34.95,42.82,29.6,73.05,7.97,57.02,pearl_millet,Kharif,9,MH
87.79,57.4,29.0,34.2,52.77,7.46,55.22,pearl_millet,Kharif,7,UP
49.55,33.95,19.69,29.15,77.4,6.49,58.42,pearl_millet,Kharif,7,RJ
83.45,43.87,38.39,34.5,44.98,6.32,59.24,pearl_millet,Kharif,7,MH
69.62,18.5,43.01,31.57,54.25,7.96,48.26,pearl_millet,Kharif,6,UP
53.12,37.09,40.25,37.68,67.74,7.57,89.74,pearl_millet,Kharif,9,HR
45.8,34.07,31.43,29.84,50.56,7.0,65.67,pearl_millet,Kharif,8,UP
103.42,38.92,60.06,29.63,52.31,6.79,68.5,pearl_millet,Kharif,8,UP
38.29,55.87,69.92,34.5,53.49,6.65,79.01,pearl_millet,Kharif,6,MH
48.55,40.1,56.45,25.45,59.71,5.78,40.41,pearl_millet,Kharif,9,UP
63.82,58.1,32.44,25.89,62.73,7.36,32.11,pearl_millet,Kharif,6,GJ
41.59,35.08,58.16,28.75,39.83,6.97,36.07,pearl_millet,Kharif,6,HR
64.68,39.46,25.82,28.61,44.68,7.13,64.45,pearl_millet,Kharif,9,GJ
85.41,47.82,69.66,25.96,55.21,7.84,52.11,pearl_millet,Kharif,10,GJ
33.7,57.64,60.1,29.62,50.14,7.68,49.08,pearl_millet,Kharif,8,GJ
84.09,46.1,38.33,34.38,42.98,5.98,33.58,pearl_millet,Kharif,8,MH
45.56,27.06,47.63,31.32,63.07,6.74,34.51,pearl_millet,Kharif,7,RJ
63.64,49.35,49.76,33.52,41.16,6.77,39.14,pearl_millet,Kharif,7,HR
55.57,39.1,80.0,32.27,51.84,6.13,18.35,pearl_millet,Kharif,8,RJ
46.86,63.65,26.26,32.73,50.9,5.99,45.4,pearl_millet,Kharif,9,RJ
72.0,45.58,53.01,32.07,72.51,6.05,68.52,pearl_millet,Kharif,6,MH
81.97,22.77,53.94,32.54,66.13,7.69,63.59,pearl_millet,Kharif,6,UP
67.0,50.59,24.85,30.87,70.56,7.04,62.36,pearl_millet,Kharif,6,UP
75.11,30.92,26.75,37.76,59.18,7.25,23.66,pearl_millet,Kharif,9,MH
81.33,52.42,15.91,30.19,42.45,7.05,92.45,pearl_millet,Kharif,9,MH
88.12,33.48,49.32,30.93,48.75,6.06,51.02,pearl_millet,Kharif,9,HR
72.3,60.3,54.92,28.41,68.26,6.87,59.95,pearl_millet,Kharif,9,GJ
54.13,47.64,63.86,33.97,60.45,7.32,21.77,pearl_millet,Kharif,9,RJ
43.76,40.28,67.63,29.27,63.93,7.89,66.55,pearl_millet,Kharif,9,UP
57.38,30.97,47.63,29.87,48.31,6.95,56.18,pearl_millet,Kharif,7,MH
69.53,55.74,38.09,36.25,65.54,6.65,48.01,pearl_millet,Kharif,9,MH
42.66,18.67,23.87,31.2,50.29,6.77,60.84,pearl_millet,Kharif,8,GJ
59.66,54.45,20.63,31.63,52.49,6.25,33.6,pearl_millet,Kharif,7,MH
34.03,58.85,24.18,38.07,63.11,6.98,88.28,pearl_millet,Kharif,7,RJ
66.52,43.38,47.49,33.43,58.67,7.69,58.17,pearl_millet,Kharif,7,UP
92.95,29.81,28.73,28.21,58.48,7.46,50.66,pearl_millet,Kharif,9,GJ
51.54,17.51,61.89,31.93,67.82,7.01,59.03,pearl_millet,Kharif,6,GJ
46.82,62.98,15.38,34.22,61.86,6.17,47.82,pearl_millet,Kharif,10,HR
41.45,31.85,25.05,38.62,52.28,6.56,73.5,pearl_millet,Kharif,9,GJ
85.46,63.13,55.52,29.09,47.39,6.72,48.59,pearl_millet,Kharif,10,UP
34.62,47.19,59.65,36.27,57.13,6.26,71.43,pearl_millet,Kharif,8,RJ
40.79,33.71,47.18,25.69,60.99,6.52,68.25,pearl_millet,Kharif,9,MH
29.55,47.29,56.31,25.06,44.28,7.46,73.26,pearl_millet,Kharif,9,RJ
91.27,14.62,39.22,34.47,66.1,7.76,63.36,pearl_millet,Kharif,10,RJ
26.73,20.39,61.69,28.08,70.01,7.68,36.78,pearl_millet,Kharif,8,UP
62.12,39.03,56.52,25.02,75.87,7.4,47.28,pearl_millet,Kharif,7,HR
52.03,16.76,62.36,26.56,66.66,7.61,80.65,pearl_millet,Kharif,7,GJ
61.27,66.82,48.18,39.55,47.24,7.17,28.85,pearl_millet,Kharif,8,HR
78.98,14.34,58.34,32.13,70.24,6.24,76.22,pearl_millet,Kharif,7,HR
97.49,46.69,12.7,30.23,59.12,7.19,50.91,pearl_millet,Kharif,10,HR
79.62,39.96,27.67,34.91,60.92,6.7,75.1,pearl_millet,Kharif,10,MH
74.85,38.8,22.58,24.28,48.25,7.94,59.41,pearl_millet,Kharif,8,RJ
51.3,53.25,43.18,33.6,75.81,6.61,35.98,pearl_millet,Kharif,7,RJ
48.58,40.0,47.95,32.97,69.36,7.4,44.55,pearl_millet,Kharif,7,HR
98.03,68.6,24.6,29.03,75.39,6.67,57.1,pearl_millet,Kharif,9,HR
81.38,70.27,47.89,32.23,64.18,7.39,30.35,pearl_millet,Kharif,7,GJ
57.89,14.08,42.19,33.18,55.44,6.09,74.27,pearl_millet,Kharif,6,MH
90.79,37.05,13.93,27.45,54.41,7.18,51.24,pearl_millet,Kharif,9,GJ
68.31,56.37,32.45,29.38,58.09,7.14,77.08,pearl_millet,Kharif,6,MH
70.32,21.85,49.2,26.9,49.0,6.9,22.5,pearl_millet,Kharif,6,HR
34.36,45.64,46.23,27.27,65.03,6.27,78.92,pearl_millet,Kharif,6,MH
33.59,61.68,11.79,25.88,48.19,7.94,27.04,pearl_millet,Kharif,8,RJ
82.63,56.28,27.5,26.08,70.14,5.75,55.69,pearl_millet,Kharif,7,UP
58.13,56.17,52.8,28.53,63.91,7.78,62.91,pearl_millet,Kharif,9,RJ
65.59,29.44,42.68,36.24,43.52,6.93,50.43,pearl_millet,Kharif,10,HR
75.59,36.87,26.02,29.97,73.42,6.77,46.01,pearl_millet,Kharif,8,RJ
54.22,48.55,37.5,33.12,70.98,8.06,72.34,pearl_millet,Kharif,9,MH
82.64,51.3,23.35,29.89,47.26,6.92,37.41,pearl_millet,Kharif,6,MH
33.1,48.68,52.32,36.61,57.73,7.51,44.01,pearl_millet,Kharif,8,HR
53.66,26.9,61.85,31.14,61.41,6.69,35.35,pearl_millet,Kharif,9,GJ
100.39,64.29,31.14,31.13,66.41,6.47,58.61,pearl_millet,Kharif,7,MH
75.36,19.39,61.79,34.06,43.01,7.13,62.33,pearl_millet,Kharif,7,RJ
64.0,50.59,29.94,26.5,67.35,6.17,74.21,pearl_millet,Kharif,8,HR
62.75,67.71,33.39,32.64,69.91,6.62,62.75,pearl_millet,Kharif,7,RJ
38.38,33.57,45.36,29.18,54.59,7.83,46.51,pearl_millet,Kharif,7,UP
37.78,25.43,14.39,37.44,41.29,6.53,29.6,pearl_millet,Kharif,6,HR
48.93,21.05,43.18,32.4,69.92,6.84,69.58,pearl_millet,Kharif,8,RJ
69.69,61.66,64.79,29.42,59.52,6.19,47.84,pearl_millet,Kharif,10,GJ
33.89,37.81,40.97,30.26,70.15,7.51,45.5,pearl_millet,Kharif,8,GJ
72.48,57.37,67.17,39.67,61.27,7.84,34.48,pearl_millet,Kharif,6,RJ
65.4,42.47,67.52,34.3,66.37,7.57,81.09,pearl_millet,Kharif,8,MH
28.02,38.32,45.03,31.05,62.77,7.96,52.14,pearl_millet,Kharif,9,MH
51.44,59.19,48.86,35.58,66.02,6.52,29.37,pearl_millet,Kharif,8,RJ
76.07,25.47,60.78,35.46,63.14,8.09,43.08,pearl_millet,Kharif,8,MH
50.04,30.16,63.25,30.08,60.66,6.72,65.68,pearl_millet,Kharif,6,MH
72.9,66.79,20.22,33.13,64.6,5.88,43.17,pearl_millet,Kharif,8,MH
64.06,63.05,24.92,30.27,63.7,6.25,31.28,pearl_millet,Kharif,9,HR
34.68,20.69,62.53,25.91,73.26,5.91,70.33,pearl_millet,Kharif,8,MH
54.88,25.14,55.28,32.19,55.0,6.31,71.97,pearl_millet,Kharif,7,MH
63.87,22.07,68.1,27.52,57.71,7.96,44.68,pearl_millet,Kharif,9,RJ
92.59,23.04,14.67,34.97,73.21,7.22,90.73,pearl_millet,Kharif,8,HR
45.19,37.83,57.85,29.2,73.99,5.88,59.25,pearl_millet,Kharif,10,UP
55.19,62.14,58.03,34.93,49.57,6.48,50.79,pearl_millet,Kharif,8,HR
36.64,20.74,50.76,32.16,47.41,6.22,21.88,pearl_millet,Kharif,7,MH
45.57,33.6,17.48,31.04,42.99,6.76,73.55,pearl_millet,Kharif,7,UP
71.84,33.41,20.47,29.18,65.48,7.69,86.03,pearl_millet,Kharif,7,RJ
73.74,16.4,43.0,36.22,64.05,6.53,15.0,pearl_millet,Kharif,9,MH
99.42,27.78,51.93,28.82,58.93,7.3,21.18,pearl_millet,Kharif,10,MH
41.55,51.68,20.26,29.38,72.15,7.87,70.79,pearl_millet,Kharif,9,RJ
49.73,17.35,23.11,31.84,54.76,7.84,59.05,pearl_millet,Kharif,8,HR
58.64,24.34,36.81,33.7,61.04,6.7,41.69,pearl_millet,Kharif,10,HR
83.04,25.89,19.05,32.87,63.74,7.8,57.75,pearl_millet,Kharif,6,GJ
47.53,18.36,22.51,34.19,53.09,6.93,65.63,pearl_millet,Kharif,8,GJ
88.48,21.12,38.37,29.35,67.7,6.54,63.35,pearl_millet,Kharif,9,MH
54.23,26.01,35.6,32.4,72.91,7.08,69.24,pearl_millet,Kharif,6,UP
51.42,30.09,47.23,32.57,70.08,7.8,35.79,pearl_millet,Kharif,8,UP
26.48,33.6,49.23,37.6,58.85,6.43,59.46,pearl_millet,Kharif,8,HR
21.49,61.53,62.16,29.02,68.42,6.68,81.77,pearl_millet,Kharif,10,RJ
37.85,58.12,68.43,28.95,44.61,6.23,58.8,pearl_millet,Kharif,9,UP
91.39,42.79,62.77,28.63,46.28,6.01,54.9,pearl_millet,Kharif,7,GJ
61.77,41.48,18.78,27.83,43.96,6.45,91.4,pearl_millet,Kharif,6,GJ
47.38,17.71,29.29,32.67,40.32,6.72,61.99,pearl_millet,Kharif,9,MH
93.08,44.67,26.47,33.15,54.99,6.06,47.34,pearl_millet,Kharif,7,UP
79.34,58.99,16.29,28.36,54.55,6.65,49.74,pearl_millet,Kharif,6,UP
73.52,25.13,27.32,29.32,63.41,8.03,64.79,pearl_millet,Kharif,8,HR
59.97,22.77,48.76,30.52,41.82,7.75,67.14,pearl_millet,Kharif,6,GJ
52.63,27.27,63.43,25.04,51.2,5.97,18.85,pearl_millet,Kharif,9,RJ
74.23,38.17,20.79,36.92,63.31,7.74,70.89,pearl_millet,Kharif,10,HR
82.99,45.16,51.15,29.45,43.79,6.57,68.68,pearl_millet,Kharif,10,GJ
63.42,29.13,63.43,32.63,41.26,7.29,67.65,pearl_millet,Kharif,6,GJ
76.78,61.73,23.26,26.66,62.16,7.76,66.93,pearl_millet,Kharif,10,RJ
45.03,32.05,25.68,31.2,38.96,6.9,67.37,pearl_millet,Kharif,9,RJ
80.24,50.07,56.88,32.69,44.73,7.39,74.23,pearl_millet,Kharif,7,UP
33.44,59.14,70.36,29.07,71.33,6.52,71.61,pearl_millet,Kharif,10,MH
100.09,61.49,53.23,37.1,58.67,5.71,15.52,pearl_millet,Kharif,9,RJ
100.93,60.59,32.86,36.59,54.84,6.3,54.27,pearl_millet,Kharif,6,UP
35.1,36.79,58.71,32.64,41.73,6.88,38.11,pearl_millet,Kharif,6,MH
94.84,20.59,31.82,29.23,54.34,7.22,87.02,pearl_millet,Kharif,9,RJ
71.36,48.23,53.99,24.65,48.95,7.34,70.05,pearl_millet,Kharif,9,GJ
34.04,37.82,66.4,29.51,64.82,7.66,49.29,pearl_millet,Kharif,10,RJ
43.03,71.2,58.4,27.52,59.43,5.72,41.64,pearl_millet,Kharif,7,UP
36.39,39.74,46.4,25.81,41.4,7.24,40.64,pearl_millet,Kharif,6,MH
83.39,63.01,33.06,34.98,68.98,6.68,68.29,pearl_millet,Kharif,9,GJ
95.3,36.35,62.16,28.14,62.73,6.25,58.12,pearl_millet,Kharif,7,GJ
73.4,45.46,40.11,32.75,52.99,7.54,49.06,pearl_millet,Kharif,6,MH
54.51,34.11,58.77,30.69,56.09,7.75,70.02,pearl_millet,Kharif,9,GJ
75.38,40.95,54.69,34.67,55.49,7.81,22.05,pearl_millet,Kharif,7,GJ
67.23,28.45,44.26,33.21,50.5,6.9,73.77,pearl_millet,Kharif,10,UP
95.57,17.12,16.59,31.84,58.77,7.41,29.07,pearl_millet,Kharif,6,UP
80.1,26.13,52.19,25.1,69.14,7.3,75.22,pearl_millet,Kharif,8,HR
32.74,39.75,42.28,32.82,43.87,7.37,36.76,pearl_millet,Kharif,9,GJ
92.04,43.64,61.33,30.58,66.39,7.18,31.38,pearl_millet,Kharif,8,RJ
54.18,57.91,40.19,26.46,60.3,6.49,17.7,pearl_millet,Kharif,6,HR
78.95,44.95,22.27,24.9,62.51,6.42,39.27,pearl_millet,Kharif,10,MH
77.83,64.6,57.89,24.94,51.11,6.25,74.67,pearl_millet,Kharif,6,HR
56.8,46.52,49.54,35.21,64.53,6.42,56.34,pearl_millet,Kharif,10,MH
57.07,40.75,8.14,35.35,45.64,7.65,62.68,pearl_millet,Kharif,6,MH
27.39,32.96,27.7,28.43,56.82,6.78,56.94,pearl_millet,Kharif,7,UP
84.05,17.05,71.64,29.83,66.2,6.68,73.01,pearl_millet,Kharif,8,UP
40.11,23.69,28.73,31.42,52.33,6.76,50.75,pearl_millet,Kharif,7,UP
65.84,24.97,54.47,34.8,46.97,6.49,56.84,pearl_millet,Kharif,6,UP
55.29,30.54,46.91,23.85,75.55,7.51,44.69,pearl_millet,Kharif,7,HR
66.17,30.95,32.07,29.23,44.44,6.86,80.04,pearl_millet,Kharif,6,GJ
65.01,50.03,37.7,32.49,56.97,6.22,60.38,pearl_millet,Kharif,6,UP
32.34,51.93,43.96,35.02,46.19,6.68,35.19,pearl_millet,Kharif,6,GJ
74.98,48.29,32.35,30.89,50.62,6.48,32.51,pearl_millet,Kharif,10,HR
50.74,31.57,23.37,26.28,52.69,6.71,85.67,pearl_millet,Kharif,10,HR
39.3,32.67,27.62,31.01,35.0,7.55,33.99,pearl_millet,Kharif,9,HR
54.24,34.43,56.18,24.95,46.82,7.46,83.96,pearl_millet,Kharif,10,HR
56.95,38.44,36.87,32.62,64.2,6.84,57.52,pearl_millet,Kharif,8,RJ
72.45,66.99,23.02,31.2,58.02,7.12,70.43,pearl_millet,Kharif,6,MH
85.17,27.37,28.85,29.96,42.24,6.88,76.16,pearl_millet,Kharif,6,RJ
58.54,69.9,59.77,24.45,61.35,7.78,74.87,pearl_millet,Kharif,10,RJ
54.86,20.99,42.3,34.59,53.89,7.93,30.18,pearl_millet,Kharif,10,MH
39.58,18.95,43.67,35.93,45.56,7.81,30.47,pearl_millet,Kharif,8,HR
47.09,23.24,45.74,28.96,55.04,6.93,72.03,pearl_millet,Kharif,6,UP
91.6,43.47,62.41,27.64,55.43,6.23,96.02,finger_millet,Kharif,7,OD
77.94,51.32,69.76,28.47,80.32,5.68,69.78,finger_millet,Kharif,10,AP
46.37,50.76,29.27,25.85,73.62,7.26,96.96,finger_millet,Kharif,7,TN
94.92,29.25,77.38,26.16,72.58,5.29,84.2,finger_millet,Kharif,8,OD
101.65,56.74,40.9,30.28,72.4,5.68,68.89,finger_millet,Kharif,10,MH
44.89,48.32,62.85,26.22,80.8,5.51,92.02,finger_millet,Kharif,8,KA
98.09,35.73,54.17,21.11,75.59,6.69,125.24,finger_millet,Kharif,8,TN
39.03,51.68,73.9,28.54,66.4,6.86,107.59,finger_millet,Kharif,10,TN
85.2,55.92,70.59,30.44,59.13,6.41,59.36,finger_millet,Kharif,7,OD
52.1,48.96,40.87,32.6,66.83,6.09,66.59,finger_millet,Kharif,6,OD
76.16,50.69,45.23,22.28,62.79,5.97,54.53,finger_millet,Kharif,6,OD
98.43,55.66,63.33,28.25,58.54,6.77,75.18,finger_millet,Kharif,6,TN
67.5,39.53,64.4,23.05,64.26,6.73,86.79,finger_millet,Kharif,7,MH
77.7,43.85,71.8,24.37,53.89,6.43,67.28,finger_millet,Kharif,9,TN
68.33,39.36,67.07,20.84,81.27,6.58,76.95,finger_millet,Kharif,7,OD
95.38,50.87,44.46,27.05,77.26,6.82,112.28,finger_millet,Kharif,7,TN
77.05,64.42,27.26,25.96,78.12,6.38,102.68,finger_millet,Kharif,6,MH
65.87,50.16,72.45,31.25,79.99,6.47,49.61,finger_millet,Kharif,8,KA
67.19,62.74,27.52,25.99,72.37,6.5,94.78,finger_millet,Kharif,6,TN
44.55,33.31,58.93,24.67,76.28,6.15,96.49,finger_millet,Kharif,7,MH
53.81,36.44,34.9,27.09,76.08,5.78,78.67,finger_millet,Kharif,7,OD
112.69,64.15,81.89,31.93,73.71,6.63,45.0,finger_millet,Kharif,9,OD
67.73,54.55,66.86,26.69,80.78,5.78,132.16,finger_millet,Kharif,9,KA
72.07,27.32,51.48,26.94,76.53,5.47,111.06,finger_millet,Kharif,8,KA
63.35,21.19,34.86,32.0,69.46,6.63,82.71,finger_millet,Kharif,9,MH
96.67,46.8,48.05,25.46,55.02,5.48,85.89,finger_millet,Kharif,9,OD
40.12,33.32,60.12,28.01,68.38,6.73,98.47,finger_millet,Kharif,8,AP
46.49,66.55,38.03,24.29,51.75,6.62,102.76,finger_millet,Kharif,10,KA
66.83,73.89,27.82,29.47,73.09,6.71,66.51,finger_millet,Kharif,10,OD
99.9,20.95,23.97,30.54,75.86,6.3,107.59,finger_millet,Kharif,7,AP
64.01,16.2,66.33,28.81,58.43,6.06,86.79,finger_millet,Kharif,10,OD
86.42,53.3,38.64,32.15,74.36,6.47,93.95,finger_millet,Kharif,7,MH
72.94,25.48,45.57,24.3,81.47,6.25,88.11,finger_millet,Kharif,7,OD
50.24,42.82,20.26,24.06,71.79,6.29,67.17,finger_millet,Kharif,9,TN
72.98,60.88,70.13,26.7,69.58,5.58,108.48,finger_millet,Kharif,9,AP
60.76,29.97,34.89,28.78,58.98,6.0,94.41,finger_millet,Kharif,10,AP
61.29,45.32,60.9,30.88,80.29,6.23,100.13,finger_millet,Kharif,8,OD
48.52,37.08,20.97,26.61,60.62,5.77,111.34,finger_millet,Kharif,8,OD
105.99,29.55,41.54,28.31,83.83,6.56,94.43,finger_millet,Kharif,7,AP
65.7,23.89,55.59,23.06,78.65,5.64,87.27,finger_millet,Kharif,8,OD
54.32,52.3,40.55,24.65,71.9,6.89,71.89,finger_millet,Kharif,9,AP
79.94,48.47,25.81,26.62,68.3,6.41,97.72,finger_millet,Kharif,7,AP
85.75,57.33,29.65,24.5,56.29,6.39,74.57,finger_millet,Kharif,8,MH
69.95,31.3,23.61,25.21,64.25,6.41,105.95,finger_millet,Kharif,7,AP
80.32,25.32,44.73,25.42,70.16,5.97,87.44,finger_millet,Kharif,6,OD
81.89,41.54,64.96,21.33,59.0,7.22,117.54,finger_millet,Kharif,6,OD
77.83,46.9,13.42,27.63,60.68,6.56,87.39,finger_millet,Kharif,7,OD
63.95,52.88,49.89,22.31,73.58,6.53,122.37,finger_millet,Kharif,6,OD
68.31,34.57,40.08,23.63,68.31,6.72,88.4,finger_millet,Kharif,8,AP
30.47,31.99,55.61,22.84,65.59,6.49,115.9,finger_millet,Kharif,9,AP
89.59,36.41,37.14,26.11,79.29,6.37,84.96,finger_millet,Kharif,9,TN
97.06,35.41,58.26,27.47,78.26,5.83,57.94,finger_millet,Kharif,6,TN
37.38,54.23,64.97,24.61,75.06,5.74,86.47,finger_millet,Kharif,7,KA
106.47,44.48,41.9,26.18,74.67,6.29,106.76,finger_millet,Kharif,9,TN
67.2,25.27,33.43,26.3,56.73,6.26,111.71,finger_millet,Kharif,8,OD
89.76,50.76,52.79,24.65,74.77,5.72,81.09,finger_millet,Kharif,6,KA
39.79,43.45,31.04,20.75,56.43,6.66,52.68,finger_millet,Kharif,9,TN
76.99,65.84,30.44,27.96,80.51,5.75,77.29,finger_millet,Kharif,8,OD
42.89,62.51,64.6,26.56,75.28,5.24,92.02,finger_millet,Kharif,7,KA
91.22,34.21,61.44,21.99,67.25,6.42,107.96,finger_millet,Kharif,6,TN
80.65,34.1,30.58,23.6,63.3,6.34,86.94,finger_millet,Kharif,10,OD
87.59,75.64,56.98,25.59,55.76,6.88,128.05,finger_millet,Kharif,10,MH
81.95,53.3,69.82,29.41,57.34,6.0,109.7,finger_millet,Kharif,8,MH
104.61,56.9,41.11,26.23,65.85,6.03,70.14,finger_millet,Kharif,6,AP
48.74,63.45,36.56,27.6,59.64,6.83,95.78,finger_millet,Kharif,8,AP
103.28,72.93,31.88,28.07,64.82,5.7,71.16,finger_millet,Kharif,7,KA
37.98,47.5,70.12,22.78,71.26,5.87,59.74,finger_millet,Kharif,7,OD
44.05,65.03,21.09,26.03,63.35,6.35,95.83,finger_millet,Kharif,9,AP
70.77,59.12,48.12,27.23,59.29,5.95,75.18,finger_millet,Kharif,9,TN
104.75,61.77,53.39,29.4,68.88,6.51,115.19,finger_millet,Kharif,9,KA
48.75,43.3,23.28,23.12,67.74,7.19,75.09,finger_millet,Kharif,9,AP
89.18,60.26,68.49,25.37,61.32,6.11,105.45,finger_millet,Kharif,10,OD
58.18,52.51,66.98,25.92,58.77,6.06,98.3,finger_millet,Kharif,9,TN
84.39,54.72,63.81,26.91,68.95,6.99,74.47,finger_millet,Kharif,10,TN
71.84,64.49,51.25,27.5,85.79,5.52,91.42,finger_millet,Kharif,7,TN
45.06,48.47,19.64,27.67,78.09,6.91,74.53,finger_millet,Kharif,8,OD
47.76,44.73,55.54,27.19,76.5,6.64,115.24,finger_millet,Kharif,9,MH
67.17,74.37,38.09,24.66,59.0,7.26,92.5,finger_millet,Kharif,9,TN
90.79,30.45,26.99,24.99,67.84,5.99,90.34,finger_millet,Kharif,6,MH
59.14,50.36,74.41,27.97,69.23,6.84,80.13,finger_millet,Kharif,7,KA
86.1,57.74,59.15,24.16,56.71,5.82,71.9,finger_millet,Kharif,7,TN
92.52,25.42,36.98,22.35,62.78,6.67,117.36,finger_millet,Kharif,6,OD
62.53,65.3,38.17,26.83,68.14,5.25,70.01,finger_millet,Kharif,6,OD
59.0,43.63,21.14,22.41,62.56,5.95,81.47,finger_millet,Kharif,7,TN
80.69,42.01,39.53,22.11,61.3,5.63,127.64,finger_millet,Kharif,10,AP
118.67,60.11,62.38,24.19,52.96,6.58,107.14,finger_millet,Kharif,10,AP
91.11,40.15,73.38,24.02,69.48,6.86,78.09,finger_millet,Kharif,10,MH
57.68,58.0,40.12,24.69,70.89,5.6,86.36,finger_millet,Kharif,10,TN
94.24,28.43,48.64,23.01,70.47,6.15,105.96,finger_millet,Kharif,7,MH
109.4,64.7,50.16,22.48,70.58,6.93,116.29,finger_millet,Kharif,6,TN
97.46,20.48,31.02,23.86,82.96,6.22,58.09,finger_millet,Kharif,8,MH
41.96,19.79,49.92,28.78,55.74,5.69,95.35,finger_millet,Kharif,9,KA
40.72,55.91,41.4,29.04,61.47,5.91,109.08,finger_millet,Kharif,6,OD
84.83,21.96,23.74,23.21,89.99,6.95,68.48,finger_millet,Kharif,6,AP
92.8,46.09,59.26,23.34,68.46,6.83,97.9,finger_millet,Kharif,10,AP
77.22,55.42,47.34,23.83,79.04,5.81,69.8,finger_millet,Kharif,7,KA
72.27,39.18,38.69,27.53,62.32,6.77,96.01,finger_millet,Kharif,6,OD
92.08,46.37,20.13,27.85,56.99,6.94,58.43,finger_millet,Kharif,9,AP
70.42,36.58,51.9,19.75,68.12,5.89,116.71,finger_millet,Kharif,10,KA
51.06,59.43,61.9,22.69,73.28,6.73,122.83,finger_millet,Kharif,9,AP
37.36,36.58,44.83,22.76,53.79,5.74,95.94,finger_millet,Kharif,6,AP
54.52,55.69,26.36,28.64,80.61,6.61,82.5,finger_millet,Kharif,9,TN
111.24,62.78,76.0,24.74,81.11,6.77,75.76,finger_millet,Kharif,6,KA
51.0,61.16,22.98,28.49,78.07,6.35,74.84,finger_millet,Kharif,8,OD
94.25,55.34,59.66,23.51,84.94,7.3,80.65,finger_millet,Kharif,9,OD
94.35,31.01,32.98,25.27,65.43,5.76,84.21,finger_millet,Kharif,9,AP
87.86,60.05,53.43,28.21,82.2,6.6,111.6,finger_millet,Kharif,10,TN
86.23,57.73,31.72,25.95,76.83,5.87,60.65,finger_millet,Kharif,8,KA
114.33,57.61,68.54,21.79,79.25,6.24,101.76,finger_millet,Kharif,6,OD
80.6,37.95,35.5,28.33,71.74,6.76,85.48,finger_millet,Kharif,9,MH
76.1,41.78,31.32,23.92,61.43,6.18,107.25,finger_millet,Kharif,9,MH
44.2,24.99,50.98,26.44,68.22,6.46,58.36,finger_millet,Kharif,8,KA
53.85,65.12,66.72,28.97,70.18,6.59,70.28,finger_millet,Kharif,10,TN
103.35,39.31,30.94,25.7,75.82,5.76,96.53,finger_millet,Kharif,6,MH
83.57,61.25,50.49,20.84,69.03,6.7,93.39,finger_millet,Kharif,8,MH
86.97,35.46,51.08,26.15,75.13,6.73,118.51,finger_millet,Kharif,8,AP
55.28,49.23,60.89,25.81,69.13,6.96,91.84,finger_millet,Kharif,6,MH
100.01,64.64,39.94,27.39,70.19,5.93,93.74,finger_millet,Kharif,6,AP
56.15,67.25,33.23,29.9,80.32,7.09,98.43,finger_millet,Kharif,7,TN
71.28,39.04,34.09,29.13,85.75,5.53,71.29,finger_millet,Kharif,8,KA
39.91,53.14,64.09,27.13,86.4,6.4,91.21,finger_millet,Kharif,10,MH
106.61,46.46,39.68,23.02,66.48,6.48,110.56,finger_millet,Kharif,6,MH
77.09,24.85,28.66,27.26,73.38,6.39,72.75,finger_millet,Kharif,10,MH
88.85,69.52,49.03,27.22,71.96,6.83,76.14,finger_millet,Kharif,7,KA
42.35,23.0,18.61,26.59,68.82,6.3,115.98,finger_millet,Kharif,6,KA
73.81,36.42,44.83,23.59,54.1,6.41,97.6,finger_millet,Kharif,7,MH
64.04,39.81,39.83,25.01,79.56,5.6,114.95,finger_millet,Kharif,6,AP
61.34,62.3,40.71,26.42,83.09,5.64,114.19,finger_millet,Kharif,10,OD
87.27,62.88,31.32,25.24,67.82,5.57,95.08,finger_millet,Kharif,8,KA
92.66,58.67,27.6,27.24,78.1,5.63,68.5,finger_millet,Kharif,10,OD
93.99,55.41,78.1,28.07,58.01,6.04,75.69,finger_millet,Kharif,8,OD
100.29,55.49,39.16,22.15,75.46,6.88,94.38,finger_millet,Kharif,7,AP
109.08,47.54,66.79,24.99,58.02,5.71,113.12,finger_millet,Kharif,8,OD
80.18,24.92,51.86,27.92,86.77,6.58,75.28,finger_millet,Kharif,8,AP
46.88,36.94,23.24,20.58,59.58,6.17,88.88,finger_millet,Kharif,9,AP
108.05,26.64,28.08,24.92,58.07,5.97,97.97,finger_millet,Kharif,7,OD
62.96,43.21,57.7,22.04,88.83,6.16,80.78,finger_millet,Kharif,8,MH
49.1,24.16,49.37,25.87,89.24,6.41,77.26,finger_millet,Kharif,8,TN
72.62,53.25,36.71,25.95,85.8,6.4,79.36,finger_millet,Kharif,7,AP
42.24,59.05,39.89,29.18,73.38,6.29,79.74,finger_millet,Kharif,6,TN
79.58,58.81,25.98,27.06,80.71,5.7,62.19,finger_millet,Kharif,8,MH
43.1,62.2,17.25,28.14,51.29,6.74,106.64,finger_millet,Kharif,10,MH
58.51,33.87,41.93,27.19,59.61,6.47,106.38,finger_millet,Kharif,10,TN
106.01,36.67,71.24,24.19,77.29,6.57,61.29,finger_millet,Kharif,9,MH
96.3,24.3,32.26,24.63,85.8,6.24,90.69,finger_millet,Kharif,6,OD
81.61,40.78,58.28,26.16,67.89,5.86,126.15,finger_millet,Kharif,7,MH
98.56,56.22,33.2,24.41,75.75,5.2,125.58,finger_millet,Kharif,7,TN
38.15,45.7,55.25,22.01,61.03,5.23,72.82,finger_millet,Kharif,6,OD
85.52,63.42,52.42,24.98,68.27,5.82,125.41,finger_millet,Kharif,9,TN
100.69,53.29,43.47,26.64,81.24,6.29,90.34,finger_millet,Kharif,7,TN
108.8,65.56,32.91,30.08,58.46,6.78,53.52,finger_millet,Kharif,6,AP
104.36,49.5,59.45,27.61,80.04,6.48,77.56,finger_millet,Kharif,8,MH
111.42,19.36,42.95,23.98,56.56,6.96,76.34,finger_millet,Kharif,8,KA
41.28,26.97,21.07,26.83,63.49,6.53,82.99,finger_millet,Kharif,6,MH
95.82,53.67,60.78,21.47,57.23,6.39,78.49,finger_millet,Kharif,10,KA
85.21,36.98,62.25,23.06,74.67,6.5,108.3,finger_millet,Kharif,10,KA
69.91,67.89,33.14,25.52,78.77,6.95,128.63,finger_millet,Kharif,7,MH
42.16,55.57,26.19,28.95,55.1,6.85,61.73,finger_millet,Kharif,9,MH
40.62,39.99,53.27,30.24,80.48,7.0,53.09,finger_millet,Kharif,7,KA
76.52,47.56,40.41,29.28,71.74,7.05,87.18,finger_millet,Kharif,6,KA
43.69,40.36,61.22,25.71,59.44,7.09,84.34,finger_millet,Kharif,10,KA
109.78,26.08,60.02,23.03,73.45,6.15,84.47,finger_millet,Kharif,9,MH
83.98,36.18,62.08,25.69,60.56,6.57,85.13,finger_millet,Kharif,9,MH
33.28,37.1,65.88,27.64,82.85,6.46,112.03,finger_millet,Kharif,7,TN
86.45,51.15,32.22,29.53,63.85,6.88,85.47,finger_millet,Kharif,9,KA
109.83,44.12,55.99,22.51,74.12,6.47,69.34,finger_millet,Kharif,8,MH
74.63,22.17,26.77,21.34,72.94,6.35,75.45,finger_millet,Kharif,8,OD
78.13,28.37,56.57,28.63,68.92,5.73,57.86,finger_millet,Kharif,8,TN
34.82,35.86,64.29,26.88,81.95,7.08,91.86,finger_millet,Kharif,6,TN
103.79,50.51,28.15,30.03,79.46,6.06,110.39,finger_millet,Kharif,6,AP
80.58,24.02,27.57,24.78,69.43,5.77,71.65,finger_millet,Kharif,10,TN
54.4,65.35,42.9,25.97,69.31,5.76,108.61,finger_millet,Kharif,8,AP
58.72,48.94,22.87,28.43,63.53,6.01,98.43,finger_millet,Kharif,9,TN
35.07,14.88,58.74,26.95,74.57,5.95,122.09,finger_millet,Kharif,9,OD
70.37,33.28,73.42,31.34,62.24,6.9,109.82,finger_millet,Kharif,8,MH
56.87,40.91,61.86,31.62,78.91,5.26,50.42,finger_millet,Kharif,7,TN
62.8,47.26,52.34,26.16,79.39,6.63,89.89,finger_millet,Kharif,9,TN
77.53,33.73,24.56,25.71,61.53,6.58,92.97,finger_millet,Kharif,8,AP
100.15,33.24,63.69,21.03,60.19,6.76,82.35,finger_millet,Kharif,7,MH
106.7,38.82,32.88,27.98,61.82,6.8,86.74,finger_millet,Kharif,6,KA
78.19,64.72,33.02,23.76,56.41,6.06,128.78,finger_millet,Kharif,9,OD
110.19,39.01,26.69,26.88,83.79,6.55,114.31,finger_millet,Kharif,6,KA
94.93,41.86,29.61,26.54,75.97,5.6,113.17,finger_millet,Kharif,7,KA
110.46,44.82,25.81,26.19,63.77,6.42,69.84,finger_millet,Kharif,10,OD
44.77,52.92,53.4,25.85,72.23,5.77,85.25,finger_millet,Kharif,10,AP
51.55,57.1,47.83,30.99,74.54,7.18,114.48,finger_millet,Kharif,8,MH
51.97,43.02,58.07,22.24,65.55,6.79,99.63,finger_millet,Kharif,7,OD
48.35,24.71,63.94,25.03,54.86,6.12,84.5,finger_millet,Kharif,8,KA
77.09,42.74,50.5,28.1,73.85,5.41,112.51,finger_millet,Kharif,7,AP
92.6,70.14,53.39,24.73,55.01,5.76,88.41,finger_millet,Kharif,10,MH
75.24,75.98,50.68,27.06,64.53,6.77,94.82,finger_millet,Kharif,7,TN
37.24,24.06,64.86,29.32,63.07,5.86,103.41,finger_millet,Kharif,9,MH
106.58,42.44,51.01,29.77,77.08,6.45,93.4,finger_millet,Kharif,10,AP
112.2,60.89,63.46,24.28,59.96,6.04,88.49,finger_millet,Kharif,7,MH
65.36,36.88,55.5,22.73,57.75,5.85,73.67,finger_millet,Kharif,7,KA
84.69,64.55,42.1,21.93,65.44,6.04,105.34,finger_millet,Kharif,10,TN
63.42,67.28,21.03,21.98,70.14,6.83,95.46,finger_millet,Kharif,6,MH
39.35,24.8,43.72,23.88,67.83,5.8,106.87,finger_millet,Kharif,6,MH
40.65,65.46,51.28,21.11,79.88,6.86,73.01,finger_millet,Kharif,8,KA
101.16,36.46,39.94,24.18,74.02,5.71,88.82,finger_millet,Kharif,8,AP
58.73,51.33,44.89,13.63,51.56,7.29,27.31,barley,Rabi,1,RJ
114.23,39.07,79.79,16.49,66.68,6.7,40.04,barley,Rabi,3,RJ
126.87,52.35,30.99,19.61,56.71,6.09,32.33,barley,Rabi,2,RJ
116.33,69.57,82.52,17.08,70.55,7.0,41.03,barley,Rabi,3,MP
112.57,33.26,86.65,18.87,47.91,6.02,57.75,barley,Rabi,3,MP
65.66,75.58,37.35,21.18,61.52,5.88,31.11,barley,Rabi,11,RJ
79.96,45.93,56.89,20.25,58.24,7.24,47.27,barley,Rabi,10,MP
122.16,51.17,47.98,15.15,68.75,6.92,60.65,barley,Rabi,10,PB
73.5,40.93,61.31,18.11,59.5,7.25,49.89,barley,Rabi,3,PB
61.68,41.78,63.74,14.17,61.08,7.16,69.41,barley,Rabi,12,RJ
91.06,46.97,47.67,19.68,57.61,6.78,36.75,barley,Rabi,12,RJ
58.26,25.65,56.62,12.73,62.21,7.4,43.9,barley,Rabi,11,RJ
91.99,74.75,82.97,17.39,60.54,6.31,15.32,barley,Rabi,12,MP
73.2,68.34,71.32,17.06,44.14,6.77,28.38,barley,Rabi,1,RJ
61.2,55.15,74.55,24.28,63.53,6.21,36.84,barley,Rabi,2,UP
117.05,35.22,89.36,17.82,65.94,6.21,35.66,barley,Rabi,11,PB
93.38,68.29,55.36,17.45,62.5,7.26,67.49,barley,Rabi,3,PB
66.39,34.32,61.67,19.39,53.05,6.82,43.95,barley,Rabi,1,HR
124.99,58.55,64.59,17.08,60.69,6.95,67.04,barley,Rabi,12,PB
99.27,68.6,85.76,12.51,54.66,6.01,48.17,barley,Rabi,2,PB
61.24,66.41,33.33,22.21,50.25,6.31,53.28,barley,Rabi,10,RJ
101.42,43.72,41.92,13.64,65.49,7.02,58.84,barley,Rabi,10,HR
112.86,46.7,75.68,14.62,59.88,6.33,30.59,barley,Rabi,10,UP
105.0,35.0,41.89,19.13,66.59,6.25,64.49,barley,Rabi,12,UP
93.52,48.18,56.51,21.81,65.37,6.41,61.31,barley,Rabi,3,RJ
99.35,46.1,27.16,12.97,46.35,6.02,74.49,barley,Rabi,3,RJ
123.35,61.33,37.24,14.57,55.37,6.62,65.17,barley,Rabi,12,UP
68.01,27.02,53.74,14.74,54.72,6.58,39.64,barley,Rabi,3,UP
76.35,64.77,79.74,15.8,69.72,6.15,37.92,barley,Rabi,1,RJ
77.29,50.7,68.9,19.21,56.78,6.83,45.65,barley,Rabi,1,PB
54.57,42.21,39.23,15.27,63.12,6.81,69.77,barley,Rabi,11,UP
82.61,57.1,75.33,14.12,55.97,6.73,27.85,barley,Rabi,12,HR
123.28,44.02,79.19,17.0,57.37,7.03,70.72,barley,Rabi,3,UP
75.98,60.63,69.21,10.43,53.43,6.59,36.76,barley,Rabi,10,MP
111.34,34.49,38.0,14.55,49.59,6.36,44.29,barley,Rabi,10,HR
85.61,23.95,65.83,21.87,58.96,5.81,62.6,barley,Rabi,2,PB
79.45,60.88,40.61,14.37,63.71,6.78,55.86,barley,Rabi,3,UP
96.1,31.37,49.99,14.52,58.5,7.55,66.56,barley,Rabi,3,RJ
82.74,55.97,69.46,18.88,49.35,6.37,32.19,barley,Rabi,1,HR
126.65,61.13,79.47,10.64,55.24,6.14,51.25,barley,Rabi,12,RJ
86.39,60.46,62.66,14.99,63.27,7.09,77.65,barley,Rabi,11,MP
87.96,26.35,40.34,21.99,50.64,6.63,65.2,barley,Rabi,11,UP
85.85,62.07,76.98,18.23,47.79,6.56,40.87,barley,Rabi,10,UP
104.12,69.75,55.2,14.77,63.77,6.67,58.18,barley,Rabi,1,HR
117.0,58.46,69.87,14.3,66.48,6.16,31.46,barley,Rabi,2,PB
109.42,58.53,74.86,21.08,61.25,6.37,73.01,barley,Rabi,10,RJ
88.91,69.07,73.77,25.29,63.61,6.82,71.09,barley,Rabi,1,RJ
120.27,72.17,43.55,14.67,43.73,6.82,57.9,barley,Rabi,11,RJ
107.49,66.59,62.14,15.31,47.5,5.7,66.82,barley,Rabi,10,MP
75.64,35.85,51.97,12.33,47.01,7.12,58.22,barley,Rabi,12,PB
56.54,71.16,37.42,23.13,45.92,7.35,46.19,barley,Rabi,2,PB
106.89,37.44,33.87,20.05,59.49,6.05,31.64,barley,Rabi,3,RJ
104.05,45.31,55.06,14.1,56.07,6.28,61.4,barley,Rabi,12,RJ
111.34,34.46,78.67,19.95,56.92,6.1,62.95,barley,Rabi,1,UP
97.73,21.79,85.95,22.59,61.0,6.16,30.69,barley,Rabi,1,HR
120.73,43.9,45.71,10.71,67.12,6.8,60.07,barley,Rabi,11,PB
55.95,23.75,38.24,20.03,59.35,6.72,60.98,barley,Rabi,1,PB
60.83,72.89,36.58,15.01,71.06,7.42,56.08,barley,Rabi,1,MP
115.68,53.41,70.24,16.28,59.67,7.65,38.46,barley,Rabi,1,RJ
120.67,36.98,77.55,15.41,64.07,7.01,39.62,barley,Rabi,11,MP
99.8,37.3,32.47,22.46,54.62,7.27,60.27,barley,Rabi,1,MP
72.6,45.51,65.4,16.39,63.37,5.93,56.35,barley,Rabi,2,UP
112.64,63.67,62.97,21.24,49.59,7.01,41.26,barley,Rabi,1,UP
94.74,60.57,73.35,16.4,49.38,7.29,58.76,barley,Rabi,1,PB
136.48,59.77,74.78,16.74,43.43,6.8,50.75,barley,Rabi,1,UP
115.84,27.67,59.09,24.38,46.03,6.43,32.13,barley,Rabi,11,MP
94.67,49.83,32.01,19.58,58.1,6.97,61.93,barley,Rabi,10,UP
124.04,43.13,52.94,23.82,47.91,6.98,26.14,barley,Rabi,11,UP
88.9,66.64,74.26,23.18,63.85,6.19,59.23,barley,Rabi,1,HR
78.93,75.31,82.15,23.76,67.02,7.14,55.66,barley,Rabi,2,MP
97.4,51.6,51.64,21.15,63.32,7.05,64.99,barley,Rabi,2,RJ
70.32,48.43,52.61,15.11,51.09,6.14,30.75,barley,Rabi,2,RJ
101.4,68.7,74.83,14.02,50.21,6.12,85.0,barley,Rabi,11,MP
98.65,38.4,56.59,23.3,51.31,6.93,77.11,barley,Rabi,1,PB
118.96,46.29,51.77,20.65,56.1,6.09,44.29,barley,Rabi,2,PB
53.28,53.31,53.45,17.37,63.95,6.01,61.56,barley,Rabi,1,RJ
72.28,26.57,59.16,13.12,63.14,7.25,50.08,barley,Rabi,2,HR
95.31,34.98,83.25,22.82,56.66,6.29,69.55,barley,Rabi,1,PB
104.58,64.04,55.51,24.02,54.64,6.08,47.32,barley,Rabi,1,HR
72.65,57.45,84.12,22.21,56.17,7.07,69.34,barley,Rabi,10,UP
107.68,59.47,72.63,21.86,46.96,6.81,67.54,barley,Rabi,10,HR
107.05,28.72,70.44,23.7,70.83,6.91,39.2,barley,Rabi,3,UP
101.25,48.36,50.49,26.68,54.93,6.81,49.41,barley,Rabi,12,HR
106.27,42.34,44.39,10.23,61.85,6.74,34.11,barley,Rabi,11,RJ
89.16,63.58,56.42,11.44,58.56,7.09,59.01,barley,Rabi,10,RJ
83.52,59.36,40.43,15.91,59.15,7.37,59.62,barley,Rabi,3,UP
126.52,59.64,50.2,17.32,59.9,6.13,77.14,barley,Rabi,12,MP
79.78,68.32,37.13,15.87,51.69,6.69,72.97,barley,Rabi,11,RJ
97.52,41.7,81.6,13.45,57.18,6.83,19.42,barley,Rabi,12,UP
62.19,31.75,62.35,19.19,73.62,6.26,44.77,barley,Rabi,12,MP
119.54,34.08,30.09,14.89,48.47,7.09,42.71,barley,Rabi,11,PB
99.53,27.35,76.13,10.96,64.9,6.86,27.29,barley,Rabi,2,PB
72.69,64.48,85.92,24.28,45.79,7.01,19.81,barley,Rabi,2,RJ
122.81,47.26,75.42,21.81,64.0,7.0,24.13,barley,Rabi,12,RJ
63.24,35.45,40.35,20.33,75.0,6.31,46.21,barley,Rabi,3,RJ
83.96,29.96,81.64,21.46,47.37,7.08,44.69,barley,Rabi,1,RJ
66.11,48.1,41.89,26.64,57.44,7.12,40.2,barley,Rabi,3,RJ
68.1,52.41,75.66,13.8,52.31,7.14,64.51,barley,Rabi,3,PB
81.05,63.78,39.78,24.91,48.04,6.32,51.16,barley,Rabi,1,UP
88.69,40.24,35.79,18.81,54.38,7.22,40.93,barley,Rabi,12,PB
121.26,37.33,32.51,16.18,48.95,7.13,36.49,barley,Rabi,10,PB
109.82,33.77,36.19,17.5,47.3,7.08,60.41,barley,Rabi,10,MP
109.46,68.13,34.62,23.69,64.57,6.24,16.75,barley,Rabi,1,RJ
69.7,83.0,51.19,14.12,47.67,6.33,74.79,barley,Rabi,10,PB
129.28,25.54,69.95,20.81,48.11,6.59,42.93,barley,Rabi,12,PB
123.26,72.16,48.48,17.95,58.76,7.11,42.97,barley,Rabi,10,PB
59.46,47.78,56.07,24.11,52.32,7.36,46.83,barley,Rabi,1,PB
127.7,63.61,33.78,11.78,65.5,6.76,42.23,barley,Rabi,3,PB
121.03,31.24,47.52,15.66,50.17,7.47,48.01,barley,Rabi,2,PB
114.49,65.96,36.37,13.93,60.53,6.63,51.3,barley,Rabi,1,MP
85.06,28.44,26.62,16.56,58.12,7.61,73.79,barley,Rabi,3,HR
109.7,29.72,86.49,24.84,65.22,7.06,61.94,barley,Rabi,2,UP
97.53,67.07,36.87,19.51,63.61,7.45,61.35,barley,Rabi,1,PB
97.22,75.63,44.75,20.25,47.73,6.29,24.24,barley,Rabi,10,MP
93.84,70.6,61.25,10.28,43.31,6.22,50.36,barley,Rabi,10,PB
66.97,46.31,35.37,24.92,61.45,6.77,49.8,barley,Rabi,1,RJ
76.46,26.94,55.4,20.91,47.34,6.77,73.46,barley,Rabi,2,HR
112.36,50.68,77.72,16.61,62.27,6.99,41.24,barley,Rabi,12,RJ
96.07,35.86,32.67,17.03,60.01,6.68,53.52,barley,Rabi,10,HR
73.86,54.1,58.89,24.71,62.36,6.98,75.03,barley,Rabi,3,HR
114.07,27.15,68.85,13.74,67.93,6.71,57.56,barley,Rabi,1,RJ
99.03,35.02,80.01,18.86,48.19,5.95,54.56,barley,Rabi,12,PB
112.61,68.74,81.66,24.39,71.72,6.25,18.27,barley,Rabi,1,HR
65.08,71.72,51.81,20.18,49.76,6.87,45.28,barley,Rabi,10,MP
77.65,56.67,63.09,25.53,51.93,7.31,49.18,barley,Rabi,11,HR
79.88,50.74,32.0,18.37,62.07,7.25,41.83,barley,Rabi,2,RJ
117.12,70.89,54.01,15.27,54.4,6.49,58.14,barley,Rabi,2,MP
64.15,34.57,76.41,21.85,69.43,6.29,20.04,barley,Rabi,10,UP
98.52,42.02,68.5,14.08,64.39,5.7,63.74,barley,Rabi,2,HR
78.06,30.31,57.09,15.41,62.9,7.29,71.0,barley,Rabi,1,PB
86.02,26.5,37.92,22.36,43.54,7.29,41.9,barley,Rabi,12,HR
75.54,43.51,82.72,14.65,53.3,7.8,38.2,barley,Rabi,3,MP
55.48,43.79,45.27,14.38,61.81,6.32,44.79,barley,Rabi,3,MP
105.53,72.38,39.81,18.34,59.83,6.08,53.32,barley,Rabi,12,PB
57.27,63.99,49.47,19.14,51.49,6.95,55.3,barley,Rabi,12,UP
85.11,66.51,66.49,19.91,60.59,7.51,64.68,barley,Rabi,1,PB
106.06,57.91,36.2,18.89,58.94,6.3,62.15,barley,Rabi,1,HR
116.15,39.07,32.29,22.58,65.93,6.15,43.13,barley,Rabi,11,MP
105.75,47.71,45.36,20.77,54.89,7.11,36.28,barley,Rabi,2,UP
75.29,60.88,52.35,15.1,62.52,7.72,40.87,barley,Rabi,12,RJ
73.67,45.58,52.59,21.83,52.48,7.03,64.42,barley,Rabi,10,MP
114.84,65.97,62.52,16.7,59.39,6.99,64.52,barley,Rabi,1,MP
120.68,42.5,80.74,9.06,60.9,6.92,41.08,barley,Rabi,10,RJ
116.6,34.73,73.17,16.18,63.35,6.67,32.03,barley,Rabi,1,RJ
111.2,41.48,66.17,24.03,57.88,6.6,41.03,barley,Rabi,10,PB
123.92,31.58,30.7,15.71,53.84,7.17,35.64,barley,Rabi,2,HR
96.2,73.97,39.14,23.58,56.73,6.41,60.09,barley,Rabi,12,RJ
104.99,59.56,77.9,16.62,62.47,7.23,52.42,barley,Rabi,2,PB
124.3,63.75,76.46,21.45,67.18,6.4,26.59,barley,Rabi,10,UP
57.05,43.4,55.52,13.12,62.96,6.17,50.63,barley,Rabi,1,UP
59.6,61.84,62.95,23.52,57.92,7.62,68.7,barley,Rabi,1,UP
75.0,50.09,84.57,20.41,60.67,5.82,55.99,barley,Rabi,10,MP
100.48,55.12,77.17,16.64,52.47,7.34,54.49,barley,Rabi,1,PB
73.71,73.89,75.69,22.72,56.7,6.82,49.02,barley,Rabi,1,HR
93.64,63.22,69.13,14.72,66.11,6.96,71.61,barley,Rabi,3,RJ
68.9,37.4,48.89,18.02,54.36,6.06,63.09,barley,Rabi,3,RJ
96.37,51.45,66.61,11.37,66.59,7.05,85.0,barley,Rabi,12,MP
97.93,29.43,52.1,23.88,61.79,6.83,70.04,barley,Rabi,12,PB
65.62,47.33,46.4,22.54,48.74,6.31,57.21,barley,Rabi,2,UP
133.64,36.21,68.24,19.44,65.65,6.29,25.1,barley,Rabi,3,RJ
118.82,43.28,75.72,16.38,67.93,7.23,36.47,barley,Rabi,11,UP
77.05,66.68,62.8,22.43,48.25,6.01,39.82,barley,Rabi,3,UP
87.51,37.15,53.15,17.99,48.78,6.75,39.93,barley,Rabi,1,PB
73.35,29.03,45.86,14.78,54.5,6.61,58.96,barley,Rabi,3,PB
64.32,42.75,76.37,21.08,57.29,6.08,57.46,barley,Rabi,11,MP
61.98,42.98,64.4,26.03,53.43,6.59,54.29,barley,Rabi,1,HR
116.57,40.67,27.94,23.21,64.53,6.57,52.1,barley,Rabi,11,MP
99.58,37.81,40.62,13.1,54.53,7.05,35.29,barley,Rabi,12,RJ
123.31,45.27,80.64,14.77,51.68,7.06,64.58,barley,Rabi,10,RJ
76.08,42.29,75.89,19.51,51.76,6.34,40.98,barley,Rabi,2,MP
65.35,44.19,26.77,23.5,61.8,6.68,51.53,barley,Rabi,3,PB
68.05,72.4,43.71,17.43,51.57,6.36,23.45,barley,Rabi,2,RJ
71.3,56.72,75.52,20.14,44.32,6.55,35.04,barley,Rabi,12,PB
94.76,24.34,82.27,16.91,53.42,6.85,32.2,barley,Rabi,2,MP
69.53,57.59,41.37,22.2,62.43,6.46,45.3,barley,Rabi,12,MP
129.4,54.88,79.15,24.9,60.12,5.85,55.47,barley,Rabi,10,RJ
104.89,72.07,77.75,22.68,53.99,6.2,64.09,barley,Rabi,2,UP
106.62,35.94,32.95,23.33,58.21,6.62,15.0,barley,Rabi,1,HR
65.62,27.66,87.29,22.24,57.93,7.21,60.72,barley,Rabi,2,PB
124.21,59.36,59.71,13.94,64.04,6.97,53.46,barley,Rabi,11,HR
99.87,56.54,32.36,17.4,69.05,6.53,38.55,barley,Rabi,2,HR
64.45,50.84,82.18,19.31,59.1,6.16,34.78,barley,Rabi,3,MP
113.37,57.67,76.21,21.84,58.0,6.7,42.72,barley,Rabi,11,MP
80.24,30.26,56.48,22.94,45.11,6.97,51.03,barley,Rabi,1,MP
109.81,62.04,55.54,23.93,64.58,7.52,45.59,barley,Rabi,11,PB
98.18,70.06,67.82,16.98,49.22,6.97,27.2,barley,Rabi,1,HR
110.61,71.95,54.72,14.44,52.47,6.86,47.78,barley,Rabi,10,HR
120.86,74.45,37.77,21.79,50.75,7.56,35.97,barley,Rabi,2,MP
75.39,65.22,66.44,17.7,63.14,6.37,45.24,barley,Rabi,11,UP
56.56,59.61,57.91,17.26,56.75,6.52,44.0,barley,Rabi,10,MP
83.65,25.89,43.63,16.98,57.46,7.09,52.08,barley,Rabi,10,MP
70.21,57.08,37.12,22.62,56.74,7.01,46.01,barley,Rabi,3,RJ
103.7,40.83,74.97,21.98,47.52,6.73,60.35,barley,Rabi,11,MP
89.32,34.83,79.34,16.16,61.05,7.27,54.93,barley,Rabi,2,PB
61.75,67.15,54.54,20.98,59.93,7.52,41.24,barley,Rabi,12,HR
79.94,34.85,83.52,19.84,68.72,6.27,60.59,barley,Rabi,10,MP
119.26,26.84,56.6,18.79,58.9,6.36,62.62,barley,Rabi,10,UP
66.5,47.45,57.23,15.26,71.67,6.96,37.62,barley,Rabi,11,HR
98.63,41.42,43.26,25.01,64.41,6.99,57.26,barley,Rabi,1,HR
115.13,63.09,76.22,23.58,53.94,7.25,29.44,barley,Rabi,1,UP
70.94,60.68,55.12,18.37,47.83,6.66,57.47,mustard,Rabi,12,UP
45.67,38.93,46.59,12.0,58.8,6.69,43.15,mustard,Rabi,12,RJ
88.55,62.45,85.25,20.52,48.86,6.2,64.84,mustard,Rabi,2,PB
70.06,72.1,65.5,18.51,67.68,7.38,58.6,mustard,Rabi,12,RJ
97.59,60.11,59.28,13.11,64.06,6.97,67.82,mustard,Rabi,3,UP
89.68,65.39,67.33,15.1,67.73,7.18,46.88,mustard,Rabi,1,MP
88.14,28.34,54.85,17.81,60.25,6.92,22.4,mustard,Rabi,1,MP
92.57,37.87,57.53,20.89,70.3,7.48,64.68,mustard,Rabi,2,HR
78.62,44.27,61.1,19.83,64.24,6.58,22.31,mustard,Rabi,11,MP
83.59,42.56,56.47,14.04,53.89,6.22,45.15,mustard,Rabi,10,MP
86.53,43.52,68.14,25.19,56.02,6.47,55.2,mustard,Rabi,11,RJ
98.63,22.57,60.11,15.28,65.09,6.17,30.39,mustard,Rabi,2,HR
102.22,59.68,51.64,24.51,47.66,6.33,32.15,mustard,Rabi,11,HR
52.33,53.99,62.99,12.2,69.53,7.08,67.02,mustard,Rabi,3,RJ
83.5,56.6,63.78,9.81,45.32,6.52,46.17,mustard,Rabi,3,PB
62.1,73.87,63.35,16.29,46.82,7.09,42.71,mustard,Rabi,1,PB
105.39,33.0,47.96,14.39,66.3,6.49,51.85,mustard,Rabi,3,PB
60.46,50.46,45.84,18.49,44.36,7.14,62.67,mustard,Rabi,2,RJ
88.06,29.82,66.75,23.81,60.16,7.36,27.12,mustard,Rabi,2,MP
73.18,62.26,80.13,24.88,62.39,6.45,62.84,mustard,Rabi,12,UP
98.02,47.46,55.25,21.39,53.63,6.71,35.68,mustard,Rabi,11,PB
105.25,57.96,38.96,16.99,62.54,6.85,55.42,mustard,Rabi,1,MP
68.29,33.55,41.48,12.65,58.16,6.93,50.94,mustard,Rabi,10,PB
75.07,63.14,37.89,12.87,70.6,6.11,48.0,mustard,Rabi,1,UP
110.16,71.05,47.68,14.37,67.21,7.03,64.2,mustard,Rabi,10,MP
57.95,23.73,64.28,19.68,48.56,7.79,54.33,mustard,Rabi,3,PB
100.63,24.22,37.09,14.97,43.67,6.62,55.51,mustard,Rabi,12,RJ
92.09,53.43,43.45,13.69,55.99,6.19,40.62,mustard,Rabi,11,PB
66.61,28.83,27.5,18.7,45.97,7.42,46.11,mustard,Rabi,1,HR
86.31,31.71,25.17,15.22,51.74,7.08,39.6,mustard,Rabi,10,RJ
59.88,71.68,66.22,25.18,43.97,6.24,29.16,mustard,Rabi,3,RJ
110.23,21.37,34.7,16.38,67.85,6.52,43.51,mustard,Rabi,12,UP
97.8,33.94,58.71,25.95,52.09,7.15,45.15,mustard,Rabi,1,MP
82.87,74.57,51.12,22.81,66.16,6.61,38.5,mustard,Rabi,10,UP
104.75,76.06,75.18,10.94,62.52,6.08,32.35,mustard,Rabi,11,RJ
94.03,61.39,40.67,12.8,52.79,6.43,53.26,mustard,Rabi,10,UP
103.91,54.96,60.9,15.63,70.02,7.07,45.43,mustard,Rabi,1,MP
67.88,64.23,74.43,20.54,55.65,6.69,45.97,mustard,Rabi,3,RJ
90.28,56.03,63.63,15.52,55.66,6.56,74.87,mustard,Rabi,1,PB
72.02,27.26,40.27,21.51,49.4,6.69,63.36,mustard,Rabi,2,UP
64.35,69.34,48.59,9.73,68.87,6.34,46.83,mustard,Rabi,10,RJ
87.68,36.08,31.98,27.58,54.59,6.48,51.23,mustard,Rabi,1,RJ
83.58,67.16,58.93,23.12,51.49,7.09,59.45,mustard,Rabi,1,PB
71.03,61.98,28.82,14.43,51.54,6.67,23.76,mustard,Rabi,3,HR
100.45,49.35,76.3,16.67,53.08,6.75,44.62,mustard,Rabi,12,UP
109.23,56.99,69.11,21.73,45.97,5.7,43.47,mustard,Rabi,11,MP
96.41,33.47,38.84,22.53,61.97,7.11,37.62,mustard,Rabi,1,PB
81.77,44.49,65.95,15.5,65.1,6.03,43.08,mustard,Rabi,1,PB
78.19,69.88,46.02,12.03,51.86,6.32,70.87,mustard,Rabi,10,HR
97.91,48.41,31.07,20.45,53.72,6.61,69.09,mustard,Rabi,10,PB
83.87,50.6,48.02,21.95,45.94,6.6,40.76,mustard,Rabi,1,UP
68.67,64.71,39.08,14.73,61.93,6.54,31.21,mustard,Rabi,2,MP
98.27,60.38,29.15,15.39,58.09,6.41,25.38,mustard,Rabi,11,PB
43.15,53.69,47.59,17.87,56.43,6.87,42.32,mustard,Rabi,10,RJ
79.81,35.35,32.87,15.61,50.15,6.47,65.73,mustard,Rabi,3,RJ
62.43,78.59,53.4,12.26,63.07,6.24,30.97,mustard,Rabi,3,PB
85.61,64.99,73.83,15.44,64.92,6.7,29.09,mustard,Rabi,1,MP
83.5,38.49,35.39,21.39,58.56,6.49,62.36,mustard,Rabi,1,HR
79.49,50.29,51.84,19.05,49.29,7.3,59.38,mustard,Rabi,3,HR
52.43,29.57,32.12,24.8,57.67,6.84,28.65,mustard,Rabi,12,RJ
104.31,71.92,60.09,14.74,56.11,6.31,34.71,mustard,Rabi,2,UP
96.69,52.34,69.86,14.68,62.33,6.39,43.27,mustard,Rabi,11,MP
67.12,24.13,66.1,18.15,59.69,6.27,59.68,mustard,Rabi,10,PB
47.93,55.07,55.91,21.98,67.74,6.14,45.72,mustard,Rabi,1,HR
89.79,24.91,82.33,21.07,68.94,6.27,58.32,mustard,Rabi,3,RJ
56.77,82.56,70.04,15.78,63.87,6.77,19.95,mustard,Rabi,1,UP
65.51,62.76,53.56,14.2,58.84,5.76,51.2,mustard,Rabi,11,HR
81.41,28.42,37.28,19.7,47.57,6.32,34.79,mustard,Rabi,10,UP
102.78,43.59,41.27,9.41,63.45,6.6,40.45,mustard,Rabi,1,MP
60.78,54.24,33.61,19.38,45.45,6.17,25.47,mustard,Rabi,1,UP
92.59,27.27,71.45,24.53,65.48,7.36,31.77,mustard,Rabi,3,UP
88.36,52.44,42.69,21.46,57.72,6.71,51.66,mustard,Rabi,11,RJ
56.57,59.38,48.55,19.34,67.36,7.65,23.48,mustard,Rabi,11,UP
78.64,40.08,63.07,22.23,50.46,7.4,59.05,mustard,Rabi,12,MP
108.57,62.04,30.96,16.75,64.73,6.87,15.0,mustard,Rabi,2,RJ
53.64,54.81,67.16,22.57,64.51,7.24,41.74,mustard,Rabi,12,UP
91.83,50.78,70.71,9.52,58.87,7.21,26.42,mustard,Rabi,3,RJ
82.02,35.38,45.19,18.01,50.87,7.34,55.57,mustard,Rabi,2,UP
54.12,33.09,31.37,24.35,58.07,6.28,55.98,mustard,Rabi,3,PB
66.07,34.13,66.3,17.81,72.03,6.79,42.4,mustard,Rabi,2,HR
106.79,65.75,54.35,24.16,46.12,6.32,45.21,mustard,Rabi,10,RJ
77.99,52.57,34.4,15.7,57.63,7.4,36.5,mustard,Rabi,12,HR
59.06,52.73,60.42,13.53,69.69,7.18,43.45,mustard,Rabi,10,PB
70.32,74.71,70.83,13.99,65.2,6.75,50.7,mustard,Rabi,11,RJ
107.65,50.46,84.82,22.1,62.45,7.03,42.23,mustard,Rabi,3,HR
115.19,30.17,67.37,14.45,50.75,6.79,31.69,mustard,Rabi,11,MP
103.87,32.59,56.99,19.96,66.62,7.49,49.73,mustard,Rabi,2,HR
90.45,44.71,41.75,19.3,57.28,6.15,54.4,mustard,Rabi,1,PB
76.48,46.85,71.33,23.75,57.17,7.7,61.07,mustard,Rabi,2,PB
65.22,35.51,58.14,18.43,59.23,7.01,52.56,mustard,Rabi,2,MP
71.72,79.65,51.61,15.08,43.94,6.17,49.2,mustard,Rabi,10,RJ
100.32,43.78,58.26,16.78,47.24,6.29,55.07,mustard,Rabi,2,HR
86.29,60.71,70.17,23.79,49.9,6.56,31.53,mustard,Rabi,11,PB
108.15,48.37,80.3,18.4,50.83,6.13,42.52,mustard,Rabi,12,PB
44.38,55.97,39.9,11.06,65.57,6.65,15.0,mustard,Rabi,2,PB
91.74,37.41,36.09,22.69,50.56,7.05,32.81,mustard,Rabi,3,RJ
103.84,70.89,67.75,22.45,60.7,6.25,35.42,mustard,Rabi,11,HR
59.75,43.87,43.59,27.72,57.68,6.95,50.22,mustard,Rabi,2,UP
50.6,46.8,34.64,22.4,43.87,6.37,42.53,mustard,Rabi,1,RJ
102.98,29.48,53.78,26.21,60.81,6.85,37.86,mustard,Rabi,11,UP
86.79,25.81,42.93,13.51,42.6,6.01,64.64,mustard,Rabi,2,PB
94.98,17.0,67.35,19.66,58.68,6.16,37.37,mustard,Rabi,1,HR
57.38,39.06,62.07,24.22,54.44,6.42,59.71,mustard,Rabi,10,MP
67.84,67.32,27.44,19.14,66.75,6.41,36.48,mustard,Rabi,11,HR
72.24,37.86,62.74,27.81,61.06,6.06,53.3,mustard,Rabi,1,MP
72.66,37.78,29.03,22.41,49.48,7.18,43.29,mustard,Rabi,11,HR
57.37,46.48,59.48,22.13,55.27,7.3,48.36,mustard,Rabi,11,HR
67.77,53.05,42.4,12.32,67.67,7.48,20.35,mustard,Rabi,10,UP
60.13,50.15,21.04,22.84,64.61,6.75,50.38,mustard,Rabi,2,MP
78.51,60.81,30.26,21.94,48.43,7.29,39.08,mustard,Rabi,3,MP
105.25,54.77,79.67,15.24,50.7,6.42,63.16,mustard,Rabi,10,MP
76.29,79.76,76.46,18.77,51.19,6.2,51.78,mustard,Rabi,11,HR
100.39,58.67,39.93,18.96,68.66,7.15,45.36,mustard,Rabi,10,UP
48.07,48.35,64.88,20.45,68.79,6.49,35.94,mustard,Rabi,1,UP
89.08,55.24,41.84,18.09,43.32,7.61,60.27,mustard,Rabi,2,HR
72.73,34.64,31.68,19.91,66.81,6.31,48.41,mustard,Rabi,2,RJ
53.94,60.45,33.38,10.4,49.42,6.56,66.71,mustard,Rabi,2,PB
91.32,40.16,42.36,12.61,61.41,7.04,65.64,mustard,Rabi,11,HR
65.95,25.25,58.01,19.42,63.97,7.19,57.55,mustard,Rabi,11,RJ
106.81,25.2,41.14,21.99,49.46,6.14,43.0,mustard,Rabi,2,MP
57.25,67.16,46.98,9.25,58.83,6.73,30.02,mustard,Rabi,3,HR
95.01,35.53,54.57,21.67,49.68,5.96,24.98,mustard,Rabi,3,PB
82.22,76.71,53.23,15.87,42.52,6.07,45.09,mustard,Rabi,10,UP
70.5,53.54,37.04,22.73,71.49,6.71,31.64,mustard,Rabi,2,PB
109.25,29.39,53.69,21.35,62.83,6.26,15.0,mustard,Rabi,11,PB
53.58,74.27,56.57,22.6,75.0,6.36,33.8,mustard,Rabi,3,UP
73.01,27.91,77.49,10.8,53.87,6.22,53.23,mustard,Rabi,10,HR
58.19,59.59,80.32,9.1,52.66,6.49,48.31,mustard,Rabi,12,PB
72.35,58.29,57.59,23.08,54.95,6.6,61.64,mustard,Rabi,10,PB
115.52,62.03,41.61,22.18,49.97,6.03,58.51,mustard,Rabi,11,UP
112.9,50.03,76.71,9.37,57.01,7.04,42.92,mustard,Rabi,10,HR
100.2,39.4,41.77,9.34,53.8,6.62,31.41,mustard,Rabi,1,HR
95.47,35.56,44.33,22.06,64.56,7.04,20.79,mustard,Rabi,11,MP
102.51,54.17,58.96,25.05,67.17,6.54,32.08,mustard,Rabi,2,UP
104.33,53.03,41.06,15.57,65.29,6.16,64.89,mustard,Rabi,11,RJ
54.66,54.63,56.27,15.61,53.57,7.38,42.88,mustard,Rabi,10,HR
82.27,42.07,75.42,21.13,57.9,6.77,62.98,mustard,Rabi,12,RJ
107.74,23.2,71.31,21.4,67.47,7.06,60.5,mustard,Rabi,2,MP
54.69,63.76,80.48,24.22,67.88,6.99,54.46,mustard,Rabi,10,PB
63.04,37.26,33.13,14.33,61.97,6.56,63.38,mustard,Rabi,3,PB
59.58,39.19,81.34,19.33,63.96,6.63,43.0,mustard,Rabi,10,HR
102.03,38.5,35.43,22.74,67.0,6.02,23.58,mustard,Rabi,10,UP
90.54,61.61,85.22,18.87,55.15,6.76,71.48,mustard,Rabi,10,MP
105.66,33.39,60.26,17.38,70.42,6.53,43.36,mustard,Rabi,3,MP
95.44,52.91,56.75,19.06,63.8,6.03,35.98,mustard,Rabi,3,RJ
55.54,37.41,74.19,17.2,67.39,7.32,31.42,mustard,Rabi,12,RJ
105.48,26.27,40.36,12.96,60.09,6.23,34.29,mustard,Rabi,11,MP
93.82,49.08,57.63,13.96,49.18,7.18,43.09,mustard,Rabi,12,MP
102.15,70.9,33.78,22.4,61.16,6.91,32.54,mustard,Rabi,3,PB
104.96,48.69,79.25,20.66,56.0,6.21,48.74,mustard,Rabi,3,MP
89.68,55.55,71.32,25.17,49.28,7.25,42.89,mustard,Rabi,11,PB
82.31,29.84,36.09,22.62,52.4,6.11,26.08,mustard,Rabi,2,RJ
94.57,74.53,81.76,21.76,67.32,5.98,61.86,mustard,Rabi,10,MP
66.47,57.67,56.34,18.74,50.9,6.8,34.39,mustard,Rabi,3,HR
76.45,38.46,69.4,12.99,51.01,7.3,43.78,mustard,Rabi,10,UP
93.61,58.48,43.86,19.89,61.46,6.96,29.6,mustard,Rabi,10,PB
111.76,54.73,70.69,24.87,64.75,7.33,33.09,mustard,Rabi,3,MP
74.42,68.38,29.17,23.7,47.82,7.55,38.12,mustard,Rabi,3,UP
74.79,51.76,35.77,17.7,44.72,6.57,46.16,mustard,Rabi,1,RJ
87.65,26.48,39.98,21.53,57.06,6.72,45.45,mustard,Rabi,10,HR
53.47,54.29,77.73,22.12,53.81,6.5,35.94,mustard,Rabi,1,MP
93.71,36.95,63.72,9.58,67.27,7.32,39.04,mustard,Rabi,12,MP
78.57,55.57,66.29,17.41,50.48,5.93,35.61,mustard,Rabi,11,RJ
90.53,56.68,78.06,20.78,68.57,6.6,30.28,mustard,Rabi,1,RJ
52.65,45.17,76.39,14.8,60.54,7.39,70.17,mustard,Rabi,12,PB
100.76,60.43,72.15,20.26,58.19,6.22,46.96,mustard,Rabi,2,MP
58.52,44.5,57.33,20.41,56.3,6.68,51.45,mustard,Rabi,11,MP
91.85,81.22,67.88,15.3,49.11,6.38,42.35,mustard,Rabi,1,HR
53.79,50.33,30.0,19.16,47.18,6.11,22.08,mustard,Rabi,12,PB
91.34,59.54,42.55,20.4,50.82,6.23,67.28,mustard,Rabi,2,HR
59.02,40.06,49.95,11.39,60.18,7.08,36.65,mustard,Rabi,11,PB
93.81,47.13,34.79,24.63,61.01,7.22,26.73,mustard,Rabi,1,MP
79.57,55.71,75.02,12.7,56.47,7.02,42.41,mustard,Rabi,11,PB
114.41,17.0,73.9,25.08,47.19,6.21,63.32,mustard,Rabi,3,MP
78.01,58.69,51.4,20.78,53.06,7.32,38.33,mustard,Rabi,11,UP
100.32,49.0,51.7,13.4,49.69,6.38,49.18,mustard,Rabi,3,UP
78.11,37.77,46.2,13.02,43.07,6.83,42.01,mustard,Rabi,3,PB
86.98,62.7,38.1,25.16,59.06,7.0,33.3,mustard,Rabi,2,RJ
53.12,41.06,53.94,17.82,67.16,6.34,61.89,mustard,Rabi,1,UP
85.96,56.54,65.06,15.94,61.71,6.98,38.42,mustard,Rabi,2,MP
52.95,51.2,50.7,14.44,49.86,7.21,44.14,mustard,Rabi,2,PB
104.23,35.72,42.96,15.21,69.14,7.12,54.35,mustard,Rabi,11,MP
64.61,54.33,46.58,7.54,51.94,6.8,38.09,mustard,Rabi,3,UP
58.14,51.58,46.75,25.55,45.97,7.03,26.36,mustard,Rabi,10,UP
95.02,62.99,30.81,18.45,61.84,6.31,54.11,mustard,Rabi,3,MP
106.71,67.08,69.55,12.27,51.46,6.63,56.89,mustard,Rabi,10,RJ
59.47,69.52,67.75,20.84,73.75,6.08,43.44,mustard,Rabi,2,PB
62.1,48.7,58.55,11.38,57.6,7.25,15.0,mustard,Rabi,1,HR
56.14,68.42,76.92,20.01,48.28,5.78,45.84,mustard,Rabi,11,HR
107.51,34.61,76.96,21.07,59.23,6.5,42.16,mustard,Rabi,3,MP
87.7,60.68,47.07,8.64,44.67,6.61,41.08,mustard,Rabi,2,UP
47.17,39.24,80.65,13.7,49.98,7.11,44.88,mustard,Rabi,1,HR
58.53,42.94,86.53,10.42,62.97,6.5,32.26,mustard,Rabi,10,MP
76.69,65.89,38.39,23.95,69.79,6.57,44.09,mustard,Rabi,2,PB
80.47,36.49,30.51,21.97,43.87,7.07,41.61,mustard,Rabi,12,PB
54.62,39.4,31.96,15.8,60.46,6.27,17.19,mustard,Rabi,2,PB
83.07,75.55,57.59,25.54,48.04,6.95,29.46,mustard,Rabi,1,RJ
83.01,38.72,35.47,10.18,67.41,6.09,29.73,mustard,Rabi,1,PB
89.76,36.1,61.15,17.07,62.4,7.03,46.74,mustard,Rabi,2,UP
100.29,41.95,46.88,19.31,45.66,6.98,36.24,mustard,Rabi,12,PB
76.1,37.37,53.23,17.37,61.79,6.09,35.25,mustard,Rabi,3,RJ
79.04,43.59,51.14,22.5,66.39,7.21,54.31,mustard,Rabi,3,MP
53.44,22.82,74.27,14.93,56.5,7.8,45.01,mustard,Rabi,10,HR
46.5,40.15,64.61,13.9,64.22,6.11,50.74,mustard,Rabi,12,RJ
95.57,65.54,61.31,24.87,55.47,6.8,53.5,mustard,Rabi,3,MP
68.96,28.52,50.11,15.21,60.04,6.6,34.91,mustard,Rabi,12,HR
87.74,23.55,34.57,23.16,57.29,6.57,46.64,mustard,Rabi,1,PB
52.76,46.04,74.86,18.06,64.34,7.03,25.87,mustard,Rabi,2,MP
51.75,68.94,63.4,16.32,52.78,7.42,38.07,mustard,Rabi,12,HR
57.37,31.23,40.72,18.13,52.04,6.54,56.78,mustard,Rabi,2,PB
50.03,58.14,82.27,11.82,68.55,6.22,53.91,mustard,Rabi,3,UP
70.27,71.74,36.23,26.67,61.0,6.81,38.72,mustard,Rabi,12,UP
102.81,41.72,77.74,18.74,48.4,7.04,53.29,mustard,Rabi,11,HR
73.32,42.48,39.57,14.7,49.12,6.81,61.7,mustard,Rabi,1,UP
84.35,73.57,77.85,12.42,68.82,7.65,44.54,mustard,Rabi,12,UP
107.67,29.86,81.33,9.71,52.07,7.16,47.09,mustard,Rabi,11,PB
71.7,66.21,41.86,20.03,58.14,6.19,69.58,mustard,Rabi,1,PB
83.4,73.64,43.39,13.39,47.04,7.57,26.4,mustard,Rabi,3,MP
101.8,62.14,54.3,13.16,65.16,6.61,32.93,mustard,Rabi,1,UP
107.1,49.89,42.26,14.62,67.33,6.48,44.53,mustard,Rabi,2,HR
82.36,23.68,72.73,15.81,49.04,6.23,42.35,mustard,Rabi,3,UP
56.18,31.29,53.59,13.17,72.75,6.24,53.37,mustard,Rabi,12,RJ
66.41,48.54,43.51,12.64,44.46,7.61,49.04,mustard,Rabi,2,MP
86.28,34.31,64.35,17.34,44.91,6.67,59.02,mustard,Rabi,12,RJ
66.31,29.64,40.34,16.14,73.77,7.3,62.45,mustard,Rabi,11,PB
83.65,67.49,30.56,19.55,49.41,6.01,40.37,mustard,Rabi,12,PB
83.12,52.73,74.34,14.26,59.91,6.76,56.71,mustard,Rabi,11,UP
86.51,64.08,50.68,17.79,64.27,7.27,48.48,mustard,Rabi,12,HR
100.15,57.35,68.3,26.21,55.36,7.42,57.93,mustard,Rabi,11,UP
58.52,56.93,51.52,22.47,63.48,7.07,56.81,mustard,Rabi,2,RJ
81.48,30.6,49.98,8.86,59.41,5.84,53.17,mustard,Rabi,12,PB
73.63,67.15,38.47,11.78,47.01,7.32,67.72,mustard,Rabi,2,RJ
55.64,65.01,68.49,18.96,67.68,6.67,29.27,mustard,Rabi,3,HR
84.92,41.47,47.41,25.2,61.05,6.67,45.8,mustard,Rabi,1,UP
59.65,39.29,83.36,12.78,47.1,6.67,36.58,mustard,Rabi,10,RJ
48.19,36.9,38.98,11.16,55.9,6.18,41.79,mustard,Rabi,12,UP
98.4,41.12,45.39,11.91,54.47,6.06,46.72,mustard,Rabi,11,RJ
67.83,29.36,66.15,17.08,54.47,7.09,43.08,mustard,Rabi,2,MP
75.23,65.74,39.67,12.57,51.89,7.0,49.59,mustard,Rabi,11,MP
110.22,62.25,72.7,17.68,54.63,6.98,35.63,mustard,Rabi,2,MP
100.62,29.27,63.75,20.45,57.07,6.27,35.84,mustard,Rabi,10,UP
84.36,66.0,42.52,16.46,57.92,7.1,49.58,mustard,Rabi,3,RJ
74.35,63.66,32.88,10.2,57.99,6.9,45.58,mustard,Rabi,1,HR
82.79,63.74,72.64,12.04,49.03,7.11,58.82,mustard,Rabi,10,PB
75.63,65.88,43.56,12.79,58.29,6.84,75.0,mustard,Rabi,11,PB
101.5,73.92,34.26,21.19,67.11,6.88,43.54,mustard,Rabi,12,HR
109.86,59.33,49.38,20.79,66.98,7.3,15.0,mustard,Rabi,3,PB
62.54,32.4,74.14,13.08,55.57,6.21,65.3,mustard,Rabi,3,MP
98.4,65.51,43.58,22.99,59.59,6.96,75.0,mustard,Rabi,1,RJ
74.35,60.95,48.44,12.64,70.89,7.32,69.9,mustard,Rabi,2,UP
88.9,49.52,33.89,23.72,52.98,6.27,32.62,chickpea,Rabi,1,MH
75.59,43.23,42.75,14.96,46.24,6.73,35.7,chickpea,Rabi,12,RJ
85.46,40.36,69.16,15.51,49.0,6.22,35.07,chickpea,Rabi,12,UP
101.56,34.39,54.44,18.39,71.25,6.52,56.48,chickpea,Rabi,11,MP
91.67,59.1,49.38,19.37,59.98,7.2,21.79,chickpea,Rabi,10,UP
46.27,32.19,49.07,18.79,61.19,6.71,53.73,chickpea,Rabi,2,UP
102.01,57.67,43.08,17.86,50.57,7.06,49.82,chickpea,Rabi,1,MP
106.96,52.41,72.15,18.08,58.43,6.15,35.07,chickpea,Rabi,12,KA
96.06,67.67,61.86,14.6,56.12,7.1,55.97,chickpea,Rabi,3,MP
87.48,61.94,48.46,24.42,52.52,7.62,36.57,chickpea,Rabi,10,UP
51.08,39.31,38.79,21.26,57.43,7.25,39.29,chickpea,Rabi,11,RJ
103.77,44.42,47.39,23.84,49.13,7.18,66.4,chickpea,Rabi,11,MP
65.02,21.69,60.81,25.25,54.03,6.51,33.7,chickpea,Rabi,3,MP
102.35,61.46,73.88,16.79,46.86,6.93,15.0,chickpea,Rabi,2,KA
63.58,59.75,43.45,16.01,42.78,6.04,68.73,chickpea,Rabi,10,MH
47.27,64.31,36.4,16.91,67.17,6.98,31.68,chickpea,Rabi,11,RJ
89.15,53.89,65.77,14.58,64.22,6.52,42.28,chickpea,Rabi,2,RJ
97.97,28.65,72.74,20.09,57.8,6.58,47.96,chickpea,Rabi,12,MH
72.85,49.12,43.92,26.08,61.87,6.86,45.06,chickpea,Rabi,3,UP
44.48,23.65,66.81,21.42,53.86,7.08,49.25,chickpea,Rabi,1,RJ
60.32,66.23,58.65,13.9,66.55,6.48,33.57,chickpea,Rabi,2,MH
49.01,26.29,73.21,24.73,63.89,6.14,61.19,chickpea,Rabi,10,UP
82.08,28.06,43.01,16.27,70.28,6.36,45.23,chickpea,Rabi,12,KA
58.95,29.66,63.0,22.73,54.35,6.94,52.53,chickpea,Rabi,1,MP
76.29,64.03,31.58,18.29,57.71,7.07,45.05,chickpea,Rabi,10,RJ
60.61,61.13,78.6,21.91,57.92,7.29,42.78,chickpea,Rabi,11,MH
50.88,45.73,66.32,17.09,69.02,7.3,39.98,chickpea,Rabi,10,UP
65.65,53.62,45.45,13.16,50.13,6.96,52.16,chickpea,Rabi,1,MH
70.36,64.24,52.45,15.9,49.0,6.08,58.7,chickpea,Rabi,1,MP
93.06,62.84,82.99,23.62,44.55,7.51,75.94,chickpea,Rabi,10,MP
81.17,28.76,43.16,22.64,49.73,6.78,63.59,chickpea,Rabi,1,MP
78.41,34.77,70.03,18.81,57.02,6.87,27.36,chickpea,Rabi,3,UP
96.21,53.52,65.86,26.13,63.53,6.65,37.79,chickpea,Rabi,10,MH
89.49,48.95,87.29,23.81,52.62,6.08,65.86,chickpea,Rabi,12,MH
54.93,58.75,62.24,19.6,59.5,6.92,47.31,chickpea,Rabi,1,KA
65.54,33.84,54.04,15.48,45.15,6.0,44.69,chickpea,Rabi,1,RJ
75.95,36.86,49.53,15.9,62.79,6.61,55.26,chickpea,Rabi,12,UP
50.69,44.89,58.76,15.3,66.53,7.03,55.53,chickpea,Rabi,3,KA
74.12,34.58,20.84,24.46,52.32,7.52,55.83,chickpea,Rabi,12,MP
42.62,57.32,75.71,23.98,61.42,6.3,30.44,chickpea,Rabi,2,UP
85.15,38.85,32.32,26.36,46.57,7.56,27.22,chickpea,Rabi,11,MH
44.78,24.78,31.66,22.51,60.19,7.18,42.39,chickpea,Rabi,10,MH
108.64,21.26,74.59,19.12,48.39,5.91,78.47,chickpea,Rabi,1,MH
46.03,25.87,23.27,23.8,53.82,6.58,30.92,chickpea,Rabi,1,RJ
109.93,40.36,39.22,17.79,68.43,7.25,60.78,chickpea,Rabi,3,KA
52.99,60.02,60.87,23.1,64.06,7.42,44.37,chickpea,Rabi,12,RJ
82.28,61.8,72.81,19.03,55.71,7.12,82.02,chickpea,Rabi,10,MP
46.65,42.28,59.99,17.17,67.96,7.61,58.95,chickpea,Rabi,11,RJ
58.23,61.15,56.47,16.9,63.32,6.31,33.8,chickpea,Rabi,10,RJ
84.86,31.34,55.85,22.24,48.56,7.56,21.13,chickpea,Rabi,3,UP
81.34,33.25,79.34,23.2,61.26,5.89,47.98,chickpea,Rabi,2,KA
106.78,38.99,77.46,25.31,46.6,7.53,35.24,chickpea,Rabi,12,KA
54.45,68.12,27.77,15.14,56.17,7.26,77.96,chickpea,Rabi,12,RJ
91.81,30.87,59.4,15.96,50.7,7.12,51.95,chickpea,Rabi,11,MH
53.21,39.08,71.99,19.64,58.7,7.18,51.81,chickpea,Rabi,2,MP
64.22,50.26,69.1,26.45,64.18,6.86,34.86,chickpea,Rabi,2,MH
74.99,61.6,79.24,15.95,63.55,6.75,51.46,chickpea,Rabi,1,MH
83.98,40.17,39.26,15.78,55.19,6.15,40.56,chickpea,Rabi,10,RJ
48.56,44.9,31.38,19.43,58.14,5.7,45.12,chickpea,Rabi,12,KA
50.66,53.42,50.74,18.37,62.51,6.93,52.99,chickpea,Rabi,1,UP
86.89,48.54,82.16,17.58,54.64,6.13,37.73,chickpea,Rabi,11,MH
49.12,65.22,33.26,16.18,59.42,5.7,66.48,chickpea,Rabi,11,RJ
106.06,23.83,47.72,22.43,59.36,6.72,67.5,chickpea,Rabi,12,RJ
58.83,23.83,68.89,17.26,56.95,7.12,68.65,chickpea,Rabi,11,UP
57.58,41.74,33.99,16.84,54.9,7.14,21.1,chickpea,Rabi,10,UP
42.7,29.89,33.75,22.85,51.45,7.16,59.2,chickpea,Rabi,2,KA
118.08,53.22,38.95,17.77,52.49,7.39,62.18,chickpea,Rabi,1,MH
89.65,36.15,21.95,17.52,51.63,6.88,44.22,chickpea,Rabi,12,KA
45.04,62.95,84.54,20.57,64.29,7.15,28.02,chickpea,Rabi,1,KA
72.85,63.03,33.23,18.58,66.08,6.04,59.69,chickpea,Rabi,3,MP
52.31,41.14,73.58,14.89,54.13,6.84,45.54,chickpea,Rabi,2,RJ
108.7,24.94,60.34,19.79,47.95,7.27,57.35,chickpea,Rabi,11,UP
51.79,27.93,43.4,17.82,46.19,6.31,38.96,chickpea,Rabi,1,RJ
77.4,33.79,34.89,20.73,59.88,6.21,45.36,chickpea,Rabi,10,RJ
80.5,57.97,66.53,15.11,46.32,7.29,54.96,chickpea,Rabi,11,KA
49.4,36.1,47.14,18.79,64.26,5.99,70.25,chickpea,Rabi,11,RJ
105.65,61.97,81.61,21.39,68.65,7.4,16.93,chickpea,Rabi,10,RJ
35.65,43.73,63.25,17.34,56.21,6.32,72.67,chickpea,Rabi,1,UP
83.75,55.69,60.64,22.7,63.3,6.81,34.85,chickpea,Rabi,11,RJ
97.16,72.88,74.44,14.97,65.72,6.97,22.49,chickpea,Rabi,2,MH
105.5,61.59,83.72,23.87,46.15,7.28,37.22,chickpea,Rabi,3,MP
63.55,56.71,45.46,16.18,59.98,6.66,57.31,chickpea,Rabi,10,MP
87.56,62.71,28.15,18.83,51.53,6.47,39.43,chickpea,Rabi,11,MH
98.35,39.02,30.47,21.03,63.64,7.52,75.97,chickpea,Rabi,11,MP
112.52,48.06,55.88,15.89,49.54,6.96,80.17,chickpea,Rabi,10,RJ
47.29,42.18,58.79,14.13,63.22,6.98,66.58,chickpea,Rabi,11,UP
66.9,28.74,15.84,23.54,73.29,6.94,46.8,chickpea,Rabi,3,KA
63.46,37.75,54.68,25.01,49.55,6.16,65.86,chickpea,Rabi,2,RJ
73.66,26.8,77.1,25.21,55.3,6.3,40.78,chickpea,Rabi,10,KA
41.38,25.98,52.67,21.85,46.17,6.78,57.52,chickpea,Rabi,12,RJ
71.73,50.66,40.98,18.23,49.44,7.4,39.19,chickpea,Rabi,1,RJ
80.55,69.8,69.59,19.84,74.81,6.77,52.05,chickpea,Rabi,11,RJ
58.28,23.0,73.84,23.43,59.7,7.53,33.85,chickpea,Rabi,3,UP
59.77,42.55,24.32,24.86,55.54,7.17,69.79,chickpea,Rabi,10,UP
52.48,53.08,60.79,18.86,68.96,7.34,68.54,chickpea,Rabi,1,UP
47.59,46.88,54.32,14.87,47.14,6.42,68.9,chickpea,Rabi,1,RJ
62.75,62.09,44.41,23.19,59.76,6.41,50.3,chickpea,Rabi,12,RJ
89.58,34.63,64.57,22.87,49.68,7.16,74.08,chickpea,Rabi,12,MH
115.68,64.59,63.6,21.53,65.01,6.32,53.54,chickpea,Rabi,2,MH
84.49,35.17,55.6,21.32,49.37,6.59,39.77,chickpea,Rabi,1,KA
84.98,22.97,83.82,18.44,53.75,7.23,42.52,chickpea,Rabi,3,UP
51.6,45.87,71.92,23.6,64.04,6.79,58.71,chickpea,Rabi,12,MP
109.57,62.99,53.54,20.65,47.15,6.84,30.11,chickpea,Rabi,10,KA
66.77,59.75,82.82,17.22,50.24,7.65,27.13,chickpea,Rabi,2,KA
104.62,43.34,64.84,21.13,51.92,6.62,53.32,chickpea,Rabi,1,MP
64.08,41.6,42.74,16.86,44.38,6.22,37.71,chickpea,Rabi,11,MP
64.71,58.85,76.66,17.11,51.33,6.77,53.48,chickpea,Rabi,10,UP
66.92,28.57,80.87,19.84,57.21,6.75,34.71,chickpea,Rabi,3,RJ
53.06,39.4,59.64,18.83,58.58,6.42,48.54,chickpea,Rabi,10,KA
46.15,23.64,46.99,14.95,56.11,6.26,59.16,chickpea,Rabi,10,MP
55.97,12.64,32.48,18.1,54.69,6.06,45.65,chickpea,Rabi,2,UP
100.55,23.2,73.49,22.78,67.89,7.45,21.82,chickpea,Rabi,2,KA
45.74,40.03,41.55,23.51,65.52,7.56,32.53,chickpea,Rabi,3,RJ
95.09,23.92,70.78,22.79,54.91,6.9,15.0,chickpea,Rabi,11,KA
51.95,59.95,54.15,21.2,67.15,7.2,51.7,chickpea,Rabi,11,MP
55.4,53.63,81.47,14.77,61.38,6.11,15.0,chickpea,Rabi,12,MP
99.2,51.8,73.02,23.8,51.85,6.95,35.04,chickpea,Rabi,11,MH
54.89,45.3,52.88,19.11,65.99,6.94,41.14,chickpea,Rabi,3,UP
79.72,17.89,54.65,21.35,50.34,6.32,15.0,chickpea,Rabi,12,UP
63.23,64.67,71.57,24.98,50.97,7.3,29.77,chickpea,Rabi,10,RJ
83.85,58.14,60.1,20.19,57.14,6.19,65.68,chickpea,Rabi,1,KA
85.15,41.28,49.03,19.27,49.48,6.48,44.55,chickpea,Rabi,12,RJ
102.31,35.64,33.25,21.84,59.57,6.61,30.7,chickpea,Rabi,10,MP
91.62,25.97,31.9,12.28,56.13,6.35,42.52,chickpea,Rabi,11,KA
70.72,34.05,50.52,14.88,74.56,6.82,32.01,chickpea,Rabi,10,MH
47.59,50.6,57.46,23.12,60.43,6.0,54.49,chickpea,Rabi,10,MH
93.44,54.17,23.15,19.55,55.17,6.32,28.69,chickpea,Rabi,10,KA
86.44,54.5,25.03,27.14,62.33,6.33,55.21,chickpea,Rabi,1,UP
42.22,66.91,38.48,17.85,60.82,6.89,53.22,chickpea,Rabi,1,RJ
91.58,52.3,78.46,19.56,54.95,6.26,47.32,chickpea,Rabi,12,MH
72.48,18.08,50.86,22.42,64.91,6.44,72.03,chickpea,Rabi,3,MH
89.61,40.16,37.51,23.6,55.52,6.33,50.44,chickpea,Rabi,12,KA
70.18,19.89,45.73,21.88,66.91,6.03,53.25,chickpea,Rabi,12,MH
92.87,60.55,39.31,22.71,44.32,6.03,46.88,chickpea,Rabi,3,MP
90.43,67.47,77.42,19.48,71.4,6.53,31.25,chickpea,Rabi,1,KA
93.73,55.51,61.59,20.37,60.72,6.54,70.58,chickpea,Rabi,12,MP
84.72,67.2,65.71,16.51,67.31,6.42,48.86,chickpea,Rabi,3,KA
96.11,31.27,72.76,24.97,57.72,6.87,65.31,chickpea,Rabi,11,MP
113.24,69.05,63.4,14.2,67.76,7.17,39.88,chickpea,Rabi,12,RJ
69.04,47.42,44.58,15.65,46.95,6.2,59.6,chickpea,Rabi,2,RJ
88.36,20.8,61.73,15.69,61.95,7.12,36.45,chickpea,Rabi,10,KA
55.79,38.1,39.03,27.59,47.7,6.26,45.34,chickpea,Rabi,1,RJ
50.51,52.2,44.27,23.93,55.7,6.2,63.12,chickpea,Rabi,10,RJ
40.01,53.09,57.3,17.19,47.79,6.55,62.16,chickpea,Rabi,11,MH
89.65,70.03,52.63,20.87,56.38,7.31,42.06,chickpea,Rabi,1,KA
96.77,46.54,28.82,22.76,51.07,7.03,47.64,chickpea,Rabi,3,MH
75.16,53.37,44.42,16.66,55.93,7.4,30.58,chickpea,Rabi,3,MP
103.55,36.89,57.88,18.48,47.44,7.1,44.52,chickpea,Rabi,11,MH
85.16,55.56,52.84,18.05,66.49,6.75,68.13,chickpea,Rabi,2,MH
92.16,56.17,58.86,16.85,50.14,6.16,41.76,chickpea,Rabi,1,MH
100.18,58.2,70.37,24.15,63.86,6.54,48.9,chickpea,Rabi,12,KA
102.38,55.73,66.1,22.66,49.08,7.07,50.16,chickpea,Rabi,10,UP
53.31,46.04,82.69,23.55,66.77,6.92,56.95,chickpea,Rabi,10,MH
78.27,68.55,80.21,22.06,47.63,5.89,30.2,chickpea,Rabi,10,UP
106.51,38.49,62.49,20.78,47.65,6.32,65.62,chickpea,Rabi,11,UP
47.99,77.59,60.67,25.31,68.99,6.77,41.71,chickpea,Rabi,1,UP
110.48,56.79,43.19,18.81,48.95,7.23,55.85,chickpea,Rabi,10,MH
82.13,18.08,71.71,19.44,50.23,5.72,34.72,chickpea,Rabi,3,MP
60.27,42.55,41.48,20.43,73.62,5.93,53.73,chickpea,Rabi,11,MP
57.8,29.18,33.17,24.94,62.27,6.36,62.08,chickpea,Rabi,2,MH
57.81,48.07,49.58,15.57,44.28,5.97,56.9,chickpea,Rabi,12,KA
90.19,47.28,72.95,14.34,59.76,6.4,41.18,chickpea,Rabi,1,RJ
93.81,64.76,62.1,19.51,54.35,7.19,55.68,chickpea,Rabi,12,KA
77.95,42.15,69.76,18.38,70.12,6.61,62.22,chickpea,Rabi,1,MP
102.07,43.91,59.1,16.06,46.93,7.06,56.74,chickpea,Rabi,3,MP
96.38,66.04,43.37,16.65,44.09,7.03,42.99,chickpea,Rabi,10,UP
60.4,60.89,56.01,13.05,64.02,6.96,24.47,chickpea,Rabi,2,MH
53.57,64.74,66.54,15.31,43.89,7.11,38.64,chickpea,Rabi,12,MH
92.44,42.4,42.21,25.4,42.43,6.94,75.08,chickpea,Rabi,1,UP
70.82,31.6,48.13,23.35,69.34,7.05,66.93,chickpea,Rabi,2,MP
42.15,39.73,45.12,19.12,58.54,6.47,34.97,chickpea,Rabi,3,MP
80.25,43.11,42.17,16.77,54.45,6.63,68.15,chickpea,Rabi,11,RJ
33.31,70.2,52.56,21.33,64.31,6.43,57.53,chickpea,Rabi,12,KA
96.58,43.94,44.25,23.62,42.91,5.96,42.45,chickpea,Rabi,10,KA
87.99,49.51,25.36,23.2,63.27,6.11,38.18,chickpea,Rabi,10,MH
64.47,26.47,28.51,19.22,55.06,6.78,64.32,chickpea,Rabi,3,MP
60.88,61.67,63.31,24.61,60.97,7.03,61.08,chickpea,Rabi,11,MP
84.56,33.6,28.41,22.64,65.77,6.36,34.4,chickpea,Rabi,11,UP
92.86,38.73,29.25,21.68,47.82,5.93,69.41,chickpea,Rabi,12,KA
89.22,29.02,45.45,21.75,67.01,6.15,35.25,chickpea,Rabi,11,UP
72.92,60.63,67.16,12.62,48.79,6.66,43.55,chickpea,Rabi,12,UP
100.89,67.25,61.87,20.15,46.53,6.77,47.8,chickpea,Rabi,3,RJ
67.8,59.03,32.31,13.23,59.29,6.74,47.15,chickpea,Rabi,2,KA
53.72,47.82,38.88,21.12,61.83,7.49,25.06,chickpea,Rabi,1,MP
78.49,42.68,27.13,20.99,64.68,6.46,39.57,chickpea,Rabi,11,UP
85.91,48.91,37.01,12.62,70.83,7.23,65.98,chickpea,Rabi,3,KA
98.06,49.94,72.63,19.83,51.59,7.51,73.01,chickpea,Rabi,2,MP
105.25,70.51,24.84,15.2,69.51,7.31,44.47,chickpea,Rabi,11,KA
56.11,41.15,71.5,24.97,44.74,7.18,34.36,chickpea,Rabi,2,RJ
85.68,55.1,69.56,15.89,70.36,6.54,70.96,chickpea,Rabi,2,KA
31.62,41.38,73.45,17.81,54.33,6.91,62.55,chickpea,Rabi,12,KA
60.45,30.51,29.91,16.7,56.47,7.02,79.66,chickpea,Rabi,10,RJ
53.38,59.79,69.65,16.01,59.81,6.94,37.02,chickpea,Rabi,2,UP
90.7,55.82,62.44,16.84,54.08,7.52,57.06,chickpea,Rabi,12,UP
95.98,63.66,62.33,21.53,59.77,6.52,19.99,chickpea,Rabi,11,MH
89.29,32.23,69.52,22.02,47.63,6.31,73.92,chickpea,Rabi,11,MH
60.91,65.23,65.15,20.32,59.18,6.43,62.95,chickpea,Rabi,11,MH
66.52,62.11,27.77,24.12,56.15,6.18,52.27,chickpea,Rabi,1,UP
71.15,30.63,39.42,17.45,69.01,6.43,46.27,chickpea,Rabi,1,MP
109.06,53.78,75.73,22.36,54.64,7.14,35.59,chickpea,Rabi,1,UP
112.23,40.16,46.04,17.63,53.8,6.82,60.53,chickpea,Rabi,11,MH
57.35,53.38,44.89,23.61,46.58,6.36,45.93,chickpea,Rabi,11,MH
104.69,45.43,66.77,17.16,64.49,6.99,45.07,chickpea,Rabi,1,MP
58.44,34.04,66.21,21.52,51.73,7.37,35.21,chickpea,Rabi,12,MP
44.54,52.38,60.4,15.41,42.22,7.14,39.5,chickpea,Rabi,11,RJ
73.3,27.33,83.11,13.55,63.2,7.0,48.42,chickpea,Rabi,11,KA
96.52,35.28,77.33,15.61,43.27,7.52,53.15,chickpea,Rabi,12,KA
71.4,17.48,75.97,19.11,53.55,7.26,65.84,chickpea,Rabi,10,UP
69.96,65.69,57.78,14.52,67.54,7.19,85.0,chickpea,Rabi,10,UP
64.59,53.67,43.11,22.9,69.89,7.01,30.03,chickpea,Rabi,3,RJ
50.33,56.76,43.97,16.34,48.4,7.28,75.39,chickpea,Rabi,1,MH
55.3,59.96,70.02,16.92,48.7,7.43,69.22,chickpea,Rabi,12,MP
104.46,50.75,51.42,21.83,51.19,7.27,55.55,chickpea,Rabi,12,UP
52.45,67.7,68.42,21.59,48.39,7.77,57.07,chickpea,Rabi,1,RJ
104.24,39.71,70.97,24.76,47.7,6.04,55.69,chickpea,Rabi,1,MH
91.18,52.11,67.62,20.0,50.93,6.73,33.22,chickpea,Rabi,11,UP
93.38,48.43,29.48,25.54,54.17,6.08,68.14,chickpea,Rabi,10,MP
60.81,53.16,55.43,19.49,52.61,6.6,27.94,chickpea,Rabi,12,RJ
91.47,25.18,74.79,14.48,57.25,6.96,48.4,chickpea,Rabi,12,RJ
65.44,30.5,50.44,14.22,69.31,7.09,61.29,chickpea,Rabi,2,RJ
68.38,37.9,62.6,15.61,65.2,6.05,51.0,chickpea,Rabi,11,MP
72.26,45.99,73.83,16.43,47.57,6.44,60.16,chickpea,Rabi,10,RJ
55.74,21.06,67.33,19.39,61.02,6.32,44.95,chickpea,Rabi,10,MP
84.42,30.96,57.67,25.76,61.95,6.21,43.06,chickpea,Rabi,2,MH
93.63,22.07,32.75,18.98,48.94,6.15,62.24,chickpea,Rabi,11,MP
88.77,43.01,58.91,15.05,53.54,7.1,67.03,chickpea,Rabi,10,UP
103.33,60.8,73.38,16.33,66.06,6.63,38.22,chickpea,Rabi,1,MP
50.72,67.17,72.71,15.19,58.38,6.75,51.5,chickpea,Rabi,11,RJ
108.12,72.35,70.61,14.86,62.91,6.44,59.06,chickpea,Rabi,3,MH
107.63,61.77,55.66,24.28,58.94,6.58,57.43,chickpea,Rabi,10,RJ
103.39,57.19,69.16,19.68,49.05,6.69,31.36,chickpea,Rabi,1,MH
86.6,60.73,83.53,18.9,66.39,6.97,55.65,chickpea,Rabi,3,MP
91.92,60.94,69.6,21.69,66.64,6.08,64.57,chickpea,Rabi,2,RJ
94.33,68.93,46.39,23.33,55.56,6.94,47.24,chickpea,Rabi,10,MP
74.37,57.1,75.63,22.42,67.38,7.01,51.48,chickpea,Rabi,11,KA
110.42,25.7,51.74,25.59,68.86,6.71,15.0,chickpea,Rabi,12,RJ
93.62,44.82,45.13,20.67,69.62,6.49,48.47,chickpea,Rabi,3,UP
104.67,24.47,58.49,22.08,49.21,6.23,26.73,chickpea,Rabi,2,UP
72.67,15.15,32.49,21.18,59.11,6.83,33.19,chickpea,Rabi,12,RJ
41.77,25.26,35.59,15.39,52.64,6.59,42.03,chickpea,Rabi,11,KA
51.15,42.54,58.0,19.7,66.43,7.62,54.29,chickpea,Rabi,3,RJ
52.0,61.8,75.8,19.58,58.1,7.46,15.0,chickpea,Rabi,10,KA
72.52,48.78,61.0,19.19,70.61,6.56,57.35,chickpea,Rabi,3,KA
80.62,35.0,85.38,24.71,54.11,6.17,52.19,chickpea,Rabi,10,RJ
63.54,63.23,57.92,23.38,56.7,6.16,71.6,chickpea,Rabi,11,RJ
70.04,37.59,59.94,23.54,53.68,6.53,51.74,chickpea,Rabi,11,MP
64.19,14.75,43.1,20.29,66.44,6.59,72.85,chickpea,Rabi,2,UP
82.16,22.75,55.34,24.67,62.3,6.97,76.36,chickpea,Rabi,11,UP
81.69,27.25,65.2,22.17,53.39,6.82,82.88,chickpea,Rabi,11,RJ
62.05,20.36,42.42,18.12,57.76,6.07,43.03,chickpea,Rabi,10,MP
100.75,50.5,69.57,24.9,62.31,6.26,75.55,chickpea,Rabi,2,MH
36.05,60.64,66.08,19.1,51.75,6.3,60.93,chickpea,Rabi,3,MP
95.81,37.18,72.04,13.41,51.49,7.33,19.69,chickpea,Rabi,10,MP
102.83,59.41,45.44,21.63,54.57,6.0,59.73,chickpea,Rabi,2,UP
37.64,35.61,67.55,18.18,53.89,6.71,67.65,chickpea,Rabi,12,MP
57.18,58.0,42.67,26.54,66.36,6.91,59.51,chickpea,Rabi,12,MP
110.6,32.35,65.71,20.65,54.75,6.31,38.31,chickpea,Rabi,1,KA
79.32,24.62,34.19,17.71,62.62,6.8,60.06,chickpea,Rabi,11,KA
53.83,27.61,53.41,18.33,61.32,6.78,25.12,chickpea,Rabi,3,MH
66.14,37.63,29.84,13.82,44.29,6.49,82.08,chickpea,Rabi,10,MP
74.53,48.45,56.14,21.66,62.14,7.33,68.54,chickpea,Rabi,2,RJ
40.31,53.5,70.55,19.31,70.8,6.27,46.53,chickpea,Rabi,1,MP
41.37,21.38,83.75,22.53,55.58,7.68,42.01,chickpea,Rabi,12,KA
56.71,52.09,33.4,15.94,52.34,7.28,23.42,chickpea,Rabi,1,UP
96.85,40.51,34.45,21.75,67.29,6.31,43.75,chickpea,Rabi,10,MH
60.16,39.27,48.74,25.38,46.06,6.65,54.31,chickpea,Rabi,1,MH
64.69,22.82,59.94,23.41,68.0,7.36,47.67,chickpea,Rabi,1,UP
53.35,40.09,60.44,21.08,50.21,7.41,53.12,chickpea,Rabi,12,MP
40.24,60.18,32.44,15.93,57.74,6.31,46.91,chickpea,Rabi,3,MH
67.43,55.85,69.71,16.47,45.54,6.87,55.73,chickpea,Rabi,1,MP
73.79,55.7,28.58,24.75,59.95,7.08,35.19,chickpea,Rabi,1,RJ
73.82,41.28,43.37,24.57,61.34,7.42,43.17,chickpea,Rabi,2,UP
109.59,37.75,27.96,24.04,51.57,7.26,22.02,chickpea,Rabi,12,MP
96.14,31.93,46.5,20.3,43.58,7.49,50.53,chickpea,Rabi,10,RJ
105.93,23.38,23.93,23.93,53.25,6.63,39.91,chickpea,Rabi,11,KA
74.6,24.53,58.22,17.04,53.51,6.61,53.99,chickpea,Rabi,10,RJ
69.45,65.29,69.67,21.71,60.77,6.54,68.26,chickpea,Rabi,12,RJ
54.11,14.7,35.32,18.34,59.27,7.27,49.18,chickpea,Rabi,1,MH
67.56,59.77,70.54,15.86,65.52,6.66,58.13,chickpea,Rabi,12,MP
92.86,74.99,69.94,18.25,57.77,7.21,58.68,chickpea,Rabi,11,RJ
41.3,37.96,54.86,15.7,61.16,6.41,63.02,chickpea,Rabi,3,MP
66.09,65.7,47.67,19.24,61.84,7.22,54.97,chickpea,Rabi,11,MH
65.25,29.09,63.56,15.01,62.7,5.96,29.39,chickpea,Rabi,12,MH
58.41,64.53,19.07,23.25,55.68,6.94,45.67,chickpea,Rabi,1,RJ
101.29,62.1,43.61,24.13,54.6,6.76,57.59,chickpea,Rabi,11,UP
83.23,26.59,53.99,18.18,63.63,7.05,82.99,chickpea,Rabi,10,KA
104.94,60.27,64.72,23.69,51.15,6.92,44.16,chickpea,Rabi,12,KA
112.54,57.26,62.6,16.03,59.23,7.76,29.92,chickpea,Rabi,12,MP
95.84,24.65,36.55,16.13,46.08,6.24,42.5,chickpea,Rabi,10,RJ
83.33,55.6,50.34,23.13,65.66,6.23,36.17,chickpea,Rabi,3,MP
86.37,26.87,63.51,12.47,61.52,6.49,42.69,chickpea,Rabi,11,UP
56.99,22.46,75.53,20.01,62.58,6.29,57.76,chickpea,Rabi,11,MP
67.34,64.59,70.15,20.12,45.03,7.53,26.34,chickpea,Rabi,3,KA
67.7,22.88,67.95,14.83,64.7,7.06,43.34,chickpea,Rabi,10,MH
93.41,14.86,84.36,23.42,66.3,6.88,43.89,chickpea,Rabi,2,RJ
56.96,30.4,30.25,16.52,55.2,6.07,35.95,chickpea,Rabi,11,MH
54.81,68.35,35.16,23.06,63.11,6.32,36.18,chickpea,Rabi,3,UP
36.94,35.76,31.94,19.57,57.57,6.14,63.79,chickpea,Rabi,10,KA
99.66,57.72,44.94,23.73,60.63,7.26,31.05,chickpea,Rabi,12,MH
59.45,30.86,48.05,17.57,63.82,6.66,38.77,chickpea,Rabi,3,UP
102.25,41.24,69.92,33.18,66.91,6.72,49.69,cotton,Kharif,9,GJ
82.46,34.28,90.93,28.31,67.26,7.33,82.81,cotton,Kharif,10,AP
100.87,53.68,42.41,28.18,76.06,7.6,95.17,cotton,Kharif,9,GJ
100.52,35.64,81.1,26.06,56.76,6.87,60.06,cotton,Kharif,10,TS
68.88,60.07,80.48,28.86,50.34,6.23,55.25,cotton,Kharif,9,GJ
60.11,82.91,45.81,33.85,74.75,6.2,74.47,cotton,Kharif,10,TS
93.73,56.99,57.27,29.88,68.99,6.77,76.46,cotton,Kharif,10,GJ
139.46,54.8,41.43,27.54,61.17,6.15,50.78,cotton,Kharif,10,AP
103.32,31.88,45.45,29.85,56.89,6.69,78.9,cotton,Kharif,6,MH
79.72,52.11,31.74,32.57,79.79,6.09,90.03,cotton,Kharif,6,GJ
107.62,56.66,74.53,34.01,58.08,6.62,93.45,cotton,Kharif,8,GJ
54.02,51.21,52.42,25.06,76.38,6.87,69.59,cotton,Kharif,8,GJ
68.8,61.14,33.61,27.25,63.71,6.14,60.21,cotton,Kharif,9,AP
105.86,38.72,92.25,29.42,80.0,6.49,86.42,cotton,Kharif,6,MH
89.77,23.83,45.16,24.06,51.58,7.23,76.17,cotton,Kharif,6,MH
104.85,70.03,57.82,26.83,80.01,6.19,93.92,cotton,Kharif,6,PB
64.19,63.09,62.89,29.37,51.06,6.08,60.11,cotton,Kharif,8,AP
126.81,27.93,85.77,34.66,55.96,7.6,100.58,cotton,Kharif,7,AP
136.41,82.91,47.55,30.85,62.48,6.73,84.43,cotton,Kharif,9,PB
98.79,67.73,36.09,31.61,50.2,6.8,98.11,cotton,Kharif,10,PB
89.99,37.04,23.5,27.73,64.11,6.61,93.65,cotton,Kharif,8,MH
139.97,72.91,80.67,23.62,57.91,6.3,77.1,cotton,Kharif,10,GJ
75.96,40.59,31.09,32.62,65.04,5.82,60.12,cotton,Kharif,9,PB
89.69,25.43,44.29,26.17,57.5,7.06,55.54,cotton,Kharif,6,GJ
105.4,31.57,37.38,27.3,57.24,6.66,90.74,cotton,Kharif,9,AP
117.72,72.55,42.47,22.18,52.95,7.45,91.5,cotton,Kharif,6,AP
97.24,48.55,74.39,25.75,81.15,7.07,78.86,cotton,Kharif,10,GJ
79.47,38.67,81.42,26.2,74.65,6.3,98.38,cotton,Kharif,8,GJ
137.83,52.6,55.45,26.14,53.77,6.59,75.45,cotton,Kharif,9,AP
87.61,62.91,62.85,27.37,59.42,6.59,87.3,cotton,Kharif,7,GJ
60.87,36.0,53.21,25.2,71.0,7.42,96.02,cotton,Kharif,9,PB
129.8,58.02,43.45,31.33,55.9,6.89,83.3,cotton,Kharif,9,TS
82.21,53.45,83.04,23.04,63.58,6.7,91.15,cotton,Kharif,7,TS
88.21,27.17,91.71,33.88,70.4,6.08,73.87,cotton,Kharif,9,MH
89.45,60.57,33.97,30.06,68.12,7.79,115.0,cotton,Kharif,10,GJ
70.91,65.27,59.78,33.92,54.8,6.33,94.82,cotton,Kharif,10,PB
130.57,68.25,66.51,30.08,74.79,6.1,70.05,cotton,Kharif,9,GJ
97.89,72.57,78.17,33.22,77.52,6.7,104.63,cotton,Kharif,6,MH
71.55,45.41,51.51,34.74,69.52,7.37,57.04,cotton,Kharif,8,PB
85.84,68.64,51.76,33.14,72.19,7.07,49.11,cotton,Kharif,8,AP
89.67,46.15,85.5,29.82,59.55,6.02,50.94,cotton,Kharif,8,AP
107.27,54.11,58.29,27.1,54.1,6.29,83.48,cotton,Kharif,8,TS
73.72,48.73,71.13,27.42,69.69,6.18,67.99,cotton,Kharif,6,PB
66.38,25.64,47.2,31.51,56.26,7.25,87.4,cotton,Kharif,6,AP
133.15,53.22,57.93,23.95,80.2,7.13,69.98,cotton,Kharif,6,GJ
81.49,26.7,47.18,30.32,55.87,7.19,56.48,cotton,Kharif,9,PB
120.96,34.31,70.99,25.09,53.97,6.73,78.3,cotton,Kharif,9,AP
118.95,53.34,76.02,26.01,82.42,6.34,42.05,cotton,Kharif,9,MH
114.78,46.5,36.95,27.31,63.86,6.49,56.2,cotton,Kharif,8,TS
79.11,47.85,44.36,30.72,62.52,6.04,93.64,cotton,Kharif,8,GJ
124.11,67.18,58.3,26.46,62.35,7.04,85.8,cotton,Kharif,9,GJ
104.4,65.97,37.93,31.77,78.03,5.97,67.47,cotton,Kharif,8,PB
76.07,33.53,29.69,35.2,54.34,6.74,91.87,cotton,Kharif,6,PB
117.36,36.35,33.52,29.86,71.49,6.24,82.61,cotton,Kharif,10,GJ
68.46,45.72,88.65,26.64,68.73,7.15,70.75,cotton,Kharif,6,AP
83.65,41.1,43.95,32.13,63.7,6.51,89.97,cotton,Kharif,7,MH
102.33,75.13,43.2,33.66,75.82,6.46,48.84,cotton,Kharif,6,PB
84.76,68.14,67.27,32.06,51.56,6.59,94.27,cotton,Kharif,9,TS
124.03,68.63,34.27,31.24,52.66,5.8,101.54,cotton,Kharif,6,MH
86.32,25.67,39.7,35.34,68.51,7.5,73.27,cotton,Kharif,7,MH
132.55,60.43,75.02,34.94,50.91,6.88,59.85,cotton,Kharif,7,TS
60.0,26.7,64.02,29.47,59.99,7.54,102.33,cotton,Kharif,6,PB
139.28,81.89,60.38,25.17,68.03,7.4,72.95,cotton,Kharif,9,GJ
78.71,27.77,75.31,29.27,60.62,5.89,75.6,cotton,Kharif,10,GJ
140.15,75.18,52.76,29.3,60.09,7.24,83.84,cotton,Kharif,6,MH
93.55,36.21,59.77,33.15,61.9,6.68,96.79,cotton,Kharif,8,MH
78.2,71.93,56.07,28.24,77.52,6.63,72.84,cotton,Kharif,8,MH
81.71,54.87,52.69,33.17,49.8,6.86,58.31,cotton,Kharif,10,MH
80.68,63.95,56.5,27.21,49.63,7.44,78.36,cotton,Kharif,9,TS
116.39,52.01,48.85,30.92,62.94,6.38,85.89,cotton,Kharif,8,PB
118.32,35.21,38.94,31.77,49.69,6.15,72.91,cotton,Kharif,6,GJ
98.79,66.07,42.33,24.72,80.44,7.17,106.13,cotton,Kharif,7,GJ
138.14,59.7,42.72,28.45,52.04,7.25,80.98,cotton,Kharif,10,TS
127.75,58.34,43.82,24.64,72.81,6.94,90.83,cotton,Kharif,6,AP
74.52,72.19,89.29,31.47,73.4,6.33,78.67,cotton,Kharif,9,GJ
91.88,27.24,45.18,31.98,81.3,6.58,86.91,cotton,Kharif,8,TS
69.58,52.88,58.35,33.86,56.36,6.51,65.97,cotton,Kharif,10,MH
100.48,71.35,59.96,29.01,45.71,7.35,65.57,cotton,Kharif,8,GJ
95.96,21.92,57.27,31.2,72.01,7.38,68.75,cotton,Kharif,7,AP
83.57,38.4,46.01,33.2,56.14,6.99,63.4,cotton,Kharif,7,TS
146.34,74.08,47.86,37.62,69.82,5.89,93.97,cotton,Kharif,10,TS
132.39,59.9,58.25,30.2,61.2,6.71,66.32,cotton,Kharif,9,GJ
107.45,24.47,46.04,26.54,74.84,6.98,70.39,cotton,Kharif,10,MH
78.19,74.86,80.29,26.6,51.84,6.26,58.69,cotton,Kharif,10,PB
65.18,64.94,38.87,30.28,75.3,7.06,53.72,cotton,Kharif,9,GJ
129.78,81.29,75.43,29.56,73.63,6.74,67.99,cotton,Kharif,7,GJ
85.04,35.79,35.6,33.71,73.45,6.11,43.73,cotton,Kharif,8,AP
124.28,60.86,66.8,34.15,65.54,6.44,81.09,cotton,Kharif,7,PB
68.71,52.94,39.91,30.48,54.32,6.32,63.45,cotton,Kharif,8,MH
94.35,30.11,34.98,29.94,77.57,7.51,64.09,cotton,Kharif,8,TS
121.85,29.72,28.94,34.02,64.39,6.99,55.99,cotton,Kharif,10,TS
120.56,68.31,67.35,29.22,78.22,5.87,92.8,cotton,Kharif,10,TS
64.65,78.02,82.97,33.73,71.89,7.33,87.07,cotton,Kharif,10,GJ
81.07,56.87,59.6,33.06,60.15,7.03,91.88,cotton,Kharif,8,AP
97.64,81.17,35.63,26.65,64.34,7.15,87.11,cotton,Kharif,6,PB
91.83,46.67,58.06,24.61,82.47,6.3,70.3,cotton,Kharif,8,PB
95.99,71.24,38.44,36.42,65.95,7.47,75.24,cotton,Kharif,10,GJ
82.75,43.87,73.17,26.17,78.89,6.66,70.8,cotton,Kharif,6,MH
117.11,54.91,47.15,37.95,71.61,6.29,86.91,cotton,Kharif,6,MH
113.56,49.04,48.58,25.93,79.98,6.94,89.47,cotton,Kharif,7,PB
93.04,41.11,29.84,33.48,53.09,6.66,77.68,cotton,Kharif,10,PB
131.91,63.46,38.04,29.62,69.4,6.73,82.31,cotton,Kharif,10,GJ
129.66,35.28,63.45,34.5,68.65,6.16,63.09,cotton,Kharif,6,PB
123.67,65.61,51.7,26.02,54.67,7.39,74.53,cotton,Kharif,10,AP
117.69,32.2,47.88,28.74,71.04,7.34,82.51,cotton,Kharif,8,MH
121.71,61.53,46.46,27.15,63.65,7.49,71.14,cotton,Kharif,9,AP
109.97,87.64,65.88,31.73,53.63,6.71,51.94,cotton,Kharif,9,GJ
117.99,37.66,62.01,27.86,80.2,7.31,80.29,cotton,Kharif,10,TS
136.81,29.02,73.17,30.27,70.58,6.4,57.27,cotton,Kharif,6,GJ
91.0,32.03,78.44,25.86,49.41,6.95,81.1,cotton,Kharif,6,GJ
116.92,54.06,25.68,26.04,78.65,6.83,89.11,cotton,Kharif,9,TS
124.69,67.5,49.53,27.7,61.5,6.4,49.36,cotton,Kharif,9,PB
105.11,39.55,37.65,34.24,70.37,5.9,92.79,cotton,Kharif,10,TS
135.82,44.13,78.9,30.8,63.24,6.34,73.29,cotton,Kharif,7,PB
132.84,63.29,94.24,34.54,52.75,7.62,43.03,cotton,Kharif,6,MH
122.22,32.03,73.65,30.54,62.0,6.91,88.87,cotton,Kharif,10,AP
108.34,63.52,82.68,29.51,77.38,7.18,73.6,cotton,Kharif,8,MH
77.94,36.51,72.38,33.33,64.16,6.0,78.59,cotton,Kharif,6,MH
66.19,39.67,52.0,25.63,49.26,7.45,64.61,cotton,Kharif,10,MH
70.6,56.38,80.96,25.18,49.5,6.81,93.09,cotton,Kharif,6,MH
114.97,88.0,79.03,31.73,56.09,5.91,84.16,cotton,Kharif,7,MH
141.48,31.32,67.84,32.15,54.05,6.95,77.4,cotton,Kharif,7,TS
128.45,67.48,61.3,28.96,57.72,6.94,84.05,cotton,Kharif,6,MH
56.43,67.7,39.82,29.1,75.49,6.16,68.81,cotton,Kharif,6,MH
92.09,34.72,37.98,32.07,74.76,6.94,89.26,cotton,Kharif,8,GJ
97.95,34.7,48.15,34.77,56.83,6.08,76.11,cotton,Kharif,8,GJ
108.59,28.66,60.16,34.07,65.56,7.68,69.05,cotton,Kharif,10,GJ
127.61,46.66,72.05,25.32,70.73,7.25,72.81,cotton,Kharif,8,MH
142.81,45.05,70.39,32.84,64.6,6.53,72.59,cotton,Kharif,10,MH
84.21,52.51,66.12,28.15,77.88,6.43,87.05,cotton,Kharif,10,TS
112.41,42.6,80.18,27.19,69.07,7.57,84.01,cotton,Kharif,8,MH
59.23,43.53,61.07,25.93,56.97,6.81,82.57,cotton,Kharif,6,PB
71.68,50.99,65.22,30.01,68.56,7.32,73.5,cotton,Kharif,9,GJ
127.93,56.51,38.07,31.67,66.82,7.59,82.96,cotton,Kharif,10,AP
90.29,55.41,42.29,30.26,52.27,6.78,59.51,cotton,Kharif,8,GJ
126.59,47.18,73.11,29.95,69.02,6.83,82.22,cotton,Kharif,8,TS
132.62,56.27,68.35,28.1,64.75,6.45,70.36,cotton,Kharif,6,TS
118.2,33.37,39.31,28.55,55.13,7.18,108.03,cotton,Kharif,6,MH
84.69,74.27,82.36,30.06,59.4,6.59,35.0,cotton,Kharif,7,PB
115.94,51.79,49.94,35.39,66.23,6.1,92.08,cotton,Kharif,7,MH
72.03,50.17,63.28,27.98,66.06,6.26,41.8,cotton,Kharif,8,GJ
119.53,62.03,50.01,28.65,57.39,7.36,66.23,cotton,Kharif,8,AP
75.97,57.6,65.46,31.29,69.38,6.83,89.8,cotton,Kharif,9,MH
111.37,67.88,60.8,28.98,67.55,6.07,49.6,cotton,Kharif,9,TS
73.84,33.56,89.73,31.92,67.34,6.07,62.91,cotton,Kharif,6,AP
63.99,26.8,42.83,36.21,72.17,6.0,77.25,cotton,Kharif,8,MH
86.59,36.73,80.32,32.91,46.08,6.93,71.07,cotton,Kharif,8,AP
105.59,81.89,70.24,32.39,79.82,7.29,72.85,cotton,Kharif,8,TS
79.93,26.88,82.15,31.11,66.44,6.48,64.07,cotton,Kharif,9,TS
115.12,36.58,51.9,31.04,52.26,6.12,55.54,cotton,Kharif,10,MH
129.46,73.28,89.68,28.13,61.14,6.19,79.39,cotton,Kharif,10,MH
112.65,81.71,66.58,30.54,57.93,6.72,68.93,cotton,Kharif,7,MH
101.97,18.45,37.35,27.56,54.99,6.29,92.95,cotton,Kharif,10,MH
100.5,52.04,57.67,27.05,77.67,6.51,69.04,cotton,Kharif,7,GJ
134.38,42.62,31.48,30.24,59.57,7.12,70.79,cotton,Kharif,10,PB
56.96,72.9,87.87,30.18,56.02,6.29,91.27,cotton,Kharif,7,MH
69.4,36.92,71.25,32.08,55.89,6.43,75.94,cotton,Kharif,6,TS
139.75,46.58,48.39,27.08,53.28,7.1,51.97,cotton,Kharif,6,MH
120.94,69.68,52.42,29.33,69.59,7.64,111.76,cotton,Kharif,9,GJ
82.63,68.75,34.14,24.07,70.62,7.11,78.63,cotton,Kharif,9,GJ
124.77,64.78,27.12,24.23,81.99,5.93,46.08,cotton,Kharif,8,TS
85.06,21.41,26.8,32.46,56.37,7.08,80.29,cotton,Kharif,6,TS
61.67,58.64,46.31,30.02,49.67,6.71,78.68,cotton,Kharif,9,AP
134.81,26.11,56.07,28.07,51.47,6.95,108.7,cotton,Kharif,7,MH
83.0,41.35,91.88,34.75,63.63,7.25,61.83,cotton,Kharif,6,GJ
74.77,87.16,56.25,31.22,57.71,6.45,60.6,cotton,Kharif,6,AP
129.72,40.35,35.1,29.34,47.54,7.15,83.24,cotton,Kharif,7,MH
70.51,70.78,39.81,28.86,62.33,6.1,81.74,cotton,Kharif,7,TS
114.54,38.52,52.71,27.85,50.58,7.26,90.36,cotton,Kharif,6,PB
106.23,32.05,72.57,34.64,76.77,6.38,47.02,cotton,Kharif,8,PB
128.79,71.09,67.61,31.65,73.81,7.42,76.86,cotton,Kharif,6,AP
118.85,45.36,87.56,34.83,66.36,7.33,45.54,cotton,Kharif,6,PB
123.4,39.27,51.78,34.23,78.08,5.91,83.04,cotton,Kharif,8,AP
100.01,35.4,44.11,26.32,66.0,6.12,92.75,cotton,Kharif,6,GJ
82.7,78.43,28.13,31.35,60.09,7.26,54.82,cotton,Kharif,7,TS
136.59,37.16,34.89,34.71,67.01,6.3,69.86,cotton,Kharif,10,PB
81.37,27.67,89.33,27.52,75.31,6.14,71.41,cotton,Kharif,7,TS
105.36,38.72,86.97,27.78,62.37,6.16,79.34,cotton,Kharif,8,GJ
74.15,79.2,36.91,30.74,60.4,6.47,67.86,cotton,Kharif,8,GJ
127.98,51.64,52.39,27.8,48.19,7.08,37.69,cotton,Kharif,8,GJ
126.46,81.33,78.06,27.81,69.25,6.6,62.28,cotton,Kharif,6,MH
136.64,74.03,50.57,30.29,60.89,5.87,52.2,cotton,Kharif,8,TS
117.71,75.01,32.41,25.76,58.69,6.05,55.76,cotton,Kharif,7,GJ
86.95,66.94,56.92,32.48,61.49,6.26,84.3,cotton,Kharif,7,GJ
117.15,77.43,71.15,32.64,72.5,6.36,81.26,cotton,Kharif,8,MH
85.97,63.68,84.76,29.08,64.89,6.54,112.01,cotton,Kharif,10,TS
91.95,44.7,30.36,24.4,52.36,7.33,92.97,cotton,Kharif,8,AP
60.67,38.15,60.67,31.77,71.72,6.45,74.34,cotton,Kharif,7,MH
132.3,29.77,49.18,29.54,72.68,6.73,49.18,cotton,Kharif,6,TS
96.08,63.84,60.03,30.05,56.53,6.18,59.17,cotton,Kharif,9,PB
62.75,70.02,58.66,27.2,72.76,6.21,72.84,cotton,Kharif,9,GJ
113.0,73.15,79.48,28.58,55.0,6.08,71.76,cotton,Kharif,10,MH
129.32,77.35,87.78,25.91,68.67,7.59,60.83,cotton,Kharif,7,AP
133.42,75.59,82.12,32.39,63.25,6.25,43.72,cotton,Kharif,8,MH
67.73,66.47,53.49,31.21,71.71,6.27,104.75,cotton,Kharif,7,TS
123.19,42.27,67.02,34.12,53.05,5.96,65.99,cotton,Kharif,6,TS
77.31,45.32,73.2,28.6,54.74,6.25,104.13,cotton,Kharif,9,MH
120.62,45.56,38.03,26.48,72.02,5.74,92.61,cotton,Kharif,6,MH
110.56,48.9,64.05,24.47,63.87,6.08,54.65,cotton,Kharif,7,GJ
99.86,65.68,38.39,32.95,68.26,6.9,105.87,cotton,Kharif,9,PB
89.56,55.46,39.7,30.18,61.63,6.9,86.92,cotton,Kharif,8,AP
84.45,59.31,62.19,30.2,53.94,6.39,61.57,cotton,Kharif,7,AP
80.19,38.21,90.57,28.49,71.67,6.98,75.58,cotton,Kharif,8,GJ
116.03,70.18,31.01,35.45,73.35,6.07,85.06,cotton,Kharif,9,TS
126.03,22.91,44.74,35.67,74.31,6.13,90.58,cotton,Kharif,7,AP
95.64,78.3,78.64,29.82,73.18,6.3,58.61,cotton,Kharif,9,GJ
124.71,70.63,26.87,29.04,62.06,6.37,97.71,cotton,Kharif,9,PB
85.21,58.28,63.64,25.92,62.18,7.41,59.0,cotton,Kharif,7,TS
95.54,32.0,71.88,29.59,59.78,7.21,40.27,cotton,Kharif,10,MH
104.28,74.63,58.11,23.91,65.96,6.08,73.04,cotton,Kharif,6,PB
87.16,72.09,87.59,25.69,71.14,6.98,68.6,cotton,Kharif,8,AP
90.15,55.39,51.41,33.55,45.73,7.35,87.98,cotton,Kharif,9,GJ
66.61,79.64,36.15,26.53,51.13,5.71,57.7,cotton,Kharif,9,MH
108.44,44.41,53.48,24.91,65.48,7.13,97.03,cotton,Kharif,7,AP
92.72,64.8,31.0,27.73,63.72,6.97,94.85,cotton,Kharif,8,AP
101.31,31.99,55.88,24.56,73.63,6.87,55.21,cotton,Kharif,6,MH
103.2,28.47,37.32,31.48,61.61,6.08,98.06,cotton,Kharif,10,GJ
85.27,67.06,38.39,26.09,74.07,6.58,79.48,cotton,Kharif,9,TS
123.74,63.64,43.66,29.98,70.24,6.14,63.76,cotton,Kharif,7,AP
114.07,73.22,26.42,27.94,76.14,6.51,65.44,cotton,Kharif,9,PB
75.86,65.84,52.18,27.69,67.49,6.2,85.32,cotton,Kharif,9,AP
140.88,27.32,82.26,30.04,80.27,6.36,58.35,cotton,Kharif,10,AP
117.56,66.0,68.48,33.35,77.91,6.42,53.86,cotton,Kharif,8,AP
124.76,59.65,29.81,29.13,62.89,6.46,63.92,cotton,Kharif,10,PB
109.43,62.09,66.75,32.69,53.1,7.33,38.22,cotton,Kharif,10,GJ
67.34,24.96,28.85,32.97,77.09,6.45,48.29,cotton,Kharif,6,AP
59.36,50.83,41.96,29.93,62.02,7.48,98.22,cotton,Kharif,9,AP
133.79,39.95,47.13,33.97,53.04,7.38,107.79,cotton,Kharif,10,MH
122.71,68.2,64.47,35.89,69.53,7.08,55.32,cotton,Kharif,9,AP
94.23,72.42,33.16,27.71,77.82,6.32,95.94,cotton,Kharif,8,AP
129.08,49.69,91.3,29.01,51.25,6.83,77.42,cotton,Kharif,7,TS
113.04,55.0,70.22,35.74,67.58,7.27,89.07,cotton,Kharif,9,TS
128.8,74.85,54.6,26.77,75.93,6.43,51.63,cotton,Kharif,8,MH
85.84,86.07,90.23,32.71,71.68,6.84,64.76,cotton,Kharif,8,GJ
95.74,43.21,34.82,27.15,71.3,6.22,85.47,cotton,Kharif,9,AP
104.98,65.22,66.3,30.35,52.82,7.17,91.25,cotton,Kharif,6,GJ
115.89,34.51,44.53,33.71,65.2,5.87,105.74,cotton,Kharif,10,AP
119.87,47.97,68.32,29.12,63.43,7.66,79.28,cotton,Kharif,10,GJ
76.28,75.08,90.6,29.06,78.5,6.17,41.24,cotton,Kharif,10,PB
93.39,68.22,34.03,26.37,75.8,6.66,38.03,cotton,Kharif,6,AP
84.59,37.98,67.33,29.58,61.32,6.11,85.16,cotton,Kharif,9,TS
107.13,29.87,40.82,32.69,51.85,6.19,55.01,cotton,Kharif,10,GJ
106.43,56.34,63.28,28.14,73.27,6.81,83.91,cotton,Kharif,9,MH
109.94,77.15,56.11,32.58,63.24,7.32,57.53,cotton,Kharif,6,PB
75.25,49.99,73.71,25.44,68.39,6.93,65.82,cotton,Kharif,7,TS
139.44,84.99,48.97,28.53,70.58,7.18,71.8,cotton,Kharif,6,PB
109.46,31.33,89.59,25.55,71.11,6.65,76.67,cotton,Kharif,6,PB
71.36,26.98,70.28,33.25,57.78,7.04,81.08,cotton,Kharif,8,GJ
129.59,48.24,50.38,32.48,60.22,6.81,53.68,cotton,Kharif,7,GJ
100.56,38.02,43.95,22.58,66.32,7.35,92.3,cotton,Kharif,8,AP
107.04,34.61,76.97,25.8,53.33,7.54,59.15,cotton,Kharif,8,PB
87.62,34.5,70.22,31.26,57.18,6.17,65.17,cotton,Kharif,9,AP
71.01,25.34,79.79,32.53,49.22,7.15,79.04,cotton,Kharif,10,PB
84.46,68.13,86.91,26.55,81.76,6.97,60.82,cotton,Kharif,10,PB
112.27,33.59,82.03,32.16,74.75,6.48,108.31,cotton,Kharif,8,AP
76.29,59.52,57.29,29.12,51.59,6.86,58.27,cotton,Kharif,6,TS
74.72,56.77,68.22,28.01,76.19,6.85,77.7,cotton,Kharif,9,AP
126.26,47.22,40.65,32.72,70.87,6.61,76.54,cotton,Kharif,8,MH
127.3,40.24,52.77,31.52,72.35,7.18,90.78,cotton,Kharif,9,MH
126.25,47.08,26.15,29.09,68.57,5.9,94.53,cotton,Kharif,6,MH
136.74,74.39,74.49,26.21,49.39,6.71,41.71,cotton,Kharif,6,MH
130.59,60.76,90.25,34.08,79.21,7.05,97.14,cotton,Kharif,6,TS
68.04,40.9,89.41,36.51,70.67,6.0,62.74,cotton,Kharif,9,MH
59.29,48.32,70.27,29.55,51.28,6.63,75.61,cotton,Kharif,7,TS
71.25,36.17,70.96,29.49,67.34,6.33,68.22,cotton,Kharif,6,TS
143.97,28.41,93.55,30.05,71.47,6.61,77.36,cotton,Kharif,7,AP
92.16,43.61,75.81,33.33,60.84,5.7,76.23,cotton,Kharif,8,GJ
71.26,46.13,30.0,30.92,75.62,7.04,72.72,cotton,Kharif,7,MH
63.13,73.05,33.36,23.79,60.05,6.56,73.4,cotton,Kharif,9,GJ
101.82,70.22,47.21,30.96,76.42,7.24,115.0,cotton,Kharif,7,MH
108.12,61.25,60.15,28.23,49.54,7.14,91.59,cotton,Kharif,9,GJ
132.11,81.17,47.15,29.38,54.64,6.37,56.91,cotton,Kharif,10,GJ
106.7,62.1,46.83,26.17,52.56,6.74,68.07,cotton,Kharif,6,TS
83.81,33.7,66.4,34.45,56.56,6.72,87.7,cotton,Kharif,7,MH
86.73,36.08,77.83,34.95,60.93,6.03,84.78,cotton,Kharif,6,MH
123.36,73.04,80.48,27.96,74.21,6.5,100.0,cotton,Kharif,8,MH
138.98,63.31,66.92,30.01,69.71,6.81,52.12,cotton,Kharif,7,GJ
89.36,49.08,51.7,35.64,71.91,6.47,71.49,cotton,Kharif,10,AP
102.43,25.58,83.28,27.0,54.36,7.19,56.27,cotton,Kharif,8,MH
132.9,74.0,46.76,29.01,78.6,6.44,67.3,cotton,Kharif,10,TS
75.84,24.89,73.64,25.63,79.75,6.48,96.86,cotton,Kharif,8,GJ
77.22,24.28,30.19,26.78,52.08,6.41,58.88,cotton,Kharif,9,GJ
65.23,62.72,51.21,31.46,62.6,6.58,78.99,cotton,Kharif,9,TS
92.71,59.03,33.41,27.67,51.61,6.41,105.4,cotton,Kharif,9,PB
90.92,32.48,70.21,24.98,75.48,6.86,109.1,cotton,Kharif,6,PB
119.38,58.94,40.04,32.08,54.74,7.03,82.51,cotton,Kharif,9,AP
120.0,36.52,70.91,26.85,55.25,7.0,102.81,cotton,Kharif,6,AP
76.37,44.17,61.98,24.62,61.46,6.21,88.09,cotton,Kharif,7,PB
144.61,30.6,34.77,29.11,62.73,7.01,90.47,cotton,Kharif,8,PB
72.09,76.77,64.41,24.03,78.37,6.06,72.12,cotton,Kharif,10,GJ
104.58,44.5,89.32,30.08,55.27,6.81,64.92,cotton,Kharif,8,PB
101.66,44.87,54.3,30.69,63.25,5.88,86.76,cotton,Kharif,8,AP
78.91,54.97,79.76,26.79,51.04,6.3,71.91,cotton,Kharif,7,PB
83.96,63.91,78.01,27.71,62.34,6.72,74.53,cotton,Kharif,9,TS
130.87,51.01,55.16,25.22,70.66,7.03,72.61,cotton,Kharif,6,PB
96.42,43.89,36.19,25.82,53.19,6.1,58.88,cotton,Kharif,8,AP
63.68,23.79,40.96,25.85,63.04,6.84,49.9,cotton,Kharif,8,MH
138.96,25.88,60.74,28.74,63.07,6.59,106.59,cotton,Kharif,8,AP
124.28,45.95,85.73,26.85,72.25,7.1,83.34,cotton,Kharif,10,PB
72.27,26.78,48.83,26.09,68.76,6.2,99.38,cotton,Kharif,6,GJ
148.42,85.42,103.39,29.91,85.13,6.46,189.15,sugarcane,Kharif,8,UP
146.3,43.94,94.94,24.64,81.72,6.55,90.12,sugarcane,Kharif,10,KA
158.79,42.16,69.93,26.58,65.54,7.16,134.89,sugarcane,Kharif,7,UP
108.35,51.74,58.51,26.35,60.88,6.39,107.2,sugarcane,Kharif,9,GJ
114.97,80.72,101.63,25.64,79.93,6.39,160.43,sugarcane,Kharif,7,MH
124.75,70.57,99.54,31.4,63.49,7.03,164.68,sugarcane,Kharif,6,MH
88.64,53.85,53.59,25.08,86.13,6.18,133.7,sugarcane,Kharif,8,UP
103.05,29.02,91.56,22.37,78.97,6.4,101.87,sugarcane,Kharif,8,GJ
117.77,34.75,95.27,21.8,72.43,7.31,131.58,sugarcane,Kharif,10,UP
150.65,55.38,45.34,22.72,67.62,6.17,159.31,sugarcane,Kharif,8,TN
129.98,47.53,44.92,22.29,63.32,7.46,119.56,sugarcane,Kharif,8,KA
135.42,88.49,73.42,30.33,65.96,7.02,175.2,sugarcane,Kharif,8,TN
112.07,69.89,98.47,26.01,59.46,7.16,195.07,sugarcane,Kharif,9,MH
96.4,28.03,64.5,30.2,75.39,6.72,107.63,sugarcane,Kharif,9,TN
124.59,57.56,46.82,30.08,72.31,6.82,169.43,sugarcane,Kharif,6,MH
103.42,64.68,52.09,24.36,77.25,6.75,115.13,sugarcane,Kharif,6,KA
132.85,45.61,72.88,29.12,87.55,6.78,215.0,sugarcane,Kharif,9,KA
113.03,33.47,66.3,29.27,82.99,7.33,114.17,sugarcane,Kharif,9,MH
160.72,31.46,90.67,23.95,58.17,7.43,168.9,sugarcane,Kharif,7,GJ
141.14,74.17,72.44,30.12,79.03,7.0,129.74,sugarcane,Kharif,6,UP
96.47,65.85,81.2,24.24,65.51,6.47,210.55,sugarcane,Kharif,10,KA
162.28,40.54,65.75,23.22,79.45,6.83,182.57,sugarcane,Kharif,9,KA
95.44,31.72,63.59,24.82,56.79,6.72,157.84,sugarcane,Kharif,9,UP
115.68,59.28,96.06,23.74,70.18,7.25,95.52,sugarcane,Kharif,8,KA
144.28,42.12,86.52,24.7,79.13,6.47,144.75,sugarcane,Kharif,6,KA
143.71,74.17,85.36,24.46,67.76,6.02,167.43,sugarcane,Kharif,9,GJ
81.11,49.13,71.57,27.89,75.44,6.79,140.1,sugarcane,Kharif,6,TN
98.65,36.84,76.83,27.53,66.53,6.97,151.91,sugarcane,Kharif,8,TN
159.07,41.17,46.76,25.93,65.28,6.43,203.66,sugarcane,Kharif,6,UP
88.54,32.72,78.89,28.24,66.63,6.65,140.7,sugarcane,Kharif,6,MH
81.17,68.98,74.35,24.04,80.86,6.73,164.53,sugarcane,Kharif,6,UP
98.52,51.97,59.05,27.26,71.14,6.89,120.19,sugarcane,Kharif,6,KA
151.81,75.32,88.27,24.47,69.2,6.84,150.27,sugarcane,Kharif,10,TN
127.82,47.66,53.31,29.95,75.26,6.29,123.69,sugarcane,Kharif,6,TN
109.37,54.09,56.82,26.58,82.29,6.91,120.06,sugarcane,Kharif,10,MH
159.84,55.92,96.83,31.0,67.81,6.87,120.92,sugarcane,Kharif,9,TN
105.72,47.15,91.69,29.79,75.96,7.39,158.01,sugarcane,Kharif,9,UP
159.58,65.67,78.86,24.87,59.23,7.18,109.32,sugarcane,Kharif,10,MH
89.93,39.58,75.34,29.82,67.29,6.49,162.61,sugarcane,Kharif,9,GJ
119.29,63.23,43.67,28.81,68.69,7.15,136.85,sugarcane,Kharif,7,UP
148.5,43.47,70.34,26.64,67.32,6.54,121.06,sugarcane,Kharif,8,KA
144.51,57.6,95.54,25.23,55.0,7.51,166.02,sugarcane,Kharif,8,GJ
150.39,85.74,77.51,25.24,81.39,7.06,176.04,sugarcane,Kharif,8,TN
92.89,42.11,66.58,23.74,63.4,6.07,85.15,sugarcane,Kharif,8,TN
107.67,46.95,75.34,30.74,83.34,7.26,198.03,sugarcane,Kharif,9,MH
144.85,67.68,108.2,30.3,69.03,5.88,143.53,sugarcane,Kharif,8,GJ
99.79,46.77,81.7,24.12,76.59,6.43,177.75,sugarcane,Kharif,6,KA
122.98,42.31,75.28,24.24,66.22,6.43,180.44,sugarcane,Kharif,10,TN
123.6,38.25,70.67,32.09,81.16,6.51,135.22,sugarcane,Kharif,9,UP
167.72,66.2,76.58,33.88,61.93,6.97,126.83,sugarcane,Kharif,8,TN
151.46,60.44,100.63,23.79,70.44,5.7,137.11,sugarcane,Kharif,9,MH
123.97,80.96,80.16,25.73,78.82,6.16,148.08,sugarcane,Kharif,8,KA
112.69,71.04,110.74,24.18,67.09,6.48,143.16,sugarcane,Kharif,7,KA
102.54,77.02,92.91,24.47,60.65,7.41,130.57,sugarcane,Kharif,7,TN
159.62,40.36,53.74,26.52,71.91,6.82,129.87,sugarcane,Kharif,9,GJ
136.0,41.52,94.69,31.6,66.41,6.64,160.78,sugarcane,Kharif,7,GJ
151.42,77.99,85.28,29.38,72.05,7.5,119.1,sugarcane,Kharif,6,GJ
148.65,58.75,43.17,27.63,64.82,6.47,146.71,sugarcane,Kharif,6,KA
140.7,58.58,94.75,29.25,70.9,7.15,114.85,sugarcane,Kharif,10,UP
128.28,56.72,39.48,27.58,71.8,6.85,169.7,sugarcane,Kharif,7,KA
155.69,89.39,47.27,28.85,71.57,6.76,137.91,sugarcane,Kharif,9,KA
147.31,55.16,89.25,28.4,79.88,6.15,169.13,sugarcane,Kharif,9,TN
105.76,49.59,64.25,24.98,61.14,6.57,139.49,sugarcane,Kharif,7,TN
102.04,85.54,78.99,26.97,74.72,6.95,124.44,sugarcane,Kharif,10,GJ
110.01,79.84,104.42,30.68,75.84,5.85,180.2,sugarcane,Kharif,8,KA
90.41,54.52,105.35,31.1,77.3,6.46,111.87,sugarcane,Kharif,8,KA
90.11,66.84,92.44,25.31,63.22,6.27,180.95,sugarcane,Kharif,8,MH
104.25,87.84,91.77,25.92,76.36,7.18,192.71,sugarcane,Kharif,10,TN
107.28,92.66,77.38,31.11,70.17,6.95,137.07,sugarcane,Kharif,7,MH
141.65,59.22,80.35,28.63,58.01,7.3,113.16,sugarcane,Kharif,9,KA
103.64,57.0,87.17,25.07,67.01,6.1,99.42,sugarcane,Kharif,10,UP
102.38,54.87,61.9,20.71,76.26,6.0,190.81,sugarcane,Kharif,10,MH
150.93,33.95,83.63,27.92,79.89,7.13,158.84,sugarcane,Kharif,6,TN
141.35,59.99,82.5,24.93,56.62,7.26,194.35,sugarcane,Kharif,6,KA
107.19,53.09,68.35,22.38,61.29,7.54,120.37,sugarcane,Kharif,7,MH
90.5,63.78,98.49,31.06,66.61,6.32,147.56,sugarcane,Kharif,9,TN
107.23,91.2,74.73,28.83,83.85,6.6,118.07,sugarcane,Kharif,8,KA
145.41,78.27,62.36,29.99,70.45,6.32,119.48,sugarcane,Kharif,8,KA
89.29,95.09,43.51,25.72,79.22,6.93,137.79,sugarcane,Kharif,8,MH
104.14,54.24,70.96,24.41,84.36,7.09,132.35,sugarcane,Kharif,8,MH
131.55,45.54,51.91,24.12,79.55,7.35,166.17,sugarcane,Kharif,7,TN
78.35,62.4,97.74,28.9,58.79,7.4,169.91,sugarcane,Kharif,7,UP
90.99,49.59,104.33,22.91,79.3,5.91,85.0,sugarcane,Kharif,6,MH
97.12,56.29,82.45,24.55,73.39,6.4,147.26,sugarcane,Kharif,8,TN
155.9,88.32,82.17,24.73,85.75,6.56,177.98,sugarcane,Kharif,8,KA
134.6,55.36,88.62,32.51,63.6,6.47,188.29,sugarcane,Kharif,9,TN
130.34,52.26,77.89,31.34,73.05,6.47,146.91,sugarcane,Kharif,8,MH
129.34,37.46,79.23,25.58,68.49,6.33,98.58,sugarcane,Kharif,7,GJ
118.35,85.05,65.68,27.56,84.28,6.97,203.3,sugarcane,Kharif,6,MH
100.0,92.66,64.15,23.1,75.89,7.48,154.11,sugarcane,Kharif,10,TN
93.91,53.31,82.46,30.12,75.13,6.6,100.7,sugarcane,Kharif,8,GJ
128.31,43.82,83.27,26.31,61.36,6.92,115.73,sugarcane,Kharif,8,MH
86.8,56.74,55.41,29.73,68.7,7.5,142.79,sugarcane,Kharif,10,UP
137.38,30.17,63.64,28.34,69.87,7.21,144.09,sugarcane,Kharif,10,GJ
118.05,33.51,42.91,25.69,65.62,6.32,148.23,sugarcane,Kharif,9,TN
128.76,62.98,89.04,32.12,71.6,6.82,175.62,sugarcane,Kharif,7,GJ
98.09,47.95,57.16,27.09,66.64,7.3,177.98,sugarcane,Kharif,8,GJ
94.92,52.09,73.05,25.41,85.04,7.01,115.18,sugarcane,Kharif,10,TN
91.38,36.01,83.29,33.17,78.37,6.25,153.59,sugarcane,Kharif,6,UP
122.2,46.07,88.41,29.89,76.94,7.33,141.22,sugarcane,Kharif,10,TN
105.8,54.64,110.88,28.22,73.71,6.67,114.08,sugarcane,Kharif,10,GJ
141.92,34.26,99.4,25.72,77.91,6.12,141.99,sugarcane,Kharif,7,TN
82.53,70.86,54.77,27.24,82.05,6.93,97.34,sugarcane,Kharif,8,KA
141.93,37.69,92.43,26.44,77.46,6.66,124.56,sugarcane,Kharif,10,TN
147.13,41.13,113.3,31.94,72.72,7.41,189.56,sugarcane,Kharif,10,UP
149.66,78.59,82.46,32.66,78.41,6.3,145.19,sugarcane,Kharif,8,TN
138.69,80.02,50.48,21.93,73.2,6.55,130.47,sugarcane,Kharif,7,KA
105.52,53.57,107.1,30.69,72.31,6.99,109.13,sugarcane,Kharif,8,KA
133.05,64.66,68.77,23.2,74.65,6.53,120.2,sugarcane,Kharif,7,GJ
155.06,53.95,45.91,29.37,65.57,6.55,110.68,sugarcane,Kharif,9,TN
99.53,46.42,84.99,24.67,79.38,6.73,169.32,sugarcane,Kharif,8,TN
97.88,43.8,102.9,23.34,78.84,7.16,100.86,sugarcane,Kharif,9,UP
107.73,38.66,89.04,24.46,75.72,6.96,195.32,sugarcane,Kharif,7,TN
111.64,74.19,67.75,23.46,76.69,6.4,188.43,sugarcane,Kharif,10,MH
97.67,60.06,107.53,22.61,71.82,7.57,153.12,sugarcane,Kharif,6,KA
130.34,47.39,71.98,32.65,56.21,7.33,115.62,sugarcane,Kharif,7,UP
89.6,64.38,90.89,33.67,66.02,7.71,154.2,sugarcane,Kharif,10,UP
150.69,60.45,114.43,26.8,74.2,7.16,118.78,sugarcane,Kharif,6,GJ
106.57,58.62,47.53,33.11,62.93,6.43,116.87,sugarcane,Kharif,9,TN
106.71,37.57,106.22,23.55,66.8,6.59,98.05,sugarcane,Kharif,10,TN
76.02,54.24,67.98,31.21,64.46,7.21,127.41,sugarcane,Kharif,8,TN
84.42,62.53,43.49,25.01,56.28,7.59,145.4,sugarcane,Kharif,8,GJ
101.54,76.22,78.76,27.17,64.45,7.3,139.65,sugarcane,Kharif,8,TN
139.9,42.18,43.83,23.09,62.67,6.19,190.03,sugarcane,Kharif,10,TN
146.46,56.11,59.4,24.91,74.43,6.65,166.45,sugarcane,Kharif,7,KA
130.34,67.16,67.54,23.63,57.43,7.15,139.47,sugarcane,Kharif,9,TN
125.11,85.2,92.68,22.38,74.22,6.65,130.24,sugarcane,Kharif,10,UP
129.68,45.64,72.93,24.08,74.1,5.98,114.65,sugarcane,Kharif,6,TN
133.15,71.99,96.64,25.95,66.18,7.14,146.6,sugarcane,Kharif,10,MH
137.13,77.11,74.92,27.02,79.22,5.86,122.26,sugarcane,Kharif,10,MH
78.15,77.45,51.41,24.15,62.6,7.1,180.41,sugarcane,Kharif,9,MH
132.98,75.98,86.74,22.06,62.67,7.46,155.11,sugarcane,Kharif,7,KA
132.51,65.07,104.34,31.13,76.92,7.38,157.52,sugarcane,Kharif,7,MH
113.93,51.13,85.77,32.46,82.71,7.01,186.13,sugarcane,Kharif,7,MH
142.14,65.45,54.55,26.75,79.96,6.42,181.11,sugarcane,Kharif,7,GJ
133.93,59.79,42.5,23.19,72.28,7.34,96.3,sugarcane,Kharif,9,MH
130.0,79.84,79.27,26.9,68.21,7.29,167.12,sugarcane,Kharif,6,MH
82.47,46.6,49.77,26.07,70.73,7.38,149.31,sugarcane,Kharif,10,TN
91.29,89.16,39.77,28.71,83.27,7.02,161.69,sugarcane,Kharif,8,UP
102.67,39.24,95.34,32.46,76.91,6.78,131.94,sugarcane,Kharif,7,UP
140.0,40.59,79.06,22.96,82.36,6.22,181.27,sugarcane,Kharif,9,MH
140.62,77.81,34.02,27.71,78.49,6.74,111.31,sugarcane,Kharif,10,TN
133.92,74.37,64.29,25.22,77.29,6.04,183.4,sugarcane,Kharif,7,MH
127.54,72.1,89.01,22.42,76.82,7.28,165.14,sugarcane,Kharif,7,UP
148.48,74.1,57.26,26.26,60.26,6.64,148.66,sugarcane,Kharif,10,MH
89.09,33.86,58.3,25.52,77.54,6.83,181.51,sugarcane,Kharif,9,MH
145.0,48.52,81.79,30.61,67.63,7.0,106.8,sugarcane,Kharif,7,UP
153.7,51.12,98.2,24.34,84.4,6.54,119.45,sugarcane,Kharif,6,MH
156.61,46.15,53.5,24.17,80.8,6.34,133.0,sugarcane,Kharif,10,GJ
89.69,45.4,116.0,28.83,79.68,7.11,158.53,sugarcane,Kharif,10,GJ
94.28,82.55,77.76,28.9,71.06,6.38,154.66,sugarcane,Kharif,9,GJ
152.26,64.43,34.73,31.42,59.43,6.99,115.13,sugarcane,Kharif,9,TN
114.23,36.28,95.19,29.58,72.86,6.63,168.44,sugarcane,Kharif,7,UP
93.23,61.56,93.89,27.66,80.6,7.16,106.81,sugarcane,Kharif,10,GJ
137.14,35.1,65.71,23.31,79.3,6.18,100.43,sugarcane,Kharif,10,TN
146.7,57.22,85.22,28.21,78.07,6.25,165.21,sugarcane,Kharif,10,MH
147.08,48.38,83.06,20.23,77.1,7.66,130.85,sugarcane,Kharif,10,TN
145.18,87.37,92.56,26.26,67.26,7.39,152.4,sugarcane,Kharif,9,GJ
92.8,87.28,73.39,23.67,67.0,7.06,137.7,sugarcane,Kharif,9,UP
78.91,33.67,66.53,27.12,64.32,7.09,128.71,sugarcane,Kharif,9,GJ
132.13,74.44,109.09,24.02,78.53,6.12,161.32,sugarcane,Kharif,10,GJ
140.94,54.84,78.79,26.7,81.81,7.51,132.45,sugarcane,Kharif,10,MH
151.9,30.77,94.16,30.63,69.09,7.12,213.27,sugarcane,Kharif,10,GJ
153.91,49.15,78.49,28.95,62.08,7.34,161.27,sugarcane,Kharif,6,KA
147.34,83.16,97.45,25.79,81.32,6.58,105.08,sugarcane,Kharif,9,TN
101.66,74.21,64.91,24.26,75.97,6.5,162.02,sugarcane,Kharif,9,UP
134.44,75.67,97.48,26.23,86.71,5.8,192.18,sugarcane,Kharif,8,GJ
86.97,63.65,48.2,25.25,80.7,7.36,158.9,sugarcane,Kharif,8,TN
129.31,78.11,94.54,23.67,67.15,6.73,165.06,sugarcane,Kharif,9,MH
113.78,52.31,57.95,19.93,89.83,5.95,126.02,sugarcane,Kharif,8,TN
97.16,63.62,102.3,23.5,72.63,7.07,120.54,sugarcane,Kharif,6,UP
107.07,79.7,77.58,27.15,67.69,6.41,129.88,sugarcane,Kharif,7,MH
125.39,72.81,48.05,29.71,79.61,7.04,176.57,sugarcane,Kharif,9,UP
156.32,92.8,75.05,24.47,83.9,7.44,86.71,sugarcane,Kharif,10,TN
121.13,89.34,80.57,22.92,72.49,6.58,183.86,sugarcane,Kharif,6,KA
101.3,28.67,71.53,25.21,67.74,6.87,129.57,sugarcane,Kharif,8,KA
84.19,80.91,103.03,27.76,69.98,7.0,150.87,sugarcane,Kharif,6,MH
79.61,55.39,58.94,25.98,64.02,7.04,150.9,sugarcane,Kharif,6,TN
85.81,24.48,69.06,24.0,69.09,6.6,176.65,sugarcane,Kharif,9,MH
110.91,66.66,48.08,21.52,74.58,7.03,106.84,sugarcane,Kharif,6,TN
89.7,40.85,73.8,32.2,76.8,7.32,201.59,sugarcane,Kharif,6,GJ
141.97,62.7,73.41,29.0,76.8,6.48,157.55,sugarcane,Kharif,8,GJ
126.21,82.21,55.64,24.39,89.25,6.96,111.01,sugarcane,Kharif,6,UP
90.06,64.33,75.17,22.09,78.53,6.44,136.6,sugarcane,Kharif,7,UP
102.99,33.67,92.48,26.59,60.62,7.12,133.23,sugarcane,Kharif,7,TN
94.1,87.16,72.67,25.94,71.12,7.46,126.54,sugarcane,Kharif,6,KA
107.97,85.87,50.36,24.72,62.16,6.35,104.51,sugarcane,Kharif,8,UP
138.63,39.5,80.43,24.37,73.62,7.1,201.55,sugarcane,Kharif,8,KA
93.82,76.09,90.25,26.04,81.77,7.39,146.17,sugarcane,Kharif,9,UP
88.65,68.74,104.19,32.48,77.66,6.61,162.28,sugarcane,Kharif,7,UP
136.72,67.4,53.87,31.87,63.81,7.18,117.04,sugarcane,Kharif,10,UP
107.95,78.3,96.2,28.87,82.28,7.14,133.87,sugarcane,Kharif,10,UP
133.68,61.29,46.83,28.6,84.87,7.34,158.68,sugarcane,Kharif,7,TN
139.66,82.36,97.66,30.32,80.69,6.6,175.15,sugarcane,Kharif,7,MH
155.01,41.72,100.0,26.17,66.48,7.38,168.69,sugarcane,Kharif,8,UP
129.59,46.55,83.56,27.83,83.82,6.21,133.56,sugarcane,Kharif,7,TN
116.31,60.99,41.64,29.67,76.24,6.46,90.66,sugarcane,Kharif,8,UP
150.74,78.66,112.14,23.34,73.29,7.55,175.31,sugarcane,Kharif,8,GJ
144.18,37.95,59.11,25.95,78.33,7.33,177.89,sugarcane,Kharif,10,KA
120.58,41.84,106.64,24.42,88.17,7.55,148.07,sugarcane,Kharif,9,GJ
121.34,41.09,112.83,30.31,68.64,5.98,176.13,sugarcane,Kharif,7,KA
118.16,60.73,53.72,29.04,70.08,6.66,95.45,sugarcane,Kharif,9,GJ
158.55,33.82,91.52,23.79,74.71,6.73,111.14,sugarcane,Kharif,6,UP
156.64,88.58,47.76,32.69,77.81,6.82,187.59,sugarcane,Kharif,10,MH
101.87,79.18,55.86,28.33,66.19,6.5,121.83,sugarcane,Kharif,7,KA
91.47,58.26,97.67,27.84,82.6,6.47,200.67,sugarcane,Kharif,7,GJ
159.2,65.68,79.22,33.64,74.2,7.5,198.84,sugarcane,Kharif,9,MH
150.9,63.49,76.28,26.98,69.3,6.86,85.0,sugarcane,Kharif,6,UP
146.67,36.47,61.28,26.53,66.79,6.02,151.78,sugarcane,Kharif,8,MH
101.61,45.34,41.56,31.79,77.26,7.21,146.82,sugarcane,Kharif,9,UP
113.44,51.6,101.04,28.78,80.23,6.62,187.17,sugarcane,Kharif,10,KA
137.19,38.01,76.84,24.17,73.04,7.45,121.18,sugarcane,Kharif,6,MH
92.28,85.62,59.07,22.98,71.97,6.14,184.14,sugarcane,Kharif,9,GJ
155.26,56.77,45.22,23.14,65.96,7.14,159.94,sugarcane,Kharif,7,TN
120.4,85.71,61.49,29.65,80.21,6.36,125.11,sugarcane,Kharif,9,KA
108.28,64.51,107.58,21.93,76.05,7.01,174.85,sugarcane,Kharif,10,TN
136.65,53.45,81.53,25.69,61.99,6.17,108.19,sugarcane,Kharif,10,GJ
134.15,58.95,68.88,27.27,74.19,6.11,131.73,sugarcane,Kharif,10,UP
84.23,62.57,63.88,33.66,59.58,7.23,126.75,sugarcane,Kharif,9,UP
99.62,76.73,68.65,31.61,64.65,6.15,166.33,sugarcane,Kharif,10,KA
147.4,38.75,107.59,26.07,65.29,7.13,141.36,sugarcane,Kharif,8,GJ
140.97,79.63,109.37,26.16,66.32,7.33,150.96,sugarcane,Kharif,10,KA
160.67,42.76,34.0,29.54,80.8,7.14,105.45,sugarcane,Kharif,6,UP
121.97,77.07,58.45,25.62,65.19,5.73,184.95,sugarcane,Kharif,7,GJ
126.93,30.37,81.67,29.55,75.2,7.29,110.31,sugarcane,Kharif,9,MH
112.9,48.4,82.48,29.66,76.75,5.82,201.73,sugarcane,Kharif,9,TN
121.43,67.11,47.03,25.53,66.35,6.07,107.79,sugarcane,Kharif,10,KA
120.94,94.4,93.59,24.7,82.33,7.25,187.68,sugarcane,Kharif,9,TN
100.01,30.46,101.33,30.48,69.94,6.81,151.39,sugarcane,Kharif,9,MH
140.82,53.94,95.22,32.04,82.8,7.32,105.63,sugarcane,Kharif,6,UP
88.94,51.71,80.88,28.02,78.67,7.32,157.14,sugarcane,Kharif,9,GJ
127.49,57.9,58.12,32.44,81.0,6.65,131.93,sugarcane,Kharif,7,MH
141.13,63.15,50.26,29.81,71.89,6.91,108.52,sugarcane,Kharif,9,TN
112.73,64.18,68.62,24.52,58.67,7.28,172.57,sugarcane,Kharif,6,MH
89.17,46.8,109.38,30.64,76.78,7.42,107.63,sugarcane,Kharif,8,UP
132.91,32.24,69.78,24.46,67.37,6.96,174.98,sugarcane,Kharif,8,MH
85.37,63.6,72.67,23.98,79.37,7.09,119.92,sugarcane,Kharif,9,MH
92.7,47.32,106.68,24.8,72.31,6.24,116.13,sugarcane,Kharif,6,KA
136.32,59.78,97.24,29.61,72.29,7.47,151.22,sugarcane,Kharif,8,GJ
94.73,46.31,90.01,26.62,77.95,7.67,164.7,sugarcane,Kharif,6,GJ
131.95,60.56,90.44,22.54,73.43,6.7,143.73,sugarcane,Kharif,8,KA
144.74,33.4,71.8,28.71,60.19,6.41,186.03,sugarcane,Kharif,6,GJ
149.55,33.13,77.0,26.09,71.38,7.25,127.28,sugarcane,Kharif,9,UP
160.92,63.52,71.49,26.91,65.06,6.87,159.51,sugarcane,Kharif,8,TN
135.51,40.35,63.44,26.75,67.06,6.58,116.3,sugarcane,Kharif,10,TN
146.74,71.11,69.8,24.75,76.72,6.22,131.77,sugarcane,Kharif,9,MH
146.26,61.54,42.74,27.57,81.08,6.36,175.33,sugarcane,Kharif,9,GJ
121.57,48.01,62.48,31.38,78.64,7.2,158.32,sugarcane,Kharif,6,KA
143.45,42.63,85.47,29.26,82.02,7.41,114.97,sugarcane,Kharif,9,TN
117.26,38.46,48.56,25.97,84.48,6.81,174.62,sugarcane,Kharif,8,TN
69.81,59.89,66.19,28.95,54.83,6.83,77.56,groundnut,Kharif,9,RJ
61.68,46.73,46.91,31.91,72.3,6.13,77.47,groundnut,Kharif,9,AP
78.15,38.21,57.66,23.89,80.39,6.61,66.53,groundnut,Kharif,6,GJ
46.88,34.49,36.72,24.58,78.8,6.58,103.37,groundnut,Kharif,9,TN
80.71,28.22,78.84,32.74,75.54,5.92,83.64,groundnut,Kharif,7,GJ
35.13,50.84,34.34,28.61,68.06,7.12,63.76,groundnut,Kharif,7,GJ
79.48,28.64,66.79,26.07,56.18,6.61,56.66,groundnut,Kharif,8,KA
55.43,23.36,23.52,27.02,71.38,6.63,82.62,groundnut,Kharif,6,GJ
49.54,20.53,47.98,27.77,67.79,5.95,95.0,groundnut,Kharif,8,TN
78.13,60.44,69.59,22.04,85.0,6.15,45.94,groundnut,Kharif,9,KA
99.62,62.23,46.79,27.74,82.04,6.6,60.63,groundnut,Kharif,6,TN
82.5,27.07,58.26,21.69,57.45,5.83,68.59,groundnut,Kharif,10,AP
83.89,29.74,33.93,25.52,67.13,6.93,74.31,groundnut,Kharif,6,GJ
92.91,62.24,48.33,32.63,75.13,5.9,86.01,groundnut,Kharif,9,KA
82.48,42.94,21.91,22.97,59.61,6.7,61.52,groundnut,Kharif,7,KA
45.67,50.44,48.55,28.62,69.26,6.33,93.79,groundnut,Kharif,9,TN
43.26,64.34,68.43,29.44,67.12,7.1,88.41,groundnut,Kharif,7,KA
53.04,24.11,44.79,24.79,61.65,6.4,75.9,groundnut,Kharif,6,RJ
67.65,65.33,76.26,28.77,62.15,7.13,94.99,groundnut,Kharif,9,TN
97.0,63.83,37.74,23.21,50.83,6.8,75.07,groundnut,Kharif,8,TN
85.3,54.48,57.89,25.35,72.37,6.36,69.16,groundnut,Kharif,6,AP
37.25,56.81,79.64,28.84,62.17,6.69,86.23,groundnut,Kharif,9,RJ
91.79,55.83,33.65,29.45,69.57,6.94,89.63,groundnut,Kharif,6,GJ
60.86,24.2,58.19,29.55,72.94,6.55,76.54,groundnut,Kharif,6,AP
87.65,36.51,50.51,28.75,67.5,6.26,62.65,groundnut,Kharif,9,GJ
60.33,52.94,48.56,24.72,51.1,6.04,94.77,groundnut,Kharif,6,AP
79.03,50.39,37.88,29.2,58.98,6.36,62.51,groundnut,Kharif,10,GJ
48.49,45.38,70.56,31.49,78.27,6.54,76.39,groundnut,Kharif,9,RJ
94.91,68.8,62.33,25.32,69.14,5.76,67.74,groundnut,Kharif,10,KA
61.19,44.68,29.87,30.7,62.48,6.29,72.25,groundnut,Kharif,7,GJ
40.71,63.67,55.2,23.85,78.83,6.13,72.3,groundnut,Kharif,6,TN
65.95,51.14,63.26,24.36,63.43,6.0,74.81,groundnut,Kharif,7,TN
46.71,34.14,46.79,28.64,57.46,6.48,64.69,groundnut,Kharif,7,GJ
44.79,57.36,50.17,31.5,75.92,6.9,73.98,groundnut,Kharif,7,GJ
43.31,19.92,42.67,27.63,67.54,6.31,82.01,groundnut,Kharif,6,KA
82.34,62.08,27.22,27.94,56.47,6.24,79.16,groundnut,Kharif,7,RJ
38.85,44.48,66.35,30.6,59.13,6.09,88.93,groundnut,Kharif,7,TN
58.44,62.5,26.37,31.49,78.13,6.1,77.56,groundnut,Kharif,9,RJ
61.18,19.97,28.05,26.95,71.49,6.84,90.02,groundnut,Kharif,7,TN
25.91,51.18,53.41,30.4,52.92,5.96,79.31,groundnut,Kharif,8,GJ
84.86,46.55,49.23,21.85,77.18,6.59,57.57,groundnut,Kharif,6,KA
53.3,70.69,40.98,29.18,72.96,6.78,49.54,groundnut,Kharif,9,KA
87.41,41.82,37.63,29.03,81.68,6.83,58.72,groundnut,Kharif,10,AP
54.83,52.13,54.28,25.93,67.76,6.5,110.61,groundnut,Kharif,8,RJ
55.71,23.83,28.43,28.56,61.11,6.89,65.69,groundnut,Kharif,10,GJ
88.24,44.82,26.9,28.96,65.39,6.77,54.92,groundnut,Kharif,8,RJ
53.26,70.67,32.54,27.61,65.39,6.63,77.26,groundnut,Kharif,9,AP
46.85,50.02,31.91,25.97,73.36,6.32,54.11,groundnut,Kharif,8,GJ
91.83,48.8,75.28,23.46,73.66,6.38,51.91,groundnut,Kharif,6,AP
34.31,48.27,69.83,28.5,71.45,6.36,81.15,groundnut,Kharif,6,TN
69.56,46.7,41.83,31.14,76.41,6.01,114.3,groundnut,Kharif,6,RJ
42.74,55.15,24.45,29.94,75.56,6.49,83.85,groundnut,Kharif,8,AP
48.5,28.65,65.84,30.55,56.78,6.8,64.05,groundnut,Kharif,9,TN
107.01,58.25,17.57,28.94,59.59,6.36,49.41,groundnut,Kharif,7,AP
57.66,58.74,48.24,32.8,62.11,6.14,83.93,groundnut,Kharif,9,RJ
33.26,28.32,11.39,33.44,55.23,6.46,66.6,groundnut,Kharif,9,RJ
29.47,60.02,66.05,28.09,67.77,6.14,82.66,groundnut,Kharif,10,AP
33.1,31.02,76.34,23.15,73.9,6.24,83.24,groundnut,Kharif,9,KA
80.01,35.08,44.07,22.66,61.84,6.68,64.79,groundnut,Kharif,7,RJ
73.9,33.2,50.3,33.48,68.42,6.43,40.73,groundnut,Kharif,8,TN
52.3,74.94,66.91,24.59,53.84,6.23,94.32,groundnut,Kharif,8,AP
71.05,60.67,72.34,23.68,54.0,6.25,85.12,groundnut,Kharif,7,TN
49.5,43.48,55.53,32.47,58.17,6.82,104.36,groundnut,Kharif,8,TN
52.73,25.4,33.82,32.14,62.8,5.92,44.32,groundnut,Kharif,6,TN
30.03,25.86,66.66,28.73,54.1,6.12,62.68,groundnut,Kharif,8,RJ
60.64,64.18,55.22,25.04,72.73,6.87,64.44,groundnut,Kharif,6,AP
44.68,44.02,40.05,30.21,61.07,7.26,70.52,groundnut,Kharif,7,RJ
65.78,68.97,65.03,30.44,74.61,6.78,69.31,groundnut,Kharif,7,AP
57.01,65.12,73.03,25.6,74.63,6.31,48.06,groundnut,Kharif,9,AP
53.16,37.39,38.88,29.78,64.47,5.95,65.82,groundnut,Kharif,8,TN
50.73,50.31,36.78,31.11,77.05,6.65,75.07,groundnut,Kharif,10,KA
98.57,68.25,53.31,28.53,57.14,7.0,80.29,groundnut,Kharif,8,KA
72.8,38.1,77.8,29.78,70.2,7.3,91.87,groundnut,Kharif,9,GJ
93.41,58.49,52.41,27.81,62.31,6.45,68.38,groundnut,Kharif,8,GJ
98.21,43.59,25.87,24.25,72.88,6.03,49.63,groundnut,Kharif,10,RJ
58.42,22.05,24.15,25.5,74.99,6.92,71.34,groundnut,Kharif,8,KA
43.93,38.26,38.05,25.29,77.02,6.66,52.45,groundnut,Kharif,10,TN
55.25,19.56,32.08,26.42,53.29,5.86,57.16,groundnut,Kharif,10,GJ
102.55,41.07,57.98,30.75,58.5,6.45,82.0,groundnut,Kharif,9,RJ
68.98,16.94,18.02,31.37,64.09,6.3,105.99,groundnut,Kharif,10,KA
73.59,41.78,30.91,26.02,61.28,6.68,94.98,groundnut,Kharif,7,TN
31.69,20.76,60.96,25.27,69.33,7.04,67.06,groundnut,Kharif,10,TN
72.6,39.4,47.08,26.94,77.12,6.16,81.38,groundnut,Kharif,7,TN
41.2,41.98,39.22,30.45,66.4,5.72,100.93,groundnut,Kharif,7,KA
67.1,34.74,16.85,30.55,54.81,6.92,91.43,groundnut,Kharif,6,GJ
75.09,18.06,59.93,30.51,68.73,6.7,70.56,groundnut,Kharif,6,KA
90.89,34.22,55.32,28.42,55.0,6.78,98.42,groundnut,Kharif,7,GJ
65.15,46.58,61.37,24.32,62.32,6.68,86.06,groundnut,Kharif,10,GJ
102.47,53.02,68.0,33.3,60.06,6.2,62.63,groundnut,Kharif,10,KA
70.93,53.97,54.64,24.02,65.32,6.76,108.25,groundnut,Kharif,10,AP
45.65,33.87,32.07,25.91,70.42,6.54,95.28,groundnut,Kharif,6,KA
94.98,42.13,67.24,25.2,56.11,6.9,106.23,groundnut,Kharif,6,GJ
70.57,45.16,41.01,24.22,67.88,6.18,43.0,groundnut,Kharif,7,RJ
71.59,28.94,27.08,32.65,55.91,6.39,75.46,groundnut,Kharif,10,RJ
77.61,61.41,84.17,25.84,81.85,6.47,80.74,groundnut,Kharif,8,RJ
39.61,68.32,42.84,25.46,70.93,6.72,60.3,groundnut,Kharif,7,KA
31.23,63.72,50.73,23.94,67.3,6.3,80.53,groundnut,Kharif,9,GJ
66.86,63.73,57.72,31.12,59.61,6.83,96.05,groundnut,Kharif,7,AP
43.56,34.64,43.06,26.74,70.92,7.1,50.15,groundnut,Kharif,6,GJ
56.11,47.0,20.16,31.05,64.14,6.81,48.09,groundnut,Kharif,7,KA
65.09,42.51,51.84,27.5,70.04,6.52,77.14,groundnut,Kharif,10,AP
84.59,57.01,36.68,31.43,60.84,6.94,84.9,groundnut,Kharif,6,KA
91.93,47.87,70.3,24.3,67.89,7.28,69.61,groundnut,Kharif,6,RJ
78.5,16.56,48.11,29.82,60.04,6.42,83.59,groundnut,Kharif,8,AP
70.52,21.12,37.18,34.2,74.96,6.03,101.75,groundnut,Kharif,10,AP
85.8,34.24,46.16,28.74,68.54,7.24,78.76,groundnut,Kharif,10,AP
74.43,44.27,78.91,25.25,80.53,6.27,88.73,groundnut,Kharif,9,RJ
60.85,59.45,25.31,28.91,57.1,6.19,58.51,groundnut,Kharif,8,AP
69.59,67.88,25.4,26.82,68.59,6.45,82.98,groundnut,Kharif,8,KA
100.63,57.21,56.63,31.3,76.61,7.03,91.62,groundnut,Kharif,9,KA
44.1,60.69,63.64,29.4,55.38,6.87,58.05,groundnut,Kharif,7,GJ
94.74,47.95,51.01,30.96,68.36,6.5,79.67,groundnut,Kharif,9,TN
52.94,57.1,21.25,31.4,72.84,6.07,55.09,groundnut,Kharif,9,RJ
95.56,54.28,34.35,31.31,60.0,6.82,100.42,groundnut,Kharif,10,AP
68.64,48.41,38.94,25.5,61.25,6.06,73.78,groundnut,Kharif,10,RJ
79.2,20.92,17.14,25.5,63.85,5.92,43.04,groundnut,Kharif,7,RJ
62.56,50.53,59.96,25.45,66.02,6.2,90.81,groundnut,Kharif,8,AP
65.44,64.52,67.71,34.65,68.64,6.03,59.28,groundnut,Kharif,10,TN
27.45,65.71,74.48,27.55,73.14,7.17,81.38,groundnut,Kharif,8,KA
65.72,64.81,75.69,29.14,58.23,6.53,64.62,groundnut,Kharif,7,RJ
57.39,28.35,35.39,22.37,79.87,6.57,72.29,groundnut,Kharif,7,AP
64.74,58.22,61.33,21.52,56.59,6.31,59.5,groundnut,Kharif,10,AP
66.87,48.81,63.2,25.49,58.08,6.65,99.85,groundnut,Kharif,6,RJ
42.29,75.59,58.21,23.38,52.33,6.03,73.36,groundnut,Kharif,9,KA
49.27,39.25,44.45,20.08,57.43,6.38,58.73,groundnut,Kharif,8,KA
97.46,38.62,17.38,24.65,64.34,6.42,81.98,groundnut,Kharif,9,TN
48.61,61.35,27.22,27.83,76.17,6.61,68.95,groundnut,Kharif,7,RJ
62.98,61.93,55.1,22.93,73.23,6.35,94.65,groundnut,Kharif,6,AP
92.57,35.18,53.53,29.26,70.98,6.41,71.47,groundnut,Kharif,8,KA
92.72,46.97,35.02,29.94,77.2,6.41,76.02,groundnut,Kharif,6,RJ
83.59,29.64,26.48,32.29,77.87,6.47,74.06,groundnut,Kharif,8,TN
80.36,48.83,64.31,31.19,63.86,6.68,98.09,groundnut,Kharif,9,KA
82.99,56.44,39.11,25.3,57.24,7.06,70.63,groundnut,Kharif,8,AP
84.94,58.33,21.27,22.61,62.96,6.42,88.21,groundnut,Kharif,6,AP
72.63,51.82,39.3,26.85,78.44,6.76,47.13,groundnut,Kharif,6,KA
74.45,30.98,65.31,29.14,57.04,6.87,78.62,groundnut,Kharif,7,GJ
43.26,49.14,24.7,30.17,59.74,6.64,75.15,groundnut,Kharif,8,KA
76.98,64.82,62.3,23.32,67.3,6.22,82.7,groundnut,Kharif,9,TN
53.73,36.98,29.63,30.78,77.97,6.81,69.39,groundnut,Kharif,10,RJ
51.04,61.85,12.78,25.03,63.21,6.47,80.69,groundnut,Kharif,8,RJ
53.9,40.91,22.07,22.23,73.18,6.43,66.78,groundnut,Kharif,10,AP
67.81,23.41,79.59,26.09,80.73,5.92,81.87,groundnut,Kharif,10,KA
59.27,55.72,46.85,27.47,69.94,6.17,65.08,groundnut,Kharif,7,TN
76.35,54.5,48.66,23.23,76.16,7.07,68.1,groundnut,Kharif,8,KA
67.38,47.26,29.54,25.55,82.03,6.75,51.78,groundnut,Kharif,10,KA
54.95,75.05,68.64,30.85,63.33,6.46,99.04,groundnut,Kharif,7,GJ
77.26,60.47,46.06,21.72,58.38,6.66,91.8,groundnut,Kharif,7,KA
48.11,44.93,36.23,22.2,77.11,6.42,56.97,groundnut,Kharif,10,KA
56.68,70.79,56.75,24.2,67.81,6.45,104.44,groundnut,Kharif,9,TN
39.13,31.82,36.94,23.51,65.98,6.47,59.31,groundnut,Kharif,9,AP
75.41,28.24,56.86,29.84,73.58,6.31,89.73,groundnut,Kharif,10,RJ
37.84,46.38,53.24,26.36,70.78,6.79,91.41,groundnut,Kharif,6,RJ
90.66,25.48,49.55,25.43,74.78,6.59,98.63,groundnut,Kharif,8,GJ
41.55,69.08,21.53,23.87,71.85,6.49,108.46,groundnut,Kharif,10,RJ
65.33,63.34,70.79,24.9,74.14,6.5,89.7,groundnut,Kharif,8,KA
96.62,41.43,42.73,25.05,53.19,6.05,65.5,groundnut,Kharif,6,TN
72.23,43.44,41.93,28.87,52.42,6.45,78.49,groundnut,Kharif,9,KA
33.66,48.86,74.55,30.94,58.72,6.62,53.05,groundnut,Kharif,7,KA
61.01,16.74,22.9,28.18,79.13,6.54,115.0,groundnut,Kharif,10,KA
55.49,52.98,69.38,22.05,68.55,6.27,79.69,groundnut,Kharif,9,TN
26.94,57.53,77.75,24.65,79.1,6.55,60.54,groundnut,Kharif,8,GJ
58.52,44.63,37.15,25.24,70.3,5.97,87.76,groundnut,Kharif,7,AP
57.79,36.47,55.32,29.93,75.75,6.65,78.39,groundnut,Kharif,8,AP
36.7,61.79,42.27,28.9,61.24,6.95,73.29,groundnut,Kharif,7,AP
31.72,29.3,66.28,29.76,78.65,6.99,68.97,groundnut,Kharif,8,RJ
72.8,41.97,67.54,22.87,57.16,6.5,77.03,groundnut,Kharif,7,TN
75.73,43.45,31.72,31.26,75.6,6.99,92.9,groundnut,Kharif,8,TN
71.67,74.0,72.09,25.73,78.91,6.85,71.01,groundnut,Kharif,7,TN
50.7,69.63,45.88,28.43,60.41,6.6,90.78,groundnut,Kharif,10,AP
67.18,41.1,62.41,23.73,75.22,6.18,74.13,groundnut,Kharif,7,KA
99.61,36.43,44.57,22.14,59.04,6.9,40.94,groundnut,Kharif,7,KA
54.69,64.08,47.83,26.59,72.04,6.02,74.38,groundnut,Kharif,10,TN
78.45,60.02,31.52,30.36,73.43,6.82,66.4,groundnut,Kharif,10,AP
85.52,56.57,60.66,31.33,59.31,6.29,70.79,groundnut,Kharif,10,TN
72.04,36.54,29.18,27.79,62.4,6.67,43.73,groundnut,Kharif,8,AP
47.31,72.15,29.47,26.27,81.96,5.96,70.44,groundnut,Kharif,7,KA
87.19,36.87,69.22,26.36,68.15,6.8,60.18,groundnut,Kharif,9,RJ
62.85,31.94,16.27,26.44,74.46,6.81,97.21,groundnut,Kharif,10,KA
69.14,55.98,77.49,27.64,56.12,6.49,94.93,groundnut,Kharif,8,RJ
109.13,65.02,24.24,24.24,53.81,6.82,84.38,groundnut,Kharif,8,GJ
55.79,23.55,70.28,28.13,62.03,6.44,35.0,groundnut,Kharif,7,AP
39.62,55.07,28.42,21.62,56.42,6.28,71.56,groundnut,Kharif,10,GJ
83.44,52.27,64.33,25.16,70.86,7.09,82.08,groundnut,Kharif,7,AP
51.75,74.03,68.59,26.72,78.29,5.8,101.44,groundnut,Kharif,6,TN
69.27,41.19,45.61,27.05,62.69,6.86,51.03,groundnut,Kharif,10,AP
69.56,50.63,50.7,24.91,61.62,6.34,56.28,groundnut,Kharif,9,RJ
40.24,66.07,70.52,30.85,77.61,6.49,85.65,groundnut,Kharif,8,GJ
59.59,20.74,64.73,27.25,66.22,6.36,84.0,groundnut,Kharif,8,AP
80.58,58.02,67.82,22.99,76.99,6.04,76.74,groundnut,Kharif,10,TN
74.47,60.64,41.13,22.59,68.79,6.8,60.18,groundnut,Kharif,6,KA
46.0,30.41,60.96,23.36,65.16,6.9,74.95,groundnut,Kharif,9,AP
51.5,38.62,57.73,23.47,73.91,7.27,83.38,groundnut,Kharif,8,KA
91.15,54.28,60.31,26.81,72.23,6.61,54.81,groundnut,Kharif,7,GJ
58.71,60.2,42.96,26.23,80.56,6.45,36.93,groundnut,Kharif,7,GJ
79.89,65.34,74.91,28.04,67.4,6.56,97.23,groundnut,Kharif,7,GJ
40.72,45.18,60.08,27.04,69.91,6.34,88.84,groundnut,Kharif,8,KA
66.33,41.64,60.25,25.32,71.84,6.35,115.0,groundnut,Kharif,7,RJ
98.08,24.87,35.05,30.23,59.75,6.55,62.02,groundnut,Kharif,8,GJ
95.27,23.33,22.41,34.4,76.9,6.68,60.89,groundnut,Kharif,10,TN
77.04,29.96,69.92,27.07,65.7,7.27,52.55,groundnut,Kharif,7,GJ
52.14,32.16,29.92,21.97,79.19,6.74,80.25,groundnut,Kharif,7,TN
86.56,36.97,45.83,26.95,72.89,6.5,59.52,groundnut,Kharif,8,RJ
29.62,52.03,16.43,27.75,64.42,6.55,63.67,groundnut,Kharif,8,TN
105.79,24.61,28.76,30.03,67.65,6.47,97.59,groundnut,Kharif,8,AP
94.03,43.8,45.02,32.39,79.74,6.49,65.43,groundnut,Kharif,9,KA
87.37,59.15,71.22,31.11,77.04,6.02,48.93,groundnut,Kharif,10,RJ
44.65,26.63,64.54,29.54,79.37,6.62,56.42,groundnut,Kharif,7,GJ
69.04,26.45,28.07,30.22,75.41,6.72,92.64,groundnut,Kharif,8,AP
47.44,60.64,62.82,30.81,57.93,6.01,64.94,groundnut,Kharif,8,TN
62.46,47.78,15.38,27.97,55.58,6.71,83.91,groundnut,Kharif,8,AP
65.31,51.95,37.13,23.19,55.74,6.55,99.51,groundnut,Kharif,7,AP
52.65,25.53,79.54,24.56,67.05,7.1,77.8,groundnut,Kharif,8,RJ
63.67,31.56,31.81,23.71,64.67,6.94,56.62,groundnut,Kharif,9,AP
99.83,46.57,26.24,25.55,74.96,6.48,71.06,groundnut,Kharif,9,RJ
76.33,42.5,61.05,29.56,64.21,6.64,57.49,groundnut,Kharif,8,GJ
79.23,61.85,38.09,28.03,69.35,6.11,77.46,groundnut,Kharif,10,AP
63.85,44.25,48.32,27.72,70.97,6.23,99.75,groundnut,Kharif,9,GJ
52.16,42.61,30.79,26.46,60.12,6.47,72.57,groundnut,Kharif,7,RJ
43.13,42.18,55.65,27.24,73.89,6.43,93.18,groundnut,Kharif,6,KA
40.44,55.61,23.29,22.71,77.11,5.7,52.4,groundnut,Kharif,6,GJ
69.62,59.05,39.3,28.51,60.97,5.97,103.14,groundnut,Kharif,9,RJ
59.45,26.94,26.75,27.68,54.17,6.59,59.6,groundnut,Kharif,10,TN
101.47,43.72,17.89,26.69,57.23,6.26,53.89,groundnut,Kharif,9,AP
84.49,16.41,38.93,29.31,73.29,5.97,71.56,groundnut,Kharif,7,KA
81.47,36.14,42.21,29.65,78.35,6.9,57.68,groundnut,Kharif,10,TN
68.69,60.77,50.61,26.37,75.94,6.06,100.64,groundnut,Kharif,7,AP
92.61,39.0,37.55,31.74,78.89,6.81,51.62,groundnut,Kharif,8,GJ
54.81,38.47,52.82,26.54,71.12,6.88,89.35,groundnut,Kharif,8,RJ
47.86,47.6,20.0,31.52,73.68,6.13,85.32,groundnut,Kharif,8,RJ
49.21,44.62,33.17,24.76,70.16,6.4,84.14,groundnut,Kharif,8,TN
87.09,38.39,24.9,26.55,67.2,6.49,88.11,groundnut,Kharif,8,KA
97.85,55.03,61.38,30.89,69.93,6.65,107.81,groundnut,Kharif,10,KA
43.57,49.82,20.53,29.44,72.02,6.36,67.48,groundnut,Kharif,7,RJ
88.87,63.09,60.86,27.0,79.28,7.27,79.96,groundnut,Kharif,10,GJ
67.74,45.5,53.54,33.54,75.3,6.41,68.59,groundnut,Kharif,9,TN
53.23,48.51,80.47,27.02,75.95,6.82,47.87,groundnut,Kharif,10,TN
57.37,60.87,44.77,23.14,74.29,6.57,78.88,groundnut,Kharif,8,RJ
47.17,29.05,38.12,29.61,70.99,6.75,77.55,groundnut,Kharif,8,RJ
42.71,67.55,48.59,21.93,58.97,6.44,61.56,groundnut,Kharif,6,GJ
80.72,59.12,56.12,26.29,71.53,6.61,60.35,groundnut,Kharif,10,TN
95.19,47.99,67.57,23.24,70.05,6.96,58.88,groundnut,Kharif,7,TN
59.47,45.56,19.68,30.06,67.35,6.14,93.65,groundnut,Kharif,6,KA
93.67,33.21,67.19,23.4,75.31,6.27,78.31,groundnut,Kharif,10,KA
85.07,21.26,63.02,27.8,65.86,6.9,75.54,groundnut,Kharif,7,GJ
36.94,60.48,58.02,30.89,56.17,6.91,115.0,groundnut,Kharif,6,TN
87.4,33.11,54.45,23.05,68.47,6.89,37.81,groundnut,Kharif,6,GJ
67.56,55.89,69.02,27.61,60.85,6.46,62.6,groundnut,Kharif,6,RJ
35.47,58.89,69.5,24.2,60.54,6.37,85.48,groundnut,Kharif,10,AP
95.59,26.11,43.9,27.47,75.03,6.2,91.01,groundnut,Kharif,6,KA
64.83,22.04,25.41,27.48,82.58,6.75,105.62,groundnut,Kharif,8,TN
80.55,68.84,41.01,29.84,73.72,6.68,79.89,soybean,Kharif,10,UP
94.2,59.12,67.33,30.76,57.78,6.54,81.11,soybean,Kharif,6,KA
110.0,66.63,29.02,23.93,81.49,6.08,94.13,soybean,Kharif,9,MH
59.7,28.71,45.3,30.28,66.55,7.02,96.92,soybean,Kharif,7,KA
51.32,69.63,48.2,22.99,76.85,6.62,95.94,soybean,Kharif,7,UP
25.0,35.88,65.88,27.81,73.37,6.62,77.48,soybean,Kharif,6,RJ
111.24,46.86,51.54,26.15,69.04,6.59,104.57,soybean,Kharif,9,KA
42.98,58.6,77.95,22.41,64.95,6.65,90.22,soybean,Kharif,7,RJ
61.9,49.79,43.22,30.91,63.8,6.43,83.39,soybean,Kharif,9,KA
109.82,21.05,55.38,31.18,85.75,6.04,61.38,soybean,Kharif,8,RJ
96.41,32.32,59.3,27.48,83.13,6.15,87.43,soybean,Kharif,10,MP
92.47,33.52,37.51,30.26,79.51,6.89,95.71,soybean,Kharif,9,RJ
81.94,78.02,71.62,23.72,75.7,6.48,92.05,soybean,Kharif,6,MH
45.12,42.28,61.3,24.16,84.7,6.26,108.72,soybean,Kharif,6,UP
69.26,34.94,75.69,30.88,70.79,6.59,87.06,soybean,Kharif,6,MP
91.42,49.12,39.77,30.34,67.12,6.67,49.34,soybean,Kharif,9,KA
95.0,32.17,32.66,30.61,65.87,6.96,93.61,soybean,Kharif,7,KA
90.24,62.86,77.96,25.38,78.04,6.94,103.27,soybean,Kharif,10,UP
81.45,38.28,62.23,23.19,60.0,6.31,95.09,soybean,Kharif,9,UP
74.21,32.67,37.24,24.66,75.65,5.83,59.86,soybean,Kharif,7,MP
78.15,17.38,63.54,26.45,69.04,6.54,52.89,soybean,Kharif,8,MP
89.04,24.11,73.37,26.41,66.35,6.79,96.69,soybean,Kharif,8,MH
59.97,35.12,52.42,26.88,63.96,6.54,62.73,soybean,Kharif,9,MP
70.83,60.83,31.27,28.01,67.87,6.01,80.18,soybean,Kharif,10,KA
75.12,55.07,41.4,30.5,77.06,6.36,110.83,soybean,Kharif,10,MH
101.24,60.12,80.0,27.71,61.17,6.22,61.2,soybean,Kharif,7,UP
98.64,66.92,52.53,30.58,69.83,6.4,79.86,soybean,Kharif,9,RJ
86.93,58.54,57.25,28.98,65.07,6.08,98.98,soybean,Kharif,10,MP
59.97,35.23,69.11,28.76,74.4,6.86,105.6,soybean,Kharif,6,RJ
84.16,53.57,82.0,28.45,73.25,5.96,84.02,soybean,Kharif,6,MH
47.18,49.89,44.96,29.74,80.28,6.73,45.3,soybean,Kharif,9,UP
69.88,73.1,76.82,19.76,76.88,6.34,83.56,soybean,Kharif,6,UP
92.26,64.4,41.12,29.28,55.58,6.08,92.98,soybean,Kharif,8,MP
58.74,78.49,26.41,24.91,80.09,6.85,86.41,soybean,Kharif,9,KA
113.71,71.77,69.17,27.56,73.69,7.06,95.69,soybean,Kharif,10,MP
115.36,24.25,63.9,29.11,80.88,6.83,58.62,soybean,Kharif,6,MP
85.83,71.84,56.85,29.87,66.01,6.16,60.94,soybean,Kharif,8,RJ
78.21,59.34,32.36,21.99,81.59,6.93,85.69,soybean,Kharif,7,RJ
39.84,33.63,31.18,29.27,78.53,6.83,102.01,soybean,Kharif,9,UP
93.11,37.01,67.47,22.55,69.57,6.15,115.73,soybean,Kharif,10,UP
68.76,49.33,56.41,20.24,74.42,6.7,112.05,soybean,Kharif,9,KA
111.53,35.7,39.36,24.28,73.03,7.02,94.14,soybean,Kharif,9,MH
92.73,49.95,38.99,23.56,69.74,6.21,100.31,soybean,Kharif,9,RJ
103.07,46.63,64.69,33.39,65.59,6.64,99.18,soybean,Kharif,8,MH
52.42,26.2,30.75,30.49,85.42,6.21,79.82,soybean,Kharif,9,MP
90.85,30.73,34.75,25.98,78.67,6.76,103.29,soybean,Kharif,6,MP
55.56,60.74,47.13,27.5,71.36,5.82,67.83,soybean,Kharif,7,UP
39.67,43.45,78.19,26.51,64.64,6.88,53.22,soybean,Kharif,9,UP
45.17,23.79,58.25,27.41,70.55,6.48,84.45,soybean,Kharif,8,KA
83.19,33.42,77.89,25.79,78.31,6.78,62.8,soybean,Kharif,7,MH
56.51,29.74,44.38,29.8,64.68,6.54,74.66,soybean,Kharif,6,RJ
79.12,28.96,70.53,25.21,81.35,6.41,98.15,soybean,Kharif,10,KA
92.18,66.78,38.47,24.85,84.47,6.87,101.4,soybean,Kharif,7,MP
39.27,35.06,38.82,28.79,66.49,6.58,95.22,soybean,Kharif,9,UP
93.54,57.94,53.39,22.13,63.82,6.1,72.19,soybean,Kharif,10,MP
58.89,67.99,46.45,28.47,64.16,6.26,89.66,soybean,Kharif,8,MP
64.73,51.31,24.83,20.74,80.74,6.42,75.83,soybean,Kharif,6,MP
35.2,41.3,29.09,29.06,69.31,6.46,53.48,soybean,Kharif,10,KA
36.71,55.23,36.97,26.42,67.42,6.53,77.35,soybean,Kharif,10,KA
100.56,48.63,59.54,30.21,79.05,6.7,67.57,soybean,Kharif,9,RJ
41.73,41.51,61.65,30.12,76.49,6.43,76.76,soybean,Kharif,7,UP
63.38,28.52,72.65,30.48,81.03,6.1,76.94,soybean,Kharif,9,UP
60.26,69.83,57.52,25.49,77.17,6.22,76.78,soybean,Kharif,8,RJ
81.17,67.06,74.26,22.99,74.16,6.4,94.57,soybean,Kharif,7,MH
45.16,68.76,69.19,28.65,82.87,6.3,101.64,soybean,Kharif,10,MH
105.52,25.27,62.58,28.86,79.08,6.91,61.35,soybean,Kharif,10,UP
38.99,21.98,30.28,24.98,69.84,6.21,103.35,soybean,Kharif,9,KA
70.8,57.65,65.93,23.21,67.3,6.84,84.42,soybean,Kharif,7,KA
107.82,64.21,55.26,21.85,87.5,6.76,102.18,soybean,Kharif,9,KA
44.28,54.37,37.09,23.68,70.5,7.02,85.58,soybean,Kharif,7,MH
48.66,45.9,74.1,27.2,78.02,6.39,86.72,soybean,Kharif,9,UP
87.65,47.77,42.88,27.01,63.0,6.68,90.32,soybean,Kharif,9,RJ
95.06,44.31,49.85,28.95,79.65,7.1,94.34,soybean,Kharif,7,MH
64.62,48.51,39.15,26.56,58.22,6.54,70.91,soybean,Kharif,10,MH
90.77,41.58,35.91,23.11,73.04,6.42,89.74,soybean,Kharif,9,MP
52.22,70.5,63.48,27.18,83.44,6.17,85.35,soybean,Kharif,8,UP
91.8,48.66,69.55,22.34,60.25,6.67,85.09,soybean,Kharif,6,MP
107.77,46.99,25.27,25.79,67.43,6.08,75.78,soybean,Kharif,10,MP
88.76,65.13,54.04,27.03,69.45,6.74,68.43,soybean,Kharif,10,KA
85.32,33.79,42.89,21.1,71.37,6.79,72.93,soybean,Kharif,6,MH
55.91,34.68,34.96,24.84,72.14,6.1,45.0,soybean,Kharif,6,MH
96.54,67.46,59.82,20.99,76.02,6.34,68.33,soybean,Kharif,10,MH
105.97,62.48,58.49,30.07,82.94,6.4,66.52,soybean,Kharif,7,MP
55.78,71.59,22.36,29.05,85.66,6.62,66.61,soybean,Kharif,6,KA
73.67,51.13,73.71,32.48,62.86,6.42,62.06,soybean,Kharif,10,UP
91.49,49.83,70.15,27.49,77.91,6.35,92.93,soybean,Kharif,8,KA
96.76,63.08,54.4,26.97,74.47,6.94,103.51,soybean,Kharif,6,MP
29.93,60.63,33.77,26.88,69.75,6.42,89.58,soybean,Kharif,9,MH
73.47,24.76,60.92,24.63,78.0,6.83,77.94,soybean,Kharif,10,MP
40.91,31.45,42.52,26.7,71.33,7.05,108.23,soybean,Kharif,6,KA
67.2,43.47,59.51,24.57,70.46,5.97,96.67,soybean,Kharif,8,UP
57.17,67.67,65.06,27.36,73.8,6.23,69.16,soybean,Kharif,9,MH
100.52,29.0,52.61,30.54,67.83,7.03,68.1,soybean,Kharif,8,RJ
47.27,43.62,63.68,24.19,75.56,6.66,71.78,soybean,Kharif,8,RJ
98.37,66.36,77.52,26.31,61.79,6.39,87.14,soybean,Kharif,6,KA
43.08,28.52,56.73,28.01,68.17,6.76,67.29,soybean,Kharif,7,UP
51.68,69.94,70.32,28.71,88.13,7.3,110.08,soybean,Kharif,6,UP
58.15,47.3,46.99,19.55,78.08,6.12,80.78,soybean,Kharif,9,MH
68.68,25.77,48.16,21.7,80.04,6.69,64.44,soybean,Kharif,7,UP
105.84,44.69,48.51,32.96,67.64,6.09,90.67,soybean,Kharif,9,UP
60.36,58.93,65.99,22.45,75.45,6.62,71.71,soybean,Kharif,10,RJ
117.31,31.53,41.09,26.14,77.82,6.5,99.69,soybean,Kharif,9,KA
30.21,35.9,59.82,28.71,67.37,7.0,63.3,soybean,Kharif,9,RJ
72.6,36.11,47.68,29.86,69.38,6.11,97.52,soybean,Kharif,9,RJ
93.45,58.44,69.07,31.68,73.23,6.19,89.73,soybean,Kharif,9,MP
87.81,57.8,35.45,30.34,61.33,6.32,54.81,soybean,Kharif,6,KA
58.89,61.54,30.9,27.4,81.08,6.64,118.2,soybean,Kharif,9,RJ
69.58,44.58,65.16,22.97,86.07,6.84,79.87,soybean,Kharif,7,UP
77.98,41.55,50.27,33.4,88.78,7.28,85.3,soybean,Kharif,6,UP
88.96,42.13,31.9,23.03,62.97,6.37,50.83,soybean,Kharif,8,MP
62.49,60.91,61.23,32.99,57.75,6.35,86.67,soybean,Kharif,6,RJ
76.68,68.5,73.93,21.84,87.33,6.24,71.14,soybean,Kharif,7,RJ
81.89,55.91,70.05,25.82,75.25,6.68,59.42,soybean,Kharif,6,MH
88.2,47.68,53.83,27.09,59.75,6.42,80.47,soybean,Kharif,10,KA
44.21,34.96,49.07,26.7,69.5,6.29,87.54,soybean,Kharif,10,KA
54.87,47.04,65.04,26.95,66.15,6.44,93.43,soybean,Kharif,8,UP
40.02,33.4,23.95,23.57,79.08,7.02,66.27,soybean,Kharif,9,MP
30.54,57.9,34.17,26.41,59.45,6.47,81.44,soybean,Kharif,6,KA
79.34,32.87,78.39,26.53,66.39,5.77,97.26,soybean,Kharif,7,MH
99.07,67.18,46.44,28.79,60.36,6.33,92.68,soybean,Kharif,8,MP
63.15,50.67,44.83,22.05,76.56,6.18,107.66,soybean,Kharif,6,MH
75.07,37.44,36.23,31.07,60.28,7.3,103.66,soybean,Kharif,8,UP
40.13,24.04,54.26,27.16,73.0,6.91,57.75,soybean,Kharif,6,MP
78.31,43.44,41.47,31.84,80.85,6.35,103.22,soybean,Kharif,7,MP
72.75,54.68,40.96,20.93,86.55,6.81,110.39,soybean,Kharif,10,RJ
112.08,67.2,66.86,23.02,89.86,6.32,79.82,soybean,Kharif,6,RJ
89.38,43.06,33.94,29.72,75.82,6.34,111.99,soybean,Kharif,9,MP
84.8,59.77,36.17,24.58,76.83,5.93,88.27,soybean,Kharif,10,MH
99.49,55.98,32.51,25.87,64.76,6.85,102.81,soybean,Kharif,9,MH
92.54,58.5,55.62,26.7,70.79,6.83,100.26,soybean,Kharif,7,MH
102.13,52.92,65.38,29.61,70.53,5.85,98.92,soybean,Kharif,8,MP
59.55,28.68,69.37,27.71,67.89,7.15,83.76,soybean,Kharif,10,RJ
85.47,60.63,34.49,22.83,74.63,6.52,117.44,soybean,Kharif,7,KA
68.42,56.11,49.43,32.31,86.66,6.7,82.11,soybean,Kharif,10,RJ
43.34,51.05,68.68,23.54,63.5,6.94,117.01,soybean,Kharif,9,UP
35.93,35.9,47.48,21.79,67.1,6.56,71.06,soybean,Kharif,6,RJ
78.65,72.09,39.02,29.09,61.38,5.7,58.3,soybean,Kharif,10,MH
92.9,35.14,69.44,24.13,72.66,6.29,90.33,soybean,Kharif,8,UP
38.62,38.23,22.32,20.96,65.1,6.68,93.79,soybean,Kharif,9,RJ
63.2,55.43,31.05,25.09,76.15,7.28,98.27,soybean,Kharif,8,KA
70.82,54.41,36.88,30.07,80.84,6.76,84.29,soybean,Kharif,6,MP
99.19,52.3,73.69,24.87,61.68,6.92,95.53,soybean,Kharif,6,MH
39.85,56.71,75.03,27.21,69.75,6.08,77.18,soybean,Kharif,6,MP
47.2,63.06,38.82,27.93,80.74,6.62,113.24,soybean,Kharif,8,UP
98.56,65.15,57.07,25.6,74.21,5.95,65.83,soybean,Kharif,8,UP
32.55,49.9,65.01,27.06,83.55,6.26,71.06,soybean,Kharif,10,MP
94.76,47.77,65.85,29.43,60.82,6.42,78.57,soybean,Kharif,6,UP
73.32,67.41,51.91,28.37,76.11,6.62,112.76,soybean,Kharif,9,RJ
37.8,43.03,36.22,30.83,62.23,7.07,117.61,soybean,Kharif,6,MP
40.71,76.09,64.69,22.71,73.27,5.97,59.98,soybean,Kharif,7,UP
101.79,24.89,41.33,29.94,76.7,6.29,109.31,soybean,Kharif,8,RJ
46.03,50.05,81.3,28.48,70.2,6.2,67.59,soybean,Kharif,6,RJ
46.32,34.06,72.7,25.69,85.74,6.44,74.82,soybean,Kharif,8,MH
80.62,30.64,64.85,23.01,80.78,6.56,79.98,soybean,Kharif,10,MH
106.25,72.19,71.91,31.98,83.68,6.29,105.44,soybean,Kharif,9,UP
83.15,60.18,41.71,25.28,69.63,7.0,104.7,soybean,Kharif,10,MP
39.2,67.27,41.14,26.35,79.23,6.58,86.22,soybean,Kharif,7,KA
76.86,51.29,71.92,25.1,68.37,6.76,86.7,soybean,Kharif,8,MP
54.79,59.79,59.14,29.32,83.45,6.53,73.3,soybean,Kharif,7,KA
64.82,75.76,36.9,27.19,77.85,6.78,88.47,soybean,Kharif,8,MP
96.63,38.59,50.17,24.05,84.76,6.54,73.95,soybean,Kharif,8,MH
83.58,59.32,54.58,19.11,60.02,6.98,56.35,soybean,Kharif,7,MH
34.95,38.02,56.45,26.98,86.26,6.45,108.14,soybean,Kharif,7,MP
59.24,57.19,21.67,27.49,76.45,6.72,82.84,soybean,Kharif,10,MH
66.58,17.65,67.58,29.88,64.97,6.88,77.12,soybean,Kharif,6,UP
50.75,62.03,42.77,28.32,76.82,6.55,102.25,soybean,Kharif,10,MH
76.19,33.25,65.48,23.42,67.22,6.29,100.77,soybean,Kharif,8,MP
103.36,47.03,76.9,30.9,57.65,6.67,66.37,soybean,Kharif,7,RJ
93.56,21.61,54.3,24.8,77.83,6.74,91.35,soybean,Kharif,10,MP
65.53,30.97,59.79,30.94,76.73,6.41,102.87,soybean,Kharif,9,UP
103.36,38.53,35.15,27.48,72.0,6.4,60.17,soybean,Kharif,10,UP
56.58,31.73,39.06,27.05,67.76,5.91,107.07,soybean,Kharif,9,MH
42.32,30.08,34.63,30.27,82.74,5.9,107.57,soybean,Kharif,6,UP
38.62,53.93,69.1,21.18,72.05,6.55,77.42,soybean,Kharif,10,MH
55.19,56.14,82.74,23.97,78.24,5.81,104.25,soybean,Kharif,9,UP
101.38,66.3,77.08,30.07,74.45,6.55,53.05,soybean,Kharif,9,KA
41.3,62.09,44.22,29.8,72.15,5.95,77.14,soybean,Kharif,7,KA
63.7,55.35,29.41,30.87,67.6,7.02,59.37,soybean,Kharif,9,MP
81.65,37.45,62.78,29.57,78.96,6.77,125.0,soybean,Kharif,6,MH
27.74,66.64,49.14,32.64,58.76,6.5,72.7,soybean,Kharif,6,RJ
90.42,55.16,30.15,27.74,77.06,6.46,76.7,soybean,Kharif,9,UP
80.33,68.35,68.74,24.93,61.29,7.3,67.78,soybean,Kharif,10,KA
69.18,46.07,36.04,25.56,67.92,6.91,89.86,soybean,Kharif,10,MH
70.45,50.23,51.74,22.8,83.15,6.47,79.55,soybean,Kharif,10,RJ
82.09,69.12,29.65,26.19,79.49,7.19,79.45,soybean,Kharif,8,RJ
77.93,42.12,58.42,30.42,67.63,6.54,125.0,soybean,Kharif,8,MP
61.84,57.25,40.16,29.28,64.39,6.68,78.86,soybean,Kharif,9,MH
33.81,61.88,47.39,30.04,67.5,5.7,111.7,soybean,Kharif,6,MP
87.18,47.48,60.21,25.46,82.03,6.35,89.06,soybean,Kharif,6,KA
56.97,38.22,33.12,23.11,70.28,6.06,77.34,soybean,Kharif,9,RJ
91.9,35.05,52.66,29.66,62.75,6.17,52.58,soybean,Kharif,7,UP
59.4,62.38,31.05,27.7,80.79,6.71,94.24,soybean,Kharif,6,KA
42.36,67.9,34.68,22.89,73.02,6.4,74.57,soybean,Kharif,9,MH
79.96,57.67,44.91,24.31,83.32,6.3,63.26,soybean,Kharif,6,KA
94.13,46.52,37.29,30.84,67.93,6.82,87.95,soybean,Kharif,8,RJ
49.49,72.39,39.38,26.83,78.89,6.21,62.9,soybean,Kharif,9,RJ
39.34,54.56,56.12,27.71,73.9,7.01,63.69,soybean,Kharif,7,UP
96.8,71.28,43.83,19.0,65.1,6.12,79.24,soybean,Kharif,9,MH
63.03,78.68,29.99,22.95,66.8,7.01,98.83,soybean,Kharif,10,RJ
113.31,72.42,26.96,26.64,68.79,6.04,50.65,soybean,Kharif,7,MP
97.65,79.0,45.16,27.81,73.14,6.29,56.34,soybean,Kharif,7,RJ
104.56,26.45,31.39,26.69,72.58,6.94,80.99,soybean,Kharif,6,UP
41.3,46.6,34.78,29.37,64.78,5.98,78.18,soybean,Kharif,7,RJ
115.27,74.65,79.4,25.68,64.55,7.29,78.86,soybean,Kharif,6,MH
95.88,27.25,38.64,27.12,59.54,6.28,110.03,soybean,Kharif,9,RJ
93.29,75.74,24.83,21.98,72.01,6.58,63.37,soybean,Kharif,8,KA
106.99,78.69,42.63,24.58,65.93,6.92,77.47,soybean,Kharif,10,MP
41.19,57.07,35.66,32.37,81.59,6.58,63.76,soybean,Kharif,7,UP
71.49,65.93,50.98,29.63,64.45,6.66,68.38,soybean,Kharif,8,KA
83.12,57.81,67.95,28.17,70.31,5.77,109.06,soybean,Kharif,8,MH
61.45,59.97,45.26,28.84,67.83,6.07,81.04,soybean,Kharif,6,KA
81.79,32.27,72.63,32.56,82.09,6.76,99.44,soybean,Kharif,6,UP
49.85,28.3,64.06,28.38,71.11,6.56,59.96,soybean,Kharif,10,MH
48.69,67.41,19.93,31.4,75.72,6.41,66.61,soybean,Kharif,9,MP
68.23,63.97,28.11,23.92,61.59,6.65,102.06,soybean,Kharif,6,RJ
33.48,18.37,67.24,29.3,86.59,6.57,93.09,soybean,Kharif,9,RJ
94.47,48.85,54.85,26.29,71.95,6.49,87.56,soybean,Kharif,9,RJ
91.12,15.97,37.1,30.73,67.74,6.61,92.18,soybean,Kharif,8,RJ
110.42,66.99,77.24,25.25,85.1,6.95,116.07,soybean,Kharif,7,RJ
95.79,30.33,68.45,25.37,72.28,5.95,73.62,soybean,Kharif,8,MP
47.33,18.93,28.46,27.96,63.52,6.78,68.87,soybean,Kharif,10,RJ
60.51,63.47,70.93,30.66,62.02,6.73,53.27,soybean,Kharif,7,MH
42.79,50.19,71.48,30.81,76.08,6.14,74.74,soybean,Kharif,8,RJ
62.56,69.87,27.32,29.88,83.39,6.91,54.72,soybean,Kharif,10,RJ
59.32,34.65,59.75,31.76,71.09,6.22,95.14,soybean,Kharif,7,UP
56.41,38.12,75.38,25.25,81.27,6.8,68.14,soybean,Kharif,9,KA
108.79,63.79,66.3,30.81,62.58,5.88,53.56,soybean,Kharif,10,MH
74.68,60.04,64.22,24.22,76.82,6.9,45.0,soybean,Kharif,9,MP
61.11,36.83,56.31,21.71,67.4,6.22,73.51,soybean,Kharif,7,MH
45.5,58.18,35.3,30.16,65.49,6.55,71.99,soybean,Kharif,10,MP
85.7,55.91,41.32,28.65,59.5,6.59,84.93,soybean,Kharif,10,UP
65.23,36.57,34.5,27.81,62.49,6.52,98.91,soybean,Kharif,8,RJ
68.59,55.84,58.59,30.71,72.49,6.37,72.37,soybean,Kharif,9,KA
70.82,44.7,42.63,28.39,59.18,6.56,73.18,soybean,Kharif,9,MH
96.47,36.39,47.67,26.15,59.35,6.13,66.93,soybean,Kharif,10,MH
64.48,29.13,36.94,29.61,66.14,6.77,84.39,soybean,Kharif,10,MH
104.83,64.69,35.72,27.67,80.43,6.36,75.75,soybean,Kharif,6,KA
60.05,36.91,28.46,25.58,81.87,6.18,76.62,soybean,Kharif,8,UP
43.62,23.94,31.68,27.94,72.6,6.74,68.32,soybean,Kharif,9,UP
29.61,69.1,61.27,30.9,64.69,6.97,64.16,soybean,Kharif,9,RJ
71.04,59.52,22.93,24.51,57.61,6.89,110.97,soybean,Kharif,10,MH
30.11,45.17,37.95,28.14,75.52,6.47,60.5,soybean,Kharif,9,UP
26.32,43.27,70.9,30.71,77.24,6.39,94.98,soybean,Kharif,7,UP
97.19,48.72,34.31,28.1,85.7,6.61,111.24,soybean,Kharif,10,MP
66.07,64.51,46.15,30.02,79.6,6.9,61.78,soybean,Kharif,9,MH
107.51,46.37,42.57,25.25,78.57,6.37,83.38,soybean,Kharif,7,UP
71.31,19.71,71.94,24.64,71.74,6.57,80.38,soybean,Kharif,10,MH
110.92,34.26,59.91,27.46,63.74,6.45,80.98,soybean,Kharif,6,MP
53.86,21.31,70.57,25.41,75.0,6.77,67.27,soybean,Kharif,9,KA
36.22,55.04,36.71,20.75,77.5,6.29,85.97,soybean,Kharif,8,RJ
47.49,57.99,32.11,23.03,62.65,5.96,43.91,pigeonpea,Kharif,7,AP
61.92,52.78,51.81,27.87,71.99,6.78,56.22,pigeonpea,Kharif,10,KA
47.68,65.71,48.13,26.1,61.73,7.31,55.17,pigeonpea,Kharif,9,KA
84.32,38.57,32.1,24.98,50.09,6.58,27.31,pigeonpea,Kharif,9,MP
68.12,21.4,30.88,25.58,65.36,7.11,84.97,pigeonpea,Kharif,9,KA
74.04,56.66,37.57,26.0,76.52,6.34,77.07,pigeonpea,Kharif,6,AP
79.12,59.2,31.2,24.5,59.53,6.17,51.14,pigeonpea,Kharif,9,UP
64.6,26.41,56.35,26.67,77.63,7.2,66.87,pigeonpea,Kharif,8,KA
89.9,33.17,38.13,29.37,54.69,6.13,56.51,pigeonpea,Kharif,8,AP
41.31,44.39,47.0,24.28,72.8,7.16,68.14,pigeonpea,Kharif,6,MH
27.01,35.81,48.34,34.7,75.17,6.1,68.01,pigeonpea,Kharif,6,MH
60.36,50.55,38.48,27.23,60.16,5.98,47.64,pigeonpea,Kharif,7,UP
84.15,16.59,40.44,23.49,71.13,7.14,72.08,pigeonpea,Kharif,9,MH
62.96,22.38,57.31,22.31,55.16,7.39,73.05,pigeonpea,Kharif,9,AP
96.22,37.47,43.28,24.5,63.92,7.1,89.05,pigeonpea,Kharif,10,UP
88.62,25.45,59.79,30.73,57.59,6.62,82.3,pigeonpea,Kharif,7,AP
92.02,27.16,44.23,33.45,71.45,7.53,93.77,pigeonpea,Kharif,6,KA
75.4,48.53,77.9,25.38,73.8,6.67,52.75,pigeonpea,Kharif,10,MH
36.52,46.06,64.93,30.74,64.94,6.19,66.8,pigeonpea,Kharif,6,MH
82.71,16.77,34.33,28.62,55.32,7.16,76.39,pigeonpea,Kharif,8,KA
52.76,54.45,69.0,22.18,65.6,6.19,79.75,pigeonpea,Kharif,8,KA
78.45,69.95,60.32,23.41,55.29,7.18,89.48,pigeonpea,Kharif,6,AP
23.51,26.12,66.95,23.59,69.02,6.3,54.93,pigeonpea,Kharif,8,AP
51.57,61.56,53.38,31.6,65.38,6.45,95.37,pigeonpea,Kharif,8,MH
55.89,74.05,20.4,24.84,77.19,6.55,71.91,pigeonpea,Kharif,10,UP
31.59,30.22,38.21,28.91,63.57,6.94,62.37,pigeonpea,Kharif,6,UP
32.8,22.75,31.91,22.89,65.82,6.72,79.85,pigeonpea,Kharif,10,MH
74.49,50.47,21.44,30.08,68.74,6.37,85.84,pigeonpea,Kharif,7,KA
35.01,46.57,39.53,27.03,65.09,6.72,73.56,pigeonpea,Kharif,8,KA
88.78,34.46,57.14,23.91,70.88,6.55,68.43,pigeonpea,Kharif,6,UP
88.21,22.5,37.2,23.61,73.9,5.9,89.82,pigeonpea,Kharif,10,AP
45.62,50.01,61.01,29.96,65.02,6.64,73.28,pigeonpea,Kharif,8,MP
44.13,18.02,70.05,33.89,63.88,6.72,82.53,pigeonpea,Kharif,7,KA
66.82,28.83,34.66,27.25,70.02,7.45,30.41,pigeonpea,Kharif,9,AP
53.69,37.67,69.42,28.45,64.99,7.13,28.99,pigeonpea,Kharif,7,UP
99.32,32.48,67.16,30.24,73.15,6.24,43.22,pigeonpea,Kharif,7,UP
64.94,62.44,48.83,24.74,76.84,6.87,90.36,pigeonpea,Kharif,8,AP
84.33,73.61,44.13,26.37,81.67,7.1,82.28,pigeonpea,Kharif,9,AP
72.77,29.09,39.34,29.2,74.42,7.02,53.97,pigeonpea,Kharif,8,AP
40.35,47.85,41.95,23.98,75.51,7.35,49.41,pigeonpea,Kharif,6,AP
24.87,71.5,41.06,24.27,61.28,6.04,51.02,pigeonpea,Kharif,8,UP
98.14,62.16,26.45,29.37,68.62,5.7,48.76,pigeonpea,Kharif,6,UP
55.04,28.22,56.72,22.68,62.31,7.03,52.61,pigeonpea,Kharif,10,KA
97.43,38.14,20.59,26.98,62.26,6.24,66.26,pigeonpea,Kharif,8,MH
81.91,40.13,32.54,33.43,56.7,6.89,66.06,pigeonpea,Kharif,7,MP
30.5,21.26,40.29,27.45,57.15,6.11,44.96,pigeonpea,Kharif,8,UP
97.8,43.96,29.92,31.96,62.0,7.31,60.7,pigeonpea,Kharif,9,MP
71.57,58.41,41.2,29.76,71.86,6.19,28.61,pigeonpea,Kharif,7,UP
49.22,41.65,55.5,26.2,66.92,6.53,49.54,pigeonpea,Kharif,8,UP
31.37,37.59,58.69,32.13,71.45,7.25,96.87,pigeonpea,Kharif,7,AP
39.52,20.06,32.12,21.5,65.83,6.91,30.99,pigeonpea,Kharif,6,MH
53.83,26.35,30.27,21.48,75.77,6.08,47.81,pigeonpea,Kharif,6,MH
49.17,22.22,61.94,25.38,83.85,6.46,87.68,pigeonpea,Kharif,9,UP
101.22,61.38,62.36,30.46,70.38,7.15,76.88,pigeonpea,Kharif,8,AP
72.36,47.84,38.13,30.52,57.17,7.38,67.69,pigeonpea,Kharif,7,KA
68.2,43.39,58.71,29.93,66.31,6.06,60.76,pigeonpea,Kharif,6,MH
73.99,51.94,53.53,28.77,74.63,7.53,35.58,pigeonpea,Kharif,9,KA
103.95,12.0,44.97,33.25,75.34,7.1,86.25,pigeonpea,Kharif,9,MH
76.52,46.55,21.74,30.26,74.91,6.52,74.82,pigeonpea,Kharif,7,KA
43.24,55.22,51.71,25.5,68.98,6.41,61.92,pigeonpea,Kharif,6,AP
75.35,47.17,52.07,27.75,72.21,6.1,84.75,pigeonpea,Kharif,9,UP
58.36,66.49,58.77,21.76,64.9,7.0,60.55,pigeonpea,Kharif,10,AP
67.03,43.35,63.88,23.98,58.6,6.2,86.12,pigeonpea,Kharif,7,AP
32.95,45.53,31.37,31.06,60.04,7.04,44.58,pigeonpea,Kharif,8,UP
80.01,39.77,35.48,29.43,71.38,7.09,34.19,pigeonpea,Kharif,10,UP
71.99,53.52,58.42,27.17,65.12,6.7,93.94,pigeonpea,Kharif,7,MP
65.46,66.37,63.13,27.42,54.55,6.28,43.19,pigeonpea,Kharif,9,AP
59.43,50.99,23.69,26.84,55.83,6.34,42.68,pigeonpea,Kharif,9,KA
46.01,30.71,64.2,22.18,69.46,6.21,41.1,pigeonpea,Kharif,8,MH
101.24,42.95,41.3,26.32,77.33,6.09,60.45,pigeonpea,Kharif,6,UP
58.13,36.22,52.25,31.92,71.83,6.47,73.82,pigeonpea,Kharif,8,UP
43.71,63.33,23.78,30.51,66.26,6.8,45.81,pigeonpea,Kharif,6,AP
31.1,30.66,32.81,25.01,57.0,5.92,69.39,pigeonpea,Kharif,10,UP
38.43,53.18,39.96,22.86,64.03,6.29,50.42,pigeonpea,Kharif,10,MH
87.86,66.19,32.08,29.78,68.35,7.35,57.05,pigeonpea,Kharif,9,MH
43.17,71.3,35.66,22.74,57.35,6.69,55.7,pigeonpea,Kharif,8,AP
40.7,65.18,58.29,23.72,58.8,6.45,77.31,pigeonpea,Kharif,7,MH
80.29,29.57,46.96,31.1,64.72,7.07,61.48,pigeonpea,Kharif,7,MH
61.05,36.31,21.02,27.09,54.39,6.3,88.63,pigeonpea,Kharif,7,KA
46.36,25.97,45.26,30.64,64.82,5.89,32.34,pigeonpea,Kharif,7,MH
102.17,63.82,51.19,26.82,61.13,7.71,98.48,pigeonpea,Kharif,9,AP
46.65,35.98,43.68,23.58,69.16,6.83,99.07,pigeonpea,Kharif,7,UP
91.73,23.84,55.88,29.18,73.58,6.5,49.31,pigeonpea,Kharif,9,AP
33.77,42.06,53.29,25.66,73.64,6.44,91.48,pigeonpea,Kharif,7,MH
74.64,23.18,37.39,23.09,60.45,7.01,67.69,pigeonpea,Kharif,9,AP
58.28,46.29,36.2,29.74,73.04,6.29,39.46,pigeonpea,Kharif,8,MP
69.86,33.89,76.51,24.99,69.99,6.23,75.24,pigeonpea,Kharif,10,UP
47.75,30.34,33.26,33.81,61.91,6.38,36.19,pigeonpea,Kharif,9,MH
53.0,43.72,38.72,32.4,73.09,6.79,61.61,pigeonpea,Kharif,9,KA
97.02,64.63,25.99,30.1,76.83,6.54,57.57,pigeonpea,Kharif,10,MH
72.37,52.94,59.94,31.24,75.8,7.51,62.82,pigeonpea,Kharif,9,MP
70.69,28.72,59.45,29.19,76.66,7.38,80.06,pigeonpea,Kharif,8,AP
82.39,44.73,29.75,29.75,61.15,7.05,83.97,pigeonpea,Kharif,6,MH
34.74,28.92,59.58,22.96,72.16,7.51,42.46,pigeonpea,Kharif,10,KA
39.55,18.19,50.73,31.17,64.07,5.92,88.9,pigeonpea,Kharif,9,MH
40.8,37.56,40.53,30.17,71.55,6.43,70.51,pigeonpea,Kharif,8,UP
69.86,22.22,34.91,21.97,70.66,6.95,76.43,pigeonpea,Kharif,7,MH
90.92,67.61,60.27,30.31,74.92,7.2,63.5,pigeonpea,Kharif,10,KA
34.23,45.01,26.82,21.73,60.18,6.68,78.69,pigeonpea,Kharif,7,AP
56.25,46.99,41.92,28.39,57.29,6.03,65.44,pigeonpea,Kharif,8,AP
36.86,51.11,52.97,27.74,59.3,6.56,55.55,pigeonpea,Kharif,10,UP
70.87,76.62,26.84,24.47,55.71,6.41,53.25,pigeonpea,Kharif,9,AP
83.09,28.15,63.26,28.59,72.16,6.17,53.06,pigeonpea,Kharif,6,MH
32.92,62.74,64.21,25.42,84.12,7.07,73.0,pigeonpea,Kharif,6,AP
32.39,27.41,72.73,26.13,73.69,7.2,45.05,pigeonpea,Kharif,9,AP
52.15,39.25,64.76,33.34,72.65,6.23,47.34,pigeonpea,Kharif,8,KA
63.2,64.32,49.56,21.76,57.89,6.36,88.12,pigeonpea,Kharif,7,AP
66.78,25.61,19.91,26.3,61.96,6.72,72.47,pigeonpea,Kharif,8,MH
93.62,40.0,33.47,31.76,75.71,7.62,75.54,pigeonpea,Kharif,10,KA
61.71,14.67,14.79,32.46,77.77,6.06,60.87,pigeonpea,Kharif,6,MP
78.73,60.94,49.87,28.42,79.91,7.18,69.66,pigeonpea,Kharif,6,AP
85.16,33.49,23.61,22.52,72.57,7.32,78.48,pigeonpea,Kharif,9,AP
47.19,68.9,30.12,31.51,74.35,6.96,60.04,pigeonpea,Kharif,10,KA
99.61,44.43,35.02,28.06,70.22,6.0,62.74,pigeonpea,Kharif,10,MH
38.74,19.96,46.53,21.37,72.03,6.43,74.81,pigeonpea,Kharif,6,MP
48.62,63.43,39.47,30.81,60.94,6.49,83.09,pigeonpea,Kharif,7,MP
43.79,47.92,65.89,27.54,62.22,6.88,96.22,pigeonpea,Kharif,10,AP
36.66,37.37,28.83,24.99,77.27,6.35,69.82,pigeonpea,Kharif,8,KA
60.73,28.16,66.75,23.93,79.05,7.1,83.98,pigeonpea,Kharif,9,AP
55.95,33.15,35.93,24.13,66.97,6.3,63.13,pigeonpea,Kharif,8,UP
48.87,53.37,42.41,22.84,65.89,6.72,37.62,pigeonpea,Kharif,10,AP
58.15,28.7,72.53,26.99,70.81,6.91,57.97,pigeonpea,Kharif,9,UP
57.39,30.26,73.92,19.06,75.31,6.89,90.69,pigeonpea,Kharif,6,UP
86.12,32.35,70.6,25.99,74.18,6.7,88.79,pigeonpea,Kharif,8,KA
75.12,42.18,61.37,28.72,56.06,7.57,81.01,pigeonpea,Kharif,8,UP
40.8,64.02,65.54,26.74,64.96,6.13,33.77,pigeonpea,Kharif,8,MP
86.17,28.15,50.08,28.38,82.09,7.24,90.47,pigeonpea,Kharif,8,MP
65.45,57.42,51.0,23.47,70.2,6.75,46.51,pigeonpea,Kharif,9,MH
39.06,28.21,43.09,28.29,78.74,6.59,64.67,pigeonpea,Kharif,7,KA
38.34,45.22,63.47,22.57,77.09,7.04,36.33,pigeonpea,Kharif,9,UP
50.58,59.88,74.59,31.9,65.76,6.09,27.9,pigeonpea,Kharif,10,AP
56.36,47.09,57.12,27.48,52.09,6.87,58.38,pigeonpea,Kharif,7,KA
63.37,51.45,63.46,28.44,65.46,7.35,52.94,pigeonpea,Kharif,8,UP
38.69,57.35,22.41,23.2,72.55,6.71,82.76,pigeonpea,Kharif,6,UP
106.02,14.2,70.63,26.52,66.01,6.65,82.5,pigeonpea,Kharif,6,MP
64.87,40.54,61.85,22.52,52.27,6.42,78.83,pigeonpea,Kharif,6,KA
41.25,65.7,42.72,26.76,65.04,6.03,92.05,pigeonpea,Kharif,9,UP
69.42,57.41,36.47,26.62,72.76,6.32,70.05,pigeonpea,Kharif,10,MH
88.86,60.52,63.11,28.1,77.17,6.35,54.43,pigeonpea,Kharif,10,KA
82.35,29.58,62.82,27.25,66.43,7.38,49.81,pigeonpea,Kharif,7,KA
86.16,35.7,52.23,22.03,62.66,7.75,71.55,pigeonpea,Kharif,6,UP
86.83,33.32,19.91,25.65,74.26,7.57,89.14,pigeonpea,Kharif,6,KA
87.19,65.55,18.4,27.19,74.19,6.43,48.02,pigeonpea,Kharif,7,MP
54.94,21.92,69.37,31.83,80.53,7.07,84.36,pigeonpea,Kharif,8,MP
95.65,24.52,53.18,21.63,79.18,7.16,54.45,pigeonpea,Kharif,6,AP
39.18,39.61,36.11,23.93,63.28,6.36,84.68,pigeonpea,Kharif,8,MP
60.45,42.15,78.29,25.16,74.17,7.35,63.48,pigeonpea,Kharif,9,AP
38.51,29.42,39.48,23.84,70.33,6.84,85.48,pigeonpea,Kharif,8,AP
101.01,24.81,65.61,25.69,74.99,6.7,49.1,pigeonpea,Kharif,7,UP
72.55,18.28,60.51,29.7,76.37,6.9,49.78,pigeonpea,Kharif,8,AP
94.83,49.52,15.71,23.05,71.86,6.32,56.9,pigeonpea,Kharif,9,UP
73.73,47.88,28.37,25.97,61.12,7.08,84.28,pigeonpea,Kharif,7,AP
42.2,47.77,76.75,31.49,69.54,7.04,79.74,pigeonpea,Kharif,6,MH
53.81,52.08,22.17,25.73,74.11,6.61,51.05,pigeonpea,Kharif,6,AP
39.57,57.87,18.71,26.61,85.0,6.47,33.97,pigeonpea,Kharif,10,KA
67.0,50.75,33.18,27.63,73.32,7.35,60.09,pigeonpea,Kharif,10,UP
79.85,46.93,26.03,27.43,76.08,6.74,82.88,pigeonpea,Kharif,6,MP
73.95,51.53,60.59,28.75,60.05,6.61,69.88,pigeonpea,Kharif,9,MH
50.77,36.12,29.88,26.41,69.58,6.65,55.6,pigeonpea,Kharif,9,MH
90.38,41.83,41.09,31.39,76.97,6.32,74.32,pigeonpea,Kharif,6,MP
56.09,48.32,38.98,31.72,59.05,6.4,62.22,pigeonpea,Kharif,9,AP
53.05,43.02,55.94,25.96,59.98,5.98,103.54,pigeonpea,Kharif,7,AP
50.9,26.52,44.36,26.34,55.79,6.26,75.06,pigeonpea,Kharif,8,UP
95.88,33.94,61.84,27.13,59.88,7.11,52.96,pigeonpea,Kharif,7,MP
93.08,36.26,39.19,29.09,70.87,6.76,79.51,pigeonpea,Kharif,7,MH
28.09,62.69,20.79,29.27,62.78,7.36,76.1,pigeonpea,Kharif,9,UP
82.54,18.79,70.72,23.26,62.94,7.43,53.31,pigeonpea,Kharif,6,AP
80.19,47.98,56.87,24.59,59.04,6.32,45.45,pigeonpea,Kharif,6,MP
55.68,17.95,10.0,25.21,66.93,6.73,54.27,pigeonpea,Kharif,6,UP
73.0,20.33,25.63,26.71,70.44,6.27,47.56,pigeonpea,Kharif,8,AP
96.02,38.47,78.96,31.74,64.36,6.98,41.13,pigeonpea,Kharif,6,KA
71.18,43.68,37.2,24.81,71.85,7.22,49.44,pigeonpea,Kharif,6,UP
85.53,59.85,20.14,29.85,78.33,6.9,51.65,pigeonpea,Kharif,9,AP
100.44,41.02,67.32,26.38,62.08,7.13,76.56,pigeonpea,Kharif,10,AP
47.99,55.33,36.68,25.74,57.84,6.7,72.76,pigeonpea,Kharif,10,MH
88.2,59.15,47.16,27.27,68.76,6.49,56.33,pigeonpea,Kharif,9,KA
79.67,61.15,33.62,28.56,53.09,6.95,56.23,pigeonpea,Kharif,6,UP
89.98,57.16,73.12,33.66,67.71,6.88,72.06,pigeonpea,Kharif,10,MP
50.56,44.79,34.62,22.09,78.7,6.96,56.09,pigeonpea,Kharif,6,UP
72.82,23.02,44.71,26.31,55.84,6.11,88.74,pigeonpea,Kharif,7,MH
86.99,24.78,40.0,25.84,60.21,7.32,45.81,pigeonpea,Kharif,8,MP
62.16,33.04,59.47,27.9,67.79,6.11,60.86,pigeonpea,Kharif,6,MH
92.03,43.85,63.95,24.05,56.7,5.76,85.82,pigeonpea,Kharif,9,MP
107.19,22.51,49.12,24.42,63.93,5.9,49.83,pigeonpea,Kharif,9,MP
62.73,73.18,24.94,25.98,59.22,6.74,34.43,pigeonpea,Kharif,9,MH
84.54,59.74,51.89,33.3,69.48,6.58,63.86,pigeonpea,Kharif,8,MH
75.32,63.0,69.68,23.44,72.86,7.05,30.55,pigeonpea,Kharif,6,UP
33.47,24.35,54.38,25.17,68.49,7.12,91.28,pigeonpea,Kharif,10,MH
53.71,63.65,73.61,22.87,63.72,7.47,63.75,pigeonpea,Kharif,7,AP
41.54,39.56,43.81,29.51,54.7,6.13,68.93,pigeonpea,Kharif,6,KA
102.26,56.85,40.97,23.13,69.75,6.73,62.81,pigeonpea,Kharif,8,MH
74.78,58.57,53.86,24.14,83.17,6.01,78.78,pigeonpea,Kharif,6,UP
93.51,35.1,45.22,24.97,68.62,6.44,54.88,pigeonpea,Kharif,7,MP
50.63,49.68,66.31,33.1,57.06,6.58,62.6,pigeonpea,Kharif,8,MH
34.66,30.93,44.42,23.75,65.21,7.8,39.6,pigeonpea,Kharif,10,MH
65.34,17.4,54.61,23.06,66.51,6.8,56.52,pigeonpea,Kharif,6,KA
89.56,61.87,57.47,30.95,57.29,6.13,46.05,pigeonpea,Kharif,8,MP
75.04,36.18,81.78,30.92,64.8,7.0,61.9,pigeonpea,Kharif,6,MP
69.14,58.06,78.63,25.02,67.19,7.27,64.19,pigeonpea,Kharif,8,KA
58.64,34.39,70.75,26.66,65.92,7.34,58.71,pigeonpea,Kharif,7,MP
70.54,27.41,31.94,25.21,62.19,6.65,39.01,green_gram,Kharif,9,KA
28.5,63.02,39.47,32.37,54.62,6.77,88.47,green_gram,Kharif,6,MP
74.06,58.85,54.33,35.38,49.08,6.8,49.27,green_gram,Kharif,8,KA
32.2,29.85,70.85,35.41,63.56,7.27,80.86,green_gram,Kharif,8,KA
29.59,45.31,58.08,29.4,64.8,6.55,76.0,green_gram,Kharif,8,AP
83.27,55.35,53.48,32.48,67.43,7.33,44.95,green_gram,Kharif,7,AP
67.74,20.59,12.81,28.5,58.44,7.05,31.72,green_gram,Kharif,9,AP
56.72,36.27,22.73,26.52,73.13,6.27,85.36,green_gram,Kharif,6,KA
60.79,35.51,45.27,27.87,53.2,6.48,20.78,green_gram,Kharif,8,RJ
39.95,30.71,32.06,26.61,58.92,5.84,67.41,green_gram,Kharif,6,KA
83.55,64.08,59.95,32.01,56.35,6.99,29.98,green_gram,Kharif,6,MP
72.52,42.66,38.32,34.54,72.32,6.15,58.01,green_gram,Kharif,8,AP
31.76,24.19,46.19,35.43,67.39,6.37,76.85,green_gram,Kharif,10,UP
49.13,23.23,34.78,29.46,69.59,6.1,74.03,green_gram,Kharif,9,MP
54.34,55.83,43.75,33.77,63.91,6.24,68.48,green_gram,Kharif,8,MP
69.73,49.62,38.33,34.9,57.75,6.17,44.8,green_gram,Kharif,7,AP
65.07,60.89,53.89,33.7,56.97,6.32,39.48,green_gram,Kharif,6,UP
55.97,25.99,38.33,31.28,55.5,5.92,57.06,green_gram,Kharif,6,AP
74.33,26.31,50.67,27.24,62.74,7.54,71.35,green_gram,Kharif,6,AP
71.08,43.67,26.58,35.12,53.32,6.43,40.04,green_gram,Kharif,7,UP
72.73,20.73,52.71,26.45,61.9,7.37,64.54,green_gram,Kharif,8,UP
62.65,45.88,58.88,29.96,65.03,6.53,61.68,green_gram,Kharif,9,KA
89.56,59.38,20.17,29.7,54.55,6.54,39.17,green_gram,Kharif,8,MP
51.05,51.84,64.78,26.59,62.76,7.11,53.19,green_gram,Kharif,10,KA
68.54,41.24,50.42,33.1,68.05,7.18,50.74,green_gram,Kharif,7,AP
39.32,65.97,26.77,27.28,73.37,6.25,57.02,green_gram,Kharif,9,RJ
84.32,30.03,31.14,32.32,56.25,6.58,64.2,green_gram,Kharif,9,KA
71.53,60.05,32.66,32.34,51.66,6.46,76.51,green_gram,Kharif,10,UP
51.17,18.24,36.48,34.31,66.57,5.93,67.61,green_gram,Kharif,10,RJ
59.89,56.33,47.05,30.23,63.18,7.12,63.89,green_gram,Kharif,7,RJ
42.5,45.4,54.04,27.57,58.25,6.14,67.35,green_gram,Kharif,8,KA
54.97,20.45,25.82,28.03,72.4,5.89,43.51,green_gram,Kharif,6,AP
20.9,53.04,57.74,32.53,65.99,6.22,56.75,green_gram,Kharif,6,RJ
71.39,22.89,27.75,25.73,58.63,6.16,42.38,green_gram,Kharif,9,MP
40.48,58.47,43.59,31.62,66.5,6.72,86.53,green_gram,Kharif,10,KA
66.93,29.82,63.64,27.49,58.58,5.93,38.37,green_gram,Kharif,9,UP
67.17,38.14,40.71,26.62,57.25,7.48,51.55,green_gram,Kharif,7,MP
49.45,13.92,30.84,30.2,62.0,7.27,89.18,green_gram,Kharif,9,UP
74.85,34.46,47.11,24.0,51.0,6.54,48.59,green_gram,Kharif,8,AP
65.88,25.01,37.98,25.07,63.18,6.65,76.54,green_gram,Kharif,8,UP
89.69,53.45,25.58,32.54,51.45,6.3,18.12,green_gram,Kharif,6,UP
39.76,41.98,36.58,29.95,53.53,6.72,56.06,green_gram,Kharif,7,AP
42.24,42.03,75.08,31.65,59.31,7.27,82.73,green_gram,Kharif,10,RJ
79.1,59.07,32.3,31.65,67.97,7.03,66.4,green_gram,Kharif,6,AP
36.02,19.51,50.13,25.31,56.77,6.54,47.0,green_gram,Kharif,9,RJ
55.76,23.64,65.24,31.33,47.57,6.42,75.51,green_gram,Kharif,9,MP
53.85,62.28,33.02,32.39,77.18,6.48,21.09,green_gram,Kharif,8,AP
54.43,41.42,60.79,31.56,63.9,7.1,46.4,green_gram,Kharif,9,KA
52.0,56.65,43.78,31.58,63.61,6.71,64.36,green_gram,Kharif,10,MP
32.69,21.89,46.71,32.16,70.47,6.54,79.7,green_gram,Kharif,8,UP
77.2,22.13,63.13,26.81,51.19,6.22,64.05,green_gram,Kharif,6,MP
31.34,18.84,56.0,29.61,63.54,7.53,70.94,green_gram,Kharif,10,KA
64.58,57.42,32.22,31.77,48.39,7.1,64.14,green_gram,Kharif,8,UP
54.09,38.84,39.79,26.1,62.74,6.83,59.28,green_gram,Kharif,8,RJ
32.38,57.14,36.69,34.27,71.07,6.68,40.87,green_gram,Kharif,9,AP
47.49,49.34,22.24,28.48,70.31,6.72,19.79,green_gram,Kharif,6,MP
48.82,20.45,41.1,28.02,50.65,7.02,67.56,green_gram,Kharif,7,KA
57.19,48.82,30.19,25.4,69.86,6.46,23.24,green_gram,Kharif,8,KA
39.34,35.14,16.67,35.64,62.03,7.45,61.73,green_gram,Kharif,10,KA
49.48,51.31,25.24,27.67,62.83,6.61,72.47,green_gram,Kharif,9,AP
43.29,44.87,48.13,32.35,57.35,7.07,58.87,green_gram,Kharif,9,MP
47.61,52.74,39.31,32.92,60.59,6.74,41.28,green_gram,Kharif,6,UP
78.35,55.06,46.64,34.04,75.62,6.7,67.54,green_gram,Kharif,10,UP
84.68,18.48,60.08,31.04,67.1,7.25,30.51,green_gram,Kharif,9,KA
79.66,17.86,32.22,32.76,65.84,6.76,32.42,green_gram,Kharif,10,UP
57.74,45.95,36.06,28.23,66.31,7.16,75.39,green_gram,Kharif,9,MP
93.21,16.45,23.68,33.4,67.96,7.44,67.77,green_gram,Kharif,7,UP
29.26,56.72,42.53,34.17,64.14,7.38,72.76,green_gram,Kharif,10,AP
66.63,16.69,66.0,36.54,45.21,6.71,55.28,green_gram,Kharif,10,AP
64.77,37.69,61.34,28.62,73.02,6.31,68.88,green_gram,Kharif,8,AP
71.04,66.43,62.27,34.25,57.21,7.41,65.88,green_gram,Kharif,10,UP
79.22,18.03,63.17,30.63,61.27,6.15,34.65,green_gram,Kharif,9,MP
65.04,63.05,62.39,26.09,51.46,7.2,39.51,green_gram,Kharif,8,AP
83.85,35.8,23.7,32.01,52.77,6.72,37.35,green_gram,Kharif,8,KA
79.66,59.67,44.14,31.82,71.51,7.37,71.68,green_gram,Kharif,10,KA
92.3,21.43,52.88,30.53,51.15,6.9,73.55,green_gram,Kharif,8,KA
61.21,32.95,59.2,29.75,58.96,6.79,93.49,green_gram,Kharif,10,UP
79.62,45.54,23.43,32.72,62.85,6.53,58.98,green_gram,Kharif,10,KA
71.14,64.43,63.63,28.93,60.35,6.83,49.67,green_gram,Kharif,8,UP
80.61,27.55,37.01,33.54,66.42,6.1,67.46,green_gram,Kharif,9,AP
75.01,43.16,74.3,28.41,49.44,7.55,24.78,green_gram,Kharif,8,MP
66.77,31.92,38.09,37.07,53.66,7.11,64.24,green_gram,Kharif,6,RJ
66.36,59.63,34.28,25.85,48.91,6.25,39.78,green_gram,Kharif,10,AP
84.94,27.32,53.68,31.17,66.9,6.56,71.35,green_gram,Kharif,7,RJ
40.57,48.29,69.57,32.82,61.88,7.27,78.22,green_gram,Kharif,7,UP
83.73,14.24,29.67,27.4,66.9,6.88,36.05,green_gram,Kharif,7,AP
72.49,56.03,43.66,26.56,72.04,6.2,58.29,green_gram,Kharif,7,RJ
77.83,16.21,62.26,26.21,69.51,6.64,47.57,green_gram,Kharif,10,KA
82.08,54.96,21.33,30.64,54.21,6.13,69.62,green_gram,Kharif,10,UP
31.96,16.45,33.07,33.31,73.34,6.42,88.74,green_gram,Kharif,8,KA
53.76,60.03,44.08,24.36,58.45,7.29,41.98,green_gram,Kharif,8,KA
69.54,19.18,22.9,31.42,67.07,7.43,28.43,green_gram,Kharif,7,RJ
69.7,22.47,30.64,25.01,55.99,5.89,28.55,green_gram,Kharif,10,AP
76.39,38.76,31.01,31.92,70.09,6.62,49.83,green_gram,Kharif,8,MP
65.01,33.43,58.54,26.28,69.91,6.0,50.53,green_gram,Kharif,8,RJ
89.86,52.7,55.8,28.64,55.27,6.75,59.56,green_gram,Kharif,8,RJ
59.98,32.82,61.58,24.58,68.7,6.84,68.29,green_gram,Kharif,10,UP
54.31,13.81,10.56,27.46,50.76,6.77,58.48,green_gram,Kharif,6,MP
66.03,33.03,38.11,31.37,67.24,6.57,27.27,green_gram,Kharif,7,RJ
39.26,47.44,41.91,29.18,72.8,6.48,57.01,green_gram,Kharif,8,RJ
60.15,25.81,67.36,34.15,64.14,6.36,64.0,green_gram,Kharif,8,RJ
57.39,40.14,19.91,30.64,53.73,6.77,79.64,green_gram,Kharif,7,UP
70.79,36.9,34.84,29.44,59.72,7.27,42.28,green_gram,Kharif,10,RJ
95.23,31.8,47.64,30.97,52.23,7.35,62.9,green_gram,Kharif,9,UP
56.4,15.34,34.74,25.4,56.42,6.32,52.72,green_gram,Kharif,7,RJ
32.21,52.8,34.29,34.54,52.52,6.05,68.46,green_gram,Kharif,7,UP
78.02,64.97,32.26,36.39,73.63,7.29,66.62,green_gram,Kharif,9,UP
83.02,55.13,35.99,34.69,61.57,6.59,30.9,green_gram,Kharif,9,RJ
50.86,37.18,57.06,28.6,56.71,6.99,86.17,green_gram,Kharif,7,MP
43.61,16.46,40.65,26.95,68.67,6.71,77.48,green_gram,Kharif,8,RJ
77.37,19.84,60.64,27.92,61.6,6.3,30.03,green_gram,Kharif,9,MP
57.57,49.2,23.83,30.37,52.91,7.23,59.32,green_gram,Kharif,6,UP
80.28,26.27,35.69,27.41,63.8,6.85,43.52,green_gram,Kharif,6,UP
79.3,54.36,24.3,34.69,50.45,7.49,21.55,green_gram,Kharif,7,KA
66.31,18.41,26.8,33.6,69.07,6.81,53.44,green_gram,Kharif,8,AP
33.98,24.72,41.0,31.55,74.77,6.17,20.26,green_gram,Kharif,9,UP
68.42,47.77,38.28,23.46,75.81,6.9,67.38,green_gram,Kharif,7,RJ
39.23,58.48,19.62,26.41,57.36,6.88,75.28,green_gram,Kharif,9,UP
80.71,53.77,15.13,27.74,67.91,6.73,53.49,green_gram,Kharif,6,MP
42.12,68.58,51.88,26.61,53.92,6.93,58.06,green_gram,Kharif,8,KA
86.31,33.02,60.26,32.87,57.39,7.34,55.49,green_gram,Kharif,6,KA
79.51,34.65,22.39,27.39,69.63,6.97,56.76,green_gram,Kharif,10,AP
91.15,60.58,17.14,33.03,73.83,7.01,80.07,green_gram,Kharif,6,AP
32.4,44.08,52.44,33.35,68.28,7.45,35.8,green_gram,Kharif,9,RJ
46.23,19.33,36.95,27.4,58.72,7.41,60.98,green_gram,Kharif,10,KA
53.45,15.13,78.33,35.0,69.6,6.13,29.17,green_gram,Kharif,6,KA
55.54,42.02,71.0,34.28,68.15,7.04,77.41,green_gram,Kharif,10,AP
33.79,63.92,46.91,33.32,60.82,6.32,65.41,green_gram,Kharif,6,AP
38.5,35.54,52.46,29.44,56.86,6.57,51.41,green_gram,Kharif,8,RJ
69.86,45.19,64.22,32.09,74.2,6.26,54.26,green_gram,Kharif,6,MP
82.28,45.64,57.38,27.18,63.6,6.35,53.13,green_gram,Kharif,6,RJ
61.59,18.28,58.83,26.2,55.63,6.28,64.19,green_gram,Kharif,6,MP
61.99,43.38,62.99,31.71,61.48,7.35,36.87,green_gram,Kharif,8,KA
55.02,59.81,53.12,26.58,50.01,6.07,85.49,green_gram,Kharif,8,AP
85.65,48.86,22.79,33.68,58.14,7.46,57.11,green_gram,Kharif,6,MP
48.9,14.95,52.3,32.93,65.37,6.53,78.88,green_gram,Kharif,9,KA
44.7,38.79,54.15,24.91,55.76,6.52,34.44,green_gram,Kharif,8,AP
66.4,44.03,56.02,30.0,54.19,6.1,49.91,green_gram,Kharif,10,MP
49.73,15.41,41.16,26.58,57.11,7.25,72.12,green_gram,Kharif,10,UP
26.02,43.44,25.36,37.61,73.85,6.11,73.82,green_gram,Kharif,9,AP
53.65,39.34,38.95,34.81,45.0,7.45,70.59,green_gram,Kharif,6,MP
62.76,42.34,76.68,32.88,53.79,6.53,47.35,green_gram,Kharif,8,KA
78.85,54.47,74.67,28.96,60.15,6.41,33.08,green_gram,Kharif,9,AP
88.32,63.9,21.45,31.99,72.2,6.51,78.04,green_gram,Kharif,6,MP
40.89,32.5,60.99,22.01,60.59,6.32,51.29,green_gram,Kharif,7,AP
83.12,11.29,44.86,32.5,54.89,6.76,27.49,green_gram,Kharif,10,UP
91.94,65.67,73.24,25.81,68.33,6.44,51.94,green_gram,Kharif,9,AP
55.48,25.62,41.68,27.6,67.79,5.94,67.43,green_gram,Kharif,8,RJ
69.82,43.52,27.56,24.77,68.04,7.12,78.6,green_gram,Kharif,7,AP
57.34,61.27,53.84,26.02,49.53,7.14,47.29,green_gram,Kharif,7,UP
72.92,30.88,43.16,30.11,56.12,6.95,73.56,green_gram,Kharif,7,KA
82.78,67.74,56.18,29.92,55.03,6.22,38.45,green_gram,Kharif,6,RJ
38.22,23.49,31.94,30.91,70.24,6.38,39.22,green_gram,Kharif,10,MP
74.28,23.71,53.01,28.4,73.42,6.07,72.54,green_gram,Kharif,8,MP
69.22,48.38,38.77,33.32,57.2,6.14,60.9,green_gram,Kharif,8,UP
65.35,33.23,25.17,34.22,61.08,7.56,94.62,green_gram,Kharif,6,UP
69.56,34.56,58.85,25.04,49.95,6.34,41.79,green_gram,Kharif,9,RJ
44.23,36.34,71.85,30.84,59.38,7.36,43.77,green_gram,Kharif,6,MP
25.73,19.72,56.79,36.59,69.06,7.05,70.18,green_gram,Kharif,6,KA
64.77,53.43,62.15,26.04,56.9,6.63,34.87,green_gram,Kharif,6,KA
73.5,46.06,45.24,33.47,69.78,6.2,84.08,green_gram,Kharif,7,RJ
32.14,14.6,42.28,30.56,53.14,6.31,89.45,green_gram,Kharif,7,MP
77.59,57.93,54.64,28.98,56.03,6.53,44.87,green_gram,Kharif,7,UP
88.34,32.53,31.75,30.27,53.5,6.64,57.45,green_gram,Kharif,6,AP
39.82,62.63,42.03,26.52,71.74,6.75,25.21,green_gram,Kharif,7,MP
74.46,26.95,54.94,28.39,60.8,6.39,83.45,green_gram,Kharif,6,UP
57.55,36.44,18.56,35.31,67.71,6.93,42.72,green_gram,Kharif,10,UP
33.35,44.9,28.55,30.73,55.61,6.25,59.97,green_gram,Kharif,7,MP
62.03,46.02,57.12,34.73,69.35,7.43,58.58,green_gram,Kharif,9,MP
40.48,42.66,47.58,28.31,74.93,6.47,85.38,green_gram,Kharif,10,RJ
71.32,59.36,32.96,25.49,54.34,7.38,59.7,green_gram,Kharif,8,KA
82.59,37.04,38.1,25.81,73.79,6.43,50.96,green_gram,Kharif,9,RJ
55.74,44.57,22.43,32.69,67.2,6.43,63.63,green_gram,Kharif,9,AP
83.35,60.66,43.39,35.29,68.12,6.33,32.57,green_gram,Kharif,7,RJ
84.04,45.01,21.64,30.87,58.77,6.3,60.47,green_gram,Kharif,7,KA
36.47,63.28,23.43,29.12,53.83,7.36,55.22,green_gram,Kharif,6,AP
64.7,34.01,63.5,29.35,71.3,6.57,44.66,green_gram,Kharif,8,MP
71.72,44.72,61.96,29.48,55.82,7.41,78.27,green_gram,Kharif,9,KA
58.29,42.98,59.59,35.81,66.61,6.21,48.2,green_gram,Kharif,7,KA
70.72,18.14,40.81,28.64,65.05,6.5,59.2,green_gram,Kharif,9,MP
84.19,42.12,57.1,31.51,73.43,7.34,72.74,green_gram,Kharif,9,AP
48.01,60.49,65.02,34.35,73.74,6.45,38.85,green_gram,Kharif,6,AP
73.58,37.81,50.65,33.22,58.67,6.68,69.64,green_gram,Kharif,10,MP
43.65,31.09,31.18,24.06,54.99,6.65,42.73,green_gram,Kharif,6,KA
64.05,49.63,19.57,31.94,61.3,7.03,48.56,green_gram,Kharif,9,MP
69.63,40.66,29.62,27.98,73.1,6.51,39.88,green_gram,Kharif,10,UP
60.44,15.36,47.75,30.0,63.57,7.05,16.92,green_gram,Kharif,10,AP
55.83,55.54,39.77,27.54,69.24,5.96,66.85,green_gram,Kharif,8,RJ
82.98,54.24,58.32,32.95,72.44,6.53,47.19,green_gram,Kharif,7,RJ
65.6,19.33,57.76,29.68,48.25,6.33,63.3,green_gram,Kharif,10,MP
94.1,18.25,36.66,32.69,57.43,6.5,61.21,green_gram,Kharif,10,KA
59.83,16.4,65.09,33.27,67.1,6.52,78.71,green_gram,Kharif,7,KA
65.37,11.33,53.2,28.51,57.21,7.27,83.81,green_gram,Kharif,8,UP
22.28,37.99,37.91,32.92,65.04,5.91,47.08,green_gram,Kharif,10,UP
76.29,61.87,44.58,26.49,52.99,6.84,65.68,green_gram,Kharif,8,KA
64.48,56.32,30.88,33.04,51.01,6.55,45.69,green_gram,Kharif,8,UP
53.93,36.28,49.31,31.1,73.42,7.7,59.81,green_gram,Kharif,10,KA
79.19,58.35,36.91,30.2,53.11,7.32,74.76,green_gram,Kharif,7,RJ
69.54,17.93,59.36,33.27,65.62,6.32,28.02,green_gram,Kharif,8,AP
28.1,24.2,42.37,26.56,55.04,7.36,74.2,green_gram,Kharif,7,KA
43.89,52.99,41.27,30.77,67.06,6.32,56.31,black_gram,Kharif,9,UP
37.51,62.49,19.41,24.69,57.09,7.59,30.72,black_gram,Kharif,10,OD
27.78,38.65,40.02,26.4,62.47,6.85,87.74,black_gram,Kharif,6,MP
65.65,25.68,60.42,33.43,56.8,7.39,41.31,black_gram,Kharif,10,MP
41.91,25.03,58.4,24.24,63.76,5.95,39.2,black_gram,Kharif,7,UP
32.94,19.45,35.29,32.05,54.62,7.39,37.1,black_gram,Kharif,10,AP
70.04,34.06,61.4,25.74,62.55,6.54,61.45,black_gram,Kharif,9,MP
51.85,31.37,66.54,27.06,65.81,6.13,49.62,black_gram,Kharif,8,OD
41.28,15.31,66.57,31.39,72.76,6.03,40.62,black_gram,Kharif,6,MP
65.65,49.09,32.07,25.82,60.06,6.32,75.88,black_gram,Kharif,7,TN
92.04,38.43,61.97,29.6,57.52,6.26,47.65,black_gram,Kharif,7,TN
36.23,44.45,65.02,36.5,61.55,7.48,47.31,black_gram,Kharif,6,MP
75.43,63.42,32.27,31.36,80.0,6.53,46.88,black_gram,Kharif,10,OD
61.12,38.75,45.63,24.74,70.36,6.46,45.46,black_gram,Kharif,6,OD
50.72,43.56,40.69,26.67,47.18,7.13,80.81,black_gram,Kharif,7,AP
64.53,53.75,32.88,23.78,60.91,7.26,57.85,black_gram,Kharif,10,TN
87.52,53.98,26.28,34.85,75.87,6.56,80.08,black_gram,Kharif,7,AP
35.81,59.47,51.86,34.59,73.31,7.11,23.8,black_gram,Kharif,7,OD
40.74,44.75,51.61,26.64,61.07,5.99,28.23,black_gram,Kharif,9,OD
57.69,20.53,50.58,33.97,51.72,6.35,44.21,black_gram,Kharif,8,UP
76.6,41.6,36.16,31.11,76.92,7.34,68.58,black_gram,Kharif,8,UP
73.58,41.99,19.72,28.57,58.07,6.59,46.99,black_gram,Kharif,6,MP
75.56,24.93,59.09,30.74,67.75,5.99,54.48,black_gram,Kharif,10,AP
73.89,43.8,45.33,27.79,54.97,7.3,26.07,black_gram,Kharif,7,UP
47.4,35.71,43.97,28.71,54.3,7.53,62.56,black_gram,Kharif,8,TN
38.71,34.13,42.33,30.81,59.17,6.48,40.93,black_gram,Kharif,6,TN
96.68,51.79,41.21,30.5,60.66,6.03,75.93,black_gram,Kharif,10,AP
88.73,21.49,57.04,30.64,55.67,6.78,44.33,black_gram,Kharif,10,TN
40.95,21.27,48.35,28.22,54.26,7.71,53.42,black_gram,Kharif,10,UP
67.4,52.95,15.35,31.34,61.57,7.16,59.74,black_gram,Kharif,6,MP
75.06,46.55,66.38,27.16,65.47,6.64,64.91,black_gram,Kharif,7,UP
44.39,35.97,54.02,34.63,71.26,5.92,57.26,black_gram,Kharif,6,UP
48.57,61.23,52.61,26.21,46.76,6.45,61.24,black_gram,Kharif,6,OD
40.22,54.37,44.17,24.34,50.46,6.58,82.37,black_gram,Kharif,9,UP
72.18,37.47,38.08,32.99,69.99,6.9,43.44,black_gram,Kharif,9,TN
48.63,40.37,41.34,32.74,53.57,6.51,39.79,black_gram,Kharif,10,MP
88.53,28.12,66.22,31.68,60.24,6.41,56.2,black_gram,Kharif,9,UP
72.69,58.98,51.97,27.79,59.54,5.94,33.53,black_gram,Kharif,7,TN
66.94,43.59,58.06,30.65,47.81,6.35,43.26,black_gram,Kharif,7,TN
52.25,21.52,26.29,31.85,52.61,7.2,63.98,black_gram,Kharif,9,MP
71.88,27.17,22.35,30.26,75.57,7.67,63.03,black_gram,Kharif,8,AP
51.49,36.2,37.81,26.8,48.97,6.88,78.58,black_gram,Kharif,10,AP
79.42,26.45,55.32,34.95,57.87,6.93,49.45,black_gram,Kharif,10,AP
56.16,21.81,62.53,34.37,56.28,6.65,67.26,black_gram,Kharif,10,AP
45.01,25.37,36.59,31.21,67.08,7.15,81.38,black_gram,Kharif,10,AP
47.51,57.25,52.49,26.09,62.84,6.76,84.86,black_gram,Kharif,7,MP
42.62,22.68,27.75,31.34,73.34,6.79,35.18,black_gram,Kharif,7,TN
48.46,26.28,51.59,23.49,70.77,7.35,32.54,black_gram,Kharif,10,OD
42.08,48.5,63.18,31.24,75.16,6.87,55.22,black_gram,Kharif,8,MP
66.78,50.86,61.16,24.64,45.06,5.73,35.85,black_gram,Kharif,6,TN
58.48,17.56,19.35,32.69,64.6,7.14,71.26,black_gram,Kharif,10,AP
80.59,59.01,66.15,26.62,73.06,6.47,76.44,black_gram,Kharif,7,OD
47.16,40.68,32.91,30.29,60.9,7.65,32.51,black_gram,Kharif,7,TN
44.84,36.53,36.38,29.37,64.79,7.47,54.31,black_gram,Kharif,6,MP
72.77,14.88,38.59,34.35,56.1,6.46,33.14,black_gram,Kharif,6,AP
49.45,45.36,71.92,23.36,75.17,6.22,31.38,black_gram,Kharif,8,OD
24.17,47.11,41.41,31.52,53.91,7.34,55.62,black_gram,Kharif,7,TN
55.22,42.03,45.36,29.88,48.44,6.2,82.15,black_gram,Kharif,6,AP
52.92,56.7,60.11,30.3,56.72,7.3,48.11,black_gram,Kharif,7,MP
79.09,48.4,39.7,34.09,66.92,7.15,58.93,black_gram,Kharif,8,TN
66.38,40.43,20.86,34.87,50.01,7.53,33.76,black_gram,Kharif,7,OD
67.43,30.76,45.03,32.03,52.76,6.68,83.88,black_gram,Kharif,9,TN
58.25,44.04,59.47,26.04,71.68,5.97,75.19,black_gram,Kharif,6,OD
85.86,26.06,72.99,32.71,68.08,7.06,83.46,black_gram,Kharif,6,AP
73.86,56.24,46.99,31.66,71.61,6.48,42.64,black_gram,Kharif,8,UP
59.2,66.14,34.44,33.95,55.41,5.95,44.91,black_gram,Kharif,8,UP
56.36,54.52,62.12,24.78,70.5,6.11,46.11,black_gram,Kharif,8,TN
78.41,40.3,38.58,24.29,61.95,6.32,77.63,black_gram,Kharif,6,MP
63.86,57.63,44.68,25.36,59.8,7.05,88.46,black_gram,Kharif,6,AP
48.69,46.2,65.61,32.5,52.99,6.83,58.55,black_gram,Kharif,9,AP
40.01,13.3,30.34,26.71,57.24,6.8,68.92,black_gram,Kharif,6,TN
58.4,48.25,33.1,30.02,65.22,6.7,15.0,black_gram,Kharif,7,AP
89.98,47.61,32.76,33.59,77.86,6.13,55.14,black_gram,Kharif,6,TN
40.46,49.4,20.08,31.37,63.43,6.67,86.13,black_gram,Kharif,6,TN
27.75,38.56,51.28,26.5,69.08,6.07,76.02,black_gram,Kharif,8,MP
63.87,61.89,63.94,29.94,73.8,6.73,88.87,black_gram,Kharif,6,UP
92.66,27.33,72.23,25.34,65.78,6.33,76.97,black_gram,Kharif,9,UP
83.56,17.22,37.68,35.73,50.44,6.16,71.44,black_gram,Kharif,7,AP
57.83,44.69,27.33,32.27,51.63,6.18,82.02,black_gram,Kharif,9,UP
73.43,55.4,20.39,27.19,72.25,7.45,31.36,black_gram,Kharif,10,OD
30.47,57.68,34.1,36.09,60.32,6.69,70.64,black_gram,Kharif,7,MP
86.63,14.62,43.29,22.89,65.15,7.23,66.13,black_gram,Kharif,10,AP
34.97,28.76,68.67,25.18,73.35,7.09,44.09,black_gram,Kharif,6,MP
53.64,46.74,56.42,29.5,62.29,6.27,45.71,black_gram,Kharif,8,UP
74.77,37.48,25.98,22.49,54.39,7.33,61.74,black_gram,Kharif,9,OD
85.54,58.35,19.31,29.33,72.97,6.32,88.26,black_gram,Kharif,7,AP
74.63,41.11,43.23,32.3,50.78,7.11,26.15,black_gram,Kharif,7,MP
44.77,43.82,60.98,31.05,61.13,6.71,94.98,black_gram,Kharif,8,TN
53.81,20.96,27.32,25.04,53.2,6.98,38.31,black_gram,Kharif,9,MP
55.05,59.7,54.9,34.29,57.99,6.43,56.9,black_gram,Kharif,8,UP
87.14,44.14,61.51,30.94,56.31,6.67,56.19,black_gram,Kharif,10,TN
82.45,15.47,43.89,27.55,68.85,6.02,52.38,black_gram,Kharif,6,MP
91.53,40.2,47.16,26.69,68.65,6.18,68.96,black_gram,Kharif,10,AP
26.28,56.85,69.15,26.77,59.15,6.91,54.56,black_gram,Kharif,8,UP
41.72,28.37,30.32,24.07,76.47,6.56,70.33,black_gram,Kharif,7,OD
67.81,23.75,31.62,32.91,64.36,6.3,48.15,black_gram,Kharif,9,OD
53.75,25.68,50.52,28.95,50.66,6.42,36.72,black_gram,Kharif,7,AP
50.26,64.59,21.18,32.38,61.63,6.13,82.96,black_gram,Kharif,8,TN
43.78,34.85,53.27,29.58,68.39,7.16,38.4,black_gram,Kharif,8,AP
70.71,39.55,16.67,34.69,75.27,6.42,37.49,black_gram,Kharif,7,AP
66.52,23.19,65.19,35.3,58.03,6.06,87.28,black_gram,Kharif,7,OD
37.61,44.11,34.91,32.61,54.96,6.27,53.44,black_gram,Kharif,7,AP
67.46,62.4,62.82,34.41,70.93,6.14,28.63,black_gram,Kharif,9,TN
86.6,43.47,58.4,29.89,68.35,6.52,56.98,black_gram,Kharif,6,AP
76.28,33.7,30.49,34.88,52.9,6.96,38.82,black_gram,Kharif,6,MP
78.83,10.35,27.47,32.09,75.54,6.46,60.31,black_gram,Kharif,8,AP
41.37,30.2,49.03,33.06,62.59,7.09,15.0,black_gram,Kharif,9,UP
66.16,46.41,35.21,27.42,64.12,5.78,56.1,black_gram,Kharif,7,MP
30.63,31.05,38.56,31.92,78.83,7.63,37.7,black_gram,Kharif,6,OD
78.87,42.73,45.55,31.1,49.58,6.97,64.15,black_gram,Kharif,9,TN
88.07,58.16,29.87,31.12,65.67,6.56,62.7,black_gram,Kharif,7,UP
79.59,34.93,35.52,29.4,56.74,7.1,38.95,black_gram,Kharif,9,OD
37.5,15.28,63.41,27.82,59.76,6.64,53.93,black_gram,Kharif,9,UP
67.75,17.65,24.4,28.41,71.29,7.61,40.27,black_gram,Kharif,10,OD
34.14,18.55,66.41,28.81,72.27,6.65,80.47,black_gram,Kharif,9,OD
30.85,39.66,41.77,32.77,67.93,7.46,78.57,black_gram,Kharif,10,AP
71.32,31.23,67.85,33.67,63.99,7.28,67.8,black_gram,Kharif,8,AP
64.6,52.13,28.84,28.73,64.66,6.09,80.53,black_gram,Kharif,9,TN
33.74,25.3,55.9,31.06,51.4,6.4,80.31,black_gram,Kharif,6,MP
48.22,53.15,38.92,36.46,62.12,6.82,45.62,black_gram,Kharif,9,MP
61.94,50.06,52.97,29.57,62.39,7.63,33.57,black_gram,Kharif,6,TN
86.03,35.97,65.05,31.07,51.15,6.15,75.87,black_gram,Kharif,7,AP
26.87,45.99,58.03,27.29,57.45,6.57,96.85,black_gram,Kharif,6,OD
46.13,54.38,65.26,31.77,55.43,6.44,29.46,black_gram,Kharif,8,MP
46.99,33.41,60.18,25.29,72.1,6.19,43.09,black_gram,Kharif,9,OD
56.01,34.33,44.26,31.51,66.25,6.89,67.43,black_gram,Kharif,10,TN
69.39,24.85,33.29,33.88,76.78,5.73,80.05,black_gram,Kharif,9,AP
72.47,22.85,60.83,31.21,71.54,6.96,61.68,black_gram,Kharif,10,OD
52.55,22.07,42.8,33.18,66.42,6.67,39.0,black_gram,Kharif,10,TN
69.34,49.84,47.4,31.37,57.28,6.74,79.29,black_gram,Kharif,9,AP
58.5,46.87,54.75,28.84,69.58,7.19,49.33,black_gram,Kharif,6,MP
26.48,55.48,32.42,30.48,53.54,7.36,84.62,black_gram,Kharif,7,AP
87.1,29.15,47.29,32.34,58.79,6.93,44.73,black_gram,Kharif,6,AP
46.09,38.45,22.72,36.22,56.59,7.38,75.37,black_gram,Kharif,6,UP
82.37,23.12,60.29,25.52,70.67,7.63,68.49,black_gram,Kharif,8,OD
27.88,29.23,30.17,34.72,70.02,6.88,79.74,black_gram,Kharif,7,OD
75.6,48.19,22.02,31.62,62.5,5.83,54.98,black_gram,Kharif,6,MP
50.76,54.79,60.96,27.87,65.64,7.11,35.6,black_gram,Kharif,7,UP
42.44,46.02,67.12,25.29,55.08,7.69,29.8,black_gram,Kharif,10,UP
89.44,54.87,29.92,35.12,70.86,7.0,92.42,black_gram,Kharif,9,UP
80.38,13.9,57.04,26.75,51.57,6.85,74.24,black_gram,Kharif,9,MP
91.07,42.54,68.36,32.13,70.33,6.14,41.98,black_gram,Kharif,9,MP
68.92,52.97,61.27,24.88,64.9,7.02,80.42,black_gram,Kharif,7,UP
97.1,57.21,49.57,28.76,71.36,6.46,35.86,black_gram,Kharif,6,AP
67.81,38.69,19.4,27.32,53.66,7.18,72.1,black_gram,Kharif,7,TN
68.71,54.03,32.51,24.52,76.32,6.72,65.62,black_gram,Kharif,9,UP
34.32,33.22,39.03,23.18,54.18,6.16,55.41,black_gram,Kharif,6,AP
27.35,46.22,62.23,26.1,67.1,6.84,100.0,black_gram,Kharif,8,UP
58.82,45.09,58.62,28.41,68.44,5.78,51.58,black_gram,Kharif,9,TN
47.21,29.91,41.91,36.62,65.06,6.65,77.02,black_gram,Kharif,6,UP
62.78,39.74,43.91,30.0,62.48,7.0,60.59,black_gram,Kharif,6,MP
77.66,25.81,58.24,24.88,69.52,6.21,52.34,black_gram,Kharif,10,UP
54.58,27.15,52.87,34.48,76.12,7.58,71.3,black_gram,Kharif,8,AP
69.95,46.21,24.87,33.97,73.92,7.8,33.23,black_gram,Kharif,8,OD
31.04,48.01,15.52,23.87,67.02,6.6,24.94,black_gram,Kharif,10,MP
62.94,42.23,58.11,36.49,72.24,6.81,48.39,black_gram,Kharif,6,OD
102.87,55.52,21.13,34.43,60.19,7.34,31.53,black_gram,Kharif,8,TN
33.98,32.32,30.73,38.0,53.46,6.96,51.33,black_gram,Kharif,8,TN
36.65,47.04,68.43,31.86,61.89,6.99,38.42,black_gram,Kharif,7,AP
64.31,14.22,69.3,30.64,78.2,6.27,59.75,black_gram,Kharif,6,OD
52.05,51.19,57.38,35.14,75.64,6.52,44.82,black_gram,Kharif,10,OD
43.26,61.06,39.57,34.42,63.59,6.82,43.47,black_gram,Kharif,9,MP
80.24,29.45,53.97,24.46,56.13,6.78,88.12,black_gram,Kharif,10,MP
84.3,32.74,39.51,33.34,61.79,6.88,53.32,black_gram,Kharif,7,UP
67.48,61.78,40.6,33.55,49.92,6.66,71.44,black_gram,Kharif,7,MP
85.63,36.97,64.47,27.15,71.12,7.22,59.84,black_gram,Kharif,9,AP
49.25,29.17,63.47,31.61,55.38,5.94,73.49,black_gram,Kharif,6,AP
43.64,73.0,37.45,26.25,70.06,6.45,80.15,black_gram,Kharif,8,OD
76.39,73.0,22.98,33.62,52.46,7.11,93.43,black_gram,Kharif,10,MP
37.55,45.12,29.66,35.04,55.83,7.58,40.09,black_gram,Kharif,10,MP
98.88,37.6,66.36,28.06,74.86,6.08,55.75,black_gram,Kharif,9,AP
75.34,25.72,46.82,31.77,65.65,6.96,54.99,black_gram,Kharif,6,TN
57.51,52.17,26.07,33.32,71.94,7.8,54.75,black_gram,Kharif,6,UP
92.75,62.24,51.38,27.65,57.29,6.46,62.44,black_gram,Kharif,8,AP
79.73,48.54,49.2,28.44,49.82,6.24,90.73,black_gram,Kharif,10,UP
51.61,55.07,22.14,29.37,56.57,7.28,49.94,black_gram,Kharif,10,TN
45.74,47.31,45.76,35.11,76.9,5.9,71.79,black_gram,Kharif,9,AP
76.78,7.0,37.79,27.12,59.71,7.01,19.23,black_gram,Kharif,10,UP
38.92,22.92,57.9,24.66,60.55,6.95,15.0,black_gram,Kharif,6,OD
72.38,38.52,61.02,34.07,59.27,6.48,82.4,black_gram,Kharif,6,OD
80.45,54.65,52.26,33.0,64.34,6.88,61.01,black_gram,Kharif,8,AP
87.54,36.76,55.03,33.25,70.34,7.57,69.52,black_gram,Kharif,9,OD
94.59,28.21,21.32,26.28,49.3,7.37,33.1,black_gram,Kharif,10,MP
36.39,33.03,31.36,26.47,68.12,7.0,71.54,black_gram,Kharif,8,OD
65.63,54.08,64.5,24.49,63.81,7.66,56.25,black_gram,Kharif,6,AP
29.72,58.77,57.38,24.99,69.52,6.32,82.43,black_gram,Kharif,6,TN
61.18,50.53,20.85,32.15,71.24,7.01,74.93,black_gram,Kharif,8,AP
45.14,22.55,30.9,29.49,54.64,7.16,78.07,black_gram,Kharif,7,AP
67.73,43.7,53.52,25.6,68.26,7.17,23.78,black_gram,Kharif,7,OD
54.29,41.62,42.87,25.88,49.59,5.97,70.08,black_gram,Kharif,9,UP
97.89,38.49,47.01,35.71,78.54,6.3,94.93,black_gram,Kharif,6,AP
42.7,52.03,31.71,27.34,70.21,6.17,69.91,black_gram,Kharif,8,OD
22.92,32.19,74.27,27.49,47.71,7.09,60.91,black_gram,Kharif,7,UP
66.21,55.48,56.67,32.09,67.14,7.13,68.65,black_gram,Kharif,9,MP
86.84,41.66,40.42,29.43,61.77,6.99,35.05,black_gram,Kharif,6,UP
44.02,59.3,40.96,32.55,55.42,6.57,31.14,black_gram,Kharif,8,TN
60.18,35.43,46.75,35.55,49.46,7.47,63.1,black_gram,Kharif,9,MP
91.48,55.05,63.65,32.67,64.77,7.09,83.97,black_gram,Kharif,10,TN
34.73,60.08,47.53,23.98,56.14,6.12,27.43,black_gram,Kharif,10,UP
90.11,54.6,22.0,37.03,67.21,6.79,52.39,black_gram,Kharif,9,MP
98.4,41.67,76.69,33.72,84.59,7.65,173.68,mango,Perennial,2,UP
64.48,45.57,71.51,32.88,65.63,6.95,79.16,mango,Perennial,4,AP
47.98,37.93,72.17,26.75,64.28,7.15,98.29,mango,Perennial,2,GJ
95.08,31.52,42.38,21.99,64.62,6.67,196.38,mango,Perennial,10,GJ
85.84,51.36,49.61,28.88,77.49,7.16,124.85,mango,Perennial,3,AP
51.56,23.85,33.3,32.34,54.05,6.43,137.74,mango,Perennial,1,TN
67.98,43.67,45.51,30.55,55.8,6.9,139.96,mango,Perennial,3,AP
79.03,32.13,43.26,26.95,68.77,6.44,253.23,mango,Perennial,1,AP
46.78,43.49,78.66,30.87,79.37,6.62,158.46,mango,Perennial,8,TN
70.66,54.42,73.65,34.79,58.38,6.39,170.9,mango,Perennial,1,TN
47.67,49.17,44.36,29.0,58.55,7.08,104.51,mango,Perennial,11,UP
60.51,36.17,73.16,33.12,81.41,7.54,184.89,mango,Perennial,1,AP
70.72,46.35,58.25,27.93,63.91,6.05,94.22,mango,Perennial,10,AP
48.89,56.42,62.39,27.85,64.23,5.78,137.46,mango,Perennial,7,UP
59.03,37.85,32.85,28.45,69.31,6.02,150.45,mango,Perennial,2,GJ
100.93,48.94,37.65,27.45,68.7,7.7,155.44,mango,Perennial,4,KA
43.13,51.57,72.86,24.6,55.55,6.37,247.12,mango,Perennial,1,TN
89.98,20.21,52.12,30.52,51.57,7.42,81.58,mango,Perennial,6,GJ
36.93,37.02,28.43,24.66,69.21,6.81,89.43,mango,Perennial,3,TN
34.46,46.67,50.2,32.78,80.82,7.61,185.07,mango,Perennial,3,UP
54.36,28.51,69.0,27.04,78.63,7.57,220.95,mango,Perennial,9,AP
82.12,59.81,70.24,33.39,63.98,6.3,142.13,mango,Perennial,7,AP
55.07,52.24,30.77,25.99,76.47,5.98,236.26,mango,Perennial,9,AP
105.66,43.46,40.47,33.02,69.49,7.18,127.58,mango,Perennial,9,GJ
87.37,18.38,63.9,25.41,61.81,6.37,202.33,mango,Perennial,9,KA
57.27,20.25,57.13,34.59,71.7,6.58,82.52,mango,Perennial,7,UP
73.32,48.87,50.81,32.87,59.81,6.08,130.82,mango,Perennial,4,AP
69.19,56.16,38.17,32.65,61.94,6.2,184.43,mango,Perennial,5,GJ
43.98,38.72,54.18,34.46,53.3,6.89,96.33,mango,Perennial,6,AP
50.86,36.95,60.87,35.97,62.53,6.03,248.41,mango,Perennial,12,GJ
73.36,25.16,58.24,33.08,69.5,6.38,221.03,mango,Perennial,10,TN
55.51,46.8,42.73,32.07,65.24,6.07,214.01,mango,Perennial,12,UP
57.63,42.26,27.49,28.22,61.62,6.54,120.69,mango,Perennial,10,TN
78.05,46.42,36.43,28.45,65.77,6.41,102.41,mango,Perennial,11,KA
90.68,25.63,61.32,30.97,83.6,6.99,216.11,mango,Perennial,8,GJ
73.64,52.96,74.64,25.23,76.94,6.63,133.16,mango,Perennial,2,KA
68.3,32.91,76.62,31.14,82.34,7.25,237.0,mango,Perennial,7,UP
65.71,55.42,66.6,26.89,56.24,6.3,253.12,mango,Perennial,5,KA
56.74,34.74,41.09,26.59,54.02,7.38,137.6,mango,Perennial,5,UP
60.65,27.86,51.87,27.68,77.91,6.15,222.44,mango,Perennial,7,KA
67.14,29.03,35.3,33.59,59.14,6.32,84.51,mango,Perennial,12,TN
38.19,50.52,48.67,33.81,82.91,7.31,217.3,mango,Perennial,1,KA
42.97,49.87,42.73,27.38,57.63,6.42,135.56,mango,Perennial,1,KA
77.75,36.06,68.84,32.68,68.22,6.29,179.7,mango,Perennial,9,KA
78.61,64.67,58.29,33.76,60.47,6.28,102.32,mango,Perennial,4,AP
58.17,27.26,54.67,31.98,77.84,6.6,92.36,mango,Perennial,12,GJ
87.37,30.5,71.07,23.04,69.32,6.75,121.15,mango,Perennial,10,TN
47.51,29.35,47.94,32.01,83.38,6.71,184.01,mango,Perennial,8,AP
86.58,41.27,66.11,33.73,82.7,6.7,236.59,mango,Perennial,10,TN
61.63,45.81,49.06,22.98,75.55,7.39,219.12,mango,Perennial,8,GJ
76.9,46.24,63.7,33.81,75.75,7.19,222.22,mango,Perennial,9,GJ
94.88,26.08,56.48,26.97,61.08,7.0,178.03,mango,Perennial,8,TN
65.96,61.04,34.99,25.35,65.08,7.09,233.0,mango,Perennial,1,AP
77.97,54.78,46.35,26.26,65.12,6.08,167.44,mango,Perennial,4,TN
60.36,36.49,71.72,29.46,81.72,7.67,202.72,mango,Perennial,5,AP
90.03,47.89,48.26,25.66,67.86,7.53,215.54,mango,Perennial,12,KA
43.43,33.03,85.5,32.52,69.9,7.2,219.16,mango,Perennial,11,AP
59.52,60.13,73.03,31.68,83.29,6.01,212.44,mango,Perennial,9,AP
88.35,43.12,67.5,30.89,75.07,7.03,79.56,mango,Perennial,4,GJ
46.53,44.74,38.03,30.14,56.7,6.45,136.86,mango,Perennial,8,AP
71.0,23.03,49.36,31.49,62.63,6.83,153.66,mango,Perennial,10,TN
77.72,43.78,55.45,34.36,67.26,6.42,160.38,mango,Perennial,4,AP
60.84,49.26,35.1,35.63,75.71,6.84,105.59,mango,Perennial,6,TN
55.29,35.07,71.85,31.45,71.92,6.55,127.72,mango,Perennial,6,TN
43.44,20.62,77.34,30.02,69.58,6.37,212.46,mango,Perennial,8,GJ
49.98,25.35,81.65,35.28,70.56,6.6,218.74,mango,Perennial,7,GJ
54.02,25.7,43.18,30.22,55.54,6.71,138.08,mango,Perennial,3,KA
80.29,43.73,55.39,25.94,77.81,7.42,165.34,mango,Perennial,11,UP
96.85,29.15,45.7,28.08,74.41,6.29,186.45,mango,Perennial,1,TN
97.81,58.82,43.26,28.3,81.74,7.22,129.42,mango,Perennial,9,KA
88.15,35.96,53.82,32.93,53.58,6.96,203.28,mango,Perennial,8,TN
69.95,23.32,65.67,28.84,86.11,6.69,95.65,mango,Perennial,8,AP
59.61,32.51,65.09,33.78,63.69,7.22,150.81,mango,Perennial,6,UP
69.21,18.26,47.69,24.34,67.58,7.04,152.51,mango,Perennial,11,TN
57.43,50.7,71.53,26.51,84.13,6.47,240.38,mango,Perennial,2,AP
42.25,15.84,42.61,26.18,58.72,7.11,166.15,mango,Perennial,2,TN
62.98,42.59,64.52,32.52,64.24,6.76,217.31,mango,Perennial,8,UP
58.08,59.27,57.02,31.01,55.26,6.49,213.78,mango,Perennial,6,GJ
47.32,37.84,79.41,30.7,76.6,6.77,114.66,mango,Perennial,1,UP
81.44,23.31,55.17,33.41,81.08,7.27,179.13,mango,Perennial,1,KA
98.43,30.82,80.02,27.13,71.06,7.26,228.58,mango,Perennial,4,KA
68.93,27.13,60.67,31.08,78.73,5.73,108.01,mango,Perennial,7,TN
91.64,31.66,58.57,25.73,55.17,6.52,258.95,mango,Perennial,10,AP
51.96,25.07,75.48,26.58,54.52,7.14,100.2,mango,Perennial,8,AP
96.45,31.19,46.61,24.6,80.04,7.08,171.8,mango,Perennial,10,UP
70.56,35.97,38.83,24.48,79.24,7.26,230.82,mango,Perennial,4,UP
65.43,50.2,63.91,30.76,84.37,6.86,145.66,mango,Perennial,6,AP
57.43,29.72,45.51,23.12,84.64,7.52,194.64,mango,Perennial,6,KA
66.73,45.9,69.96,28.77,74.17,7.32,255.36,mango,Perennial,1,AP
77.99,35.95,48.54,30.52,62.34,6.37,154.34,mango,Perennial,10,AP
55.35,53.36,39.55,33.01,56.69,6.15,226.03,mango,Perennial,4,TN
62.85,60.33,37.28,28.81,66.52,6.42,86.4,mango,Perennial,11,GJ
91.03,48.61,50.28,25.59,70.38,6.97,198.0,mango,Perennial,3,UP
70.45,61.75,49.97,23.06,78.46,6.83,83.58,mango,Perennial,6,TN
58.98,23.43,46.49,24.16,68.77,6.46,185.32,mango,Perennial,12,UP
90.79,41.66,73.74,23.68,86.02,5.91,197.76,mango,Perennial,3,AP
75.96,61.76,56.24,25.02,60.02,6.3,209.8,mango,Perennial,7,UP
75.37,43.98,38.56,25.84,61.32,6.1,170.83,mango,Perennial,11,KA
51.85,33.08,63.32,30.97,56.89,6.41,173.2,mango,Perennial,3,TN
46.53,61.03,50.17,32.57,70.6,6.74,155.1,mango,Perennial,9,UP
46.21,17.25,48.77,30.67,81.12,7.17,112.69,mango,Perennial,4,UP
90.47,42.84,46.26,29.27,78.89,7.46,216.9,mango,Perennial,5,AP
93.37,54.0,71.55,32.01,64.15,6.68,91.97,mango,Perennial,8,KA
80.7,44.86,34.52,25.22,80.94,6.97,90.15,mango,Perennial,9,GJ
81.71,55.9,31.3,27.18,58.59,7.56,183.56,mango,Perennial,2,KA
89.51,60.62,63.64,30.86,79.18,6.28,173.96,mango,Perennial,11,AP
82.68,40.22,63.14,32.55,59.12,6.9,243.0,mango,Perennial,3,GJ
57.74,32.0,38.08,32.42,81.32,6.17,171.82,mango,Perennial,9,AP
49.16,45.12,55.89,29.45,81.49,6.58,239.53,mango,Perennial,7,TN
94.8,23.47,49.57,35.52,80.86,6.45,211.61,mango,Perennial,11,KA
79.82,41.68,79.35,29.61,82.43,7.38,189.63,mango,Perennial,2,UP
63.48,25.87,70.17,35.08,70.78,7.63,139.66,mango,Perennial,10,UP
51.61,37.7,85.74,28.71,58.99,7.73,155.23,mango,Perennial,11,UP
90.7,20.81,39.15,34.91,63.79,6.12,89.23,mango,Perennial,5,GJ
40.65,20.43,72.68,24.62,64.96,6.87,200.18,mango,Perennial,4,TN
85.7,52.9,71.45,31.89,59.15,7.54,153.31,mango,Perennial,11,TN
94.12,31.9,41.18,28.77,59.72,6.89,158.68,mango,Perennial,1,TN
60.08,31.3,74.48,25.31,75.1,7.11,168.02,mango,Perennial,12,TN
95.91,30.47,41.68,26.67,75.66,6.13,149.62,mango,Perennial,12,KA
92.39,26.48,79.88,25.7,65.44,6.11,225.93,mango,Perennial,10,GJ
60.4,16.23,51.56,27.48,61.3,6.44,177.2,mango,Perennial,8,KA
72.01,59.09,47.81,24.36,77.66,6.72,216.06,mango,Perennial,11,KA
70.04,25.0,56.52,26.04,82.03,6.89,174.01,mango,Perennial,1,TN
60.42,54.82,57.34,28.75,67.44,6.75,213.97,mango,Perennial,9,TN
43.47,42.13,58.32,34.27,66.2,6.95,138.97,mango,Perennial,4,UP
70.07,44.0,72.89,26.83,79.8,6.88,221.27,mango,Perennial,4,TN
59.31,25.49,36.36,34.03,78.66,7.53,73.7,mango,Perennial,1,KA
101.62,43.83,84.59,25.38,79.59,6.84,235.7,mango,Perennial,3,KA
47.23,51.99,29.24,26.52,65.99,5.97,227.32,mango,Perennial,3,AP
52.72,40.34,52.41,29.88,60.99,6.28,175.52,mango,Perennial,11,GJ
57.31,23.55,48.1,27.96,62.48,6.45,71.53,mango,Perennial,8,KA
67.6,45.27,47.98,27.83,77.27,7.33,189.25,mango,Perennial,12,GJ
93.59,36.0,34.59,35.19,76.25,7.17,77.39,mango,Perennial,7,TN
71.16,43.07,61.42,23.95,64.36,6.79,147.65,mango,Perennial,6,TN
78.94,44.06,39.97,26.45,79.02,6.62,194.63,mango,Perennial,6,UP
53.86,56.26,69.1,31.71,69.77,6.37,187.63,mango,Perennial,11,GJ
89.92,53.16,36.57,23.79,56.16,6.85,178.96,mango,Perennial,12,GJ
67.15,39.37,79.33,30.35,79.32,6.91,146.9,mango,Perennial,8,TN
61.17,27.56,37.78,25.2,77.42,6.33,230.03,mango,Perennial,4,GJ
46.99,48.97,73.84,23.41,85.77,6.65,106.24,mango,Perennial,4,TN
95.43,43.72,60.46,25.33,69.1,6.4,178.03,mango,Perennial,4,UP
86.43,24.24,74.52,27.11,60.75,6.77,137.28,mango,Perennial,5,TN
78.27,48.04,24.47,24.98,65.67,7.71,153.08,mango,Perennial,6,TN
55.69,26.3,57.89,26.84,63.07,6.73,135.95,mango,Perennial,3,UP
43.34,34.52,48.75,34.08,73.63,7.4,155.66,mango,Perennial,12,AP
45.05,50.28,43.68,27.79,76.6,6.84,123.36,mango,Perennial,6,UP
99.94,25.81,70.54,27.06,87.32,6.27,220.77,mango,Perennial,5,GJ
82.23,43.49,67.46,32.14,74.62,6.99,208.44,mango,Perennial,10,UP
69.62,44.02,47.73,27.1,68.23,5.94,177.43,mango,Perennial,6,KA
44.55,33.83,68.4,26.62,62.26,7.06,252.41,mango,Perennial,6,UP
86.58,29.73,37.28,25.59,80.95,6.98,83.1,mango,Perennial,1,TN
57.35,28.73,77.72,25.22,70.15,7.39,76.81,mango,Perennial,10,KA
43.28,48.26,72.94,23.06,64.84,6.8,135.82,mango,Perennial,2,AP
59.8,29.03,58.22,30.39,79.75,6.75,173.12,mango,Perennial,10,GJ
79.98,48.66,63.6,25.03,61.54,6.67,216.45,mango,Perennial,2,GJ
98.66,56.48,73.46,28.86,81.24,6.8,103.14,mango,Perennial,10,UP
64.84,50.94,51.67,28.89,68.43,6.87,229.58,mango,Perennial,5,KA
67.07,42.59,30.19,29.75,74.83,6.24,134.02,mango,Perennial,3,TN
83.81,46.09,40.53,27.23,59.79,6.35,139.07,mango,Perennial,1,UP
61.63,51.84,32.97,35.67,55.95,6.0,263.06,mango,Perennial,5,UP
75.96,16.72,39.89,23.71,70.07,7.02,212.74,mango,Perennial,6,UP
74.48,61.1,59.03,35.83,77.41,6.32,185.6,mango,Perennial,11,GJ
38.39,46.98,36.59,27.57,52.23,6.63,151.8,mango,Perennial,2,KA
90.41,40.92,73.6,26.64,69.75,6.96,239.28,mango,Perennial,8,AP
42.05,53.16,66.19,31.9,76.05,7.05,148.16,mango,Perennial,10,UP
83.36,56.67,41.43,27.68,73.07,6.5,190.11,mango,Perennial,5,KA
44.49,63.12,71.53,34.43,83.08,7.5,224.22,mango,Perennial,3,UP
45.92,44.7,33.13,34.77,85.0,7.09,205.02,mango,Perennial,2,TN
100.24,39.08,70.6,30.35,74.6,6.21,252.63,mango,Perennial,6,KA
73.72,38.16,72.66,27.02,54.21,6.35,184.92,mango,Perennial,1,TN
47.14,28.16,61.68,27.81,66.71,6.42,130.35,mango,Perennial,8,TN
55.79,37.86,53.97,30.49,68.36,6.75,259.76,mango,Perennial,5,KA
46.71,38.85,54.47,26.79,71.66,7.21,169.63,mango,Perennial,11,AP
67.14,42.98,62.4,34.41,60.1,6.4,226.2,mango,Perennial,1,UP
47.25,27.48,44.91,25.67,83.97,6.8,92.41,mango,Perennial,9,UP
74.35,38.85,42.33,31.65,55.15,7.28,93.52,mango,Perennial,7,GJ
75.7,30.15,48.66,31.83,80.8,6.77,163.92,mango,Perennial,1,TN
74.23,38.55,50.04,28.85,80.55,6.99,107.8,mango,Perennial,7,UP
88.95,41.16,61.85,23.33,75.68,6.25,231.39,mango,Perennial,3,GJ
80.48,51.68,24.99,29.76,65.53,6.44,174.79,mango,Perennial,2,TN
69.16,58.88,71.12,32.49,74.01,6.55,177.83,mango,Perennial,6,KA
85.83,26.87,42.17,27.52,51.8,7.08,242.95,mango,Perennial,10,AP
54.91,32.36,81.09,25.8,62.59,6.78,223.76,mango,Perennial,3,AP
65.12,57.75,73.2,31.88,68.77,6.74,197.28,mango,Perennial,9,AP
73.96,45.16,58.97,32.9,63.17,6.98,148.75,mango,Perennial,3,KA
91.38,30.79,36.3,30.98,62.8,6.44,119.79,mango,Perennial,9,GJ
97.68,46.09,50.3,35.27,74.12,7.41,211.39,mango,Perennial,4,TN
39.36,35.49,55.11,34.44,62.6,6.44,106.08,mango,Perennial,10,UP
46.38,13.27,59.23,26.12,70.28,6.35,247.98,mango,Perennial,10,TN
38.81,28.33,40.46,27.35,81.13,6.81,174.82,mango,Perennial,4,GJ
88.96,47.95,31.86,23.64,75.19,7.28,208.06,mango,Perennial,12,TN
94.34,39.84,68.8,28.08,65.26,6.7,211.48,mango,Perennial,10,KA
60.39,26.36,48.58,33.78,74.19,6.78,205.81,mango,Perennial,10,UP
44.02,37.58,63.5,23.82,80.59,7.62,181.48,mango,Perennial,2,TN
30.0,54.35,65.0,32.39,79.75,7.14,202.56,mango,Perennial,9,TN
90.53,40.16,45.52,24.27,56.95,7.4,140.87,mango,Perennial,5,KA
76.45,35.93,39.83,23.64,75.47,6.24,223.09,mango,Perennial,1,GJ
90.72,47.75,76.17,25.51,69.7,7.17,110.35,mango,Perennial,9,GJ
66.73,52.95,33.93,31.99,54.39,6.45,198.9,mango,Perennial,9,GJ
47.48,38.96,44.83,25.06,69.93,6.25,132.73,mango,Perennial,9,UP
60.65,30.34,48.33,33.45,63.23,7.29,108.27,mango,Perennial,2,KA
61.64,35.82,47.27,33.21,76.11,6.62,140.05,mango,Perennial,6,GJ
58.63,54.08,65.02,29.35,68.07,6.36,185.48,mango,Perennial,4,TN
56.35,57.92,45.23,31.3,59.76,6.64,193.46,mango,Perennial,11,AP
74.39,41.34,44.46,30.79,66.5,6.11,174.41,mango,Perennial,1,KA
49.56,60.35,46.35,26.1,78.23,6.57,211.74,mango,Perennial,8,GJ
91.59,48.35,81.48,35.52,66.64,6.92,216.88,mango,Perennial,7,GJ
105.32,59.4,81.21,34.06,83.03,7.41,101.66,mango,Perennial,10,AP
76.93,42.79,53.87,27.66,77.99,7.46,119.79,mango,Perennial,8,UP
93.6,29.44,42.44,33.19,71.12,7.25,127.58,mango,Perennial,8,UP
85.45,30.47,71.34,34.77,64.88,6.27,211.43,mango,Perennial,3,AP
92.1,39.35,57.34,33.51,86.79,7.26,238.34,mango,Perennial,7,UP
64.52,25.9,41.24,32.13,75.51,6.23,206.47,mango,Perennial,10,TN
65.11,52.31,49.04,28.96,82.12,7.03,135.45,mango,Perennial,9,AP
58.77,57.02,38.25,23.29,67.12,6.79,94.19,mango,Perennial,2,GJ
86.25,59.23,75.4,30.82,74.97,6.78,88.07,mango,Perennial,3,GJ
58.12,26.29,66.96,34.55,69.31,6.92,204.45,mango,Perennial,4,TN
76.2,39.89,49.17,31.97,82.1,7.45,152.88,mango,Perennial,6,GJ
61.25,54.47,80.69,30.09,74.62,6.08,119.14,mango,Perennial,9,TN
54.72,33.53,31.68,34.3,70.93,6.35,94.89,mango,Perennial,9,KA
83.76,29.55,33.05,30.97,72.11,6.36,175.65,mango,Perennial,9,AP
60.18,38.91,47.31,29.28,81.13,7.49,161.61,mango,Perennial,6,AP
66.93,47.98,63.4,27.22,82.14,6.45,231.12,mango,Perennial,6,TN
60.0,27.97,64.73,33.67,84.06,6.76,108.34,mango,Perennial,10,KA
93.84,48.49,36.29,23.34,86.66,6.09,204.48,mango,Perennial,8,GJ
66.97,59.43,52.69,31.43,51.49,6.45,90.81,mango,Perennial,5,GJ
68.14,56.23,77.92,32.85,79.93,7.77,93.74,mango,Perennial,1,AP
59.03,34.26,48.39,29.18,65.85,6.15,83.34,mango,Perennial,1,UP
43.12,45.7,29.3,27.45,73.52,6.26,162.43,mango,Perennial,10,UP
65.51,33.15,52.79,34.82,65.42,7.05,136.77,mango,Perennial,10,GJ
79.2,41.25,78.07,25.04,67.06,6.45,95.31,mango,Perennial,9,UP
84.1,30.04,62.52,29.31,62.82,6.46,190.24,mango,Perennial,5,UP
95.04,33.33,80.34,28.48,61.72,6.15,91.08,mango,Perennial,2,UP
75.81,51.08,55.58,35.05,88.03,6.97,199.11,mango,Perennial,10,TN
86.43,14.01,39.39,32.56,85.35,5.94,224.45,mango,Perennial,9,KA
51.94,24.94,40.09,36.27,83.22,7.23,104.01,mango,Perennial,5,GJ
59.88,40.72,43.82,32.02,70.19,6.47,239.43,mango,Perennial,7,AP
56.84,37.54,56.12,25.08,78.43,6.27,185.33,mango,Perennial,3,UP
82.9,27.36,78.74,28.17,54.58,7.32,164.56,mango,Perennial,3,KA
68.92,37.77,47.85,30.51,55.34,7.05,74.28,mango,Perennial,6,KA
62.67,45.87,53.32,31.85,59.92,6.31,154.13,mango,Perennial,1,KA
64.56,44.36,63.3,35.55,56.47,6.56,173.0,mango,Perennial,6,KA
89.47,33.08,44.21,36.68,76.84,6.93,97.83,mango,Perennial,5,KA
92.68,48.41,25.95,29.59,55.08,6.71,90.46,mango,Perennial,2,TN
48.6,50.34,67.05,28.82,71.4,6.32,136.14,mango,Perennial,8,GJ
40.9,36.55,38.07,28.26,67.08,7.46,144.89,mango,Perennial,8,TN
64.13,21.96,70.51,35.5,68.33,7.32,170.33,mango,Perennial,9,KA
74.75,40.83,76.61,25.47,66.17,6.47,155.07,mango,Perennial,3,AP
86.74,62.17,58.43,22.88,80.55,7.42,233.06,mango,Perennial,10,TN
78.34,51.52,41.9,29.62,55.46,6.13,178.43,mango,Perennial,9,UP
71.55,48.08,56.52,25.66,73.93,7.03,224.95,mango,Perennial,10,TN
85.65,21.56,42.27,33.16,61.02,7.02,174.91,mango,Perennial,9,UP
75.74,41.35,72.38,28.23,59.25,5.79,143.25,mango,Perennial,2,KA
96.32,32.51,78.53,26.82,79.06,6.92,81.75,mango,Perennial,2,AP
73.69,36.87,61.96,28.97,78.37,7.1,205.71,mango,Perennial,5,KA
82.94,22.56,57.33,23.95,81.02,6.45,137.08,mango,Perennial,6,AP
92.95,51.27,52.06,28.8,80.71,6.09,210.96,mango,Perennial,12,GJ
51.44,35.22,70.36,28.3,63.11,6.59,110.96,mango,Perennial,1,GJ
94.59,20.02,88.01,27.02,86.16,7.29,98.59,mango,Perennial,1,GJ
56.29,35.58,53.36,29.15,82.89,6.53,115.57,mango,Perennial,11,TN
97.19,40.7,57.69,25.62,72.96,7.12,176.14,mango,Perennial,11,KA
86.42,24.63,76.31,31.85,63.84,7.29,210.95,mango,Perennial,6,UP
63.55,38.06,45.72,30.28,58.02,7.25,185.65,mango,Perennial,6,UP
50.34,60.26,71.91,28.99,61.26,6.63,146.68,mango,Perennial,6,AP
65.51,62.04,34.32,29.74,61.91,6.15,185.89,mango,Perennial,8,AP
56.91,22.75,62.74,22.32,68.88,7.23,230.84,mango,Perennial,3,UP
44.94,50.45,45.28,29.99,79.17,6.46,189.35,mango,Perennial,2,UP
99.24,48.07,35.95,29.92,71.11,6.19,87.66,mango,Perennial,4,AP
77.79,33.31,80.53,27.14,66.56,6.97,164.12,mango,Perennial,9,TN
97.12,26.8,71.49,35.36,68.3,7.55,265.0,mango,Perennial,11,TN
78.04,58.57,65.84,23.49,75.52,6.99,168.69,mango,Perennial,1,AP
47.49,49.26,62.04,27.05,76.14,7.02,104.08,mango,Perennial,6,TN
75.54,26.42,33.31,27.82,64.65,7.14,216.78,mango,Perennial,8,KA
68.1,29.23,40.46,31.46,75.94,6.79,94.28,mango,Perennial,2,UP
51.78,23.81,40.82,31.32,61.08,7.06,235.29,mango,Perennial,4,TN
40.39,25.49,66.51,28.29,84.99,7.41,179.46,mango,Perennial,10,GJ
81.25,49.5,39.84,34.27,78.42,6.25,180.66,mango,Perennial,4,GJ
110.0,55.81,42.9,31.99,64.6,7.12,160.68,mango,Perennial,11,AP
47.54,58.57,66.16,27.88,59.62,5.99,110.05,mango,Perennial,4,GJ
97.25,57.3,62.83,24.82,60.4,6.5,166.94,mango,Perennial,2,AP
58.95,45.32,47.62,36.99,66.46,7.2,103.62,mango,Perennial,7,TN
85.26,27.45,78.14,28.44,58.87,6.2,208.61,mango,Perennial,6,GJ
69.36,37.68,40.3,34.59,61.56,6.82,170.23,mango,Perennial,8,UP
80.73,39.73,70.59,33.66,73.55,6.25,108.33,mango,Perennial,9,AP
68.09,39.31,45.55,29.42,69.46,6.25,143.94,mango,Perennial,3,GJ
86.25,50.35,76.03,26.85,80.68,7.55,151.7,mango,Perennial,4,GJ
87.58,50.78,35.41,30.45,65.82,6.03,123.08,mango,Perennial,6,TN
87.22,46.78,54.55,32.6,68.26,6.31,177.2,mango,Perennial,3,AP
108.26,42.82,63.15,34.24,69.31,7.15,157.33,mango,Perennial,3,UP
88.28,31.86,38.96,26.74,68.99,6.2,148.79,mango,Perennial,12,UP
33.4,36.47,50.29,26.39,84.3,5.93,166.52,mango,Perennial,9,KA
39.27,51.26,73.82,26.79,61.62,6.0,234.17,mango,Perennial,3,GJ
78.68,47.24,33.15,26.61,75.96,7.32,238.95,mango,Perennial,8,AP
93.83,29.63,71.75,25.67,76.92,5.8,176.05,mango,Perennial,3,KA
70.01,38.15,33.28,31.04,55.94,6.95,103.04,mango,Perennial,2,UP
41.09,41.22,57.99,27.8,70.77,6.47,90.06,mango,Perennial,3,UP
51.57,52.61,69.95,29.29,59.9,7.38,154.69,mango,Perennial,6,AP
45.56,53.01,64.88,32.34,67.29,6.23,118.97,mango,Perennial,3,UP
37.84,38.08,47.26,32.78,54.19,7.37,153.39,mango,Perennial,3,AP
95.26,45.51,51.84,29.42,62.17,6.8,105.63,mango,Perennial,3,TN
97.91,43.74,71.68,23.14,66.06,6.06,187.19,banana,Perennial,8,GJ
81.69,51.67,93.32,26.77,68.94,6.59,188.32,banana,Perennial,9,MH
111.57,46.96,105.58,23.64,83.49,6.73,214.07,banana,Perennial,5,GJ
136.37,28.14,75.88,25.65,82.43,6.42,185.99,banana,Perennial,3,KA
105.62,71.92,51.84,27.36,79.33,6.86,226.2,banana,Perennial,6,KA
90.28,54.06,63.15,32.5,78.4,6.44,97.48,banana,Perennial,1,TN
98.64,40.96,67.82,33.79,68.05,7.22,240.81,banana,Perennial,10,MH
97.1,42.59,110.91,32.43,63.53,7.63,137.09,banana,Perennial,4,AP
90.54,55.01,106.48,29.57,76.62,6.76,126.82,banana,Perennial,11,TN
91.77,69.67,50.77,25.94,80.46,5.91,235.36,banana,Perennial,11,MH
115.39,65.3,99.33,29.35,68.41,6.89,105.55,banana,Perennial,11,KA
61.81,56.66,56.67,26.61,74.62,6.57,150.93,banana,Perennial,10,TN
91.75,44.53,108.48,28.89,68.65,7.11,104.33,banana,Perennial,2,GJ
93.32,47.58,111.94,23.12,85.47,6.27,119.33,banana,Perennial,7,GJ
127.41,60.78,101.82,26.78,76.5,6.99,165.39,banana,Perennial,5,KA
106.54,67.44,100.43,23.48,67.11,6.37,121.03,banana,Perennial,12,TN
77.47,77.06,86.4,31.62,66.14,6.4,226.96,banana,Perennial,1,TN
128.56,75.94,47.6,19.9,71.39,6.88,226.89,banana,Perennial,12,KA
97.5,62.03,56.96,28.83,66.12,6.7,148.3,banana,Perennial,1,KA
88.85,35.59,77.91,23.71,72.12,6.59,168.84,banana,Perennial,7,GJ
113.74,60.41,71.9,27.0,69.2,6.96,181.13,banana,Perennial,6,GJ
73.76,60.63,86.25,25.41,76.64,6.17,207.83,banana,Perennial,4,MH
66.3,73.38,84.9,27.23,76.55,6.45,222.87,banana,Perennial,6,TN
109.76,66.28,72.89,29.68,86.92,7.5,151.36,banana,Perennial,12,MH
107.91,71.29,54.84,24.26,83.14,7.24,151.15,banana,Perennial,12,AP
121.83,77.4,58.44,20.17,83.54,6.86,212.25,banana,Perennial,10,GJ
69.25,61.09,69.88,24.76,67.46,6.57,184.24,banana,Perennial,2,GJ
125.29,33.67,108.07,27.89,90.0,7.31,178.0,banana,Perennial,12,AP
129.56,30.71,75.12,25.12,84.92,7.06,196.98,banana,Perennial,3,GJ
129.03,28.04,89.62,23.77,64.73,6.38,255.49,banana,Perennial,12,KA
85.88,33.77,61.79,23.75,75.87,6.36,244.36,banana,Perennial,5,KA
79.83,40.67,59.54,21.84,80.45,6.44,163.73,banana,Perennial,5,MH
79.08,84.02,58.62,24.63,79.13,6.53,143.96,banana,Perennial,3,TN
109.83,59.99,95.61,26.21,74.63,6.05,202.38,banana,Perennial,4,KA
90.95,66.37,62.39,24.47,76.96,7.12,128.6,banana,Perennial,6,KA
68.08,23.45,62.45,25.51,69.76,6.61,203.99,banana,Perennial,11,MH
62.93,68.44,90.07,28.6,68.28,6.31,185.4,banana,Perennial,7,AP
101.91,53.47,77.1,23.4,68.19,6.98,249.15,banana,Perennial,8,AP
122.69,37.53,103.49,27.49,71.94,6.99,194.29,banana,Perennial,2,KA
95.97,64.7,92.74,23.16,83.65,6.64,192.63,banana,Perennial,11,KA
81.25,39.29,88.53,24.65,74.54,6.6,161.55,banana,Perennial,11,TN
94.29,30.52,85.62,29.33,85.22,7.56,111.08,banana,Perennial,9,KA
123.97,63.32,91.21,28.69,75.4,6.55,207.77,banana,Perennial,9,GJ
116.99,59.85,93.03,31.98,69.8,6.52,204.61,banana,Perennial,2,AP
79.08,69.37,67.94,25.59,67.25,6.42,215.65,banana,Perennial,7,TN
68.59,69.49,49.5,25.85,83.47,6.85,204.06,banana,Perennial,11,AP
97.55,65.23,61.92,23.95,78.28,6.88,209.75,banana,Perennial,11,TN
120.22,66.19,66.93,26.88,67.5,6.15,249.86,banana,Perennial,1,KA
117.25,39.12,84.39,28.44,81.85,6.77,136.75,banana,Perennial,6,KA
64.16,31.77,61.63,29.11,66.12,7.23,153.08,banana,Perennial,3,AP
99.27,73.83,64.52,22.18,75.58,6.21,139.47,banana,Perennial,6,MH
119.13,54.89,102.05,26.58,72.76,6.73,124.32,banana,Perennial,3,AP
92.86,69.94,63.13,22.06,68.86,6.52,191.18,banana,Perennial,7,TN
98.97,27.03,104.95,25.91,78.73,5.93,186.99,banana,Perennial,5,MH
116.38,33.09,52.54,30.18,71.93,6.77,199.2,banana,Perennial,11,AP
64.2,32.66,67.69,26.85,67.87,7.03,145.75,banana,Perennial,1,MH
108.93,61.8,69.07,25.97,83.89,6.0,227.55,banana,Perennial,12,MH
137.15,57.6,95.1,31.33,70.1,6.22,183.07,banana,Perennial,1,KA
76.78,76.1,64.38,27.93,80.22,6.39,119.51,banana,Perennial,11,KA
96.59,46.3,81.08,32.81,68.56,6.81,200.98,banana,Perennial,7,GJ
117.24,56.65,76.4,25.22,81.83,6.12,150.4,banana,Perennial,9,MH
66.08,47.3,78.63,25.22,82.18,5.83,232.55,banana,Perennial,12,GJ
57.68,24.77,84.36,31.93,67.47,7.18,238.83,banana,Perennial,11,GJ
89.99,69.13,106.69,23.27,73.74,6.8,253.21,banana,Perennial,3,TN
89.67,58.98,100.66,29.59,64.66,6.99,209.78,banana,Perennial,3,AP
88.27,51.89,79.91,29.65,67.4,5.97,194.97,banana,Perennial,6,GJ
131.65,35.15,96.61,26.85,67.55,7.39,164.61,banana,Perennial,11,GJ
86.68,55.99,81.75,31.93,62.27,6.83,209.95,banana,Perennial,3,GJ
67.43,42.8,66.59,32.35,79.14,7.06,97.67,banana,Perennial,3,GJ
56.67,79.95,96.89,31.82,62.95,6.59,208.69,banana,Perennial,11,MH
133.13,32.64,107.5,22.65,80.83,7.16,263.58,banana,Perennial,3,AP
81.53,44.4,51.5,26.19,70.41,6.76,205.26,banana,Perennial,11,TN
108.94,46.7,63.1,23.12,66.99,7.04,198.34,banana,Perennial,7,TN
97.04,71.28,107.43,28.49,67.24,6.84,232.0,banana,Perennial,3,TN
66.89,72.3,102.84,23.94,65.03,7.46,202.67,banana,Perennial,6,GJ
61.56,41.78,53.84,23.01,82.99,7.11,254.78,banana,Perennial,2,KA
100.06,77.7,98.16,28.27,66.88,7.48,191.83,banana,Perennial,10,AP
59.61,35.34,82.93,32.31,68.73,7.25,164.2,banana,Perennial,9,AP
90.92,54.22,64.01,33.78,69.53,7.04,180.16,banana,Perennial,8,GJ
110.85,62.55,86.72,26.2,81.48,6.14,151.06,banana,Perennial,9,MH
87.94,59.45,73.37,25.23,72.59,6.31,129.34,banana,Perennial,7,AP
77.78,84.32,79.51,28.54,70.19,5.96,165.08,banana,Perennial,3,GJ
123.74,77.0,57.2,28.67,71.31,6.45,238.87,banana,Perennial,11,KA
91.49,47.11,50.66,33.24,63.67,6.17,92.8,banana,Perennial,3,GJ
115.7,73.82,87.71,24.58,68.68,6.69,125.02,banana,Perennial,1,KA
118.68,51.78,95.4,23.97,63.22,6.27,147.59,banana,Perennial,5,KA
70.25,34.09,107.58,29.89,80.33,6.88,154.73,banana,Perennial,7,TN
122.07,41.11,95.16,27.82,78.55,6.81,148.57,banana,Perennial,1,TN
69.5,79.56,96.18,26.41,82.32,5.73,235.58,banana,Perennial,11,KA
114.02,56.35,105.79,27.31,80.51,7.15,190.86,banana,Perennial,4,TN
114.96,72.2,77.15,23.21,79.12,6.9,242.94,banana,Perennial,2,GJ
103.83,71.08,98.93,29.95,72.78,6.29,217.98,banana,Perennial,4,MH
58.79,29.63,99.67,24.29,68.02,6.53,201.83,banana,Perennial,9,MH
128.2,33.91,68.21,27.98,80.96,6.75,116.9,banana,Perennial,6,GJ
102.51,70.3,84.09,23.52,82.13,6.59,242.03,banana,Perennial,7,GJ
61.38,67.17,109.77,30.04,78.79,6.65,208.71,banana,Perennial,8,TN
99.66,66.85,96.05,34.52,85.73,7.01,236.24,banana,Perennial,12,MH
65.87,72.95,93.76,31.9,71.97,6.53,215.46,banana,Perennial,12,MH
125.15,65.22,75.11,30.33,73.61,6.88,171.43,banana,Perennial,2,AP
72.48,29.89,94.92,29.95,67.62,6.89,107.49,banana,Perennial,1,MH
119.59,51.17,54.79,30.9,82.22,5.7,219.9,banana,Perennial,5,MH
76.42,39.03,113.27,31.86,77.28,6.71,130.93,banana,Perennial,1,TN
106.61,37.92,92.64,22.15,76.48,6.62,219.16,banana,Perennial,1,TN
62.65,72.33,80.71,29.88,79.6,7.71,177.32,banana,Perennial,5,MH
89.01,51.5,109.47,21.29,81.2,7.48,134.38,banana,Perennial,10,KA
111.31,67.3,51.66,22.85,78.55,6.04,190.63,banana,Perennial,7,AP
62.17,55.5,59.04,20.09,69.28,6.28,218.31,banana,Perennial,3,KA
116.01,69.47,71.76,27.67,70.72,7.25,198.28,banana,Perennial,12,AP
76.76,75.39,50.29,28.38,81.78,7.29,145.51,banana,Perennial,6,GJ
78.65,45.82,90.44,29.36,68.66,6.44,155.36,banana,Perennial,9,AP
77.43,55.56,104.54,23.2,85.85,6.26,116.96,banana,Perennial,5,GJ
88.15,70.19,87.0,25.99,66.28,6.53,129.01,banana,Perennial,8,GJ
100.07,67.53,70.22,21.1,64.62,6.74,128.43,banana,Perennial,6,TN
96.39,23.61,68.39,28.7,81.86,7.47,214.93,banana,Perennial,3,GJ
72.3,81.09,104.12,29.29,73.02,6.55,114.41,banana,Perennial,6,KA
120.75,72.06,75.84,30.84,71.08,6.45,234.21,banana,Perennial,9,AP
88.74,77.83,70.23,33.21,75.59,6.75,124.01,banana,Perennial,12,TN
72.54,55.1,83.91,26.3,68.61,6.0,109.0,banana,Perennial,4,MH
111.27,77.21,77.78,26.49,80.34,6.78,250.3,banana,Perennial,1,AP
109.15,67.34,46.51,26.41,68.78,6.12,196.66,banana,Perennial,9,KA
120.62,57.48,68.95,31.06,85.43,6.48,175.52,banana,Perennial,11,GJ
92.08,51.21,63.93,32.01,72.55,6.82,126.95,banana,Perennial,8,TN
90.94,47.08,50.36,25.53,86.14,7.17,236.03,banana,Perennial,12,MH
104.38,63.1,71.04,24.44,74.4,5.94,204.26,banana,Perennial,5,AP
121.3,49.15,68.43,31.15,80.74,6.38,94.13,banana,Perennial,8,AP
100.71,61.08,61.4,25.39,86.33,6.81,166.93,banana,Perennial,9,TN
86.42,72.25,89.36,30.5,82.7,6.57,176.92,banana,Perennial,3,TN
117.67,67.01,52.43,25.66,81.09,6.07,202.34,banana,Perennial,1,TN
81.48,61.13,109.93,21.48,77.58,7.68,239.51,banana,Perennial,10,MH
105.75,69.2,73.21,31.91,82.28,6.0,118.07,banana,Perennial,6,KA
102.68,74.09,66.1,27.73,87.19,6.02,167.37,banana,Perennial,2,GJ
81.31,81.43,88.65,29.32,73.36,7.53,130.2,banana,Perennial,8,TN
103.42,75.49,82.75,31.94,80.71,7.19,213.33,banana,Perennial,1,KA
112.79,57.9,101.37,30.34,83.35,6.54,119.07,banana,Perennial,5,GJ
100.68,52.17,63.71,28.38,76.29,6.29,139.05,banana,Perennial,4,KA
55.28,35.19,65.75,26.84,73.13,5.94,177.98,banana,Perennial,11,TN
85.24,70.49,98.0,27.91,72.07,7.22,130.28,banana,Perennial,9,TN
78.83,33.0,68.39,26.03,80.48,6.41,215.4,banana,Perennial,6,AP
62.57,74.23,41.38,27.12,70.72,6.12,165.37,banana,Perennial,2,GJ
85.1,42.02,59.11,27.59,83.08,6.03,200.38,banana,Perennial,2,AP
80.6,56.62,111.98,31.37,76.77,5.92,234.35,banana,Perennial,5,AP
114.42,31.44,68.9,31.47,72.61,5.94,134.95,banana,Perennial,2,GJ
93.2,35.04,66.63,27.7,88.29,7.68,139.93,banana,Perennial,11,AP
119.37,58.03,95.94,30.65,78.15,7.64,208.71,banana,Perennial,9,AP
82.89,63.15,106.88,22.29,61.8,7.42,122.16,banana,Perennial,4,AP
75.77,54.68,92.75,24.77,81.14,7.34,233.5,banana,Perennial,8,GJ
123.94,36.6,72.86,30.13,84.39,7.27,232.4,banana,Perennial,3,KA
115.12,55.93,56.75,30.26,76.65,6.11,223.23,banana,Perennial,12,KA
79.12,36.83,61.05,23.44,69.45,7.57,210.58,banana,Perennial,5,MH
106.95,47.92,58.6,26.63,82.06,6.42,148.82,banana,Perennial,8,KA
85.35,64.41,105.63,27.63,76.72,6.65,226.95,banana,Perennial,3,MH
93.3,69.66,70.77,30.79,70.29,6.91,208.26,banana,Perennial,8,MH
85.24,55.57,51.12,24.85,68.0,6.62,170.62,banana,Perennial,8,GJ
77.84,69.78,88.42,29.4,73.73,6.01,233.53,banana,Perennial,12,MH
67.75,48.0,67.31,22.03,63.61,6.55,194.4,banana,Perennial,12,KA
91.37,39.3,70.51,22.79,63.44,6.57,194.89,banana,Perennial,6,KA
72.56,72.38,91.55,23.79,68.14,6.89,219.85,banana,Perennial,10,KA
99.67,52.52,43.7,28.0,69.42,6.73,198.97,banana,Perennial,6,TN
79.03,36.96,90.73,25.22,84.64,6.57,116.79,banana,Perennial,2,TN
83.16,66.92,78.17,25.93,83.83,6.29,136.35,banana,Perennial,5,GJ
79.46,37.87,65.02,28.45,75.48,7.28,132.11,banana,Perennial,11,TN
99.28,45.68,65.0,26.47,71.1,6.48,134.87,banana,Perennial,7,KA
66.73,57.51,67.12,24.33,61.7,7.12,137.59,banana,Perennial,5,AP
125.13,54.28,87.16,28.94,70.07,7.34,147.46,banana,Perennial,2,AP
75.42,67.41,58.53,29.25,81.24,7.0,190.3,banana,Perennial,9,TN
63.59,35.99,90.75,27.92,81.07,7.76,132.53,banana,Perennial,9,KA
89.41,61.9,69.62,31.94,67.16,6.03,197.17,banana,Perennial,2,AP
104.78,43.77,84.34,27.58,64.07,6.31,155.84,banana,Perennial,3,GJ
107.13,38.57,52.86,25.89,81.24,6.69,168.05,banana,Perennial,12,AP
86.7,60.91,55.51,27.1,62.4,7.14,220.06,banana,Perennial,12,AP
117.8,72.71,55.01,30.41,77.22,7.13,222.07,banana,Perennial,10,MH
79.69,68.79,114.89,26.82,86.23,7.04,209.89,banana,Perennial,1,MH
82.04,66.51,102.99,29.39,67.83,6.92,172.2,banana,Perennial,7,KA
112.81,63.14,104.12,32.05,75.17,7.39,192.87,banana,Perennial,11,TN
124.53,73.11,106.96,20.88,87.37,6.27,222.32,banana,Perennial,12,MH
79.69,44.2,60.74,31.53,83.0,6.47,215.03,banana,Perennial,5,TN
74.88,50.38,112.4,26.44,82.09,6.19,96.27,banana,Perennial,8,GJ
116.1,49.61,68.0,25.03,76.12,6.01,147.88,banana,Perennial,1,KA
126.99,40.17,72.62,23.51,71.43,7.07,217.79,banana,Perennial,9,MH
69.19,57.54,52.53,27.61,80.08,6.44,169.26,banana,Perennial,3,MH
65.08,31.48,87.43,26.72,66.94,7.8,122.39,banana,Perennial,1,AP
98.62,59.41,84.62,27.43,76.05,6.62,120.43,banana,Perennial,6,GJ
104.9,61.61,108.59,32.01,71.34,6.46,152.59,banana,Perennial,9,GJ
98.78,74.31,95.85,24.99,68.81,6.43,198.25,banana,Perennial,1,MH
79.96,27.18,110.44,29.67,83.74,7.02,130.42,banana,Perennial,7,MH
84.28,68.77,63.26,21.17,64.81,7.13,116.7,banana,Perennial,3,AP
106.51,45.09,97.58,22.58,69.67,7.28,238.01,banana,Perennial,4,AP
95.19,30.52,102.39,26.72,74.82,6.69,153.42,banana,Perennial,4,MH
91.03,35.58,72.91,24.47,80.69,7.52,183.75,banana,Perennial,12,TN
93.59,65.59,80.04,29.63,83.71,7.18,179.86,banana,Perennial,1,KA
105.38,75.78,65.07,28.88,69.16,7.41,184.86,banana,Perennial,7,KA
77.35,47.86,54.12,27.39,74.76,5.92,151.4,banana,Perennial,6,AP
82.0,45.97,86.14,28.77,70.96,5.9,243.15,banana,Perennial,2,KA
61.29,64.17,49.51,26.98,80.17,7.0,188.1,banana,Perennial,3,KA
72.9,68.87,101.52,21.38,73.75,6.58,110.3,banana,Perennial,2,GJ
119.93,70.29,53.08,30.03,83.31,7.07,157.95,banana,Perennial,7,MH
116.01,60.29,80.69,30.8,61.63,7.06,183.47,banana,Perennial,4,MH
81.96,51.89,98.83,29.62,81.15,6.1,254.42,banana,Perennial,7,MH
85.94,80.62,106.29,32.31,83.81,6.96,188.16,banana,Perennial,5,AP
52.18,64.89,60.38,31.56,81.64,7.1,191.61,banana,Perennial,5,GJ
71.74,32.99,66.38,24.97,67.49,6.55,107.09,banana,Perennial,10,KA
82.8,62.21,80.32,23.08,77.34,6.44,113.78,banana,Perennial,1,GJ
118.89,74.45,101.67,26.1,73.62,6.02,155.74,banana,Perennial,2,AP
86.18,49.54,112.9,25.37,60.86,5.99,245.75,banana,Perennial,1,TN
102.36,61.69,62.12,22.26,72.3,7.0,175.18,banana,Perennial,4,AP
117.02,45.6,89.37,22.79,78.47,6.85,166.24,banana,Perennial,1,MH
109.39,68.38,92.77,24.9,80.53,6.66,137.05,banana,Perennial,2,TN
69.5,59.15,62.68,23.42,73.5,6.33,97.85,banana,Perennial,7,TN
124.61,54.74,81.17,31.32,84.39,6.5,87.88,banana,Perennial,5,GJ
81.63,73.65,72.9,26.35,79.62,6.2,219.45,banana,Perennial,11,TN
122.87,36.93,58.79,23.87,82.23,6.85,129.55,banana,Perennial,12,MH
80.33,65.12,68.23,31.88,65.95,6.51,228.74,banana,Perennial,3,MH
114.44,41.9,50.58,27.65,71.78,6.93,144.07,banana,Perennial,9,MH
77.88,53.82,89.4,30.29,70.57,6.75,121.04,banana,Perennial,10,AP
76.46,72.0,67.49,25.43,76.18,5.89,220.03,banana,Perennial,11,GJ
70.22,49.87,66.21,23.1,72.27,6.79,126.1,banana,Perennial,2,AP
65.06,65.38,83.95,28.1,73.22,5.83,143.64,banana,Perennial,1,KA
101.68,50.71,91.15,29.33,88.01,5.88,249.26,banana,Perennial,12,MH
61.2,34.89,92.85,32.92,85.14,7.18,236.96,banana,Perennial,5,GJ
91.37,50.25,84.26,20.9,79.29,7.22,233.52,banana,Perennial,4,MH
71.97,64.23,56.93,23.03,86.2,6.15,217.71,banana,Perennial,5,TN
85.17,39.53,90.51,28.61,80.2,6.3,195.71,banana,Perennial,11,GJ
109.38,40.62,93.03,22.22,71.65,6.71,216.5,banana,Perennial,11,GJ
70.17,69.92,114.84,26.2,74.61,6.66,125.95,banana,Perennial,10,KA
85.38,37.78,61.27,29.57,82.22,7.18,181.96,banana,Perennial,12,AP
110.42,65.26,114.94,29.59,82.79,6.59,202.83,banana,Perennial,9,AP
109.0,60.26,67.43,28.58,70.75,6.1,99.04,banana,Perennial,10,MH
111.61,48.37,66.14,27.57,79.42,6.99,210.53,banana,Perennial,2,MH
114.32,65.06,65.88,27.86,82.45,7.21,163.36,banana,Perennial,9,TN
84.05,70.11,84.01,24.62,63.85,6.45,181.32,banana,Perennial,8,TN
97.19,56.69,56.17,27.74,74.24,6.69,225.38,banana,Perennial,11,GJ
106.27,41.78,61.59,26.43,68.62,6.08,137.78,banana,Perennial,11,TN
64.04,50.95,72.94,25.56,78.57,6.34,220.39,banana,Perennial,3,KA
97.75,63.03,72.96,28.19,75.26,6.6,128.16,banana,Perennial,5,GJ
111.23,27.77,99.96,28.99,73.04,7.33,112.5,banana,Perennial,9,AP
110.06,74.77,84.6,29.48,72.0,7.08,217.02,banana,Perennial,5,TN
91.27,72.74,106.98,20.89,73.57,7.06,227.16,banana,Perennial,1,TN
85.48,82.41,43.33,25.66,79.48,6.53,189.26,banana,Perennial,8,TN
107.6,68.6,87.05,24.65,79.11,6.62,225.91,banana,Perennial,9,MH
110.28,67.12,94.35,29.3,80.55,6.3,131.68,banana,Perennial,2,MH
71.78,62.52,77.68,31.49,81.54,5.96,189.22,banana,Perennial,10,KA
108.43,36.55,56.24,25.11,80.87,6.97,231.34,banana,Perennial,7,KA
99.24,42.94,70.53,35.0,81.76,6.02,246.53,banana,Perennial,10,TN
75.84,72.26,58.97,28.76,73.51,7.32,137.91,banana,Perennial,3,MH
101.74,29.53,65.0,26.18,81.84,6.77,179.08,banana,Perennial,2,TN
131.43,31.53,69.74,22.06,71.06,6.34,182.97,banana,Perennial,10,KA
102.79,57.1,106.15,25.96,74.36,6.62,202.67,banana,Perennial,2,GJ
93.01,62.43,44.38,32.21,77.47,7.77,138.65,banana,Perennial,2,MH
74.42,36.76,40.62,25.21,85.59,6.9,211.55,banana,Perennial,10,TN
100.52,40.97,64.47,27.51,77.1,6.8,263.53,banana,Perennial,1,GJ
68.11,46.48,85.56,29.43,62.47,6.63,83.31,papaya,Perennial,12,AP
105.15,53.52,38.37,27.4,74.72,6.32,192.66,papaya,Perennial,10,KA
96.04,78.66,40.05,23.64,80.08,6.64,102.82,papaya,Perennial,7,GJ
90.72,58.59,71.27,21.77,64.96,6.75,196.03,papaya,Perennial,2,AP
95.25,51.37,54.01,21.52,84.63,6.94,110.26,papaya,Perennial,9,MH
80.08,41.39,52.37,24.01,66.47,6.54,160.55,papaya,Perennial,8,KA
64.15,58.98,61.8,27.37,65.25,6.59,120.01,papaya,Perennial,7,MH
66.8,37.03,53.24,26.88,71.63,6.43,128.5,papaya,Perennial,5,GJ
97.5,68.15,63.59,21.27,74.04,6.53,187.97,papaya,Perennial,6,MH
55.06,26.96,78.37,30.53,77.39,6.16,162.81,papaya,Perennial,6,MH
109.01,40.18,82.14,32.5,78.93,6.36,142.16,papaya,Perennial,8,GJ
91.47,44.23,81.63,31.03,63.25,6.34,213.54,papaya,Perennial,3,MH
113.79,58.97,49.75,25.45,66.48,6.34,126.56,papaya,Perennial,11,GJ
71.44,54.99,40.78,25.62,60.66,6.06,159.19,papaya,Perennial,4,AP
56.67,26.42,56.74,25.38,88.75,7.28,142.2,papaya,Perennial,1,TN
84.95,46.45,49.88,23.12,64.74,6.31,157.87,papaya,Perennial,8,MH
60.99,54.61,88.99,22.58,81.06,6.49,169.84,papaya,Perennial,9,KA
82.26,28.24,88.34,25.45,73.94,6.81,179.62,papaya,Perennial,10,GJ
89.76,39.04,43.18,25.65,78.54,6.36,192.6,papaya,Perennial,12,MH
92.37,43.19,61.48,29.97,74.99,6.55,112.99,papaya,Perennial,9,GJ
77.69,50.31,59.9,24.73,65.3,6.58,174.9,papaya,Perennial,7,KA
83.97,55.14,85.64,25.26,83.82,6.6,150.39,papaya,Perennial,12,AP
64.82,77.57,66.04,28.14,69.03,6.62,125.48,papaya,Perennial,11,MH
78.44,61.49,91.63,30.84,76.97,6.62,103.05,papaya,Perennial,3,GJ
95.44,60.19,86.82,25.86,84.21,6.2,201.71,papaya,Perennial,2,TN
46.62,28.42,51.56,24.21,87.64,7.3,165.58,papaya,Perennial,8,MH
86.45,56.85,78.28,24.43,66.13,6.92,169.82,papaya,Perennial,2,MH
70.37,20.37,83.58,27.94,70.02,6.82,113.44,papaya,Perennial,9,AP
75.5,33.54,64.68,21.98,81.95,6.79,193.78,papaya,Perennial,1,TN
67.43,46.49,46.59,26.93,83.33,6.66,154.46,papaya,Perennial,8,GJ
98.83,28.78,54.26,29.62,72.16,7.04,169.94,papaya,Perennial,8,GJ
103.09,41.91,82.13,30.44,83.98,6.11,157.88,papaya,Perennial,5,TN
75.2,64.78,44.64,25.16,78.85,7.2,164.77,papaya,Perennial,9,KA
99.72,61.96,80.2,30.59,76.62,6.2,99.84,papaya,Perennial,1,MH
88.12,36.11,82.96,28.53,73.75,6.05,186.68,papaya,Perennial,2,GJ
77.63,29.52,61.66,24.3,71.78,6.21,99.76,papaya,Perennial,4,GJ
101.81,48.84,66.45,27.75,79.27,6.85,178.15,papaya,Perennial,11,AP
65.29,33.03,51.12,29.74,57.34,6.07,116.66,papaya,Perennial,11,TN
73.47,30.96,69.18,28.39,64.93,6.76,109.98,papaya,Perennial,6,MH
113.29,31.05,38.26,31.58,77.91,6.61,173.08,papaya,Perennial,11,AP
99.1,27.7,70.75,26.22,79.62,6.58,160.62,papaya,Perennial,1,KA
63.95,48.74,62.83,26.14,69.12,6.35,176.37,papaya,Perennial,5,GJ
90.7,73.63,71.3,29.24,66.77,6.48,101.19,papaya,Perennial,5,AP
103.6,26.2,49.36,27.64,63.44,6.39,156.1,papaya,Perennial,3,KA
108.61,42.5,78.97,27.02,78.11,6.54,111.91,papaya,Perennial,6,MH
73.61,26.22,54.28,32.63,81.41,7.17,107.0,papaya,Perennial,10,AP
84.49,28.37,65.65,28.49,63.85,5.8,99.93,papaya,Perennial,2,TN
46.01,35.44,95.45,28.18,57.98,6.7,102.11,papaya,Perennial,1,TN
90.46,26.17,83.15,26.04,55.93,6.59,99.98,papaya,Perennial,1,AP
48.53,64.7,57.27,20.07,64.43,6.97,156.24,papaya,Perennial,12,TN
104.02,35.33,46.06,31.08,71.84,6.06,90.35,papaya,Perennial,8,KA
96.55,79.56,64.14,23.48,76.77,6.64,110.64,papaya,Perennial,9,AP
95.52,66.89,71.63,25.19,57.16,6.94,161.24,papaya,Perennial,1,MH
91.57,71.42,71.34,23.53,64.36,6.69,191.59,papaya,Perennial,10,GJ
66.0,66.93,71.99,27.7,71.66,6.21,171.6,papaya,Perennial,5,GJ
90.75,71.34,52.04,26.34,73.85,6.64,193.48,papaya,Perennial,5,AP
72.33,35.27,74.08,25.87,75.64,6.41,150.17,papaya,Perennial,11,AP
81.82,45.15,45.42,26.84,63.15,6.53,142.26,papaya,Perennial,2,KA
66.0,40.52,68.99,28.73,62.94,5.82,87.9,papaya,Perennial,10,KA
100.99,54.08,94.12,25.53,69.66,6.38,132.63,papaya,Perennial,4,AP
69.84,58.54,66.52,24.58,74.7,6.35,124.95,papaya,Perennial,9,TN
91.64,25.4,89.71,23.66,64.45,6.94,93.97,papaya,Perennial,5,MH
57.91,53.78,57.8,25.04,73.45,6.46,192.47,papaya,Perennial,11,MH
107.5,47.03,76.38,27.45,82.64,6.08,138.79,papaya,Perennial,12,KA
85.74,59.83,56.25,21.55,74.14,6.69,152.99,papaya,Perennial,12,TN
92.3,53.53,47.28,31.95,81.4,6.59,165.05,papaya,Perennial,9,KA
93.91,31.79,63.87,22.48,67.2,6.05,94.59,papaya,Perennial,3,AP
69.26,40.61,54.56,26.52,67.06,6.07,158.08,papaya,Perennial,6,AP
61.98,53.61,40.57,29.75,66.28,6.65,191.79,papaya,Perennial,10,MH
72.45,28.94,52.41,25.23,75.94,6.91,167.57,papaya,Perennial,1,AP
70.34,52.15,51.65,23.85,77.66,6.44,152.07,papaya,Perennial,11,AP
101.62,57.13,62.56,28.12,70.65,6.88,105.8,papaya,Perennial,9,TN
89.87,70.79,94.42,26.93,73.16,6.44,154.69,papaya,Perennial,2,AP
56.86,61.41,63.66,26.34,72.75,6.48,90.59,papaya,Perennial,10,MH
54.53,69.76,73.16,26.73,70.63,6.2,97.62,papaya,Perennial,11,GJ
60.71,32.41,62.16,21.89,62.52,6.28,111.57,papaya,Perennial,1,MH
87.96,42.27,81.84,26.77,66.88,6.82,214.69,papaya,Perennial,7,TN
67.59,70.78,79.15,26.41,76.07,6.47,179.23,papaya,Perennial,2,AP
47.64,34.69,58.82,27.78,75.15,6.3,136.07,papaya,Perennial,12,AP
81.95,50.28,75.04,23.53,84.64,7.08,195.3,papaya,Perennial,6,AP
62.23,73.07,68.4,25.95,82.37,7.07,81.38,papaya,Perennial,10,KA
104.83,71.12,81.98,26.23,64.13,6.16,100.77,papaya,Perennial,11,KA
67.27,63.03,82.53,26.07,63.89,6.74,140.34,papaya,Perennial,6,GJ
82.18,37.64,68.49,31.59,77.74,6.4,192.58,papaya,Perennial,10,KA
108.22,24.93,77.92,23.58,74.14,6.79,136.06,papaya,Perennial,4,KA
107.99,32.88,68.19,28.37,67.9,6.51,147.59,papaya,Perennial,5,TN
61.16,40.38,86.6,30.08,72.11,6.47,92.16,papaya,Perennial,5,MH
75.79,49.16,71.93,33.01,81.41,6.3,97.04,papaya,Perennial,6,MH
85.5,42.08,57.14,29.61,64.66,6.39,108.04,papaya,Perennial,7,GJ
50.76,37.74,94.79,28.66,82.74,6.19,144.12,papaya,Perennial,3,TN
99.23,41.6,61.58,27.72,77.07,6.62,143.1,papaya,Perennial,4,AP
45.7,51.84,66.87,30.53,83.15,6.66,123.04,papaya,Perennial,2,GJ
74.05,48.5,53.87,27.58,56.56,7.28,91.0,papaya,Perennial,2,MH
53.33,73.32,51.09,22.98,84.21,6.56,105.39,papaya,Perennial,12,MH
46.34,45.85,50.99,30.56,77.48,6.66,134.07,papaya,Perennial,2,MH
110.46,72.7,67.57,24.95,63.55,6.62,114.97,papaya,Perennial,1,AP
86.26,49.24,44.53,28.39,77.01,5.89,91.13,papaya,Perennial,11,MH
93.59,32.08,51.78,25.98,77.74,6.59,173.28,papaya,Perennial,11,TN
50.7,70.18,45.72,26.45,64.22,6.24,215.0,papaya,Perennial,2,GJ
77.51,58.3,70.48,31.79,62.1,5.95,115.86,papaya,Perennial,8,KA
56.28,67.62,64.96,28.15,83.53,6.3,116.22,papaya,Perennial,3,KA
63.25,60.7,70.09,23.13,77.71,6.43,108.77,papaya,Perennial,3,MH
85.41,62.89,70.3,29.16,74.1,6.68,171.2,papaya,Perennial,12,KA
57.8,59.2,53.74,28.97,62.92,6.74,140.71,papaya,Perennial,7,KA
102.78,73.54,37.52,23.17,76.94,6.17,152.74,papaya,Perennial,8,MH
85.69,25.98,66.76,30.47,66.33,6.47,108.48,papaya,Perennial,1,MH
56.02,28.67,93.79,26.88,81.89,6.33,128.34,papaya,Perennial,6,KA
99.45,50.9,75.92,26.52,73.95,6.91,170.51,papaya,Perennial,4,KA
93.3,43.35,45.13,27.0,63.66,6.63,130.52,papaya,Perennial,4,AP
52.78,43.87,66.28,34.13,62.72,6.15,177.36,papaya,Perennial,12,AP
69.18,36.68,71.84,32.44,66.03,5.9,131.93,papaya,Perennial,10,MH
85.23,70.98,60.32,24.98,69.61,6.78,82.56,papaya,Perennial,2,AP
85.84,48.5,48.15,31.62,81.6,6.35,193.25,papaya,Perennial,12,KA
62.75,58.58,30.74,23.15,55.72,7.1,145.25,papaya,Perennial,4,GJ
86.41,66.9,45.56,24.55,65.16,6.21,195.07,papaya,Perennial,1,MH
106.21,34.02,82.99,25.35,85.21,6.75,115.56,papaya,Perennial,6,MH
83.42,30.13,60.82,31.27,68.62,7.27,141.39,papaya,Perennial,5,MH
58.88,63.26,48.26,22.65,89.21,6.41,144.2,papaya,Perennial,4,AP
105.04,75.73,55.1,28.58,64.07,6.7,100.33,papaya,Perennial,8,KA
103.24,66.36,83.02,24.24,70.43,6.99,80.32,papaya,Perennial,1,KA
62.85,39.86,49.27,25.74,75.38,6.85,96.15,papaya,Perennial,2,KA
65.34,34.02,49.49,29.91,66.3,6.76,165.98,papaya,Perennial,1,MH
100.08,50.84,78.97,32.32,78.66,6.0,194.21,papaya,Perennial,8,AP
74.65,49.09,34.36,29.96,74.41,6.47,130.6,papaya,Perennial,1,GJ
51.97,67.79,40.85,33.2,81.25,6.51,149.5,papaya,Perennial,7,KA
95.41,29.79,74.59,32.77,74.67,6.16,135.85,papaya,Perennial,6,AP
99.12,65.67,65.52,25.5,79.83,6.93,194.59,papaya,Perennial,12,KA
51.32,77.54,89.85,22.1,62.3,6.29,167.14,papaya,Perennial,11,MH
61.32,53.58,75.09,27.06,65.52,6.2,115.49,papaya,Perennial,10,AP
105.99,48.11,50.81,29.58,71.78,6.36,121.39,papaya,Perennial,11,AP
109.85,62.46,65.73,28.98,72.79,7.18,113.05,papaya,Perennial,10,TN
90.59,68.82,87.75,22.59,74.36,6.65,152.12,papaya,Perennial,5,KA
83.37,56.09,50.47,26.2,84.99,7.08,150.57,papaya,Perennial,2,AP
93.36,26.29,62.79,27.04,75.3,6.64,141.01,papaya,Perennial,12,MH
51.91,54.53,63.13,27.99,66.92,6.36,185.9,papaya,Perennial,1,TN
102.49,67.48,63.32,23.8,75.43,6.76,79.05,papaya,Perennial,2,KA
56.94,54.78,85.94,22.95,72.51,6.66,90.44,papaya,Perennial,11,MH
61.64,38.61,53.2,28.29,77.02,6.56,127.73,papaya,Perennial,3,AP
46.98,43.7,69.95,28.61,69.14,6.5,125.55,papaya,Perennial,5,KA
108.09,44.73,60.59,32.31,79.59,5.82,153.88,papaya,Perennial,2,TN
42.91,27.1,81.91,26.21,69.18,7.0,172.58,papaya,Perennial,7,AP
59.87,73.45,51.74,30.36,89.03,7.29,132.21,papaya,Perennial,4,AP
62.73,24.08,70.61,25.01,67.65,6.77,115.76,papaya,Perennial,2,TN
83.45,72.52,82.13,29.93,81.42,6.42,163.29,papaya,Perennial,1,KA
86.04,48.56,94.24,27.32,64.28,6.63,111.52,papaya,Perennial,5,GJ
60.34,63.83,59.22,27.7,62.92,6.27,89.96,papaya,Perennial,4,MH
69.83,75.79,63.06,23.35,62.49,6.95,102.47,papaya,Perennial,10,AP
94.17,52.61,80.96,31.49,80.15,5.97,96.61,papaya,Perennial,7,TN
61.34,69.12,82.22,24.29,78.57,6.64,152.96,papaya,Perennial,2,MH
54.37,49.09,76.43,25.21,60.22,6.16,158.25,papaya,Perennial,1,TN
100.76,72.48,70.11,33.18,69.11,6.6,190.72,papaya,Perennial,9,AP
109.66,64.73,56.12,29.94,80.09,5.94,148.5,papaya,Perennial,2,AP
84.04,35.89,86.38,27.65,65.43,6.41,138.69,papaya,Perennial,7,AP
61.11,49.54,49.65,26.14,84.5,6.64,134.24,papaya,Perennial,9,GJ
88.74,27.12,70.2,27.21,69.11,6.52,100.62,papaya,Perennial,8,GJ
98.4,62.62,95.71,24.39,78.45,6.7,200.76,papaya,Perennial,11,KA
47.27,31.74,54.36,27.25,60.39,6.8,124.76,papaya,Perennial,4,AP
98.0,59.77,80.84,25.38,76.08,7.05,181.7,papaya,Perennial,8,MH
63.4,39.03,48.01,24.68,76.44,6.64,155.25,papaya,Perennial,11,KA
103.8,66.65,80.44,25.2,82.42,6.5,86.99,papaya,Perennial,2,KA
58.49,67.56,69.08,32.08,78.59,6.69,110.54,papaya,Perennial,12,KA
82.54,73.72,41.14,32.29,63.87,6.3,191.07,papaya,Perennial,4,GJ
101.07,28.48,68.69,32.61,64.28,6.34,129.21,papaya,Perennial,6,MH
63.0,58.76,76.35,21.62,65.24,7.07,113.28,papaya,Perennial,6,MH
73.01,46.25,90.63,33.45,78.86,7.16,153.34,papaya,Perennial,12,MH
75.27,60.89,61.5,30.14,67.26,6.76,100.66,papaya,Perennial,10,KA
108.52,57.89,51.97,24.38,60.49,6.93,152.24,papaya,Perennial,11,AP
89.23,26.47,78.01,26.1,76.45,6.27,119.72,papaya,Perennial,12,TN
99.7,59.31,51.35,32.07,66.91,6.64,173.6,papaya,Perennial,2,GJ
68.59,58.01,63.41,27.65,82.12,6.77,97.17,papaya,Perennial,2,AP
112.79,40.75,57.37,29.2,84.86,6.3,183.9,papaya,Perennial,6,KA
88.89,44.6,44.13,31.88,84.44,6.61,107.63,papaya,Perennial,6,KA
54.23,42.85,65.6,25.12,84.08,6.84,164.58,papaya,Perennial,12,TN
103.59,64.47,60.34,30.77,88.06,6.99,190.69,papaya,Perennial,9,AP
66.69,61.11,69.35,24.63,75.53,6.98,189.02,papaya,Perennial,5,MH
65.18,60.83,75.94,19.2,65.11,6.69,175.86,papaya,Perennial,9,GJ
86.96,46.96,84.22,31.59,81.11,6.3,79.75,papaya,Perennial,9,TN
91.92,47.7,53.88,26.9,67.29,6.8,141.24,papaya,Perennial,4,MH
71.62,35.83,67.01,27.31,66.8,6.42,138.39,papaya,Perennial,10,KA
73.05,60.76,73.29,31.09,64.28,6.42,188.6,papaya,Perennial,8,TN
111.43,50.8,59.95,24.74,73.97,6.42,157.01,papaya,Perennial,10,MH
78.37,31.85,64.32,32.74,75.63,6.41,176.1,papaya,Perennial,9,AP
85.79,44.57,55.04,24.39,70.7,6.62,169.13,papaya,Perennial,9,KA
56.07,30.08,50.28,31.3,60.48,6.09,182.72,papaya,Perennial,3,TN
107.52,45.92,87.9,28.42,81.52,6.78,99.0,papaya,Perennial,1,AP
109.22,41.07,76.23,24.25,80.48,5.89,153.26,papaya,Perennial,6,GJ
99.25,49.87,58.82,30.68,74.76,6.83,183.68,papaya,Perennial,6,KA
88.3,51.76,56.29,26.25,87.65,6.04,104.34,papaya,Perennial,10,MH
93.32,38.41,50.91,32.48,74.97,6.52,179.46,papaya,Perennial,4,TN
107.77,55.36,57.41,28.6,66.22,6.05,97.62,papaya,Perennial,12,TN
107.5,64.41,81.5,21.61,78.58,7.13,142.01,papaya,Perennial,9,TN
83.55,69.91,70.23,28.4,78.68,6.47,146.97,papaya,Perennial,7,KA
116.57,71.59,51.49,27.49,68.42,6.63,186.69,papaya,Perennial,3,TN
65.1,29.39,50.75,26.79,88.72,6.47,204.58,papaya,Perennial,2,KA
46.64,60.86,58.66,28.46,78.94,6.64,166.01,papaya,Perennial,10,MH
53.4,73.99,41.67,27.87,67.16,6.81,115.32,papaya,Perennial,7,KA
76.34,36.77,47.03,25.89,85.35,6.23,86.41,papaya,Perennial,2,KA
98.07,59.89,61.86,25.35,66.9,6.58,151.46,papaya,Perennial,11,KA
59.71,61.61,79.48,30.09,75.68,7.0,174.37,papaya,Perennial,11,KA
115.57,35.18,83.35,28.15,78.66,6.12,98.11,papaya,Perennial,1,TN
71.39,67.32,68.07,20.33,68.4,6.77,64.31,pomegranate,Perennial,11,GJ
95.31,46.94,75.34,22.04,68.31,6.71,69.78,pomegranate,Perennial,4,AP
71.69,53.28,46.66,20.31,71.81,6.35,76.0,pomegranate,Perennial,2,AP
47.39,32.5,62.24,30.79,62.53,7.44,79.16,pomegranate,Perennial,10,KA
90.18,59.16,38.63,29.42,55.1,6.49,75.26,pomegranate,Perennial,10,KA
67.44,19.96,32.66,24.25,72.05,7.25,67.19,pomegranate,Perennial,3,AP
80.8,69.75,61.17,29.61,64.07,6.73,107.76,pomegranate,Perennial,6,GJ
42.01,29.33,44.18,34.84,62.25,6.98,120.38,pomegranate,Perennial,6,GJ
76.19,28.25,35.73,24.75,73.73,6.83,126.07,pomegranate,Perennial,11,KA
82.74,38.48,41.53,37.51,49.4,6.84,99.48,pomegranate,Perennial,9,MH
68.58,20.42,79.23,28.99,66.35,6.62,97.32,pomegranate,Perennial,7,GJ
60.27,52.63,37.03,22.11,62.01,7.61,96.66,pomegranate,Perennial,11,MH
66.98,62.66,61.81,32.64,64.46,7.2,99.32,pomegranate,Perennial,4,AP
73.87,45.76,31.68,27.89,59.67,6.61,90.43,pomegranate,Perennial,4,KA
80.47,38.98,53.55,31.05,73.49,7.09,61.86,pomegranate,Perennial,10,RJ
87.36,30.69,41.89,25.29,54.16,7.25,87.38,pomegranate,Perennial,4,MH
74.76,51.8,71.04,27.52,68.17,6.81,53.93,pomegranate,Perennial,7,MH
92.58,50.27,55.34,20.54,69.09,6.96,76.26,pomegranate,Perennial,5,MH
74.99,52.54,54.69,29.73,72.81,6.54,97.73,pomegranate,Perennial,9,KA
67.58,45.98,36.24,24.99,50.76,7.04,107.3,pomegranate,Perennial,9,KA
53.94,29.07,50.56,21.46,68.43,7.34,86.79,pomegranate,Perennial,6,RJ
40.86,40.61,58.89,27.97,51.61,6.39,69.47,pomegranate,Perennial,7,RJ
93.66,45.48,34.74,30.75,68.06,6.84,79.34,pomegranate,Perennial,10,AP
94.01,66.39,51.36,31.37,61.88,6.57,92.95,pomegranate,Perennial,2,RJ
72.34,51.37,52.58,23.25,68.28,6.83,106.49,pomegranate,Perennial,9,GJ
101.52,47.26,39.68,28.74,69.38,6.83,66.46,pomegranate,Perennial,10,GJ
60.5,29.99,71.61,30.76,56.73,6.92,106.14,pomegranate,Perennial,11,MH
43.53,27.9,76.77,35.49,65.52,7.17,71.36,pomegranate,Perennial,8,KA
76.4,45.3,69.62,27.89,46.99,7.42,106.95,pomegranate,Perennial,5,RJ
84.53,16.77,57.95,24.55,64.75,7.19,70.27,pomegranate,Perennial,8,GJ
97.61,53.67,46.24,25.76,70.07,6.97,52.02,pomegranate,Perennial,11,KA
93.16,22.87,76.93,30.38,55.48,7.02,80.75,pomegranate,Perennial,4,RJ
86.32,42.35,78.23,26.59,52.15,6.87,92.47,pomegranate,Perennial,7,AP
46.81,23.62,65.66,32.35,66.74,7.11,61.84,pomegranate,Perennial,7,GJ
54.24,64.19,79.49,23.27,65.12,6.45,104.72,pomegranate,Perennial,12,RJ
39.41,32.66,33.92,33.89,57.32,6.82,66.21,pomegranate,Perennial,11,KA
39.77,35.82,47.36,24.1,54.64,7.19,55.25,pomegranate,Perennial,12,MH
81.6,50.61,69.58,30.74,69.16,6.94,102.29,pomegranate,Perennial,5,RJ
53.64,49.77,44.47,32.84,55.19,7.3,76.5,pomegranate,Perennial,2,RJ
55.85,25.05,73.31,20.92,47.71,7.33,92.72,pomegranate,Perennial,9,AP
67.43,47.95,80.34,31.06,59.51,6.41,88.84,pomegranate,Perennial,11,GJ
51.35,62.99,63.16,33.46,59.95,6.42,57.51,pomegranate,Perennial,12,KA
67.19,32.92,81.96,34.28,61.45,6.86,93.4,pomegranate,Perennial,8,MH
48.56,29.64,55.36,26.16,50.73,7.23,111.67,pomegranate,Perennial,4,AP
72.72,59.06,39.58,26.63,48.64,6.88,97.43,pomegranate,Perennial,6,GJ
81.01,46.57,41.82,28.82,65.19,7.33,129.5,pomegranate,Perennial,3,RJ
75.63,35.76,70.37,25.46,56.41,6.88,90.84,pomegranate,Perennial,4,AP
68.83,46.42,78.42,29.76,70.83,6.67,50.81,pomegranate,Perennial,3,AP
39.08,41.17,48.2,18.88,57.58,7.53,75.61,pomegranate,Perennial,12,MH
95.77,42.19,49.07,26.84,67.13,7.27,113.31,pomegranate,Perennial,9,MH
31.54,27.14,44.34,36.56,56.87,6.86,111.48,pomegranate,Perennial,10,RJ
53.29,50.85,69.77,32.35,69.21,6.86,92.85,pomegranate,Perennial,8,MH
55.44,30.79,67.85,25.42,47.21,6.83,109.9,pomegranate,Perennial,4,KA
63.1,62.1,63.1,29.15,59.63,6.72,84.23,pomegranate,Perennial,1,AP
87.23,40.75,51.66,24.75,72.95,6.99,82.5,pomegranate,Perennial,7,KA
67.0,30.35,75.54,34.52,48.91,7.35,80.03,pomegranate,Perennial,11,MH
74.55,49.83,51.59,19.24,54.49,6.99,54.43,pomegranate,Perennial,12,KA
53.87,44.21,45.46,23.43,46.24,7.46,42.11,pomegranate,Perennial,4,AP
68.16,46.86,45.68,30.04,62.26,6.43,111.96,pomegranate,Perennial,11,MH
91.17,46.19,34.97,30.86,75.75,6.69,96.24,pomegranate,Perennial,4,MH
102.1,40.86,75.84,26.1,48.23,6.94,87.76,pomegranate,Perennial,3,MH
43.32,31.4,52.07,29.99,52.78,7.27,126.06,pomegranate,Perennial,11,RJ
94.45,32.75,46.57,34.18,55.08,7.25,98.87,pomegranate,Perennial,12,AP
87.06,33.07,74.61,27.95,61.2,7.06,88.29,pomegranate,Perennial,7,KA
104.37,55.39,37.03,25.58,53.47,6.83,71.09,pomegranate,Perennial,11,GJ
58.62,27.88,78.14,28.79,54.68,7.15,80.65,pomegranate,Perennial,2,GJ
100.2,36.78,33.93,34.51,46.37,6.84,83.46,pomegranate,Perennial,3,GJ
46.89,20.79,56.16,27.61,50.76,6.96,78.37,pomegranate,Perennial,7,RJ
65.66,28.91,44.53,33.41,64.9,6.82,100.48,pomegranate,Perennial,1,MH
86.3,71.13,72.54,22.83,64.67,6.62,57.66,pomegranate,Perennial,3,AP
54.11,43.08,77.43,31.64,68.89,7.19,91.4,pomegranate,Perennial,10,AP
46.42,35.48,73.39,30.45,45.92,7.26,108.35,pomegranate,Perennial,10,MH
96.26,51.5,38.45,35.34,43.5,7.25,56.55,pomegranate,Perennial,2,GJ
93.77,56.09,57.58,33.6,58.18,7.57,92.72,pomegranate,Perennial,4,KA
67.05,51.19,68.29,21.43,58.42,6.54,57.02,pomegranate,Perennial,6,AP
67.76,38.61,36.42,21.26,75.43,7.23,41.67,pomegranate,Perennial,4,MH
63.29,55.85,75.44,29.85,57.47,7.24,60.29,pomegranate,Perennial,3,GJ
101.51,45.55,23.48,23.89,48.91,7.14,99.45,pomegranate,Perennial,2,RJ
96.4,46.25,43.28,36.08,48.24,7.11,55.69,pomegranate,Perennial,4,RJ
42.63,23.83,67.89,32.88,66.75,6.92,106.07,pomegranate,Perennial,2,GJ
39.05,29.25,82.49,20.16,65.67,7.19,66.03,pomegranate,Perennial,6,GJ
79.65,22.97,57.67,22.08,70.17,6.68,79.01,pomegranate,Perennial,10,GJ
81.9,38.32,52.52,31.61,52.93,6.92,99.37,pomegranate,Perennial,5,MH
84.81,62.74,45.71,20.72,69.59,6.49,103.94,pomegranate,Perennial,4,KA
52.22,41.72,83.73,33.76,52.48,6.8,82.46,pomegranate,Perennial,3,KA
62.89,60.71,81.82,23.2,52.37,7.29,94.52,pomegranate,Perennial,12,KA
53.96,31.05,31.23,25.4,48.6,7.11,69.3,pomegranate,Perennial,11,MH
40.83,19.38,38.5,28.09,58.68,7.42,77.05,pomegranate,Perennial,3,RJ
77.35,37.85,60.29,20.01,62.64,6.37,51.47,pomegranate,Perennial,2,MH
64.45,66.67,44.32,22.77,52.39,6.2,64.65,pomegranate,Perennial,12,MH
85.45,37.05,72.63,27.1,51.73,6.84,89.72,pomegranate,Perennial,7,MH
67.2,61.84,45.87,35.18,50.26,7.32,135.0,pomegranate,Perennial,9,GJ
92.41,20.91,61.99,29.85,52.25,6.37,104.63,pomegranate,Perennial,1,GJ
80.42,44.23,33.38,23.41,59.84,7.68,63.02,pomegranate,Perennial,9,RJ
103.64,64.12,63.88,27.26,44.26,6.5,109.13,pomegranate,Perennial,8,AP
51.19,27.94,71.07,35.41,69.15,6.66,44.6,pomegranate,Perennial,10,KA
87.77,46.28,60.36,33.3,47.13,7.14,53.02,pomegranate,Perennial,1,RJ
73.26,30.79,33.66,26.5,65.21,7.49,111.97,pomegranate,Perennial,1,RJ
107.17,65.68,65.56,21.32,51.33,6.69,96.29,pomegranate,Perennial,11,AP
36.39,61.7,44.32,26.15,51.45,7.38,53.43,pomegranate,Perennial,11,GJ
65.62,35.36,59.49,27.71,76.83,6.81,62.87,pomegranate,Perennial,6,AP
89.63,51.44,60.3,26.13,50.31,6.52,80.1,pomegranate,Perennial,7,AP
46.41,56.17,64.96,37.5,60.44,6.67,98.9,pomegranate,Perennial,9,RJ
80.91,33.21,37.7,31.57,69.85,7.23,61.57,pomegranate,Perennial,10,RJ
54.13,28.98,43.71,20.65,50.09,7.54,53.78,pomegranate,Perennial,6,MH
76.13,25.5,63.28,27.57,51.61,6.39,64.54,pomegranate,Perennial,5,KA
87.46,34.48,40.96,29.59,73.92,7.36,48.87,pomegranate,Perennial,2,RJ
74.12,49.85,70.24,33.68,55.29,6.63,83.68,pomegranate,Perennial,7,RJ
67.43,52.56,58.78,31.5,58.85,6.95,81.84,pomegranate,Perennial,11,AP
56.58,57.67,78.24,31.87,50.76,7.21,89.41,pomegranate,Perennial,1,RJ
71.66,62.88,29.92,34.75,63.52,6.99,124.62,pomegranate,Perennial,4,GJ
57.31,49.5,43.95,30.23,74.8,6.97,119.69,pomegranate,Perennial,5,RJ
98.76,53.17,51.18,22.56,73.18,6.46,123.01,pomegranate,Perennial,6,MH
67.35,24.98,52.83,25.16,45.11,6.98,76.84,pomegranate,Perennial,1,AP
76.34,46.34,65.24,23.83,74.01,6.35,46.52,pomegranate,Perennial,11,RJ
98.96,33.99,70.54,30.03,69.45,7.36,71.9,pomegranate,Perennial,9,RJ
84.15,30.38,44.91,26.36,55.58,6.88,67.02,pomegranate,Perennial,9,RJ
70.78,36.4,55.01,21.85,63.49,7.41,97.95,pomegranate,Perennial,4,AP
44.16,21.34,72.05,20.2,68.68,7.8,116.12,pomegranate,Perennial,1,RJ
54.83,46.7,61.22,34.88,75.76,6.42,65.61,pomegranate,Perennial,8,RJ
94.65,60.94,41.59,26.23,61.07,7.52,120.44,pomegranate,Perennial,8,AP
71.33,25.41,70.34,30.47,48.1,6.2,69.2,pomegranate,Perennial,7,AP
39.88,17.68,74.41,21.64,66.34,7.15,104.89,pomegranate,Perennial,10,KA
83.46,16.32,74.05,31.4,63.82,6.7,117.13,pomegranate,Perennial,12,GJ
34.81,56.02,60.17,26.04,46.77,7.02,115.92,pomegranate,Perennial,3,MH
88.22,33.22,77.61,26.96,58.39,7.15,98.55,pomegranate,Perennial,2,GJ
63.59,51.13,37.8,32.02,70.29,7.27,72.15,pomegranate,Perennial,11,KA
61.98,56.26,48.66,36.17,68.04,7.61,64.61,pomegranate,Perennial,7,AP
66.19,53.23,72.33,30.58,67.17,7.49,66.92,pomegranate,Perennial,10,GJ
64.72,56.63,69.84,31.84,54.0,7.38,74.27,pomegranate,Perennial,7,GJ
75.61,46.11,50.33,21.06,59.84,6.95,82.62,pomegranate,Perennial,5,MH
73.84,64.44,32.04,24.22,64.26,6.59,57.13,pomegranate,Perennial,9,AP
46.28,66.2,60.27,23.06,73.47,7.62,105.49,pomegranate,Perennial,7,KA
86.22,59.78,53.76,34.45,42.03,6.75,97.68,pomegranate,Perennial,8,GJ
69.81,49.67,46.13,28.35,52.84,7.3,71.88,pomegranate,Perennial,6,AP
45.26,47.46,68.95,28.58,60.13,6.71,107.32,pomegranate,Perennial,1,AP
39.57,58.12,37.17,25.59,74.82,7.48,72.14,pomegranate,Perennial,9,KA
48.17,46.22,78.94,33.79,50.01,7.56,75.41,pomegranate,Perennial,7,GJ
73.24,61.9,46.55,34.45,69.24,6.76,56.95,pomegranate,Perennial,10,GJ
80.11,25.08,38.75,28.52,57.18,6.99,76.74,pomegranate,Perennial,8,MH
88.64,31.19,46.52,18.51,56.27,7.14,104.86,pomegranate,Perennial,12,MH
41.31,70.82,59.05,22.99,57.68,7.34,83.71,pomegranate,Perennial,2,KA
97.76,31.48,58.66,32.56,49.25,6.86,70.68,pomegranate,Perennial,7,MH
89.73,57.17,37.0,27.0,61.38,7.19,96.14,pomegranate,Perennial,11,GJ
55.9,18.2,42.14,26.26,64.13,6.62,109.48,pomegranate,Perennial,12,KA
74.67,24.68,41.27,20.55,53.38,6.87,104.37,pomegranate,Perennial,10,GJ
73.77,54.1,40.16,27.0,43.8,7.35,116.79,pomegranate,Perennial,3,GJ
76.3,48.7,65.65,25.63,52.77,7.14,106.61,pomegranate,Perennial,3,AP
64.68,30.69,69.66,32.04,49.69,7.15,67.1,pomegranate,Perennial,4,MH
52.95,25.36,38.28,21.56,58.5,7.22,73.96,pomegranate,Perennial,12,GJ
91.11,28.06,65.18,22.69,52.97,7.24,108.53,pomegranate,Perennial,10,AP
80.17,45.03,45.84,22.84,63.95,6.43,116.37,pomegranate,Perennial,9,RJ
40.52,51.95,38.75,26.25,70.04,6.7,123.14,pomegranate,Perennial,9,KA
55.92,47.88,50.79,26.41,71.52,7.71,54.02,pomegranate,Perennial,5,MH
91.56,40.75,45.96,26.57,54.47,7.07,111.42,pomegranate,Perennial,11,AP
79.23,41.49,77.64,17.81,66.42,6.66,57.26,pomegranate,Perennial,10,MH
72.69,71.77,61.78,20.34,50.82,7.1,94.11,pomegranate,Perennial,10,AP
97.71,43.39,78.49,28.15,48.09,7.35,110.17,pomegranate,Perennial,3,GJ
55.35,43.71,60.25,32.37,56.24,7.32,119.67,pomegranate,Perennial,11,GJ
30.23,57.89,36.21,24.97,52.59,6.73,111.32,pomegranate,Perennial,6,MH
99.21,25.0,58.34,24.95,53.58,7.23,113.65,pomegranate,Perennial,5,AP
71.13,50.76,31.3,35.11,69.11,7.13,75.3,pomegranate,Perennial,11,GJ
42.54,49.97,64.6,24.66,49.82,6.99,54.86,pomegranate,Perennial,6,GJ
77.11,51.82,76.25,28.16,62.84,7.52,76.65,pomegranate,Perennial,4,MH
67.48,62.6,56.99,23.0,52.11,7.01,71.74,pomegranate,Perennial,7,MH
53.39,40.73,86.68,36.0,69.72,6.59,101.94,pomegranate,Perennial,1,KA
71.96,46.75,79.02,23.63,61.73,7.03,95.55,pomegranate,Perennial,8,AP
79.38,52.46,38.38,26.69,59.94,7.1,103.48,pomegranate,Perennial,5,KA
54.87,19.32,49.94,22.47,67.19,7.62,66.86,pomegranate,Perennial,9,RJ
82.94,32.71,75.48,27.84,55.93,6.72,66.64,pomegranate,Perennial,10,GJ
47.9,61.33,37.93,20.68,54.23,6.94,84.4,pomegranate,Perennial,3,AP
77.41,54.56,55.64,26.62,47.9,6.49,73.77,pomegranate,Perennial,6,KA
41.74,47.91,33.63,27.22,61.84,6.7,105.25,pomegranate,Perennial,3,RJ
76.63,24.65,74.53,27.4,53.87,6.7,91.18,pomegranate,Perennial,7,MH
73.5,46.05,28.81,21.29,70.26,6.89,73.14,pomegranate,Perennial,1,RJ
79.22,36.66,69.3,30.79,53.02,7.15,94.11,pomegranate,Perennial,6,AP
43.15,22.72,74.47,21.92,68.93,7.37,69.78,pomegranate,Perennial,4,AP
55.57,35.6,29.7,19.9,65.9,7.1,82.97,pomegranate,Perennial,2,RJ
55.63,20.69,66.67,27.75,69.29,7.25,120.17,pomegranate,Perennial,6,KA
78.03,43.08,62.61,28.81,72.5,6.75,120.1,pomegranate,Perennial,1,MH
90.82,48.14,57.33,37.5,65.17,6.41,120.71,pomegranate,Perennial,4,GJ
68.85,48.99,70.51,32.42,70.45,7.22,105.08,pomegranate,Perennial,1,GJ
100.35,53.24,52.46,27.78,54.74,6.73,96.05,pomegranate,Perennial,8,GJ
66.26,44.1,74.72,25.34,67.71,6.59,79.86,pomegranate,Perennial,3,GJ
66.49,54.51,65.3,27.02,49.54,6.93,89.73,pomegranate,Perennial,2,MH
72.84,23.65,31.08,20.69,67.77,6.34,84.38,pomegranate,Perennial,12,AP
88.95,47.65,44.74,18.52,46.79,7.01,81.59,pomegranate,Perennial,8,GJ
68.29,58.94,68.08,21.44,71.5,7.8,78.63,pomegranate,Perennial,6,AP
100.38,20.8,54.57,29.32,43.32,6.64,93.15,pomegranate,Perennial,7,MH
74.35,64.29,31.26,34.57,51.76,7.52,55.16,pomegranate,Perennial,11,GJ
55.26,57.08,75.35,27.44,60.96,7.5,64.94,pomegranate,Perennial,11,RJ
103.24,33.37,70.85,32.0,60.73,7.08,70.48,pomegranate,Perennial,8,AP
69.97,18.99,44.2,28.81,62.89,6.99,95.58,pomegranate,Perennial,5,MH
85.19,36.34,53.21,28.35,72.45,7.37,109.89,pomegranate,Perennial,1,MH
55.76,63.56,59.29,22.18,75.61,7.35,93.75,pomegranate,Perennial,8,KA
80.41,38.86,74.29,25.77,60.85,7.33,55.89,pomegranate,Perennial,5,KA
88.04,52.65,64.38,27.84,66.47,7.6,83.62,pomegranate,Perennial,6,AP
79.53,26.74,64.98,32.31,70.03,6.24,90.33,pomegranate,Perennial,12,GJ
87.05,35.85,36.54,22.92,49.69,7.15,51.23,pomegranate,Perennial,2,KA
63.07,56.34,37.08,30.43,53.93,7.02,97.48,pomegranate,Perennial,6,AP
93.02,47.73,49.28,18.5,68.13,7.18,102.0,orange,Perennial,6,KA
41.61,37.39,67.91,18.8,78.41,6.32,76.5,orange,Perennial,9,AP
66.66,22.77,62.91,25.67,73.84,6.4,95.39,orange,Perennial,12,TN
78.95,46.81,32.24,21.64,69.12,6.64,89.24,orange,Perennial,7,MH
72.33,28.4,48.9,18.19,68.27,6.68,108.28,orange,Perennial,8,TN
72.63,39.8,42.9,28.57,63.56,6.05,74.06,orange,Perennial,3,NE
83.62,32.1,33.54,15.41,71.63,6.19,129.49,orange,Perennial,4,AP
51.9,19.18,31.78,17.57,76.36,6.58,123.41,orange,Perennial,10,KA
98.95,66.82,24.34,31.88,62.27,7.04,135.83,orange,Perennial,8,NE
94.6,36.41,31.48,18.23,81.25,7.1,145.49,orange,Perennial,10,KA
83.82,38.67,25.46,24.46,86.38,6.32,137.98,orange,Perennial,10,MH
65.27,47.75,67.29,15.29,85.18,6.68,87.14,orange,Perennial,3,MH
78.12,46.87,73.16,21.02,87.89,6.17,149.79,orange,Perennial,8,NE
94.23,44.42,46.14,21.53,67.17,6.73,143.83,orange,Perennial,12,AP
71.93,53.14,69.45,13.72,59.64,6.19,80.47,orange,Perennial,3,MH
76.0,21.67,69.09,15.83,61.13,7.01,111.24,orange,Perennial,8,NE
81.62,56.06,47.01,21.69,58.11,5.7,99.9,orange,Perennial,2,KA
66.07,33.66,42.29,15.98,81.44,7.0,94.64,orange,Perennial,12,NE
36.0,27.06,41.73,15.57,65.82,6.81,117.25,orange,Perennial,1,NE
61.02,34.51,75.41,13.87,60.02,7.0,120.75,orange,Perennial,12,NE
97.71,32.55,77.97,30.48,76.29,6.58,147.37,orange,Perennial,3,KA
65.38,22.87,45.13,33.0,74.5,6.4,97.26,orange,Perennial,11,AP
95.5,29.02,33.42,13.73,56.69,6.5,99.51,orange,Perennial,8,AP
69.86,16.7,68.93,13.54,61.12,6.43,122.16,orange,Perennial,6,AP
47.41,36.99,30.59,25.08,74.63,6.89,97.97,orange,Perennial,12,KA
50.99,44.38,35.46,26.31,79.88,6.88,157.72,orange,Perennial,4,NE
73.75,49.06,50.55,26.68,63.94,6.71,158.56,orange,Perennial,2,NE
88.73,50.83,44.14,29.44,79.2,6.8,124.71,orange,Perennial,12,MH
34.29,16.4,22.21,27.75,63.49,7.18,113.24,orange,Perennial,3,AP
90.43,53.49,56.82,25.13,63.96,6.47,107.07,orange,Perennial,5,TN
49.87,45.4,38.79,17.67,72.35,6.74,132.33,orange,Perennial,5,NE
71.36,19.69,45.67,24.71,58.0,6.81,117.05,orange,Perennial,1,MH
90.51,46.1,47.14,20.17,72.0,6.27,90.57,orange,Perennial,11,AP
83.83,30.31,77.78,14.89,72.46,6.57,116.53,orange,Perennial,7,AP
82.73,49.51,44.94,19.88,84.62,7.03,129.76,orange,Perennial,3,AP
42.66,21.86,74.2,23.89,66.56,5.99,90.73,orange,Perennial,7,TN
50.11,54.79,40.28,16.84,66.27,6.44,110.23,orange,Perennial,9,TN
80.62,56.77,40.94,28.17,64.14,7.17,148.08,orange,Perennial,5,NE
79.07,25.56,58.07,15.87,77.2,7.08,145.41,orange,Perennial,5,KA
75.9,46.34,66.77,19.11,82.17,6.44,94.14,orange,Perennial,11,NE
61.8,53.06,47.49,21.18,88.07,6.37,99.93,orange,Perennial,11,AP
37.57,54.13,30.56,16.7,85.5,6.9,131.21,orange,Perennial,12,NE
109.72,26.78,54.35,18.39,80.52,7.06,151.1,orange,Perennial,1,TN
88.83,25.06,38.92,28.72,63.93,7.17,73.53,orange,Perennial,10,TN
88.24,53.69,37.13,21.86,78.63,6.0,126.03,orange,Perennial,7,KA
43.49,38.83,68.38,18.86,80.8,7.14,108.27,orange,Perennial,2,NE
92.62,26.02,73.55,17.78,75.17,6.11,128.18,orange,Perennial,10,NE
44.39,44.66,35.74,25.5,64.95,6.37,121.07,orange,Perennial,10,KA
91.12,43.76,51.0,18.17,62.66,6.7,148.86,orange,Perennial,2,AP
93.62,25.14,69.64,22.25,64.95,6.55,104.22,orange,Perennial,1,KA
73.31,51.67,24.19,16.77,59.37,6.31,91.08,orange,Perennial,8,KA
56.35,59.84,35.9,21.77,75.1,6.78,137.86,orange,Perennial,3,KA
56.69,19.78,51.58,30.61,77.31,6.88,121.83,orange,Perennial,3,TN
69.63,17.62,30.1,24.85,73.37,6.41,124.61,orange,Perennial,2,KA
86.08,21.62,39.7,19.78,75.83,6.44,84.46,orange,Perennial,7,NE
95.7,29.08,60.88,18.86,80.13,6.35,130.95,orange,Perennial,9,NE
50.36,26.56,47.67,29.63,57.47,7.09,136.53,orange,Perennial,4,TN
72.3,56.52,50.79,25.08,74.71,6.37,150.44,orange,Perennial,4,TN
62.96,57.43,61.14,21.75,67.56,6.52,122.4,orange,Perennial,6,MH
35.71,56.18,52.81,18.5,72.47,7.14,134.98,orange,Perennial,4,AP
67.32,44.04,55.16,28.58,68.13,7.29,105.73,orange,Perennial,7,TN
72.53,54.69,55.58,26.85,57.07,6.3,97.58,orange,Perennial,6,MH
36.65,32.77,61.34,15.43,65.78,6.34,81.22,orange,Perennial,9,KA
68.38,30.37,61.59,23.95,73.95,6.95,132.18,orange,Perennial,5,MH
83.04,37.51,41.7,22.85,66.93,6.32,136.0,orange,Perennial,4,MH
65.73,50.91,41.69,16.18,79.94,6.29,104.47,orange,Perennial,3,MH
87.5,27.55,68.31,23.48,76.41,6.94,88.5,orange,Perennial,10,MH
52.42,46.09,61.57,28.57,84.56,6.91,85.25,orange,Perennial,8,KA
79.32,31.55,45.68,29.65,77.55,6.56,119.62,orange,Perennial,8,AP
66.28,58.15,77.06,16.75,70.64,6.73,106.47,orange,Perennial,10,NE
92.77,50.59,75.06,27.24,81.84,6.65,103.52,orange,Perennial,3,MH
90.86,39.22,63.71,24.98,74.95,6.93,138.8,orange,Perennial,10,KA
55.09,53.58,56.67,25.39,66.98,6.52,122.02,orange,Perennial,6,NE
71.25,57.3,66.57,18.37,83.65,6.25,115.35,orange,Perennial,1,MH
34.89,63.63,64.67,23.77,69.66,6.54,114.44,orange,Perennial,9,NE
65.5,26.74,32.8,23.26,85.8,6.98,80.17,orange,Perennial,11,AP
45.75,50.31,51.79,22.64,73.42,6.76,65.22,orange,Perennial,12,MH
57.53,55.63,51.26,20.93,66.16,6.89,113.89,orange,Perennial,7,NE
76.07,59.24,58.1,26.95,75.44,6.6,82.62,orange,Perennial,4,MH
75.04,56.68,81.43,23.8,75.0,6.55,135.01,orange,Perennial,2,NE
53.79,60.6,71.24,21.72,66.25,6.19,121.78,orange,Perennial,11,MH
60.23,30.89,32.91,27.64,80.42,5.92,105.76,orange,Perennial,3,KA
65.5,48.65,35.69,22.4,80.12,6.36,82.69,orange,Perennial,7,MH
87.97,63.77,57.21,29.18,70.97,5.84,102.29,orange,Perennial,1,TN
76.06,29.12,62.17,27.52,78.54,5.81,131.35,orange,Perennial,12,TN
58.65,30.83,37.12,26.27,76.43,6.3,118.6,orange,Perennial,4,TN
58.49,44.77,54.6,20.75,77.84,6.21,145.66,orange,Perennial,7,KA
90.48,47.07,53.21,24.16,68.64,6.29,95.57,orange,Perennial,9,TN
64.15,26.97,40.29,20.18,69.64,7.14,138.83,orange,Perennial,4,TN
96.84,25.16,71.74,29.33,60.03,6.53,129.1,orange,Perennial,7,AP
71.33,55.4,49.63,23.02,78.44,6.12,118.52,orange,Perennial,4,MH
100.72,21.08,51.91,25.51,56.45,6.25,144.31,orange,Perennial,2,NE
75.93,18.03,56.86,18.09,69.7,5.99,140.21,orange,Perennial,12,AP
102.44,21.21,61.48,22.3,74.2,6.2,92.51,orange,Perennial,2,NE
49.81,26.51,73.28,22.35,65.22,6.71,93.66,orange,Perennial,7,AP
45.99,27.38,47.6,16.01,81.23,6.4,132.83,orange,Perennial,4,AP
81.29,52.93,40.5,21.55,86.31,6.83,152.85,orange,Perennial,6,NE
63.22,52.91,35.33,16.76,82.98,6.67,96.52,orange,Perennial,6,AP
42.38,42.51,62.93,26.42,62.7,6.51,106.25,orange,Perennial,2,NE
66.49,42.2,65.1,20.45,82.5,6.15,123.58,orange,Perennial,9,MH
81.43,48.67,28.06,26.48,60.76,6.24,146.14,orange,Perennial,10,MH
91.75,50.95,48.91,25.49,78.08,6.76,105.27,orange,Perennial,4,KA
45.72,34.02,41.35,22.08,86.56,6.63,113.61,orange,Perennial,1,MH
93.82,22.8,72.49,28.96,68.12,6.61,123.34,orange,Perennial,8,MH
65.59,29.57,33.21,19.58,67.81,7.3,149.8,orange,Perennial,11,MH
89.54,30.38,64.09,25.99,70.1,6.07,138.08,orange,Perennial,4,AP
73.4,32.98,58.12,27.38,64.67,6.77,130.64,orange,Perennial,12,NE
85.33,48.26,58.4,17.51,78.06,6.22,152.1,orange,Perennial,8,AP
72.9,54.16,59.18,21.39,63.94,7.28,96.22,orange,Perennial,1,AP
73.69,41.69,38.94,17.83,82.12,6.98,97.9,orange,Perennial,8,KA
93.07,24.03,84.36,18.83,68.69,6.91,106.59,orange,Perennial,6,TN
80.33,25.45,65.35,27.13,81.39,7.29,133.06,orange,Perennial,11,MH
95.24,52.09,53.94,21.26,78.66,6.83,120.76,orange,Perennial,10,KA
57.21,41.72,36.19,21.34,63.43,7.17,103.31,orange,Perennial,3,AP
73.81,32.0,64.64,21.01,61.36,6.45,92.88,orange,Perennial,3,AP
79.88,46.05,81.31,21.02,78.1,6.14,102.57,orange,Perennial,7,MH
54.7,44.07,75.29,26.79,74.81,7.17,102.84,orange,Perennial,8,AP
45.2,26.91,76.93,29.29,71.96,5.99,113.99,orange,Perennial,9,NE
64.15,54.69,83.26,24.52,61.25,6.47,106.22,orange,Perennial,2,NE
41.84,21.26,52.24,27.14,77.81,6.63,108.17,orange,Perennial,9,MH
44.4,19.81,59.59,24.82,63.49,6.48,130.05,orange,Perennial,11,KA
84.5,24.16,23.73,22.57,75.05,6.7,132.92,orange,Perennial,8,MH
46.84,41.11,56.31,15.19,61.29,6.17,148.29,orange,Perennial,10,NE
96.3,17.78,77.94,15.3,80.06,6.74,94.59,orange,Perennial,6,MH
80.31,41.24,39.83,23.36,72.03,6.3,135.98,orange,Perennial,12,TN
100.55,53.4,42.19,29.03,76.03,6.83,127.26,orange,Perennial,5,MH
64.7,62.85,63.02,15.79,55.27,6.01,115.52,orange,Perennial,2,AP
35.37,54.72,68.77,28.19,78.21,6.71,158.6,orange,Perennial,5,KA
59.8,49.41,32.54,16.31,66.75,6.0,88.0,orange,Perennial,4,TN
88.26,49.58,70.44,16.62,59.41,6.17,124.12,orange,Perennial,6,TN
45.57,44.84,67.1,24.65,83.38,6.63,126.09,orange,Perennial,1,AP
37.4,20.96,65.4,15.53,67.9,6.72,88.08,orange,Perennial,9,NE
81.81,58.08,30.47,27.83,64.16,6.14,103.61,orange,Perennial,11,NE
79.26,39.04,71.7,27.21,69.52,6.88,106.65,orange,Perennial,1,TN
48.22,38.75,33.67,16.06,78.68,6.14,93.51,orange,Perennial,2,KA
72.7,20.53,65.03,28.13,70.9,5.99,142.26,orange,Perennial,6,KA
103.11,30.1,46.05,23.02,77.85,6.82,143.96,orange,Perennial,2,MH
44.89,54.76,39.53,27.2,82.07,6.46,125.54,orange,Perennial,4,TN
63.24,56.44,67.53,26.1,73.62,6.68,139.1,orange,Perennial,11,MH
64.15,47.54,39.69,19.4,64.41,6.86,107.06,orange,Perennial,9,MH
54.88,39.47,67.9,27.95,78.02,6.57,93.1,orange,Perennial,10,MH
50.85,47.98,79.45,23.24,66.94,6.86,141.33,orange,Perennial,6,KA
49.52,28.08,63.34,16.86,81.73,6.35,143.2,orange,Perennial,8,AP
96.09,63.27,34.37,22.95,68.12,6.37,118.26,orange,Perennial,2,MH
45.39,44.06,52.83,26.6,81.13,6.12,122.68,orange,Perennial,8,AP
55.81,22.56,50.92,15.95,62.87,6.34,82.65,orange,Perennial,6,AP
36.06,30.4,63.97,29.29,71.9,6.04,111.0,orange,Perennial,1,MH
67.97,57.61,70.28,22.75,81.1,6.44,80.89,orange,Perennial,8,TN
52.38,28.43,61.31,19.19,81.04,6.75,97.06,orange,Perennial,4,MH
104.26,30.89,45.15,24.35,81.13,5.98,119.18,orange,Perennial,8,NE
89.5,44.86,72.6,23.18,67.15,6.17,124.21,orange,Perennial,5,MH
51.09,28.25,46.25,30.4,79.81,6.41,145.03,orange,Perennial,2,AP
49.95,33.46,54.2,29.88,76.65,6.58,98.12,orange,Perennial,7,TN
85.35,29.93,32.59,22.33,74.83,6.25,115.3,orange,Perennial,11,AP
55.1,49.28,67.27,19.61,78.55,5.87,74.98,orange,Perennial,2,TN
80.61,51.88,63.21,22.87,63.88,6.93,112.78,orange,Perennial,6,MH
46.03,42.01,38.48,28.89,76.72,6.36,139.66,orange,Perennial,6,AP
75.77,56.13,54.54,26.31,63.03,6.09,113.16,orange,Perennial,6,KA
74.42,37.55,31.94,16.77,60.45,6.59,94.25,orange,Perennial,9,AP
83.19,55.59,36.73,25.05,66.29,6.49,130.45,orange,Perennial,11,MH
42.67,43.88,52.28,29.68,66.34,6.09,86.55,orange,Perennial,12,MH
104.76,54.04,67.44,16.7,65.72,6.69,150.92,orange,Perennial,10,KA
36.49,23.22,65.21,21.12,71.33,6.75,116.36,orange,Perennial,5,KA
65.72,43.05,30.02,22.34,73.63,6.86,102.93,orange,Perennial,7,AP
79.18,29.33,65.87,25.12,83.79,5.79,95.96,orange,Perennial,7,AP
98.67,45.42,36.04,14.45,79.46,6.92,133.61,orange,Perennial,3,AP
55.6,21.0,62.47,16.73,65.52,5.93,128.69,orange,Perennial,2,NE
66.88,22.0,68.67,17.39,69.32,6.28,139.92,orange,Perennial,7,TN
40.97,53.79,45.65,27.32,69.09,6.7,75.28,orange,Perennial,11,AP
94.92,41.64,77.45,25.65,68.02,6.94,100.67,orange,Perennial,11,AP
48.95,58.67,75.02,26.93,55.96,5.7,134.47,orange,Perennial,5,KA
73.64,32.65,67.62,18.41,81.73,6.52,105.41,orange,Perennial,5,AP
76.17,47.06,69.32,26.73,70.36,6.61,92.5,orange,Perennial,2,TN
54.52,45.74,56.43,22.09,82.84,6.21,130.22,orange,Perennial,11,NE
73.26,50.96,81.88,18.5,63.64,6.32,80.84,orange,Perennial,8,KA
82.45,23.2,63.69,16.03,80.9,6.29,123.37,orange,Perennial,4,MH
63.37,48.69,52.95,20.64,68.14,6.72,85.22,orange,Perennial,6,KA
59.78,52.04,63.46,23.75,64.93,7.07,128.3,orange,Perennial,10,TN
63.29,45.0,46.79,21.8,59.31,6.83,83.28,orange,Perennial,2,NE
93.51,33.32,73.09,24.62,71.03,6.2,118.87,orange,Perennial,3,AP
93.26,30.57,44.31,30.68,65.58,7.28,97.28,orange,Perennial,10,MH
45.82,28.12,36.85,14.97,80.83,7.02,90.55,orange,Perennial,6,NE
63.96,39.53,69.71,16.12,66.13,6.66,124.57,orange,Perennial,8,NE
68.76,34.31,69.66,21.6,69.58,6.95,142.63,orange,Perennial,6,MH
77.16,29.24,70.25,17.31,63.3,6.4,93.05,orange,Perennial,9,TN
52.37,28.97,47.76,22.46,73.68,6.41,123.7,orange,Perennial,5,KA
88.34,31.15,52.11,14.39,70.13,6.97,145.55,orange,Perennial,8,AP
35.27,56.83,53.08,16.3,74.74,6.1,126.2,orange,Perennial,7,NE
87.75,19.86,83.92,13.78,64.34,6.48,108.79,orange,Perennial,11,KA
95.62,52.35,43.67,24.99,74.39,6.1,158.96,orange,Perennial,9,NE
91.03,38.46,77.2,28.97,66.72,5.71,130.48,orange,Perennial,5,NE
80.52,25.5,58.07,24.7,87.52,6.68,121.79,orange,Perennial,3,AP
52.95,25.9,69.55,23.59,66.99,6.14,129.78,orange,Perennial,3,KA
85.75,51.18,81.57,27.27,68.45,6.1,125.26,orange,Perennial,8,KA
67.66,44.33,54.82,22.91,77.48,6.29,71.36,orange,Perennial,4,TN
79.69,26.43,59.92,29.47,69.25,6.75,129.22,orange,Perennial,10,KA
67.76,57.08,48.89,19.83,85.1,5.73,156.14,orange,Perennial,3,TN
43.5,20.13,64.23,21.22,79.96,6.23,119.8,orange,Perennial,2,NE
92.0,32.2,67.25,29.99,79.02,6.19,93.01,orange,Perennial,6,MH
51.11,32.07,35.7,18.08,73.3,6.73,74.7,orange,Perennial,9,KA
67.02,31.69,49.39,23.08,48.4,6.74,83.25,grapes,Perennial,10,MH
57.11,44.75,33.62,32.22,58.91,7.47,76.27,grapes,Perennial,12,AP
56.63,37.9,79.6,14.88,53.85,6.56,89.5,grapes,Perennial,1,KA
107.48,69.81,44.29,21.34,58.29,6.96,56.63,grapes,Perennial,8,AP
74.1,36.46,78.44,12.42,67.12,6.75,90.83,grapes,Perennial,4,KA
84.15,60.71,77.36,32.15,44.5,7.58,56.91,grapes,Perennial,4,MH
59.06,35.15,52.37,18.73,51.32,6.71,97.62,grapes,Perennial,8,AP
94.68,41.78,67.14,29.35,71.29,7.13,81.06,grapes,Perennial,9,TN
82.45,26.7,46.31,20.63,69.02,6.61,69.14,grapes,Perennial,4,AP
91.19,67.15,74.32,30.69,64.61,6.76,83.39,grapes,Perennial,6,KA
69.52,34.99,94.26,33.39,48.75,7.58,76.59,grapes,Perennial,5,MH
112.62,67.49,62.94,24.63,48.15,7.43,35.0,grapes,Perennial,7,MH
49.69,59.23,83.27,14.41,59.04,6.88,85.46,grapes,Perennial,2,PB
98.17,52.79,67.97,28.52,51.44,6.7,56.91,grapes,Perennial,1,AP
100.04,19.84,74.23,21.55,45.15,6.62,95.66,grapes,Perennial,4,AP
69.0,28.25,89.78,23.87,59.97,7.13,55.9,grapes,Perennial,9,KA
58.89,61.65,86.45,34.32,53.9,6.84,53.92,grapes,Perennial,4,TN
77.18,32.54,73.85,20.72,59.49,7.23,61.87,grapes,Perennial,10,MH
105.51,37.49,62.14,32.58,60.69,6.73,62.05,grapes,Perennial,7,MH
86.84,33.3,75.09,31.23,65.94,6.33,72.22,grapes,Perennial,11,TN
62.14,27.09,63.92,33.81,66.05,6.53,92.28,grapes,Perennial,2,TN
64.63,46.23,71.29,23.33,65.98,7.49,63.49,grapes,Perennial,8,KA
88.05,56.44,43.19,24.04,59.26,7.77,67.09,grapes,Perennial,4,PB
69.13,38.0,79.24,16.4,70.46,6.91,66.85,grapes,Perennial,4,KA
99.21,29.16,80.45,25.19,52.75,6.91,80.52,grapes,Perennial,6,TN
95.21,68.21,40.97,21.92,67.95,7.38,70.16,grapes,Perennial,12,KA
70.87,51.92,65.95,32.97,60.79,6.28,112.74,grapes,Perennial,1,TN
71.19,27.9,62.99,31.71,60.21,7.67,59.57,grapes,Perennial,9,TN
97.82,46.53,47.1,26.12,45.72,6.99,63.86,grapes,Perennial,1,PB
55.18,47.49,76.61,24.76,49.3,6.29,89.39,grapes,Perennial,3,PB
63.15,50.63,76.56,34.84,60.23,6.81,91.89,grapes,Perennial,6,MH
79.44,40.46,77.92,32.98,52.63,7.27,53.8,grapes,Perennial,12,AP
94.48,37.57,66.71,16.5,47.65,7.62,53.47,grapes,Perennial,9,MH
99.65,68.25,45.3,26.45,59.26,7.13,85.27,grapes,Perennial,9,TN
76.22,25.03,69.86,20.57,72.34,7.17,98.6,grapes,Perennial,12,PB
61.78,29.92,54.32,17.59,55.7,6.96,70.74,grapes,Perennial,11,KA
63.3,64.25,49.97,19.63,50.52,7.66,63.56,grapes,Perennial,5,PB
67.01,64.07,45.14,22.96,64.64,6.2,85.4,grapes,Perennial,9,KA
109.51,56.46,51.22,18.8,63.57,7.09,56.28,grapes,Perennial,2,PB
45.37,37.64,49.24,18.49,51.55,6.34,58.27,grapes,Perennial,5,TN
102.75,63.13,40.56,30.71,46.04,6.8,104.55,grapes,Perennial,8,TN
52.05,41.17,37.52,22.0,61.09,6.92,71.45,grapes,Perennial,8,AP
67.4,65.16,56.66,19.97,56.62,7.02,59.91,grapes,Perennial,5,AP
82.7,70.05,89.87,36.79,62.1,6.74,83.91,grapes,Perennial,8,TN
99.68,47.64,78.69,28.63,65.99,7.23,105.38,grapes,Perennial,12,KA
100.28,50.87,52.68,30.98,63.83,7.02,96.02,grapes,Perennial,5,MH
46.38,43.57,58.66,32.66,52.1,6.69,69.62,grapes,Perennial,5,PB
91.45,35.84,70.75,15.28,52.69,7.43,57.79,grapes,Perennial,2,PB
82.82,61.85,55.17,20.65,67.74,6.47,57.84,grapes,Perennial,8,KA
95.47,46.37,85.28,15.98,70.66,7.2,79.98,grapes,Perennial,3,PB
69.99,32.72,80.97,16.19,49.98,7.13,72.35,grapes,Perennial,11,AP
106.5,50.54,81.34,15.44,55.62,6.6,53.94,grapes,Perennial,9,AP
54.96,38.24,52.06,23.14,51.72,7.21,76.65,grapes,Perennial,9,PB
63.53,64.88,44.68,26.88,45.18,6.86,50.49,grapes,Perennial,12,MH
88.04,56.43,89.54,29.87,54.62,6.68,100.75,grapes,Perennial,3,PB
86.37,31.78,50.62,34.25,41.19,6.97,71.7,grapes,Perennial,1,TN
85.58,44.12,67.62,33.91,50.42,6.27,87.32,grapes,Perennial,11,AP
74.35,59.83,62.53,31.55,66.26,7.29,59.73,grapes,Perennial,11,MH
87.51,42.9,76.71,31.3,46.01,6.91,71.22,grapes,Perennial,11,TN
100.54,31.68,56.17,23.75,68.13,7.35,80.83,grapes,Perennial,1,AP
73.28,69.23,85.92,22.17,60.0,6.66,78.41,grapes,Perennial,5,TN
61.58,30.81,78.45,29.43,53.49,7.26,66.8,grapes,Perennial,1,PB
63.39,36.88,51.97,29.3,62.03,6.47,85.53,grapes,Perennial,8,AP
103.62,58.47,52.42,21.95,72.98,6.54,115.0,grapes,Perennial,11,AP
81.67,31.45,60.43,37.66,49.03,6.8,98.64,grapes,Perennial,3,TN
98.51,52.98,69.86,19.97,52.31,7.26,70.24,grapes,Perennial,3,MH
106.63,38.93,65.95,21.9,45.77,7.37,84.36,grapes,Perennial,10,PB
96.68,43.71,75.87,23.73,66.69,6.84,68.73,grapes,Perennial,9,TN
97.55,53.7,40.17,27.52,45.91,6.53,77.72,grapes,Perennial,5,TN
80.67,61.3,83.1,27.11,54.15,7.3,98.93,grapes,Perennial,12,TN
86.11,66.57,44.3,20.09,56.08,6.79,57.93,grapes,Perennial,11,AP
55.51,39.98,43.39,28.23,51.36,6.45,86.5,grapes,Perennial,5,KA
88.26,20.85,56.41,32.93,50.09,6.69,103.94,grapes,Perennial,6,AP
87.8,63.15,38.64,27.21,65.34,7.02,111.71,grapes,Perennial,11,PB
88.25,53.7,68.96,24.49,51.51,6.63,62.21,grapes,Perennial,10,KA
80.84,26.01,39.88,32.35,42.62,7.11,54.03,grapes,Perennial,8,PB
57.8,50.7,52.54,23.49,58.01,7.0,74.21,grapes,Perennial,7,KA
67.71,23.13,39.14,24.37,67.23,7.26,92.63,grapes,Perennial,2,TN
95.15,49.28,62.81,27.41,60.21,6.88,89.04,grapes,Perennial,5,AP
53.87,60.18,73.87,24.22,67.1,6.21,83.11,grapes,Perennial,8,MH
84.52,69.14,64.84,23.44,60.36,7.44,70.54,grapes,Perennial,7,KA
69.68,37.06,50.2,27.24,55.48,7.19,81.55,grapes,Perennial,4,PB
96.59,54.72,58.61,28.65,65.8,6.98,82.37,grapes,Perennial,1,AP
96.88,34.85,87.83,18.98,51.17,7.58,43.67,grapes,Perennial,8,KA
101.69,40.89,86.46,34.95,54.98,6.78,93.03,grapes,Perennial,1,TN
55.31,33.86,93.03,17.46,48.9,7.2,82.18,grapes,Perennial,1,MH
76.82,66.13,46.23,22.45,48.07,6.7,66.67,grapes,Perennial,2,KA
83.91,28.13,68.43,30.86,63.29,7.13,51.66,grapes,Perennial,4,PB
45.85,40.81,68.24,18.2,65.09,6.59,35.06,grapes,Perennial,12,MH
67.77,53.96,73.69,19.04,63.13,6.63,65.92,grapes,Perennial,2,KA
89.33,58.49,80.88,19.03,61.44,7.55,95.28,grapes,Perennial,1,TN
64.04,41.18,51.96,32.59,64.96,6.79,60.94,grapes,Perennial,4,TN
47.34,46.69,44.43,21.38,60.4,7.09,70.17,grapes,Perennial,6,KA
108.37,52.43,74.77,33.3,65.25,6.57,92.67,grapes,Perennial,12,MH
70.69,46.05,72.41,28.72,43.72,7.47,108.76,grapes,Perennial,2,MH
78.19,30.46,94.55,17.27,55.81,7.66,100.29,grapes,Perennial,6,KA
77.3,30.83,61.8,31.46,51.58,7.19,78.8,grapes,Perennial,9,AP
47.08,54.41,88.47,22.56,56.06,6.79,87.85,grapes,Perennial,9,MH
81.0,37.52,68.49,31.76,62.74,7.11,35.62,grapes,Perennial,2,AP
102.5,60.12,89.85,21.63,54.45,7.2,53.38,grapes,Perennial,12,PB
97.47,24.01,36.59,31.54,70.52,6.99,79.87,grapes,Perennial,4,KA
74.14,36.09,68.96,31.05,66.89,7.06,51.33,grapes,Perennial,5,TN
107.37,42.86,77.82,29.54,70.49,6.47,97.51,grapes,Perennial,4,TN
84.22,58.29,69.02,35.85,71.28,6.39,84.88,grapes,Perennial,10,KA
57.29,36.25,56.89,15.95,61.87,6.25,96.76,grapes,Perennial,4,MH
108.58,45.25,47.06,27.16,66.08,6.43,89.49,grapes,Perennial,9,TN
92.41,69.59,45.92,25.3,65.34,7.68,87.43,grapes,Perennial,9,AP
90.4,36.11,66.5,31.37,65.39,7.17,69.53,grapes,Perennial,9,PB
78.58,38.05,79.06,32.08,63.94,6.57,48.45,grapes,Perennial,3,AP
92.16,34.79,90.93,25.44,56.51,6.53,69.51,grapes,Perennial,3,AP
63.6,40.04,86.91,31.28,64.8,6.63,97.46,grapes,Perennial,10,AP
80.36,36.79,56.99,16.04,40.74,6.9,81.55,grapes,Perennial,4,TN
79.58,38.96,94.52,19.24,50.85,7.69,70.8,grapes,Perennial,9,PB
76.39,54.13,48.87,13.34,70.22,6.39,72.66,grapes,Perennial,7,KA
109.01,41.45,59.05,20.97,43.39,6.59,77.19,grapes,Perennial,1,KA
99.83,64.09,74.84,24.53,70.22,7.17,89.58,grapes,Perennial,11,MH
61.26,56.62,62.93,15.27,54.44,6.72,85.24,grapes,Perennial,6,PB
48.34,44.23,76.29,25.02,49.12,7.44,68.79,grapes,Perennial,5,TN
93.14,66.2,51.48,33.19,66.62,7.49,35.0,grapes,Perennial,11,PB
95.51,38.47,68.04,27.95,62.55,6.47,82.2,grapes,Perennial,10,MH
96.41,57.75,87.57,24.1,62.94,6.45,48.44,grapes,Perennial,3,PB
92.04,28.74,77.68,19.12,48.96,7.22,93.87,grapes,Perennial,10,MH
68.61,47.03,50.42,25.44,56.76,6.55,81.24,grapes,Perennial,9,TN
70.51,35.34,83.49,23.25,54.45,6.5,71.81,grapes,Perennial,6,TN
67.6,45.08,58.32,20.96,54.71,7.48,65.55,grapes,Perennial,8,KA
86.21,36.63,36.6,33.81,73.49,6.76,46.2,grapes,Perennial,2,AP
81.86,53.57,60.03,17.53,62.04,7.12,81.32,grapes,Perennial,8,PB
85.6,67.29,73.27,15.79,51.96,7.08,98.93,grapes,Perennial,11,AP
68.89,42.92,41.38,22.87,68.0,7.15,73.98,grapes,Perennial,1,AP
61.39,58.15,49.0,28.2,43.94,7.17,83.69,grapes,Perennial,4,TN
97.45,46.43,56.57,13.3,42.27,6.95,108.86,grapes,Perennial,12,TN
77.25,57.95,88.39,21.22,42.07,7.17,82.39,grapes,Perennial,4,MH
92.82,40.06,60.91,31.65,57.37,6.52,74.04,grapes,Perennial,8,PB
84.06,41.96,66.43,31.06,49.96,6.6,70.63,grapes,Perennial,2,PB
93.5,56.0,73.73,29.06,67.97,6.93,62.01,grapes,Perennial,9,KA
74.2,47.2,44.52,25.2,49.28,7.15,81.62,grapes,Perennial,1,KA
94.83,43.03,54.09,30.88,52.72,6.99,79.8,grapes,Perennial,4,TN
54.77,66.24,65.39,16.08,51.58,7.56,38.14,grapes,Perennial,4,AP
74.75,26.11,65.94,22.72,44.75,7.39,41.95,grapes,Perennial,8,PB
61.12,32.93,63.76,15.1,64.15,7.03,79.98,grapes,Perennial,8,AP
62.27,50.81,59.92,29.47,50.15,7.36,60.83,grapes,Perennial,12,PB
103.35,48.35,74.89,34.07,50.55,7.17,84.64,grapes,Perennial,9,KA
57.52,48.05,55.02,29.14,44.76,6.58,73.96,grapes,Perennial,10,AP
80.33,66.11,82.51,22.6,52.73,7.3,84.2,grapes,Perennial,12,AP
94.82,36.58,49.4,28.4,66.68,7.0,84.17,grapes,Perennial,3,KA
65.51,33.35,63.43,29.93,56.26,7.41,84.02,grapes,Perennial,4,PB
67.03,44.11,40.5,21.92,49.89,7.37,77.7,grapes,Perennial,4,PB
84.05,48.16,62.69,32.85,70.06,6.87,58.18,grapes,Perennial,7,TN
59.43,33.27,86.23,30.35,45.82,7.33,48.85,grapes,Perennial,4,MH
86.55,57.78,48.69,17.75,55.27,7.32,86.8,grapes,Perennial,9,AP
48.96,47.18,74.26,27.81,58.73,6.78,78.68,grapes,Perennial,11,TN
100.6,58.77,73.39,30.97,60.91,7.24,86.31,grapes,Perennial,5,PB
67.41,35.53,31.6,16.37,56.32,6.35,59.92,grapes,Perennial,7,KA
57.94,59.99,71.69,31.13,68.37,7.29,81.45,grapes,Perennial,12,AP
76.85,32.19,78.74,17.68,64.96,7.04,76.06,grapes,Perennial,1,MH
103.59,28.04,83.38,28.44,52.0,7.13,75.89,grapes,Perennial,6,KA
85.36,63.35,62.31,32.93,55.6,7.8,66.85,grapes,Perennial,2,AP
62.56,58.4,52.7,25.47,63.13,7.77,51.69,grapes,Perennial,4,AP
75.92,65.8,65.11,25.1,48.51,7.6,68.75,grapes,Perennial,6,MH
73.41,64.26,77.72,21.98,63.3,6.89,55.29,grapes,Perennial,12,KA
71.15,52.29,81.34,34.39,59.78,6.45,98.36,grapes,Perennial,7,PB
66.44,45.54,69.85,24.98,42.58,6.92,65.71,grapes,Perennial,9,KA
106.39,47.18,67.17,32.87,60.6,6.51,77.3,grapes,Perennial,7,AP
68.88,68.19,70.03,30.06,51.02,7.22,101.47,grapes,Perennial,5,TN
55.48,28.41,78.38,28.66,55.81,7.23,77.15,grapes,Perennial,1,MH
80.15,53.64,76.85,21.46,62.74,6.63,48.15,grapes,Perennial,10,AP
76.82,33.49,69.0,15.14,46.26,7.25,81.24,grapes,Perennial,3,TN
87.87,42.33,56.92,31.6,73.03,6.68,90.04,grapes,Perennial,12,TN
103.39,69.14,41.11,29.36,44.79,7.08,83.59,grapes,Perennial,7,TN
95.68,33.05,64.96,20.74,64.65,6.79,90.86,grapes,Perennial,7,KA
57.89,30.17,69.76,22.89,57.72,7.1,58.66,grapes,Perennial,7,KA
105.61,62.09,68.16,30.7,63.0,6.5,67.37,grapes,Perennial,6,MH
77.39,57.11,74.93,21.26,46.86,7.42,79.12,grapes,Perennial,10,MH
54.52,54.3,54.9,21.72,68.9,6.92,97.16,grapes,Perennial,12,PB
104.32,63.67,91.61,23.1,65.85,6.71,61.22,grapes,Perennial,9,KA
67.15,29.5,54.69,24.92,54.51,6.62,81.64,grapes,Perennial,9,TN
60.64,64.3,68.53,27.94,44.73,6.82,78.33,grapes,Perennial,6,PB
93.9,57.78,59.26,27.73,48.74,6.65,60.26,grapes,Perennial,9,TN
91.68,59.79,58.7,19.3,67.11,6.88,44.79,grapes,Perennial,8,AP
61.46,56.77,64.81,22.46,54.44,6.3,52.16,grapes,Perennial,11,KA
108.53,56.49,53.73,17.62,70.37,6.49,76.63,grapes,Perennial,3,KA
71.92,20.9,75.68,15.18,61.72,6.93,62.36,grapes,Perennial,7,MH
75.92,33.01,57.58,17.38,55.77,7.32,74.85,grapes,Perennial,2,PB
86.44,43.0,60.72,27.25,58.92,6.87,73.42,grapes,Perennial,5,MH
101.93,40.9,73.5,24.69,56.81,7.32,45.93,grapes,Perennial,7,AP
103.95,38.38,43.37,26.82,58.24,6.41,90.8,grapes,Perennial,6,MH
75.09,62.58,39.62,16.69,63.65,7.1,77.49,grapes,Perennial,6,TN
75.35,31.87,80.85,13.27,68.52,6.86,65.75,grapes,Perennial,2,AP
86.83,33.48,59.41,21.84,57.19,7.36,58.4,grapes,Perennial,12,AP
54.63,32.06,54.91,19.49,61.21,7.19,79.2,grapes,Perennial,8,AP
59.08,39.05,78.77,36.68,61.65,6.91,51.03,grapes,Perennial,10,TN
71.76,39.45,42.37,19.05,64.61,6.51,47.61,grapes,Perennial,3,TN
84.0,31.97,47.5,29.29,47.91,7.27,36.84,grapes,Perennial,2,KA
62.19,33.45,74.84,30.15,65.15,6.3,89.22,grapes,Perennial,1,KA
104.76,55.28,45.93,34.34,40.0,7.15,85.05,grapes,Perennial,5,TN
61.09,47.33,60.2,20.14,70.48,7.19,35.0,grapes,Perennial,1,MH
54.43,41.65,50.37,23.22,45.42,7.34,86.0,grapes,Perennial,4,MH
93.3,44.69,42.08,26.49,63.19,6.38,65.74,grapes,Perennial,8,TN
72.84,24.8,42.91,26.14,68.5,6.98,83.6,grapes,Perennial,9,KA
78.17,56.37,86.19,23.2,74.83,7.26,70.71,grapes,Perennial,6,PB
103.6,51.79,85.66,19.73,76.2,6.6,120.92,apple,Perennial,3,HP
102.46,68.47,87.37,17.65,75.83,6.76,145.89,apple,Perennial,4,PB
77.07,61.83,91.14,17.43,55.55,6.81,156.24,apple,Perennial,9,JK
58.28,36.76,77.67,16.28,76.71,6.05,87.3,apple,Perennial,9,JK
92.79,71.61,75.01,11.29,66.2,6.35,100.49,apple,Perennial,2,JK
85.32,38.92,70.53,3.58,74.88,6.69,154.05,apple,Perennial,1,JK
86.87,45.96,41.98,19.81,64.37,6.81,107.01,apple,Perennial,7,JK
94.8,48.9,81.52,5.25,63.43,6.15,100.32,apple,Perennial,5,HR
88.75,27.56,53.31,20.62,72.1,7.1,92.56,apple,Perennial,12,HR
78.01,36.88,84.3,20.63,67.36,5.79,96.36,apple,Perennial,9,HR
62.97,51.6,73.47,7.74,62.99,6.59,137.87,apple,Perennial,6,JK
87.01,29.3,71.76,7.96,69.95,7.22,94.01,apple,Perennial,8,PB
62.6,36.46,64.92,5.16,75.22,6.41,73.26,apple,Perennial,7,HR
71.38,35.65,53.96,9.01,74.9,6.39,93.46,apple,Perennial,1,PB
85.07,32.47,77.08,13.69,79.55,6.56,143.01,apple,Perennial,7,HP
102.34,81.48,85.05,15.3,61.05,7.06,94.21,apple,Perennial,3,HR
113.5,60.16,74.47,16.29,79.16,6.88,95.15,apple,Perennial,8,UK
64.3,70.76,60.82,13.38,72.18,6.81,159.62,apple,Perennial,10,HR
63.54,62.97,42.51,12.67,80.11,6.78,116.08,apple,Perennial,6,JK
92.13,60.66,66.86,10.61,78.89,6.59,143.94,apple,Perennial,10,HP
89.75,52.75,60.89,16.07,61.51,6.8,110.86,apple,Perennial,5,HP
116.37,62.01,80.92,19.84,62.87,6.43,114.78,apple,Perennial,2,JK
102.85,33.22,44.93,21.48,58.69,6.93,104.7,apple,Perennial,12,PB
115.37,71.59,71.31,12.05,74.93,6.29,153.86,apple,Perennial,12,UK
102.89,31.43,85.84,18.37,79.92,6.44,120.3,apple,Perennial,3,UK
83.9,64.26,60.87,8.15,70.77,6.25,128.4,apple,Perennial,1,HR
101.11,33.4,42.94,17.45,73.63,6.94,148.23,apple,Perennial,5,HP
116.06,28.45,84.62,4.72,70.23,6.75,107.49,apple,Perennial,4,JK
118.56,60.29,54.65,9.32,71.87,6.83,119.23,apple,Perennial,5,HP
67.96,55.93,73.16,21.5,61.15,6.02,133.21,apple,Perennial,8,HR
95.67,58.37,57.46,9.06,73.92,6.35,84.22,apple,Perennial,2,UK
64.72,66.91,98.09,6.51,76.22,6.22,109.42,apple,Perennial,7,JK
83.24,49.32,57.56,5.51,56.66,6.76,94.11,apple,Perennial,10,UK
62.32,53.26,95.01,20.04,57.53,6.65,158.45,apple,Perennial,8,HR
75.83,53.59,73.14,7.2,78.65,6.17,106.63,apple,Perennial,7,UK
98.94,33.39,43.25,19.15,73.45,6.1,122.36,apple,Perennial,12,JK
97.17,52.15,52.99,18.63,71.17,6.58,92.28,apple,Perennial,7,HP
110.97,54.28,76.19,17.93,67.23,5.99,136.64,apple,Perennial,1,PB
76.95,58.52,57.72,7.49,58.99,6.84,91.16,apple,Perennial,10,JK
89.98,33.03,40.31,14.64,64.33,5.96,134.79,apple,Perennial,4,HP
98.3,70.2,39.16,17.37,65.08,5.86,137.65,apple,Perennial,8,UK
118.61,34.83,65.02,24.93,60.05,6.59,109.72,apple,Perennial,11,UK
85.83,77.16,49.05,20.09,62.22,6.22,123.81,apple,Perennial,12,JK
81.01,36.03,92.34,12.54,58.48,6.52,125.24,apple,Perennial,4,HP
110.66,38.43,38.74,12.24,54.84,6.79,116.45,apple,Perennial,1,UK
80.07,71.86,53.63,20.2,61.25,6.1,146.3,apple,Perennial,7,HR
79.84,51.59,46.7,9.92,58.54,5.97,98.4,apple,Perennial,9,HP
96.8,50.95,62.79,20.27,83.17,6.72,107.61,apple,Perennial,6,HP
105.57,76.01,56.13,10.38,64.0,7.04,111.1,apple,Perennial,9,PB
87.83,57.49,56.71,6.16,62.54,6.4,88.82,apple,Perennial,6,HP
72.14,25.49,66.2,8.55,76.42,6.41,117.95,apple,Perennial,11,HR
102.27,34.38,77.05,18.29,58.46,6.07,126.17,apple,Perennial,2,UK
106.43,54.94,80.96,12.19,72.01,5.94,118.1,apple,Perennial,4,JK
83.31,58.45,80.39,13.97,67.17,6.93,122.9,apple,Perennial,9,HP
107.15,52.47,49.63,22.56,79.09,6.26,129.73,apple,Perennial,10,PB
95.38,53.19,39.16,19.77,64.04,7.0,122.64,apple,Perennial,2,HP
108.76,61.27,39.71,11.51,72.84,6.93,113.75,apple,Perennial,6,PB
107.04,50.93,43.38,20.82,59.96,6.07,95.91,apple,Perennial,3,JK
117.7,57.69,41.13,18.43,72.19,6.4,100.34,apple,Perennial,5,PB
95.52,55.8,57.37,12.27,60.85,6.25,90.25,apple,Perennial,8,JK
95.25,51.52,84.52,13.11,60.25,6.83,73.58,apple,Perennial,11,HP
63.02,23.52,49.67,3.87,66.66,6.39,94.98,apple,Perennial,2,HP
121.51,34.17,62.64,20.01,72.81,6.43,74.39,apple,Perennial,11,JK
114.45,48.92,49.27,18.63,77.12,6.42,89.39,apple,Perennial,9,PB
111.53,66.38,72.25,13.29,65.41,6.07,118.99,apple,Perennial,6,HP
108.86,59.68,81.15,8.96,77.28,6.5,90.78,apple,Perennial,9,HP
66.17,50.57,34.47,16.24,51.82,6.29,98.75,apple,Perennial,3,JK
113.98,31.19,64.68,15.48,73.9,6.49,82.08,apple,Perennial,2,HR
110.53,33.28,74.78,14.03,64.74,6.58,104.33,apple,Perennial,1,PB
115.6,76.97,100.0,21.56,60.61,6.67,69.07,apple,Perennial,12,UK
94.12,62.77,60.54,7.35,63.63,6.99,148.49,apple,Perennial,12,PB
110.42,68.9,52.07,22.17,58.89,6.55,89.05,apple,Perennial,11,JK
106.93,34.4,52.41,12.4,73.24,6.51,75.26,apple,Perennial,9,PB
83.74,56.22,38.24,21.28,71.95,6.72,99.93,apple,Perennial,7,PB
84.65,32.97,43.97,22.14,62.46,6.86,95.56,apple,Perennial,2,HP
91.46,47.38,72.74,6.94,74.53,7.26,114.98,apple,Perennial,2,UK
92.84,71.76,37.39,12.26,73.08,6.06,115.67,apple,Perennial,2,PB
95.84,69.48,82.09,19.15,79.83,6.34,140.66,apple,Perennial,1,JK
88.53,67.37,72.19,8.68,62.85,6.63,94.25,apple,Perennial,4,HP
101.19,53.44,65.35,15.11,74.59,6.24,102.92,apple,Perennial,5,UK
114.16,77.72,87.33,12.86,60.98,6.45,154.05,apple,Perennial,10,JK
118.59,41.87,49.55,11.17,67.69,6.76,119.99,apple,Perennial,12,UK
79.71,41.55,67.98,10.08,60.23,6.94,95.09,apple,Perennial,6,HR
71.87,37.05,72.77,15.97,75.73,6.86,131.0,apple,Perennial,2,UK
70.73,52.76,55.16,17.43,59.34,6.44,104.39,apple,Perennial,6,UK
105.23,72.05,73.49,17.57,61.01,6.68,76.39,apple,Perennial,11,HR
83.67,60.03,44.36,7.5,61.35,5.84,138.25,apple,Perennial,3,HR
100.41,55.24,47.83,7.65,55.86,5.9,131.4,apple,Perennial,11,JK
96.5,48.18,58.83,20.25,59.3,6.89,111.47,apple,Perennial,1,HR
109.9,32.07,48.65,14.6,71.31,6.44,140.66,apple,Perennial,11,HP
64.62,59.06,70.71,6.97,65.7,7.17,77.99,apple,Perennial,8,JK
111.84,72.56,67.9,14.97,69.06,6.14,151.64,apple,Perennial,10,UK
104.49,40.6,74.12,21.21,54.2,6.44,122.38,apple,Perennial,5,JK
100.54,31.61,80.68,10.25,59.07,5.82,106.94,apple,Perennial,5,HR
92.29,51.43,51.57,21.67,67.57,6.85,128.08,apple,Perennial,7,PB
123.54,62.37,76.91,13.55,78.21,6.59,131.39,apple,Perennial,1,JK
114.01,35.12,57.26,10.68,76.33,7.3,112.63,apple,Perennial,7,JK
79.58,48.32,91.0,11.37,54.74,6.57,99.36,apple,Perennial,5,PB
70.79,38.52,39.45,10.06,65.41,6.04,111.13,apple,Perennial,7,HP
81.86,37.51,60.1,7.36,55.81,7.17,112.27,apple,Perennial,6,HP
111.7,74.73,47.36,13.94,58.48,6.65,118.27,apple,Perennial,11,PB
107.37,72.69,68.21,6.53,72.63,6.13,116.22,apple,Perennial,1,PB
114.02,61.04,89.12,9.57,78.81,6.42,165.0,apple,Perennial,3,JK
74.58,52.04,75.11,16.7,57.07,6.81,165.0,apple,Perennial,9,HR
104.91,55.19,63.44,12.31,70.31,6.33,88.38,apple,Perennial,11,HR
108.82,71.66,64.77,20.15,66.27,6.57,120.26,apple,Perennial,2,HP
110.79,62.25,58.64,14.8,74.91,6.85,141.25,apple,Perennial,7,UK
83.68,33.49,49.35,18.46,62.48,6.18,131.57,apple,Perennial,6,HP
92.18,33.91,75.8,16.22,76.96,6.6,118.62,apple,Perennial,6,HR
69.52,33.8,84.4,6.61,71.16,6.48,96.11,apple,Perennial,3,JK
60.8,31.95,52.56,15.24,64.03,6.71,145.9,apple,Perennial,6,JK
95.66,59.13,83.24,19.58,66.97,6.43,116.18,apple,Perennial,5,HP
69.07,52.42,81.17,17.85,60.69,6.72,91.2,apple,Perennial,7,UK
82.41,64.19,46.27,17.2,70.88,5.83,122.92,apple,Perennial,12,PB
71.77,76.16,79.16,14.54,57.81,6.17,119.39,apple,Perennial,1,HP
104.11,70.3,83.05,15.84,73.15,5.82,122.89,apple,Perennial,1,JK
97.27,73.86,76.72,22.22,57.97,6.3,97.8,apple,Perennial,9,JK
67.82,34.83,66.47,19.52,72.79,6.75,82.39,apple,Perennial,4,HR
68.95,54.7,48.77,10.3,60.98,6.71,117.48,apple,Perennial,11,HR
55.12,61.52,61.86,11.72,72.12,6.44,137.3,apple,Perennial,1,PB
70.46,31.51,47.45,8.06,51.0,6.84,97.84,apple,Perennial,9,HP
93.55,36.93,71.56,17.96,62.77,6.24,118.14,apple,Perennial,3,UK
100.62,37.46,82.93,8.25,81.2,6.5,161.33,apple,Perennial,7,HP
110.33,39.78,51.75,16.26,78.16,6.72,129.92,apple,Perennial,7,HR
63.07,39.85,40.25,21.69,72.49,6.97,106.59,apple,Perennial,6,UK
118.42,50.36,56.99,7.48,63.21,6.51,135.01,apple,Perennial,4,JK
99.05,83.0,30.24,8.73,74.37,6.36,117.7,apple,Perennial,7,HP
62.77,36.82,44.27,12.9,75.85,6.04,130.7,apple,Perennial,10,HP
93.56,45.43,78.4,13.9,69.03,6.71,86.52,apple,Perennial,6,JK
84.63,49.39,88.38,15.35,72.5,5.72,82.09,apple,Perennial,1,HR
113.0,80.16,46.33,10.05,80.83,6.26,87.73,apple,Perennial,8,UK
67.66,49.57,41.03,11.4,68.13,6.61,86.79,apple,Perennial,1,UK
83.15,38.05,44.08,23.6,77.31,6.19,147.42,apple,Perennial,12,HR
83.79,54.81,55.51,7.35,61.13,6.35,117.59,apple,Perennial,10,PB
91.89,29.46,41.07,15.4,65.48,5.97,135.6,apple,Perennial,9,PB
86.34,61.25,84.16,10.46,58.51,6.91,160.84,apple,Perennial,4,HP
121.29,57.59,57.72,8.14,83.28,6.44,124.53,apple,Perennial,7,HR
105.89,53.65,77.79,13.63,64.74,6.79,124.77,apple,Perennial,12,PB
107.11,40.57,58.63,11.98,67.77,7.11,76.55,apple,Perennial,8,JK
74.71,35.41,52.34,21.85,65.81,6.63,137.36,apple,Perennial,11,JK
96.71,63.47,78.85,14.94,65.71,7.07,79.81,apple,Perennial,7,UK
120.14,66.21,40.63,9.59,70.34,6.13,97.38,apple,Perennial,7,JK
87.74,35.43,88.3,2.97,64.33,6.07,95.56,apple,Perennial,6,HR
75.42,59.91,73.39,9.11,79.06,6.68,118.6,apple,Perennial,8,PB
67.92,52.46,55.35,17.19,59.48,6.27,97.37,apple,Perennial,10,PB
78.25,45.09,71.56,16.69,66.41,6.66,133.63,apple,Perennial,6,PB
71.27,42.95,39.87,11.22,60.0,6.63,116.02,apple,Perennial,9,HP
108.53,24.2,94.8,12.63,81.25,6.37,98.52,apple,Perennial,1,UK
112.28,44.22,47.73,18.49,70.93,6.82,78.39,apple,Perennial,10,JK
113.63,62.28,72.75,18.42,75.02,7.02,119.39,apple,Perennial,5,JK
69.49,54.72,68.23,26.0,75.16,6.54,36.06,watermelon,Zaid,3,TN
98.21,62.42,42.79,22.26,67.46,6.24,48.88,watermelon,Zaid,3,PB
95.52,57.63,50.83,25.44,59.43,6.05,48.86,watermelon,Zaid,6,TN
57.85,66.45,59.73,32.68,69.53,6.57,38.86,watermelon,Zaid,6,HR
102.43,46.34,58.63,36.14,63.63,6.09,39.01,watermelon,Zaid,5,HR
81.32,65.79,45.35,30.89,77.2,6.46,54.64,watermelon,Zaid,5,AP
94.06,32.98,52.2,26.62,61.0,6.59,27.86,watermelon,Zaid,4,UP
50.49,63.85,85.91,23.7,64.38,6.15,54.16,watermelon,Zaid,6,UP
93.24,40.93,52.97,26.11,59.8,6.03,40.21,watermelon,Zaid,4,TN
104.24,63.05,69.03,26.04,75.39,6.75,46.95,watermelon,Zaid,5,AP
67.42,50.83,45.8,23.06,75.72,6.49,59.65,watermelon,Zaid,6,AP
88.97,64.96,69.25,31.85,61.79,6.17,49.18,watermelon,Zaid,5,UP
91.94,62.44,37.75,26.76,69.18,6.72,44.17,watermelon,Zaid,4,HR
103.27,76.85,87.82,22.32,62.02,6.51,51.59,watermelon,Zaid,5,TN
100.59,62.89,47.8,33.01,60.04,6.93,36.1,watermelon,Zaid,3,UP
112.53,72.07,43.94,35.96,61.6,6.9,65.44,watermelon,Zaid,4,UP
78.35,39.31,53.04,30.07,60.65,6.48,64.5,watermelon,Zaid,3,HR
101.97,73.25,58.76,26.3,66.06,6.77,53.68,watermelon,Zaid,3,TN
55.17,61.66,79.67,25.45,68.23,5.9,81.55,watermelon,Zaid,6,PB
56.64,36.67,37.33,21.4,61.96,7.03,48.82,watermelon,Zaid,3,UP
104.02,37.61,80.98,26.76,68.71,6.0,51.56,watermelon,Zaid,3,AP
113.53,58.8,68.15,26.72,54.17,7.09,74.95,watermelon,Zaid,3,PB
88.58,46.58,88.69,27.22,73.34,6.02,58.38,watermelon,Zaid,5,PB
95.13,55.4,49.93,30.14,70.35,5.85,76.27,watermelon,Zaid,6,AP
86.44,63.54,71.82,26.53,68.95,5.95,28.21,watermelon,Zaid,5,UP
104.89,50.87,66.28,26.37,76.11,6.76,43.5,watermelon,Zaid,3,HR
91.93,69.53,76.5,28.44,66.06,7.0,49.66,watermelon,Zaid,4,AP
63.89,84.58,59.35,30.15,66.17,6.39,41.54,watermelon,Zaid,6,HR
68.57,62.75,41.48,23.54,70.15,7.21,46.21,watermelon,Zaid,5,TN
61.67,33.49,59.78,25.98,65.71,5.99,67.65,watermelon,Zaid,3,HR
54.38,38.42,58.84,26.32,55.41,6.34,47.64,watermelon,Zaid,4,HR
66.49,47.78,57.42,23.42,56.01,6.41,37.25,watermelon,Zaid,5,TN
67.26,70.57,53.85,30.4,62.14,6.73,52.62,watermelon,Zaid,4,AP
83.05,33.69,89.1,34.83,60.73,6.78,51.86,watermelon,Zaid,5,AP
56.35,62.38,79.98,35.56,69.32,6.49,43.83,watermelon,Zaid,5,HR
92.79,31.38,51.33,23.18,76.95,6.71,43.17,watermelon,Zaid,6,UP
102.74,37.14,92.92,21.53,67.47,6.79,41.78,watermelon,Zaid,6,TN
103.47,61.58,44.87,30.46,66.73,6.67,35.5,watermelon,Zaid,5,PB
79.25,40.97,79.44,26.84,66.9,6.1,40.71,watermelon,Zaid,4,UP
100.06,39.03,73.46,27.21,57.21,6.85,49.89,watermelon,Zaid,4,UP
87.1,69.43,51.66,30.31,53.81,6.63,43.61,watermelon,Zaid,6,UP
69.94,46.06,80.56,30.54,60.32,5.96,28.2,watermelon,Zaid,3,AP
58.03,51.02,83.0,29.49,64.03,6.74,73.48,watermelon,Zaid,6,TN
75.76,80.44,58.79,35.0,62.56,5.92,59.31,watermelon,Zaid,6,TN
66.83,57.89,52.87,29.92,69.15,6.39,55.01,watermelon,Zaid,6,TN
93.22,53.7,60.96,28.19,65.47,6.4,46.05,watermelon,Zaid,4,HR
93.55,66.26,35.8,27.16,75.81,6.84,47.52,watermelon,Zaid,4,HR
110.26,37.2,52.82,27.35,83.04,7.02,52.0,watermelon,Zaid,6,TN
67.78,59.25,66.58,22.53,78.34,6.36,44.81,watermelon,Zaid,3,PB
70.44,41.15,58.66,28.61,72.45,7.0,50.54,watermelon,Zaid,5,UP
62.13,52.36,69.73,28.61,62.15,6.82,33.17,watermelon,Zaid,4,AP
69.85,63.63,54.67,24.51,60.11,6.55,85.0,watermelon,Zaid,3,HR
64.27,37.55,89.2,32.95,52.05,6.72,35.96,watermelon,Zaid,5,AP
97.04,42.34,91.37,23.1,78.83,6.28,44.26,watermelon,Zaid,6,TN
105.06,74.45,42.41,25.65,74.38,7.04,16.4,watermelon,Zaid,3,TN
57.47,43.45,73.84,29.97,58.77,6.2,45.76,watermelon,Zaid,5,UP
97.18,52.58,45.76,32.37,59.51,5.74,73.77,watermelon,Zaid,5,HR
55.45,29.42,65.13,32.84,63.74,6.2,72.35,watermelon,Zaid,6,UP
85.22,66.5,65.17,20.31,76.96,6.78,45.91,watermelon,Zaid,6,PB
103.91,58.49,50.15,28.27,57.72,6.78,71.3,watermelon,Zaid,4,AP
70.63,61.52,49.68,26.31,79.68,6.44,49.57,watermelon,Zaid,3,HR
88.92,36.25,63.21,27.0,76.45,6.86,61.94,watermelon,Zaid,5,AP
56.44,54.66,66.02,25.88,64.46,6.94,27.69,watermelon,Zaid,3,HR
108.07,24.36,49.68,37.12,79.41,5.91,67.81,watermelon,Zaid,5,HR
58.4,69.0,55.35,25.71,72.32,6.33,39.38,watermelon,Zaid,6,UP
67.03,72.59,44.57,27.33,66.89,6.36,72.95,watermelon,Zaid,4,TN
63.77,47.97,74.66,24.21,68.74,6.07,74.32,watermelon,Zaid,3,PB
87.83,71.21,87.13,30.76,63.33,6.32,51.15,watermelon,Zaid,4,TN
66.98,64.49,88.42,29.73,61.01,6.46,60.23,watermelon,Zaid,5,AP
61.57,75.7,81.11,21.14,78.05,6.8,57.64,watermelon,Zaid,3,HR
63.88,50.81,57.51,32.15,70.76,6.99,52.45,watermelon,Zaid,4,PB
49.73,59.3,72.73,35.02,66.25,6.21,35.39,watermelon,Zaid,3,TN
91.76,54.5,42.41,29.09,64.47,5.73,44.17,watermelon,Zaid,6,HR
79.14,32.64,51.72,19.71,60.71,6.18,27.34,watermelon,Zaid,5,AP
78.11,56.13,62.61,25.11,74.6,5.84,47.84,watermelon,Zaid,5,PB
68.31,41.48,57.12,27.97,58.14,5.81,52.0,watermelon,Zaid,6,UP
70.84,36.92,79.14,32.16,77.0,6.54,56.56,watermelon,Zaid,6,HR
63.89,42.18,72.39,25.18,62.87,6.77,39.35,watermelon,Zaid,5,TN
107.88,77.56,41.67,34.08,70.07,6.13,18.7,watermelon,Zaid,6,AP
74.95,33.45,87.96,31.34,52.43,5.98,64.51,watermelon,Zaid,4,UP
67.61,45.59,75.15,23.64,52.67,6.62,36.31,watermelon,Zaid,3,TN
102.52,67.99,56.51,26.21,69.71,6.28,35.66,watermelon,Zaid,6,PB
84.47,62.76,59.18,26.45,71.1,6.35,46.02,watermelon,Zaid,3,UP
52.53,71.03,65.95,31.22,63.73,5.95,36.62,watermelon,Zaid,5,AP
55.08,69.36,58.88,33.9,69.88,6.83,59.19,watermelon,Zaid,3,HR
85.85,66.22,75.72,24.31,65.85,6.97,61.89,watermelon,Zaid,5,AP
90.07,58.23,46.1,27.33,76.48,6.9,53.99,watermelon,Zaid,6,HR
84.12,57.65,53.22,24.63,67.2,7.29,42.7,watermelon,Zaid,6,TN
60.26,55.72,46.63,24.58,57.31,6.27,41.94,watermelon,Zaid,4,AP
99.25,63.92,56.14,26.57,74.43,6.54,34.21,watermelon,Zaid,6,AP
45.95,25.41,72.55,29.65,76.73,6.07,39.56,watermelon,Zaid,4,AP
62.74,74.76,74.18,30.8,65.94,6.24,43.49,watermelon,Zaid,6,TN
81.06,48.82,85.88,28.65,75.38,5.7,34.87,watermelon,Zaid,5,AP
113.51,30.9,93.22,31.8,68.19,5.99,45.12,watermelon,Zaid,4,HR
95.3,34.59,67.84,19.36,75.9,6.5,71.98,watermelon,Zaid,6,TN
65.33,62.29,79.42,24.23,55.69,7.15,60.36,watermelon,Zaid,5,AP
85.75,37.04,82.32,30.9,61.99,6.75,71.83,watermelon,Zaid,6,UP
75.54,26.93,78.46,30.76,76.61,6.19,31.89,watermelon,Zaid,4,HR
98.49,59.58,52.83,30.83,71.34,5.98,85.0,watermelon,Zaid,3,PB
65.41,67.41,47.7,26.18,68.02,6.94,47.69,watermelon,Zaid,4,HR
84.06,57.12,77.61,31.36,74.15,6.93,45.62,watermelon,Zaid,3,UP
63.18,81.85,83.9,32.51,74.19,5.91,27.63,watermelon,Zaid,3,UP
76.44,65.93,34.5,32.83,62.07,6.03,24.34,watermelon,Zaid,3,AP
72.59,52.53,56.38,27.59,63.87,6.94,66.41,watermelon,Zaid,5,TN
99.47,45.85,66.7,26.79,66.96,6.4,27.05,watermelon,Zaid,4,PB
65.75,57.41,63.32,29.57,66.94,6.26,58.11,watermelon,Zaid,6,HR
71.87,41.13,63.18,25.26,59.78,6.8,24.63,watermelon,Zaid,5,HR
69.05,37.97,46.48,34.98,83.35,6.27,40.98,watermelon,Zaid,6,AP
78.35,43.51,87.97,24.15,71.75,6.77,39.61,watermelon,Zaid,4,UP
71.17,33.08,74.95,24.62,63.13,6.23,52.1,watermelon,Zaid,4,AP
105.78,71.84,41.5,29.62,74.89,6.02,49.95,watermelon,Zaid,5,HR
99.05,42.34,43.75,34.08,62.87,6.87,42.52,watermelon,Zaid,4,TN
70.29,50.72,49.63,22.4,69.54,5.99,43.65,watermelon,Zaid,6,AP
53.36,31.74,78.09,22.44,54.36,6.74,42.45,watermelon,Zaid,3,HR
50.71,52.59,71.59,28.93,67.94,6.36,29.86,watermelon,Zaid,6,HR
92.79,55.09,92.28,23.0,77.72,5.96,40.27,watermelon,Zaid,3,UP
79.3,69.29,86.69,32.75,63.77,6.47,61.05,watermelon,Zaid,4,TN
84.63,75.98,52.69,33.15,66.41,6.28,36.33,watermelon,Zaid,6,TN
102.1,77.84,65.93,35.62,59.05,6.51,58.95,watermelon,Zaid,4,AP
108.61,38.83,84.2,23.87,69.46,7.1,33.9,watermelon,Zaid,3,HR
96.36,33.69,41.61,31.87,75.07,5.88,49.98,watermelon,Zaid,5,UP
67.43,77.11,66.18,30.24,77.54,6.71,57.41,watermelon,Zaid,4,PB
91.83,27.7,66.8,27.25,69.32,6.07,54.64,watermelon,Zaid,4,HR
79.24,46.53,68.86,32.06,65.76,6.24,52.22,watermelon,Zaid,5,UP
96.73,37.42,59.89,25.76,63.15,6.33,20.56,watermelon,Zaid,6,HR
88.26,31.21,42.66,37.18,56.73,6.18,41.72,watermelon,Zaid,4,TN
76.09,62.1,71.83,28.5,62.46,6.16,56.89,watermelon,Zaid,6,PB
55.72,57.66,82.02,36.75,70.15,6.6,48.29,watermelon,Zaid,3,TN
106.16,45.53,76.4,21.57,70.62,6.19,58.16,watermelon,Zaid,5,HR
73.86,59.57,82.34,25.41,63.83,6.55,45.97,watermelon,Zaid,5,AP
60.1,61.98,80.55,21.25,78.46,6.1,74.25,watermelon,Zaid,5,UP
54.51,30.8,79.78,32.76,73.48,6.62,27.82,watermelon,Zaid,5,TN
65.61,75.56,53.27,24.44,64.05,6.43,37.96,watermelon,Zaid,5,HR
92.84,53.13,71.72,33.14,59.03,7.02,48.97,watermelon,Zaid,5,HR
96.98,60.12,63.02,26.89,55.18,6.8,42.71,watermelon,Zaid,3,TN
85.88,56.97,41.3,25.97,65.46,6.62,32.37,watermelon,Zaid,3,HR
77.51,73.74,62.79,35.66,68.35,6.9,44.66,watermelon,Zaid,6,TN
85.86,58.94,80.63,30.77,64.51,6.43,60.27,watermelon,Zaid,4,AP
70.88,53.81,85.11,29.22,68.87,6.46,45.36,watermelon,Zaid,6,TN
82.48,52.57,64.68,22.06,77.6,6.91,38.93,watermelon,Zaid,5,PB
76.83,68.89,46.68,26.68,59.65,6.77,31.5,watermelon,Zaid,4,AP
102.41,73.82,55.32,22.28,78.47,6.26,49.15,watermelon,Zaid,5,UP
75.95,68.76,65.5,25.31,68.68,6.34,54.14,watermelon,Zaid,6,AP
71.08,56.21,86.8,34.74,60.46,6.13,30.55,watermelon,Zaid,3,UP
95.04,72.28,36.49,23.28,64.2,6.4,46.08,watermelon,Zaid,5,TN
99.82,69.7,44.64,34.63,78.65,6.96,45.18,watermelon,Zaid,5,AP
71.43,51.19,47.01,32.95,60.93,6.36,48.16,watermelon,Zaid,6,PB
91.82,45.92,67.84,22.49,77.55,6.35,58.22,watermelon,Zaid,6,UP
71.61,71.0,68.12,23.96,64.39,7.27,52.71,watermelon,Zaid,3,AP
81.31,34.05,41.91,32.01,78.11,6.82,27.2,watermelon,Zaid,3,TN
97.34,43.04,65.19,28.89,55.39,6.24,32.0,watermelon,Zaid,6,AP
66.34,56.3,63.09,29.76,74.25,6.14,61.74,watermelon,Zaid,3,UP
71.86,33.98,87.93,26.48,73.11,6.31,35.8,watermelon,Zaid,6,HR
54.53,38.49,63.14,27.02,65.18,6.5,51.94,watermelon,Zaid,3,AP
65.37,54.05,75.01,27.78,72.31,7.08,56.72,watermelon,Zaid,5,UP
107.07,62.13,57.3,26.15,54.68,6.87,32.9,watermelon,Zaid,5,UP
60.57,79.24,86.51,28.32,72.67,6.81,81.3,watermelon,Zaid,6,AP
96.5,73.64,74.51,32.1,55.16,6.52,66.82,watermelon,Zaid,5,TN
70.41,54.48,96.56,25.86,84.81,6.67,59.18,watermelon,Zaid,4,TN
75.69,39.99,55.02,22.27,71.55,6.25,62.02,watermelon,Zaid,3,HR
72.35,40.44,66.34,33.7,80.54,6.21,56.63,watermelon,Zaid,3,HR
79.39,75.57,86.13,31.61,54.54,6.54,53.01,watermelon,Zaid,5,HR
83.48,54.77,45.42,31.86,75.8,6.61,16.58,watermelon,Zaid,5,PB
75.3,57.32,87.39,29.78,81.85,7.06,27.07,watermelon,Zaid,5,HR
84.84,46.6,57.11,25.01,73.52,7.16,51.27,watermelon,Zaid,3,TN
64.1,39.48,82.17,28.86,60.37,6.68,73.41,watermelon,Zaid,3,AP
91.91,36.32,58.3,25.28,73.96,6.29,41.81,watermelon,Zaid,5,AP
61.73,43.41,40.03,33.53,62.34,6.39,76.2,watermelon,Zaid,4,PB
103.95,55.24,67.53,28.0,69.51,6.85,71.49,watermelon,Zaid,3,UP
64.33,31.84,62.27,27.33,62.62,7.15,56.2,watermelon,Zaid,4,TN
110.93,41.66,53.37,29.76,55.85,6.66,75.12,watermelon,Zaid,3,HR
76.05,56.75,72.22,34.1,60.09,6.8,79.5,watermelon,Zaid,5,AP
101.51,35.75,74.75,29.81,77.18,7.0,63.65,watermelon,Zaid,5,PB
56.45,29.36,91.64,31.73,52.22,6.97,56.33,watermelon,Zaid,6,TN
94.92,42.51,80.05,31.01,67.42,6.36,55.4,watermelon,Zaid,6,TN
65.27,58.48,59.6,25.35,67.5,6.76,52.07,watermelon,Zaid,4,HR
99.29,43.34,81.66,23.81,57.69,6.39,53.62,watermelon,Zaid,6,TN
68.04,44.36,75.13,33.62,72.06,6.81,71.43,watermelon,Zaid,6,UP
103.6,70.29,50.23,26.83,66.56,6.85,29.45,watermelon,Zaid,3,PB
76.44,51.86,52.25,30.8,67.01,6.91,65.14,watermelon,Zaid,3,TN
72.26,48.46,79.17,22.25,73.58,6.26,43.17,watermelon,Zaid,4,HR
98.5,68.24,80.09,24.5,79.45,6.06,30.64,watermelon,Zaid,5,HR
67.07,59.34,86.02,24.6,60.55,7.13,71.31,watermelon,Zaid,3,HR
104.79,77.36,81.45,28.4,64.68,6.33,73.86,watermelon,Zaid,4,TN
79.02,33.28,82.87,32.74,69.44,6.5,57.18,watermelon,Zaid,6,UP
72.08,78.48,67.81,21.66,78.56,6.54,64.68,watermelon,Zaid,6,PB
87.36,51.61,73.92,31.02,67.43,6.43,43.8,watermelon,Zaid,5,TN
52.15,49.32,37.02,28.21,71.42,6.58,53.09,watermelon,Zaid,5,PB
112.59,42.91,85.02,24.29,70.52,7.05,55.87,watermelon,Zaid,5,AP
92.03,55.37,90.65,28.69,59.31,5.92,22.26,watermelon,Zaid,5,TN
61.26,65.22,47.18,34.41,61.96,5.89,57.22,watermelon,Zaid,3,PB
102.09,46.72,68.84,31.81,69.07,7.02,64.22,watermelon,Zaid,3,PB
64.39,59.73,56.39,34.23,74.42,6.84,36.92,watermelon,Zaid,4,AP
91.4,75.83,66.0,24.49,71.88,6.68,39.82,watermelon,Zaid,6,UP
108.85,77.07,43.81,22.99,63.75,6.48,64.19,watermelon,Zaid,6,AP
88.47,44.98,53.37,33.77,52.45,6.94,61.45,watermelon,Zaid,3,UP
54.8,69.66,76.43,34.7,80.37,6.96,46.81,watermelon,Zaid,4,AP
93.22,52.45,81.06,27.01,68.73,6.58,70.64,watermelon,Zaid,4,TN
65.14,32.43,75.96,28.87,55.11,6.74,68.15,watermelon,Zaid,3,UP
59.64,61.98,99.53,34.32,68.64,5.87,68.44,watermelon,Zaid,6,TN
68.66,66.33,94.53,22.79,76.0,6.14,77.01,muskmelon,Zaid,5,RJ
92.74,64.8,68.72,26.53,73.13,6.66,40.62,muskmelon,Zaid,5,PB
76.6,19.6,43.45,32.03,63.1,6.84,53.34,muskmelon,Zaid,3,UP
42.25,63.83,72.13,29.52,80.11,5.84,37.78,muskmelon,Zaid,3,RJ
46.07,25.97,44.02,23.82,55.87,6.28,32.67,muskmelon,Zaid,5,PB
57.69,26.21,42.14,28.6,67.14,6.61,70.01,muskmelon,Zaid,3,AP
49.41,59.19,80.32,31.38,80.76,6.93,77.87,muskmelon,Zaid,4,AP
80.74,66.54,44.67,30.1,72.47,6.13,36.29,muskmelon,Zaid,3,RJ
71.29,60.12,63.84,28.4,73.66,6.51,78.61,muskmelon,Zaid,4,HR
99.92,29.61,88.09,24.39,68.31,6.76,65.02,muskmelon,Zaid,5,UP
83.01,73.2,80.52,30.21,59.96,6.2,46.55,muskmelon,Zaid,3,PB
88.71,50.73,70.16,27.83,72.74,6.03,85.0,muskmelon,Zaid,6,RJ
56.28,56.65,54.63,25.46,65.5,5.99,82.71,muskmelon,Zaid,5,HR
95.14,28.86,46.17,27.99,75.53,6.06,43.85,muskmelon,Zaid,3,PB
79.15,33.63,77.91,23.34,80.14,6.37,35.65,muskmelon,Zaid,3,RJ
55.89,68.54,81.86,32.17,67.44,7.15,39.39,muskmelon,Zaid,5,HR
75.94,60.63,82.02,29.41,61.66,6.77,39.15,muskmelon,Zaid,6,HR
46.93,26.43,69.54,23.19,71.71,6.42,31.02,muskmelon,Zaid,4,PB
44.37,42.74,94.04,21.6,68.67,6.26,64.95,muskmelon,Zaid,4,UP
52.61,48.72,67.72,23.6,65.37,6.42,58.09,muskmelon,Zaid,3,RJ
74.44,55.75,43.67,21.79,63.85,5.92,39.97,muskmelon,Zaid,4,AP
46.17,35.9,46.01,22.01,75.45,6.54,22.89,muskmelon,Zaid,4,HR
96.67,48.06,71.02,29.1,56.19,6.68,69.84,muskmelon,Zaid,4,RJ
77.33,44.19,47.18,30.4,77.48,6.35,71.31,muskmelon,Zaid,4,HR
52.25,56.17,61.08,25.8,71.21,6.85,33.47,muskmelon,Zaid,6,PB
69.23,42.29,78.82,31.65,57.72,6.62,33.65,muskmelon,Zaid,6,RJ
84.4,48.28,30.26,22.35,52.91,6.77,47.62,muskmelon,Zaid,4,AP
96.59,68.52,86.83,23.71,62.96,6.88,64.46,muskmelon,Zaid,6,PB
81.96,55.42,52.41,22.15,75.17,5.81,36.02,muskmelon,Zaid,4,PB
46.06,36.72,80.0,29.52,56.35,7.04,47.9,muskmelon,Zaid,4,AP
82.93,73.88,60.67,25.85,66.88,6.43,34.89,muskmelon,Zaid,6,HR
94.94,71.99,48.95,30.56,66.13,6.64,55.96,muskmelon,Zaid,3,RJ
65.41,59.9,65.5,23.45,64.42,6.7,36.48,muskmelon,Zaid,4,AP
87.68,63.39,56.14,36.03,62.89,6.58,72.62,muskmelon,Zaid,5,PB
74.2,38.84,50.06,23.81,58.9,6.71,62.8,muskmelon,Zaid,3,UP
96.87,65.93,44.23,33.03,78.47,6.18,49.2,muskmelon,Zaid,4,PB
70.52,57.06,78.61,30.31,75.32,6.66,24.39,muskmelon,Zaid,4,HR
65.98,68.91,34.14,28.35,73.47,6.58,46.58,muskmelon,Zaid,4,AP
70.97,52.41,75.78,29.19,64.45,6.41,32.82,muskmelon,Zaid,4,RJ
58.36,66.91,86.97,28.75,70.18,7.09,41.33,muskmelon,Zaid,5,HR
44.48,55.87,48.11,29.29,57.7,6.69,37.45,muskmelon,Zaid,4,HR
46.94,80.45,77.83,30.51,60.8,6.25,47.83,muskmelon,Zaid,5,PB
86.28,22.06,64.02,27.61,77.35,6.32,49.61,muskmelon,Zaid,4,HR
64.69,57.56,81.02,27.04,68.78,6.57,71.25,muskmelon,Zaid,3,UP
62.3,25.81,66.68,23.41,79.04,6.42,30.94,muskmelon,Zaid,5,AP
81.93,58.24,79.96,31.87,70.31,6.5,66.79,muskmelon,Zaid,3,PB
48.82,39.45,73.99,26.1,80.19,6.38,54.56,muskmelon,Zaid,3,RJ
52.73,30.08,56.09,24.92,60.68,6.08,63.99,muskmelon,Zaid,3,PB
70.48,72.26,41.3,21.71,69.81,6.14,44.99,muskmelon,Zaid,6,PB
41.8,31.27,62.31,27.22,64.7,6.12,64.9,muskmelon,Zaid,4,PB
91.37,58.43,80.47,33.84,57.73,6.93,39.81,muskmelon,Zaid,4,RJ
94.42,45.19,53.43,28.5,78.63,6.81,37.79,muskmelon,Zaid,6,RJ
54.44,30.0,52.61,29.39,68.38,6.39,54.84,muskmelon,Zaid,4,UP
48.29,49.98,83.2,31.56,81.77,6.01,76.3,muskmelon,Zaid,3,RJ
36.47,65.87,78.08,33.28,63.88,6.11,42.95,muskmelon,Zaid,6,AP
56.07,30.03,38.01,23.58,67.76,6.5,45.16,muskmelon,Zaid,4,HR
89.65,54.62,47.83,24.45,71.01,6.19,39.62,muskmelon,Zaid,4,RJ
73.56,35.58,81.65,26.87,64.06,6.2,49.96,muskmelon,Zaid,4,PB
89.69,67.83,66.41,28.5,54.23,6.46,76.12,muskmelon,Zaid,5,AP
70.38,51.5,48.06,33.57,61.8,6.52,55.7,muskmelon,Zaid,4,AP
68.14,38.94,79.4,23.19,79.5,5.7,49.95,muskmelon,Zaid,4,PB
77.48,44.06,73.13,33.36,54.71,6.75,33.87,muskmelon,Zaid,5,UP
65.59,47.36,86.83,29.03,51.8,6.87,25.15,muskmelon,Zaid,5,RJ
66.79,32.98,30.58,31.31,57.7,6.82,31.82,muskmelon,Zaid,4,RJ
52.96,17.0,76.27,27.0,58.98,6.79,44.79,muskmelon,Zaid,3,UP
80.75,76.77,80.51,19.76,55.24,6.79,43.2,muskmelon,Zaid,3,UP
66.87,66.41,61.26,26.99,71.66,6.4,34.66,muskmelon,Zaid,5,PB
55.77,27.34,36.52,34.69,80.77,6.07,44.83,muskmelon,Zaid,5,RJ
59.49,74.43,51.88,32.68,75.28,6.31,67.91,muskmelon,Zaid,5,HR
105.51,66.52,82.87,27.4,65.88,6.6,20.77,muskmelon,Zaid,3,RJ
76.63,63.9,48.35,20.87,52.03,6.18,19.47,muskmelon,Zaid,6,AP
91.61,17.86,74.94,28.49,57.19,7.02,55.5,muskmelon,Zaid,4,RJ
75.21,57.17,72.73,32.38,60.74,6.51,58.64,muskmelon,Zaid,4,HR
73.95,50.46,47.78,30.07,59.83,6.23,54.31,muskmelon,Zaid,3,AP
60.48,31.61,54.37,31.26,61.41,6.09,49.02,muskmelon,Zaid,4,HR
55.29,55.92,62.09,34.77,75.76,6.71,46.95,muskmelon,Zaid,6,PB
103.19,28.18,60.77,31.8,62.34,6.81,68.71,muskmelon,Zaid,3,AP
91.1,57.56,36.18,27.79,72.58,6.49,83.96,muskmelon,Zaid,4,UP
79.98,29.44,59.07,24.91,53.55,6.43,50.53,muskmelon,Zaid,6,UP
56.04,36.29,59.19,33.8,73.55,7.05,37.62,muskmelon,Zaid,5,HR
69.81,64.69,53.8,30.93,65.01,6.69,47.72,muskmelon,Zaid,5,AP
63.55,72.51,43.33,22.66,74.4,6.44,66.36,muskmelon,Zaid,3,PB
56.5,35.25,79.56,34.85,63.11,6.9,67.66,muskmelon,Zaid,3,AP
97.42,76.42,78.92,28.39,72.1,6.0,22.86,muskmelon,Zaid,5,RJ
97.81,27.17,51.01,23.64,63.51,6.91,43.45,muskmelon,Zaid,3,PB
56.88,41.51,81.71,27.5,74.2,6.33,33.25,muskmelon,Zaid,3,PB
59.36,37.31,36.01,24.67,65.88,6.68,38.98,muskmelon,Zaid,3,RJ
88.11,38.14,30.73,27.98,62.12,7.1,49.46,muskmelon,Zaid,4,RJ
45.08,67.2,48.85,21.95,67.08,6.16,69.97,muskmelon,Zaid,3,PB
68.86,25.97,65.65,23.56,66.64,6.02,20.04,muskmelon,Zaid,3,AP
81.55,31.39,49.13,25.57,61.56,6.63,68.34,muskmelon,Zaid,5,RJ
92.84,28.91,91.46,21.55,75.83,6.44,41.09,muskmelon,Zaid,6,UP
95.39,52.76,70.31,31.8,66.18,6.84,35.71,muskmelon,Zaid,4,UP
45.05,63.9,48.37,30.57,62.65,6.57,40.54,muskmelon,Zaid,4,RJ
69.16,45.08,81.14,25.29,58.66,7.13,33.64,muskmelon,Zaid,5,AP
59.79,48.39,73.52,27.19,75.17,6.35,36.42,muskmelon,Zaid,6,RJ
54.16,68.32,66.69,28.62,76.11,6.69,44.32,muskmelon,Zaid,6,PB
45.92,56.96,71.14,24.59,75.77,6.93,15.0,muskmelon,Zaid,6,UP
59.86,32.38,62.65,31.8,62.79,6.73,39.8,muskmelon,Zaid,4,AP
75.94,64.11,85.96,24.11,66.02,7.1,50.62,muskmelon,Zaid,6,PB
87.87,36.92,25.06,28.06,71.86,6.72,54.23,muskmelon,Zaid,6,RJ
82.85,55.79,68.99,23.99,73.72,6.73,73.06,muskmelon,Zaid,5,AP
59.04,25.1,59.53,32.87,65.13,7.12,21.51,muskmelon,Zaid,6,UP
55.48,31.43,72.11,31.21,63.21,6.6,40.1,muskmelon,Zaid,3,AP
86.99,69.06,60.39,24.01,74.31,6.8,32.1,muskmelon,Zaid,4,RJ
89.87,62.31,54.73,20.97,60.37,5.84,49.35,muskmelon,Zaid,4,HR
69.06,34.4,72.89,28.4,60.52,6.39,73.19,muskmelon,Zaid,5,UP
93.53,62.63,48.07,21.29,77.03,6.54,85.0,muskmelon,Zaid,4,HR
98.6,32.54,44.56,28.9,64.8,5.83,38.51,muskmelon,Zaid,4,UP
50.29,25.82,75.73,31.19,66.19,6.01,73.5,muskmelon,Zaid,3,AP
67.1,52.81,69.16,28.62,77.75,6.83,41.91,muskmelon,Zaid,5,RJ
93.59,29.91,52.95,28.35,57.92,6.39,54.43,muskmelon,Zaid,5,PB
60.17,75.47,70.93,22.53,69.56,6.45,44.59,muskmelon,Zaid,5,PB
41.06,26.08,51.68,28.67,82.03,6.27,33.94,muskmelon,Zaid,5,RJ
88.95,62.53,84.37,34.78,73.78,6.25,39.25,muskmelon,Zaid,5,UP
72.03,57.51,66.28,26.99,64.45,6.58,57.8,muskmelon,Zaid,4,RJ
63.08,68.64,79.58,28.75,54.69,6.58,39.69,muskmelon,Zaid,4,HR
58.94,60.36,65.85,28.87,63.07,6.38,50.24,muskmelon,Zaid,4,AP
69.41,28.12,81.97,31.63,66.23,5.81,70.44,muskmelon,Zaid,6,HR
56.63,67.62,67.88,26.55,78.46,6.5,47.47,muskmelon,Zaid,4,HR
82.31,75.75,55.65,33.06,55.23,6.61,45.31,muskmelon,Zaid,3,UP
62.99,45.54,76.96,29.75,68.66,6.4,71.33,muskmelon,Zaid,4,RJ
86.88,47.24,54.95,32.7,74.41,6.48,41.3,muskmelon,Zaid,3,AP
72.59,63.56,53.05,28.98,79.06,6.5,44.0,muskmelon,Zaid,3,UP
46.27,21.11,42.04,20.58,61.16,6.04,55.99,muskmelon,Zaid,3,RJ
52.31,31.9,38.8,32.16,63.49,7.14,42.46,muskmelon,Zaid,5,PB
49.57,46.6,74.16,28.62,65.74,6.65,38.87,muskmelon,Zaid,3,PB
72.86,33.05,66.31,25.17,56.01,6.8,43.97,muskmelon,Zaid,5,UP
99.88,51.47,77.92,28.27,56.72,6.39,46.15,muskmelon,Zaid,3,UP
74.39,56.15,41.95,27.97,63.83,6.17,74.24,muskmelon,Zaid,3,HR
76.67,52.92,58.81,31.79,54.62,6.24,56.17,muskmelon,Zaid,5,AP
83.16,33.43,38.01,25.44,65.76,6.5,30.63,muskmelon,Zaid,6,AP
58.96,29.42,34.99,34.61,69.4,7.09,46.15,muskmelon,Zaid,5,RJ
75.41,58.84,50.77,28.77,69.34,6.75,54.53,muskmelon,Zaid,4,RJ
44.09,75.39,71.34,27.24,68.12,6.24,61.12,muskmelon,Zaid,6,RJ
102.29,70.9,39.58,29.7,74.31,6.36,50.02,muskmelon,Zaid,6,PB
61.67,36.61,37.35,24.76,73.9,6.45,56.98,muskmelon,Zaid,5,HR
51.57,52.29,69.57,31.58,75.37,6.48,62.33,muskmelon,Zaid,5,UP
55.44,30.56,55.93,23.75,55.74,5.85,78.65,muskmelon,Zaid,6,RJ
44.64,35.23,43.09,37.07,64.69,6.74,33.04,muskmelon,Zaid,6,RJ
77.99,57.1,41.9,35.95,71.26,6.46,78.23,muskmelon,Zaid,5,HR
86.5,45.32,54.75,34.53,58.98,6.14,43.07,muskmelon,Zaid,6,AP
72.56,31.85,51.64,23.8,76.75,6.65,60.27,muskmelon,Zaid,3,RJ
94.49,53.61,45.07,36.35,67.89,6.54,76.01,muskmelon,Zaid,5,AP
73.51,64.33,46.74,31.88,63.2,6.85,38.72,muskmelon,Zaid,5,AP
79.5,53.92,59.12,25.8,69.27,5.75,19.06,muskmelon,Zaid,3,RJ
90.7,52.27,52.6,26.01,60.6,6.23,45.45,muskmelon,Zaid,4,AP
96.36,42.45,73.51,25.87,74.71,6.07,60.6,muskmelon,Zaid,3,RJ
68.25,42.25,42.09,32.03,77.76,5.82,38.22,muskmelon,Zaid,6,UP
48.26,39.84,61.61,34.03,58.33,7.07,36.75,muskmelon,Zaid,6,HR
81.6,68.48,66.19,33.21,66.88,6.56,55.17,muskmelon,Zaid,6,RJ
93.54,55.2,53.28,27.69,74.55,6.01,40.38,muskmelon,Zaid,6,RJ
80.34,29.6,75.11,29.69,59.0,6.38,57.3,muskmelon,Zaid,4,RJ
62.32,71.91,46.95,31.08,67.58,6.91,47.22,muskmelon,Zaid,4,AP
90.17,70.35,25.0,30.91,54.28,5.96,49.92,muskmelon,Zaid,3,UP
59.41,71.2,71.73,33.33,78.38,6.78,35.35,muskmelon,Zaid,3,UP
91.82,67.73,68.24,31.54,70.98,6.66,57.12,muskmelon,Zaid,6,PB
69.4,31.47,63.85,22.36,74.63,6.96,64.17,muskmelon,Zaid,4,UP
50.87,40.99,51.52,35.08,66.69,5.94,62.29,muskmelon,Zaid,6,PB
62.77,31.26,83.08,31.56,76.33,6.7,52.92,muskmelon,Zaid,4,HR
54.29,54.65,46.82,23.82,76.09,7.03,57.67,muskmelon,Zaid,5,PB
88.18,69.41,46.45,27.82,57.49,5.82,42.71,muskmelon,Zaid,4,PB
51.64,30.71,78.94,25.62,58.47,6.52,58.13,muskmelon,Zaid,5,UP
64.78,51.32,46.71,27.36,62.16,7.02,73.62,muskmelon,Zaid,3,PB
91.28,75.92,46.05,36.77,59.4,6.82,24.73,muskmelon,Zaid,3,UP
70.47,43.51,76.5,32.85,78.23,6.01,64.37,muskmelon,Zaid,3,RJ
74.41,49.03,76.9,30.26,74.78,6.85,70.46,muskmelon,Zaid,4,UP
84.85,37.66,80.87,35.51,63.28,6.98,54.03,muskmelon,Zaid,4,RJ
52.49,41.69,79.96,33.83,70.22,6.87,38.0,muskmelon,Zaid,5,PB
73.66,63.36,35.43,23.1,75.92,6.1,39.71,muskmelon,Zaid,3,PB
63.43,72.12,50.48,22.52,71.1,6.46,35.41,muskmelon,Zaid,4,PB
104.88,46.5,44.64,32.61,68.8,6.46,49.67,muskmelon,Zaid,6,AP
82.92,54.05,72.45,29.1,79.98,6.61,59.37,muskmelon,Zaid,3,HR
81.74,49.16,85.04,29.64,68.42,7.09,35.22,muskmelon,Zaid,6,UP
82.32,73.17,42.67,31.97,52.69,6.62,74.05,muskmelon,Zaid,3,HR
49.38,52.12,70.52,33.33,56.62,6.63,66.9,muskmelon,Zaid,4,PB
68.7,37.69,54.61,22.81,76.23,6.72,56.46,muskmelon,Zaid,4,UP
55.77,55.4,74.05,30.73,59.9,6.3,59.89,muskmelon,Zaid,5,UP
69.84,25.47,82.26,30.48,61.95,6.93,48.87,muskmelon,Zaid,3,PB
90.05,40.45,48.95,26.48,63.48,6.78,38.71,muskmelon,Zaid,6,HR
45.73,68.96,36.73,27.17,79.51,6.62,60.69,cucumber,Zaid,6,WB
59.35,22.18,34.2,27.2,84.83,6.42,52.1,cucumber,Zaid,3,HR
54.74,58.2,46.35,28.6,75.63,6.6,59.88,cucumber,Zaid,5,HR
61.13,63.1,34.33,21.24,77.69,5.98,45.33,cucumber,Zaid,3,WB
75.7,54.64,38.88,20.65,75.2,6.74,62.04,cucumber,Zaid,5,WB
61.87,28.36,75.52,23.05,66.04,6.14,74.83,cucumber,Zaid,6,WB
66.6,43.42,80.07,23.72,79.96,6.47,32.59,cucumber,Zaid,4,PB
82.83,66.41,39.36,22.5,62.21,6.36,75.25,cucumber,Zaid,4,OD
32.0,61.26,67.74,27.08,61.93,6.47,29.91,cucumber,Zaid,3,PB
76.6,37.46,49.41,24.35,65.45,6.49,95.0,cucumber,Zaid,4,OD
66.21,60.58,69.53,27.59,85.93,6.68,64.69,cucumber,Zaid,5,HR
67.23,48.72,45.53,28.92,65.95,6.83,54.85,cucumber,Zaid,6,HR
54.33,49.59,58.58,32.41,62.77,6.5,79.52,cucumber,Zaid,4,HR
92.96,48.99,51.56,28.4,63.72,6.49,48.97,cucumber,Zaid,6,WB
77.51,59.76,74.61,22.02,74.97,6.01,53.62,cucumber,Zaid,5,UP
82.21,38.8,40.15,28.57,69.42,6.03,68.11,cucumber,Zaid,4,UP
80.01,45.26,50.34,26.13,78.69,5.7,45.6,cucumber,Zaid,5,WB
76.12,28.0,56.87,24.35,69.47,5.96,71.21,cucumber,Zaid,5,WB
78.6,56.58,46.19,25.65,67.85,6.96,60.79,cucumber,Zaid,5,HR
69.02,33.46,60.15,24.61,87.08,6.0,48.16,cucumber,Zaid,6,OD
54.51,23.89,75.46,26.87,61.71,6.53,80.03,cucumber,Zaid,3,UP
92.77,42.72,66.23,29.37,72.65,6.34,81.02,cucumber,Zaid,3,PB
59.28,40.55,69.16,26.33,87.34,6.05,52.25,cucumber,Zaid,4,WB
69.07,39.98,55.05,31.03,77.02,5.92,67.49,cucumber,Zaid,3,PB
64.48,31.37,67.54,25.75,77.35,6.69,54.79,cucumber,Zaid,4,WB
82.32,60.27,30.92,23.86,84.85,6.85,43.18,cucumber,Zaid,5,UP
54.05,30.2,35.48,25.4,58.44,6.49,37.48,cucumber,Zaid,5,OD
48.06,65.04,40.27,26.7,74.06,7.23,31.39,cucumber,Zaid,4,UP
74.31,56.19,58.19,32.27,72.39,6.06,52.66,cucumber,Zaid,4,HR
46.62,46.59,62.77,29.21,83.37,6.41,34.1,cucumber,Zaid,5,PB
50.47,51.55,59.3,22.79,70.58,6.54,48.75,cucumber,Zaid,4,HR
74.82,36.57,44.5,27.97,73.64,6.34,85.76,cucumber,Zaid,4,PB
80.54,68.47,71.89,27.35,67.04,6.63,56.79,cucumber,Zaid,4,UP
79.79,63.58,58.12,26.73,62.39,6.74,43.2,cucumber,Zaid,4,WB
44.05,58.68,40.52,22.41,71.05,6.47,54.71,cucumber,Zaid,4,PB
89.5,67.13,70.95,28.71,67.63,6.37,78.8,cucumber,Zaid,6,HR
48.8,36.42,40.16,32.62,74.86,6.72,44.58,cucumber,Zaid,6,PB
60.61,43.49,48.0,29.79,61.96,7.0,69.94,cucumber,Zaid,6,PB
82.72,47.65,32.9,24.12,79.98,6.67,39.24,cucumber,Zaid,5,OD
65.17,41.8,34.43,27.46,72.45,5.78,26.92,cucumber,Zaid,6,PB
74.63,38.81,54.78,26.15,56.41,6.66,37.04,cucumber,Zaid,3,PB
63.9,62.49,47.02,28.84,76.78,6.58,89.05,cucumber,Zaid,3,PB
71.72,61.64,64.14,30.13,83.63,6.73,64.83,cucumber,Zaid,6,OD
76.8,43.05,74.81,27.8,77.71,6.01,41.59,cucumber,Zaid,6,WB
60.8,58.4,83.25,29.57,84.96,6.82,53.27,cucumber,Zaid,3,OD
55.98,39.15,34.82,30.63,65.97,6.32,50.7,cucumber,Zaid,5,PB
88.36,43.95,68.78,24.5,73.85,6.36,30.8,cucumber,Zaid,5,OD
42.37,40.72,56.83,28.03,71.94,6.28,64.94,cucumber,Zaid,3,UP
59.62,28.32,89.55,31.35,83.13,6.23,56.12,cucumber,Zaid,5,UP
61.68,24.5,37.54,28.54,71.23,6.14,82.1,cucumber,Zaid,4,OD
90.76,63.89,63.59,24.91,74.95,7.14,60.04,cucumber,Zaid,6,HR
37.38,43.94,81.4,28.25,70.48,7.26,49.43,cucumber,Zaid,3,PB
54.29,61.63,69.03,23.54,77.17,6.38,56.03,cucumber,Zaid,4,PB
39.39,48.12,76.95,27.47,69.66,6.72,64.83,cucumber,Zaid,4,PB
93.77,40.57,45.2,28.48,77.96,5.88,72.45,cucumber,Zaid,3,UP
69.56,31.76,41.6,32.52,56.06,6.36,42.68,cucumber,Zaid,6,WB
91.51,50.06,56.16,26.81,65.07,5.97,44.48,cucumber,Zaid,6,PB
39.01,60.93,79.43,25.84,55.57,6.19,67.11,cucumber,Zaid,4,UP
79.37,70.89,52.55,27.74,85.34,6.81,77.93,cucumber,Zaid,6,PB
38.88,44.29,46.04,27.77,63.86,6.54,64.31,cucumber,Zaid,4,OD
78.3,45.0,52.54,25.76,73.6,6.26,51.01,cucumber,Zaid,5,WB
39.34,48.72,70.23,27.31,77.78,6.24,39.97,cucumber,Zaid,5,UP
56.15,47.46,37.89,21.74,63.22,6.51,58.01,cucumber,Zaid,3,HR
78.74,62.3,51.89,29.21,64.8,7.3,63.06,cucumber,Zaid,5,UP
65.22,28.32,61.95,29.47,58.71,6.21,71.11,cucumber,Zaid,6,UP
45.6,35.63,37.62,25.2,82.7,6.63,68.64,cucumber,Zaid,6,WB
82.28,37.14,75.15,27.5,62.3,6.08,65.96,cucumber,Zaid,3,WB
57.22,18.09,47.1,24.64,74.09,6.92,41.24,cucumber,Zaid,4,UP
63.85,56.35,60.18,25.45,65.33,6.66,37.9,cucumber,Zaid,5,WB
77.26,21.11,49.05,29.91,71.49,6.2,73.73,cucumber,Zaid,4,WB
80.95,63.28,40.02,29.12,87.79,6.07,27.28,cucumber,Zaid,6,OD
93.25,32.03,46.25,26.56,69.9,6.88,46.78,cucumber,Zaid,5,UP
62.57,30.7,29.51,31.43,77.02,6.31,25.0,cucumber,Zaid,4,UP
30.0,47.02,51.55,28.79,70.2,6.72,78.26,cucumber,Zaid,6,UP
44.86,49.07,32.89,27.37,77.07,6.78,83.74,cucumber,Zaid,6,PB
34.11,42.38,68.63,27.07,82.7,6.81,60.36,cucumber,Zaid,4,PB
49.91,59.04,41.85,27.72,60.24,7.0,51.44,cucumber,Zaid,5,PB
55.17,34.38,61.17,25.52,82.92,6.38,60.41,cucumber,Zaid,3,PB
48.3,59.46,34.53,25.19,72.32,6.43,57.05,cucumber,Zaid,4,UP
81.28,40.05,41.73,28.68,67.88,6.56,54.43,cucumber,Zaid,6,OD
84.5,37.06,33.67,25.35,81.07,6.9,65.78,cucumber,Zaid,5,UP
65.02,63.33,41.98,25.05,66.55,6.81,86.39,cucumber,Zaid,6,HR
77.01,23.87,79.13,27.41,60.61,6.51,47.41,cucumber,Zaid,3,WB
95.58,66.27,25.46,29.55,79.64,6.97,64.1,cucumber,Zaid,3,UP
83.11,37.4,35.78,27.38,64.25,6.26,67.5,cucumber,Zaid,6,UP
91.21,62.62,39.36,30.16,79.68,7.07,50.58,cucumber,Zaid,4,OD
39.6,69.85,70.68,29.91,59.14,6.34,84.43,cucumber,Zaid,3,HR
86.65,55.79,67.51,28.93,74.49,6.7,58.43,cucumber,Zaid,6,OD
61.22,21.75,68.27,24.41,60.95,6.26,67.84,cucumber,Zaid,3,HR
64.21,28.8,31.49,26.48,74.71,6.42,91.7,cucumber,Zaid,3,OD
77.15,48.88,29.38,22.34,79.06,6.7,65.02,cucumber,Zaid,4,PB
57.69,42.02,78.59,28.36,85.47,6.13,60.59,cucumber,Zaid,4,WB
37.57,63.51,69.82,30.94,69.67,5.95,39.46,cucumber,Zaid,3,WB
37.99,26.27,41.23,29.32,64.42,6.93,69.34,cucumber,Zaid,5,PB
77.74,44.43,73.68,25.07,71.64,6.41,68.15,cucumber,Zaid,4,HR
66.54,38.91,67.94,28.8,69.83,6.54,64.47,cucumber,Zaid,4,HR
38.39,53.78,25.98,26.58,73.74,6.8,62.28,cucumber,Zaid,6,UP
76.01,38.57,65.45,27.16,84.7,6.66,40.03,cucumber,Zaid,6,UP
82.03,38.09,62.7,31.16,71.96,6.27,48.03,cucumber,Zaid,4,WB
53.67,56.37,75.51,25.51,76.54,7.11,51.01,cucumber,Zaid,5,OD
85.3,33.04,45.78,25.07,67.57,6.89,74.87,cucumber,Zaid,3,HR
69.41,28.88,57.23,22.92,77.08,7.07,51.43,cucumber,Zaid,5,HR
62.49,45.75,69.01,27.66,77.69,6.69,35.63,cucumber,Zaid,6,WB
57.51,46.72,68.2,23.96,78.11,6.68,74.72,cucumber,Zaid,3,OD
51.56,55.16,52.22,28.9,86.59,6.98,61.5,cucumber,Zaid,5,HR
49.08,68.86,61.95,23.59,77.46,6.36,67.92,cucumber,Zaid,3,HR
49.5,42.74,83.01,26.72,68.75,7.23,62.39,cucumber,Zaid,3,WB
43.57,63.73,75.22,25.79,82.53,6.17,71.49,cucumber,Zaid,6,WB
98.2,27.61,60.18,29.69,65.36,6.38,56.85,cucumber,Zaid,5,HR
70.08,38.63,77.4,32.09,70.78,6.76,77.2,cucumber,Zaid,6,HR
52.64,44.25,36.39,29.22,66.94,6.39,34.58,cucumber,Zaid,6,OD
102.17,30.28,53.25,27.45,86.04,6.01,81.26,cucumber,Zaid,3,PB
58.77,56.76,57.99,30.03,83.59,6.07,58.04,cucumber,Zaid,6,HR
61.65,57.44,73.9,19.74,61.75,6.39,64.57,cucumber,Zaid,5,WB
46.37,20.67,63.91,30.46,77.7,6.13,61.22,cucumber,Zaid,4,UP
84.68,45.98,69.0,26.46,79.02,6.5,82.7,cucumber,Zaid,3,PB
45.51,46.65,53.31,26.07,77.4,6.48,84.18,cucumber,Zaid,5,UP
70.6,39.37,53.06,29.08,83.58,6.62,60.03,cucumber,Zaid,3,PB
92.66,20.86,63.37,26.87,77.64,5.97,59.76,cucumber,Zaid,4,UP
96.7,68.88,70.71,27.62,69.11,6.53,71.21,cucumber,Zaid,3,WB
40.79,72.15,56.77,26.28,81.76,6.1,71.0,cucumber,Zaid,5,HR
61.35,23.15,56.48,25.67,65.29,6.77,95.0,cucumber,Zaid,6,UP
92.68,50.22,36.99,32.38,74.74,6.23,76.2,cucumber,Zaid,5,WB
70.71,64.03,63.59,24.83,78.41,6.49,31.46,cucumber,Zaid,4,PB
62.42,69.27,51.55,31.69,84.75,6.12,52.74,cucumber,Zaid,5,WB
54.26,54.81,59.53,22.05,80.25,5.82,65.35,cucumber,Zaid,6,WB
52.94,59.42,86.54,33.22,57.11,6.06,78.39,cucumber,Zaid,4,PB
58.27,39.99,53.79,25.96,81.02,7.17,58.76,cucumber,Zaid,4,UP
43.35,45.99,42.32,26.76,79.29,7.03,73.95,cucumber,Zaid,5,PB
66.86,41.53,76.44,25.23,66.95,7.23,61.84,cucumber,Zaid,4,PB
53.9,53.83,50.63,27.71,67.63,6.15,50.45,cucumber,Zaid,5,OD
65.96,36.49,52.07,23.29,83.69,5.9,53.54,cucumber,Zaid,3,PB
94.77,34.34,32.51,23.27,75.53,6.7,72.97,cucumber,Zaid,4,UP
43.54,53.59,64.08,23.23,63.13,6.4,55.59,cucumber,Zaid,5,OD
68.84,34.9,58.57,23.24,60.41,6.91,44.65,cucumber,Zaid,3,WB
89.15,34.4,40.43,27.55,79.23,6.09,46.91,cucumber,Zaid,6,PB
49.11,18.99,37.49,26.39,64.79,6.8,75.5,cucumber,Zaid,4,OD
84.58,55.94,54.44,22.7,82.76,6.65,69.0,cucumber,Zaid,6,HR
91.62,27.54,77.03,25.03,73.62,6.27,73.11,cucumber,Zaid,5,WB
58.11,23.1,54.77,20.5,57.52,6.29,74.63,cucumber,Zaid,4,HR
71.2,29.15,43.93,22.55,74.49,6.45,62.62,cucumber,Zaid,4,OD
58.69,36.74,63.72,21.95,78.51,6.21,82.11,cucumber,Zaid,4,PB
84.16,58.88,60.93,29.42,68.06,6.86,72.92,cucumber,Zaid,3,UP
63.65,54.59,70.68,30.65,84.26,6.54,61.04,cucumber,Zaid,6,WB
77.5,31.1,78.93,26.64,78.39,6.24,51.94,cucumber,Zaid,3,OD
59.75,32.34,67.38,23.74,80.99,6.73,88.72,cucumber,Zaid,3,PB
81.47,41.98,49.1,29.11,70.3,5.77,59.39,cucumber,Zaid,6,OD
52.6,41.11,29.91,23.52,79.6,6.84,72.88,cucumber,Zaid,6,UP
47.43,44.25,66.09,26.61,72.68,6.9,58.47,cucumber,Zaid,5,WB
51.07,48.83,74.06,24.94,70.19,6.82,43.28,cucumber,Zaid,5,OD
49.8,71.86,54.15,27.8,69.23,6.38,73.55,cucumber,Zaid,3,PB
74.92,62.56,68.58,27.9,71.98,6.49,70.0,cucumber,Zaid,3,PB
86.7,32.49,48.96,24.7,64.56,6.29,59.3,cucumber,Zaid,5,OD
77.3,50.9,66.32,23.94,64.32,6.22,56.13,cucumber,Zaid,6,UP
85.14,25.16,38.54,30.29,69.81,6.01,80.92,cucumber,Zaid,4,PB
49.36,38.19,48.62,29.05,76.1,6.51,78.65,cucumber,Zaid,6,UP
58.48,76.63,48.3,29.0,79.93,6.15,28.58,cucumber,Zaid,3,PB
72.71,47.5,64.15,22.55,72.01,7.0,38.06,cucumber,Zaid,5,HR
52.93,59.47,43.56,26.7,82.96,6.38,47.19,cucumber,Zaid,5,UP
88.51,68.94,70.2,25.4,71.37,6.85,58.02,cucumber,Zaid,4,UP
93.98,66.11,39.62,30.9,73.35,6.61,33.43,cucumber,Zaid,3,WB
98.85,25.82,68.39,22.29,83.97,6.1,55.08,cucumber,Zaid,4,OD
72.7,52.97,52.62,27.72,67.09,6.37,79.22,cucumber,Zaid,3,OD
61.85,36.81,58.25,25.51,78.26,6.0,49.62,cucumber,Zaid,5,UP
44.91,46.63,76.12,27.48,68.45,6.01,81.84,cucumber,Zaid,5,WB
79.78,27.06,31.29,25.47,62.52,6.86,80.56,cucumber,Zaid,4,HR
44.64,55.12,28.64,23.49,71.11,6.06,45.82,cucumber,Zaid,5,WB
77.28,63.95,30.32,21.51,76.21,6.23,46.26,cucumber,Zaid,5,PB
69.39,38.83,41.47,27.89,85.57,6.5,85.08,cucumber,Zaid,6,OD
46.88,38.33,25.17,28.78,77.14,5.76,49.89,cucumber,Zaid,4,WB
67.81,56.54,61.22,30.67,74.59,6.15,57.09,cucumber,Zaid,5,OD
68.68,47.26,78.47,26.77,57.64,6.26,55.66,cucumber,Zaid,3,WB
59.28,35.28,68.9,21.46,55.0,6.2,69.23,cucumber,Zaid,3,PB
74.89,38.39,35.0,30.14,71.34,6.84,79.05,cucumber,Zaid,3,UP
81.49,21.82,71.31,21.41,63.77,6.89,91.25,cucumber,Zaid,5,UP
52.12,53.22,34.71,21.72,63.67,7.24,51.43,cucumber,Zaid,3,PB
89.4,67.19,51.54,24.97,77.92,6.77,43.21,cucumber,Zaid,3,UP
77.11,63.5,50.63,29.32,74.04,6.81,61.98,cucumber,Zaid,3,WB
55.81,27.73,46.83,21.6,73.6,7.15,83.86,cucumber,Zaid,5,OD
52.34,46.58,53.4,31.3,67.81,6.34,71.28,cucumber,Zaid,6,PB
57.0,44.13,72.9,23.74,82.89,7.08,61.02,bottle_gourd,Zaid,6,BR
85.62,54.56,74.71,29.49,62.88,6.88,52.64,bottle_gourd,Zaid,6,WB
92.8,64.04,82.95,29.72,59.86,6.13,71.64,bottle_gourd,Zaid,5,PB
44.16,59.63,61.57,24.72,72.06,6.6,70.82,bottle_gourd,Zaid,5,BR
47.15,61.47,49.24,30.88,72.24,6.14,70.93,bottle_gourd,Zaid,3,WB
64.95,37.85,56.45,28.97,62.06,6.86,84.99,bottle_gourd,Zaid,3,WB
102.38,51.94,47.51,22.74,69.42,6.14,85.06,bottle_gourd,Zaid,5,UP
79.76,44.32,59.11,26.82,79.28,5.99,65.78,bottle_gourd,Zaid,6,WB
69.5,53.74,60.34,27.67,78.36,6.65,44.93,bottle_gourd,Zaid,4,HR
81.98,51.07,40.74,28.05,69.39,6.95,83.01,bottle_gourd,Zaid,5,BR
83.98,35.24,54.38,24.1,60.49,6.97,31.4,bottle_gourd,Zaid,4,WB
79.1,37.2,70.44,24.88,70.87,6.45,88.98,bottle_gourd,Zaid,5,PB
61.78,27.06,79.81,27.93,72.03,6.44,72.32,bottle_gourd,Zaid,3,WB
62.21,51.07,75.47,22.65,68.59,6.36,25.0,bottle_gourd,Zaid,6,PB
87.13,41.95,38.55,29.12,63.89,6.89,45.6,bottle_gourd,Zaid,6,UP
69.38,66.5,37.46,25.15,73.72,6.72,60.81,bottle_gourd,Zaid,6,UP
58.04,44.71,62.57,30.7,74.36,6.72,85.18,bottle_gourd,Zaid,3,WB
72.24,81.82,68.82,29.04,64.53,6.3,64.12,bottle_gourd,Zaid,6,HR
101.9,28.89,62.51,24.99,68.84,6.59,47.23,bottle_gourd,Zaid,3,UP
48.26,62.59,86.35,26.33,69.83,6.05,34.6,bottle_gourd,Zaid,5,HR
104.47,33.03,50.0,26.61,72.13,6.06,50.18,bottle_gourd,Zaid,5,UP
57.94,40.48,74.7,32.26,80.29,6.25,51.56,bottle_gourd,Zaid,5,BR
55.5,51.41,51.95,25.99,82.54,6.93,49.8,bottle_gourd,Zaid,6,BR
84.1,41.0,74.91,30.01,66.82,6.2,58.57,bottle_gourd,Zaid,5,HR
83.16,58.83,77.85,26.84,74.44,6.82,36.86,bottle_gourd,Zaid,6,PB
71.55,25.36,35.01,29.36,74.29,6.28,31.09,bottle_gourd,Zaid,5,PB
80.75,43.65,56.31,24.79,77.57,6.71,58.34,bottle_gourd,Zaid,3,PB
76.61,56.2,80.07,29.59,88.38,7.02,46.39,bottle_gourd,Zaid,6,BR
103.22,71.35,39.26,24.37,85.31,6.94,36.77,bottle_gourd,Zaid,6,WB
84.83,45.64,83.62,30.48,75.49,6.62,49.44,bottle_gourd,Zaid,5,WB
72.02,49.8,37.45,26.06,84.72,7.02,37.5,bottle_gourd,Zaid,4,HR
60.97,56.02,69.37,23.45,85.07,6.78,90.9,bottle_gourd,Zaid,3,UP
85.65,45.04,58.97,28.76,64.51,6.82,72.87,bottle_gourd,Zaid,3,WB
88.94,27.24,60.84,26.04,78.83,6.85,47.23,bottle_gourd,Zaid,3,BR
91.05,22.66,47.74,26.35,66.8,6.54,72.74,bottle_gourd,Zaid,3,HR
55.63,51.43,71.32,27.33,64.78,6.77,76.42,bottle_gourd,Zaid,4,UP
101.24,39.64,43.8,27.51,81.12,6.61,56.27,bottle_gourd,Zaid,6,WB
104.41,61.89,53.25,26.46,76.38,6.3,51.84,bottle_gourd,Zaid,4,PB
52.74,24.86,84.01,24.63,69.6,6.69,49.53,bottle_gourd,Zaid,3,HR
70.95,41.09,63.82,23.47,70.53,7.03,64.4,bottle_gourd,Zaid,6,WB
75.42,30.14,47.93,22.84,76.0,6.25,61.92,bottle_gourd,Zaid,3,UP
84.29,69.42,41.79,30.98,81.41,6.53,63.97,bottle_gourd,Zaid,5,WB
46.75,31.58,60.55,29.2,72.89,6.19,56.23,bottle_gourd,Zaid,4,WB
43.68,24.24,52.35,22.5,80.35,6.23,42.71,bottle_gourd,Zaid,6,WB
60.08,44.2,75.19,27.37,71.79,7.17,53.84,bottle_gourd,Zaid,5,UP
79.75,35.98,85.02,23.5,68.79,6.79,60.67,bottle_gourd,Zaid,6,BR
86.78,34.77,54.21,28.12,74.73,6.96,67.7,bottle_gourd,Zaid,5,WB
80.31,48.77,49.82,27.07,76.11,6.95,35.5,bottle_gourd,Zaid,5,BR
39.03,51.04,57.23,29.5,80.22,6.2,78.52,bottle_gourd,Zaid,6,HR
47.12,75.48,74.85,25.46,58.42,6.51,57.19,bottle_gourd,Zaid,3,PB
81.18,69.8,71.18,26.56,76.36,6.84,36.26,bottle_gourd,Zaid,6,UP
94.69,49.23,75.54,29.34,71.77,6.53,45.68,bottle_gourd,Zaid,6,UP
79.27,33.57,67.41,21.91,73.77,7.05,70.44,bottle_gourd,Zaid,4,PB
93.87,27.18,62.26,26.09,59.51,6.33,72.73,bottle_gourd,Zaid,6,UP
80.57,70.01,53.66,30.53,72.22,6.82,73.8,bottle_gourd,Zaid,4,UP
88.16,62.85,90.95,24.6,77.75,6.66,79.05,bottle_gourd,Zaid,3,HR
94.29,36.74,57.67,25.66,71.9,6.63,67.54,bottle_gourd,Zaid,4,PB
63.12,26.82,79.88,23.24,85.48,7.1,83.07,bottle_gourd,Zaid,6,BR
52.42,71.89,41.71,22.85,76.73,6.02,29.06,bottle_gourd,Zaid,4,PB
102.69,60.98,53.73,28.72,68.12,6.67,42.91,bottle_gourd,Zaid,5,HR
71.43,34.31,37.34,29.19,80.15,5.88,74.49,bottle_gourd,Zaid,5,WB
73.56,72.09,42.69,29.6,80.33,6.9,60.94,bottle_gourd,Zaid,5,WB
56.16,44.58,69.17,32.49,73.22,6.77,41.92,bottle_gourd,Zaid,5,HR
96.5,44.73,32.74,27.04,67.53,7.12,76.16,bottle_gourd,Zaid,3,HR
76.76,51.14,50.01,31.11,77.81,6.05,55.13,bottle_gourd,Zaid,3,HR
95.12,40.3,73.37,20.34,75.5,6.67,45.99,bottle_gourd,Zaid,4,HR
79.56,49.58,68.53,33.76,59.97,6.43,87.4,bottle_gourd,Zaid,4,BR
51.41,32.3,53.98,27.49,66.77,7.01,81.03,bottle_gourd,Zaid,4,PB
102.78,38.6,76.47,24.38,75.1,6.71,81.81,bottle_gourd,Zaid,3,WB
93.42,76.4,39.46,29.93,78.34,6.58,76.16,bottle_gourd,Zaid,3,PB
52.43,62.56,63.34,27.07,73.55,6.31,32.17,bottle_gourd,Zaid,4,HR
56.22,54.21,87.34,30.88,77.43,6.36,65.23,bottle_gourd,Zaid,4,PB
67.13,31.39,46.22,26.73,57.05,6.47,57.19,bottle_gourd,Zaid,4,BR
74.98,41.47,49.75,26.72,65.3,6.52,55.63,bottle_gourd,Zaid,5,HR
59.21,75.79,63.28,29.19,64.11,5.89,46.02,bottle_gourd,Zaid,4,UP
102.32,26.42,36.56,29.41,70.51,6.48,52.44,bottle_gourd,Zaid,3,BR
44.95,68.99,78.15,23.1,81.56,7.08,70.64,bottle_gourd,Zaid,4,PB
87.18,52.66,67.03,21.24,71.87,6.16,40.22,bottle_gourd,Zaid,3,PB
83.53,72.44,53.86,29.46,79.4,6.43,66.68,bottle_gourd,Zaid,6,UP
48.23,43.41,80.69,26.54,66.89,6.19,44.8,bottle_gourd,Zaid,5,UP
87.62,29.3,76.84,29.86,75.59,6.54,51.55,bottle_gourd,Zaid,4,HR
64.83,42.46,62.38,22.38,65.38,6.63,60.16,bottle_gourd,Zaid,4,WB
109.29,54.65,38.42,28.84,73.99,6.11,46.82,bottle_gourd,Zaid,3,BR
75.06,48.55,53.47,25.07,71.35,6.53,70.49,bottle_gourd,Zaid,4,WB
55.43,55.92,65.61,29.91,78.51,6.0,79.85,bottle_gourd,Zaid,6,PB
60.61,77.16,68.13,28.76,65.77,6.42,63.45,bottle_gourd,Zaid,3,UP
91.92,53.07,71.82,26.09,84.74,7.01,56.13,bottle_gourd,Zaid,4,UP
71.24,55.16,56.4,31.33,67.32,6.35,65.13,bottle_gourd,Zaid,4,UP
62.91,33.74,41.33,33.04,75.85,6.11,39.61,bottle_gourd,Zaid,5,BR
87.46,61.61,38.77,24.76,76.87,6.99,77.04,bottle_gourd,Zaid,4,HR
45.38,69.3,56.2,30.73,74.33,6.2,77.94,bottle_gourd,Zaid,6,PB
71.6,66.98,50.02,27.1,80.33,6.05,70.4,bottle_gourd,Zaid,4,UP
72.33,24.29,84.63,20.14,85.03,6.57,66.87,bottle_gourd,Zaid,5,PB
97.8,46.57,68.92,29.81,68.1,5.84,54.59,bottle_gourd,Zaid,6,UP
89.05,44.0,63.63,24.58,81.12,6.39,46.39,bottle_gourd,Zaid,5,PB
68.91,52.31,70.59,24.18,74.61,6.15,48.37,bottle_gourd,Zaid,6,WB
62.64,71.96,72.8,20.51,60.41,6.52,63.93,bottle_gourd,Zaid,3,BR
57.7,50.62,72.64,26.4,76.27,6.22,40.03,bottle_gourd,Zaid,6,PB
70.08,58.88,80.75,21.35,67.6,6.15,64.09,bottle_gourd,Zaid,3,BR
56.98,41.53,70.2,27.34,71.8,6.56,66.88,bottle_gourd,Zaid,3,WB
81.83,71.13,40.81,26.03,65.71,6.69,66.43,bottle_gourd,Zaid,5,PB
96.98,70.13,95.0,22.85,77.69,6.49,55.76,bottle_gourd,Zaid,6,BR
46.12,33.89,39.85,22.7,62.77,6.17,66.23,bottle_gourd,Zaid,3,UP
52.16,40.5,72.04,31.01,67.78,6.37,78.97,bottle_gourd,Zaid,4,UP
54.98,35.21,48.43,21.45,72.06,6.36,48.91,bottle_gourd,Zaid,3,PB
56.03,23.44,41.97,28.97,63.69,6.54,44.71,bottle_gourd,Zaid,6,BR
76.26,36.6,70.71,24.36,64.55,6.68,62.52,bottle_gourd,Zaid,6,HR
91.21,46.9,36.73,24.02,77.96,6.35,54.5,bottle_gourd,Zaid,6,HR
89.98,38.11,66.13,30.82,84.12,6.24,72.21,bottle_gourd,Zaid,6,WB
86.24,71.34,62.98,25.89,65.41,6.51,74.15,bottle_gourd,Zaid,6,UP
86.11,55.47,62.69,28.54,61.39,6.7,70.5,bottle_gourd,Zaid,5,WB
73.77,50.03,68.98,29.64,65.63,6.58,45.19,bottle_gourd,Zaid,5,HR
92.69,72.37,66.91,19.31,62.7,6.44,29.14,bottle_gourd,Zaid,3,HR
83.24,62.48,87.69,21.83,80.23,6.64,62.29,bottle_gourd,Zaid,4,BR
85.92,52.64,49.01,23.74,61.91,6.13,60.2,bottle_gourd,Zaid,6,PB
49.86,52.86,75.31,24.94,62.96,6.41,72.94,bottle_gourd,Zaid,3,UP
49.0,48.57,48.08,31.97,62.48,6.48,51.65,bottle_gourd,Zaid,3,WB
75.46,55.9,94.37,22.36,74.65,6.78,49.38,bottle_gourd,Zaid,4,UP
54.73,29.2,48.6,23.06,84.5,6.31,95.0,bottle_gourd,Zaid,5,HR
96.03,50.53,64.29,32.76,70.37,6.69,59.81,bottle_gourd,Zaid,3,UP
62.81,29.75,40.07,27.83,70.73,6.33,67.81,bottle_gourd,Zaid,6,HR
49.22,61.3,57.41,26.07,62.18,6.61,61.59,bottle_gourd,Zaid,6,UP
80.75,22.21,71.67,27.62,67.06,6.63,92.15,bottle_gourd,Zaid,4,BR
89.55,64.81,44.1,27.26,67.16,6.15,91.11,bottle_gourd,Zaid,5,HR
68.99,54.91,33.75,30.51,59.7,6.25,64.69,bottle_gourd,Zaid,4,PB
54.9,37.2,66.08,29.52,70.98,7.01,60.46,bottle_gourd,Zaid,5,BR
92.32,40.75,70.62,27.85,71.11,7.3,70.81,bottle_gourd,Zaid,4,UP
61.03,76.47,75.94,27.47,67.07,6.68,84.91,bottle_gourd,Zaid,5,UP
106.8,48.38,34.26,24.35,60.62,6.37,52.93,bottle_gourd,Zaid,4,BR
88.14,34.96,79.49,24.36,79.32,6.85,39.14,bottle_gourd,Zaid,4,PB
77.13,51.51,62.73,32.0,86.43,6.31,60.03,bottle_gourd,Zaid,4,WB
55.54,71.64,81.67,29.18,74.58,5.82,44.28,bottle_gourd,Zaid,4,WB
94.46,37.84,41.65,26.18,84.87,6.95,68.8,bottle_gourd,Zaid,3,PB
40.61,66.63,81.38,31.95,86.25,6.74,62.92,bottle_gourd,Zaid,5,WB
47.11,44.37,57.34,27.32,74.07,6.67,29.44,bottle_gourd,Zaid,3,UP
85.14,28.1,69.78,22.21,68.93,6.67,52.45,bottle_gourd,Zaid,3,WB
55.37,43.69,32.34,21.81,75.22,6.28,72.99,bottle_gourd,Zaid,5,BR
61.35,57.97,84.02,23.78,81.3,6.29,61.46,bottle_gourd,Zaid,5,BR
63.29,27.85,37.03,21.48,60.92,6.3,32.41,bottle_gourd,Zaid,4,WB
66.88,58.57,75.02,22.8,59.28,6.79,67.13,bottle_gourd,Zaid,3,WB
75.26,62.1,40.9,24.42,67.65,6.32,52.23,bottle_gourd,Zaid,5,HR
85.66,72.98,34.77,26.5,69.57,6.23,68.69,bottle_gourd,Zaid,4,WB
51.87,54.57,42.27,25.98,82.86,6.26,61.23,bottle_gourd,Zaid,5,PB
80.56,35.01,62.7,30.94,61.8,6.62,71.0,bottle_gourd,Zaid,4,UP
62.65,36.88,80.22,30.41,76.72,6.21,63.9,bottle_gourd,Zaid,3,PB
51.94,54.77,55.79,25.25,76.15,6.06,72.05,bottle_gourd,Zaid,4,WB
62.02,50.74,73.02,31.73,61.93,6.16,72.86,bottle_gourd,Zaid,5,WB
91.46,62.86,33.49,26.58,70.96,6.63,72.04,bottle_gourd,Zaid,4,WB
55.21,65.35,50.88,24.45,63.51,6.47,40.5,bottle_gourd,Zaid,6,WB
82.3,26.98,77.49,22.34,66.84,6.48,95.0,bottle_gourd,Zaid,6,UP
95.81,71.97,82.53,30.16,66.94,6.9,84.75,bitter_gourd,Zaid,4,PB
72.76,37.02,55.48,32.29,80.58,6.34,28.1,bitter_gourd,Zaid,6,UP
66.62,59.75,55.45,27.26,81.83,6.93,54.15,bitter_gourd,Zaid,5,HR
95.47,54.01,43.84,22.05,79.27,6.88,70.34,bitter_gourd,Zaid,6,WB
45.93,66.4,58.29,25.72,75.1,6.64,46.83,bitter_gourd,Zaid,5,PB
46.22,71.94,82.79,34.47,68.09,5.99,41.48,bitter_gourd,Zaid,6,OD
84.45,28.14,75.33,26.52,65.4,6.05,27.99,bitter_gourd,Zaid,4,UP
77.34,64.21,64.86,30.46,65.28,6.9,80.66,bitter_gourd,Zaid,5,UP
60.53,34.26,61.39,27.31,78.19,6.15,68.34,bitter_gourd,Zaid,6,WB
70.39,41.2,56.51,27.91,63.6,6.16,51.51,bitter_gourd,Zaid,6,OD
54.16,71.04,60.17,25.14,67.37,6.26,62.24,bitter_gourd,Zaid,5,UP
58.0,67.61,45.17,30.48,78.36,6.51,69.04,bitter_gourd,Zaid,5,OD
76.49,48.69,82.28,28.51,76.84,6.7,70.54,bitter_gourd,Zaid,4,UP
54.81,39.85,69.67,30.29,80.14,6.79,84.56,bitter_gourd,Zaid,4,OD
97.76,66.66,31.99,27.97,83.4,6.07,69.25,bitter_gourd,Zaid,3,HR
65.45,44.24,79.44,25.14,74.66,5.93,26.07,bitter_gourd,Zaid,3,HR
53.98,63.0,56.31,22.73,73.26,6.11,50.72,bitter_gourd,Zaid,3,OD
85.73,47.37,71.47,28.97,90.0,6.33,39.42,bitter_gourd,Zaid,3,UP
60.38,60.51,81.89,22.22,62.0,6.43,71.97,bitter_gourd,Zaid,5,UP
58.94,29.0,66.47,30.72,67.03,6.33,70.49,bitter_gourd,Zaid,6,HR
53.94,65.59,73.63,20.35,73.35,6.6,40.5,bitter_gourd,Zaid,4,WB
68.18,29.8,82.3,24.6,75.1,6.31,64.06,bitter_gourd,Zaid,4,OD
99.27,41.0,68.5,30.22,84.15,6.48,89.07,bitter_gourd,Zaid,6,OD
69.98,42.75,85.58,29.16,75.53,6.43,46.38,bitter_gourd,Zaid,4,OD
65.58,41.8,82.83,29.95,69.28,6.56,59.55,bitter_gourd,Zaid,4,PB
96.18,24.34,91.05,30.64,74.0,6.51,60.42,bitter_gourd,Zaid,6,HR
47.73,48.67,83.57,32.66,83.96,6.94,29.31,bitter_gourd,Zaid,3,UP
96.38,60.35,43.3,31.46,81.46,6.13,57.13,bitter_gourd,Zaid,3,OD
45.61,62.34,70.56,23.13,80.11,6.73,57.12,bitter_gourd,Zaid,4,WB
83.9,30.73,65.6,21.84,77.97,6.15,40.04,bitter_gourd,Zaid,6,UP
78.8,45.22,79.92,21.72,79.38,6.44,40.08,bitter_gourd,Zaid,6,WB
88.85,32.38,41.86,27.95,77.12,6.72,70.88,bitter_gourd,Zaid,6,WB
76.92,51.0,69.77,29.75,66.86,6.6,76.8,bitter_gourd,Zaid,4,OD
51.9,62.89,67.54,23.68,72.26,6.57,65.31,bitter_gourd,Zaid,5,UP
83.96,63.61,77.23,24.66,68.34,6.96,62.94,bitter_gourd,Zaid,3,PB
84.49,48.19,43.12,24.57,76.46,5.7,57.84,bitter_gourd,Zaid,6,OD
41.39,34.63,47.51,31.61,77.43,6.11,65.07,bitter_gourd,Zaid,5,HR
55.21,34.38,43.37,26.51,77.52,6.47,50.66,bitter_gourd,Zaid,4,PB
50.55,38.81,49.84,26.19,74.15,6.54,43.47,bitter_gourd,Zaid,4,UP
55.94,54.17,58.4,28.29,58.89,6.71,35.45,bitter_gourd,Zaid,6,WB
39.13,46.7,77.99,30.29,74.9,6.57,70.74,bitter_gourd,Zaid,3,PB
77.51,53.88,64.28,23.66,80.46,6.98,55.13,bitter_gourd,Zaid,6,HR
75.35,50.34,51.47,30.44,74.15,6.39,71.62,bitter_gourd,Zaid,5,WB
59.94,31.67,56.31,29.35,76.88,6.44,70.74,bitter_gourd,Zaid,5,HR
91.97,64.36,80.25,29.61,75.52,6.89,68.26,bitter_gourd,Zaid,4,HR
59.05,30.68,41.9,27.62,63.35,6.45,55.88,bitter_gourd,Zaid,3,WB
61.83,59.44,67.78,25.63,80.1,6.52,57.84,bitter_gourd,Zaid,6,OD
96.66,54.69,50.68,29.88,75.81,7.1,59.04,bitter_gourd,Zaid,6,UP
64.26,39.22,57.52,24.62,75.83,6.2,63.33,bitter_gourd,Zaid,5,HR
42.89,32.02,53.49,25.31,80.78,7.24,50.43,bitter_gourd,Zaid,5,UP
43.43,73.7,73.88,23.36,76.69,5.9,66.27,bitter_gourd,Zaid,5,PB
92.86,17.29,63.95,23.65,70.99,6.15,78.3,bitter_gourd,Zaid,4,WB
75.2,43.0,83.08,25.28,60.22,5.96,46.52,bitter_gourd,Zaid,4,PB
73.95,75.79,55.21,31.92,65.25,6.66,67.01,bitter_gourd,Zaid,4,HR
69.92,57.86,63.3,24.71,83.22,6.55,71.05,bitter_gourd,Zaid,6,UP
101.19,54.9,39.79,32.6,65.92,6.27,82.26,bitter_gourd,Zaid,3,OD
39.26,48.28,84.85,28.7,76.24,6.91,61.5,bitter_gourd,Zaid,4,WB
58.75,41.97,72.54,27.8,67.07,6.65,92.12,bitter_gourd,Zaid,6,WB
74.42,51.08,74.33,21.59,71.7,6.51,48.84,bitter_gourd,Zaid,6,HR
51.54,60.57,67.26,26.18,77.18,6.03,75.69,bitter_gourd,Zaid,4,WB
73.42,57.49,59.58,27.89,65.88,6.65,65.9,bitter_gourd,Zaid,5,OD
78.41,50.93,77.21,29.8,67.78,6.49,70.28,bitter_gourd,Zaid,4,UP
94.76,51.61,63.44,23.67,74.37,6.96,81.42,bitter_gourd,Zaid,3,OD
86.55,35.49,40.92,33.96,83.35,6.37,49.55,bitter_gourd,Zaid,4,PB
74.68,60.09,49.12,26.47,71.07,6.33,45.61,bitter_gourd,Zaid,4,UP
93.94,58.31,50.53,27.25,80.79,6.8,66.12,bitter_gourd,Zaid,4,PB
49.16,35.26,75.73,26.76,70.08,6.53,43.2,bitter_gourd,Zaid,6,PB
91.66,67.42,73.71,26.27,87.17,6.62,41.27,bitter_gourd,Zaid,4,UP
100.22,57.08,50.31,27.38,81.07,6.19,25.0,bitter_gourd,Zaid,5,WB
71.21,46.78,74.46,27.22,72.9,6.45,70.01,bitter_gourd,Zaid,3,UP
46.7,63.9,58.98,26.62,74.05,6.46,69.47,bitter_gourd,Zaid,4,UP
76.08,55.96,77.56,26.68,71.31,6.17,48.93,bitter_gourd,Zaid,4,HR
92.19,48.76,43.14,30.41,62.17,6.84,45.47,bitter_gourd,Zaid,6,UP
88.05,64.22,58.31,26.7,79.82,6.75,47.19,bitter_gourd,Zaid,4,HR
70.57,29.23,54.11,31.49,62.41,6.82,40.67,bitter_gourd,Zaid,6,UP
79.83,24.5,76.13,32.07,69.52,6.09,73.84,bitter_gourd,Zaid,5,WB
84.75,37.73,56.86,22.84,83.66,6.94,41.48,bitter_gourd,Zaid,6,OD
40.0,58.5,48.33,28.12,68.25,7.05,41.42,bitter_gourd,Zaid,5,OD
87.35,60.79,67.93,26.8,77.62,6.98,56.94,bitter_gourd,Zaid,5,UP
86.42,49.91,35.27,29.89,86.48,6.35,66.11,bitter_gourd,Zaid,5,WB
66.81,39.85,89.29,23.47,74.33,6.21,76.78,bitter_gourd,Zaid,5,UP
96.18,21.24,46.6,28.3,77.23,6.82,70.79,bitter_gourd,Zaid,3,UP
57.07,39.54,39.29,23.62,64.49,5.87,64.41,bitter_gourd,Zaid,4,OD
52.29,64.9,73.13,29.49,77.32,6.74,70.45,bitter_gourd,Zaid,4,UP
93.13,55.27,66.84,27.88,81.91,7.07,66.84,bitter_gourd,Zaid,4,HR
92.9,52.95,58.28,31.24,74.52,6.0,53.57,bitter_gourd,Zaid,5,UP
71.7,65.29,59.86,29.26,62.74,6.47,46.98,bitter_gourd,Zaid,3,WB
48.61,62.74,63.64,28.52,70.56,6.46,43.13,bitter_gourd,Zaid,4,UP
72.24,56.86,80.27,28.4,64.8,6.4,75.6,bitter_gourd,Zaid,4,WB
99.26,45.94,64.9,22.8,76.64,6.17,52.48,bitter_gourd,Zaid,3,WB
68.26,47.43,59.38,20.61,72.42,7.18,78.03,bitter_gourd,Zaid,4,HR
53.1,82.27,59.01,28.44,86.75,6.84,62.73,bitter_gourd,Zaid,5,HR
42.08,76.27,62.57,24.72,77.2,6.65,58.28,bitter_gourd,Zaid,3,UP
39.45,37.2,45.86,25.83,81.86,6.82,70.3,bitter_gourd,Zaid,5,PB
89.0,31.65,52.45,27.34,68.45,6.3,73.24,bitter_gourd,Zaid,3,PB
64.76,48.46,62.86,26.5,82.39,5.97,53.49,bitter_gourd,Zaid,6,WB
90.5,39.44,59.36,22.68,60.97,6.1,46.82,bitter_gourd,Zaid,5,UP
50.06,34.24,62.73,23.22,60.82,6.22,41.07,bitter_gourd,Zaid,3,OD
57.07,58.63,77.28,21.02,66.74,6.12,61.12,bitter_gourd,Zaid,5,WB
90.46,30.53,75.72,27.09,73.36,6.44,62.05,bitter_gourd,Zaid,6,OD
92.9,54.63,57.37,29.98,63.53,5.7,43.45,bitter_gourd,Zaid,6,PB
84.87,59.32,52.65,23.75,80.92,6.15,68.18,bitter_gourd,Zaid,4,HR
73.55,37.69,40.38,23.77,74.09,6.27,58.93,bitter_gourd,Zaid,5,OD
55.27,40.43,77.36,28.58,65.85,6.05,71.94,bitter_gourd,Zaid,6,WB
68.8,72.6,65.56,28.67,63.23,6.41,72.34,bitter_gourd,Zaid,3,UP
67.23,45.08,75.5,28.2,72.98,6.0,54.38,bitter_gourd,Zaid,6,PB
71.42,64.47,66.59,27.49,83.92,5.89,76.2,bitter_gourd,Zaid,5,PB
72.63,42.0,44.31,29.45,76.53,6.15,51.43,bitter_gourd,Zaid,6,OD
87.46,64.68,49.95,32.4,58.87,6.67,63.43,bitter_gourd,Zaid,4,OD
69.25,38.65,63.04,29.38,68.85,6.27,58.45,bitter_gourd,Zaid,6,PB
68.84,62.68,44.53,32.13,75.3,7.12,48.43,bitter_gourd,Zaid,4,OD
70.51,29.74,33.2,22.43,74.3,6.73,65.57,bitter_gourd,Zaid,4,WB
49.14,28.99,30.9,27.13,71.15,6.56,33.42,bitter_gourd,Zaid,5,PB
89.95,24.08,40.32,19.0,82.07,6.96,61.06,bitter_gourd,Zaid,6,OD
60.82,48.01,42.04,26.16,86.58,7.3,64.28,bitter_gourd,Zaid,4,OD
83.94,43.95,83.17,22.1,74.89,6.15,95.0,bitter_gourd,Zaid,3,HR
72.08,63.78,67.21,22.66,76.36,6.2,53.58,bitter_gourd,Zaid,4,OD
58.81,53.21,56.86,27.41,78.04,6.17,59.0,bitter_gourd,Zaid,3,OD
79.64,55.59,62.39,26.03,69.37,7.05,43.91,bitter_gourd,Zaid,5,PB
43.18,52.87,54.66,26.99,69.25,6.47,56.35,bitter_gourd,Zaid,4,PB
39.48,53.08,74.63,30.01,78.27,6.02,31.46,bitter_gourd,Zaid,5,WB
44.45,38.42,46.85,25.85,83.51,6.23,60.8,bitter_gourd,Zaid,5,UP
93.65,61.54,52.96,32.21,72.48,6.47,61.43,bitter_gourd,Zaid,3,OD
80.87,68.14,60.85,23.06,77.08,7.07,78.85,bitter_gourd,Zaid,4,HR
89.39,42.21,81.42,24.17,73.0,6.73,56.26,bitter_gourd,Zaid,4,UP
94.08,35.36,71.54,19.0,79.57,5.71,78.07,bitter_gourd,Zaid,4,HR
54.95,40.09,42.84,22.69,84.17,6.45,70.1,bitter_gourd,Zaid,6,HR
73.72,64.82,55.01,31.73,63.23,6.41,72.47,bitter_gourd,Zaid,5,PB
103.27,62.34,63.3,26.52,61.51,6.5,62.25,bitter_gourd,Zaid,4,UP
86.59,71.27,80.26,22.81,82.53,6.62,55.12,bitter_gourd,Zaid,5,HR
93.64,39.71,61.52,32.83,65.42,6.8,50.91,bitter_gourd,Zaid,5,WB
74.47,28.8,55.82,24.31,88.02,6.17,60.6,bitter_gourd,Zaid,3,WB
65.76,43.14,59.93,23.47,82.12,6.7,65.79,bitter_gourd,Zaid,5,HR
58.1,27.59,56.67,31.21,84.71,7.3,60.96,bitter_gourd,Zaid,3,UP
59.78,22.5,65.96,29.0,60.46,6.64,54.82,bitter_gourd,Zaid,6,UP
64.63,73.78,60.82,26.34,83.35,6.99,60.76,bitter_gourd,Zaid,4,OD
65.16,40.98,48.38,24.79,70.65,6.87,78.05,bitter_gourd,Zaid,6,WB
69.42,69.4,67.16,31.02,64.38,6.56,39.64,bitter_gourd,Zaid,3,PB
87.97,33.54,65.81,29.6,72.7,6.81,39.89,bitter_gourd,Zaid,3,OD
86.11,30.89,72.13,30.02,90.0,6.03,27.95,bitter_gourd,Zaid,6,UP
86.82,63.5,35.43,32.53,69.52,6.26,74.02,bitter_gourd,Zaid,5,OD
69.38,23.54,48.19,27.55,78.31,6.37,55.42,bitter_gourd,Zaid,4,HR
80.92,49.57,62.87,28.37,60.96,6.45,44.09,bitter_gourd,Zaid,3,HR
55.26,40.8,56.26,32.75,68.84,6.74,40.29,bitter_gourd,Zaid,5,WB
97.79,34.15,42.88,30.18,57.18,6.67,56.06,bitter_gourd,Zaid,6,UP
81.64,33.01,45.52,30.04,64.67,6.43,59.37,bitter_gourd,Zaid,4,HR
70.38,61.27,32.36,31.43,77.26,6.63,56.01,bitter_gourd,Zaid,6,HR
70.33,28.65,39.68,21.82,76.35,6.65,39.19,bitter_gourd,Zaid,6,WB
48.6,58.93,46.42,28.05,69.23,6.33,64.56,bitter_gourd,Zaid,6,UP
97.17,50.12,67.37,29.01,75.45,7.09,66.15,bitter_gourd,Zaid,3,PB
71.67,36.37,62.25,23.46,75.52,6.28,178.42,coffee,Perennial,4,NE
100.47,40.53,70.06,26.15,70.16,5.74,170.38,coffee,Perennial,8,AP
88.73,58.6,62.12,21.24,78.35,6.19,168.37,coffee,Perennial,4,AP
97.45,68.49,50.19,22.91,77.58,6.5,262.85,coffee,Perennial,8,AP
60.81,62.77,41.87,17.04,82.71,6.16,235.93,coffee,Perennial,6,KA
79.89,57.82,42.68,25.21,71.02,5.92,165.03,coffee,Perennial,10,AP
117.65,31.53,39.85,21.75,86.35,5.84,244.5,coffee,Perennial,5,TN
78.07,67.98,76.16,25.53,70.18,6.3,286.6,coffee,Perennial,1,KL
85.4,55.76,41.28,20.63,66.29,5.33,238.08,coffee,Perennial,2,TN
65.93,49.67,42.2,17.98,68.01,5.77,187.58,coffee,Perennial,7,NE
108.36,61.54,70.84,15.78,67.04,5.39,239.65,coffee,Perennial,2,NE
49.05,75.96,50.77,21.21,75.31,5.72,268.49,coffee,Perennial,10,AP
75.0,23.16,67.53,21.77,70.01,6.0,264.13,coffee,Perennial,3,TN
55.14,62.32,84.12,23.17,69.91,6.17,293.75,coffee,Perennial,7,NE
54.41,36.36,62.25,23.87,79.21,5.37,217.35,coffee,Perennial,3,TN
69.57,45.05,39.93,26.01,70.29,5.91,183.6,coffee,Perennial,9,KL
110.02,55.54,61.95,16.33,67.66,5.74,189.96,coffee,Perennial,9,KL
95.43,23.65,40.19,22.42,76.75,5.65,264.64,coffee,Perennial,7,AP
103.19,53.4,32.68,25.29,86.32,6.38,177.29,coffee,Perennial,5,TN
63.13,56.77,27.81,25.37,77.68,6.27,237.39,coffee,Perennial,2,KA
92.42,30.52,44.42,20.42,78.34,5.85,158.02,coffee,Perennial,5,KL
71.91,18.87,42.42,22.47,83.41,6.42,268.73,coffee,Perennial,5,KA
92.58,64.87,52.05,19.23,69.2,5.74,218.26,coffee,Perennial,2,KA
51.58,47.79,56.99,24.99,67.42,5.44,266.53,coffee,Perennial,9,AP
69.46,60.59,63.85,18.76,84.36,6.43,229.84,coffee,Perennial,5,TN
62.78,58.63,55.38,20.38,75.99,6.58,250.45,coffee,Perennial,11,KA
90.38,32.82,69.6,19.82,78.96,5.92,181.79,coffee,Perennial,9,KL
62.86,63.02,58.84,21.2,74.16,6.09,257.35,coffee,Perennial,8,AP
77.88,48.97,61.32,21.94,64.9,6.26,153.96,coffee,Perennial,9,KL
74.8,55.2,80.72,24.33,73.82,5.92,225.0,coffee,Perennial,6,KL
60.77,60.78,57.83,27.81,79.24,5.57,221.52,coffee,Perennial,8,NE
101.41,29.23,83.46,25.56,68.97,5.82,283.13,coffee,Perennial,12,TN
84.6,39.99,79.49,22.46,84.7,5.77,201.58,coffee,Perennial,3,KA
45.69,68.79,48.07,26.18,73.99,6.0,152.57,coffee,Perennial,3,KL
79.88,60.87,40.84,14.99,86.6,5.71,265.47,coffee,Perennial,10,KL
78.46,30.86,58.02,21.95,75.74,6.39,206.1,coffee,Perennial,9,AP
86.91,57.9,39.19,17.62,70.99,6.11,262.82,coffee,Perennial,1,TN
50.95,33.34,30.61,15.35,72.54,6.69,280.38,coffee,Perennial,5,NE
79.19,67.63,61.95,14.62,72.01,6.08,221.63,coffee,Perennial,3,TN
51.89,22.74,53.84,21.49,65.95,6.52,242.31,coffee,Perennial,5,TN
87.65,50.08,67.6,17.27,79.67,6.38,239.55,coffee,Perennial,5,NE
105.59,54.61,42.73,15.53,83.82,5.82,296.07,coffee,Perennial,6,NE
89.75,31.59,66.31,26.42,61.44,5.69,248.82,coffee,Perennial,8,KL
92.98,44.06,37.41,23.26,73.49,5.62,161.78,coffee,Perennial,1,TN
85.51,65.09,47.14,15.95,67.76,5.71,251.34,coffee,Perennial,12,AP
58.02,39.75,61.15,26.04,81.63,5.72,149.49,coffee,Perennial,8,KL
65.47,29.71,67.24,20.81,73.35,5.8,201.69,coffee,Perennial,11,NE
95.31,56.87,71.0,25.95,78.15,5.66,194.25,coffee,Perennial,5,KA
62.33,66.13,67.35,17.45,60.38,5.53,186.95,coffee,Perennial,12,KL
96.48,56.44,67.47,21.14,64.3,5.95,291.55,coffee,Perennial,11,TN
101.36,35.2,61.4,25.02,73.58,5.54,302.09,coffee,Perennial,8,NE
110.89,34.33,68.07,22.07,81.26,5.9,238.17,coffee,Perennial,11,KL
97.07,66.68,61.04,21.24,70.35,6.1,214.98,coffee,Perennial,11,KL
55.11,32.33,91.3,22.41,72.54,6.59,308.28,coffee,Perennial,12,KA
99.63,29.4,62.21,15.83,65.72,6.12,284.94,coffee,Perennial,2,KL
82.52,69.85,46.21,22.36,86.15,5.53,254.04,coffee,Perennial,5,NE
87.08,45.6,91.19,19.16,79.11,5.84,166.48,coffee,Perennial,5,AP
98.0,57.01,69.72,24.96,75.26,5.36,232.94,coffee,Perennial,11,TN
86.24,42.87,49.6,18.61,68.35,6.44,299.12,coffee,Perennial,2,TN
54.81,34.67,61.24,19.39,78.43,6.31,264.68,coffee,Perennial,7,TN
78.21,34.27,44.47,25.12,78.77,6.03,252.55,coffee,Perennial,12,KL
77.93,69.15,72.41,19.53,67.8,6.42,252.83,coffee,Perennial,1,TN
87.42,41.25,39.72,27.02,83.47,5.56,281.26,coffee,Perennial,7,TN
59.33,35.31,35.99,22.95,75.51,5.93,282.65,coffee,Perennial,10,KA
102.9,64.58,39.6,25.8,81.37,6.1,213.85,coffee,Perennial,11,NE
62.39,73.51,50.26,22.32,77.77,5.78,207.09,coffee,Perennial,12,KL
71.94,45.68,89.77,25.91,77.13,6.08,170.3,coffee,Perennial,3,NE
95.54,36.87,71.36,22.42,76.15,6.17,135.0,coffee,Perennial,3,AP
88.84,45.45,66.23,24.96,81.89,5.45,284.79,coffee,Perennial,5,KA
84.68,55.22,49.4,24.14,88.21,5.43,199.1,coffee,Perennial,9,AP
101.89,28.64,68.37,17.54,70.08,5.52,229.84,coffee,Perennial,3,KA
107.1,21.47,73.85,19.51,83.49,6.09,285.8,coffee,Perennial,4,AP
89.75,44.48,52.82,23.71,81.95,5.89,276.38,coffee,Perennial,11,KA
64.44,35.82,68.2,21.58,70.09,5.44,233.36,coffee,Perennial,8,KL
60.6,48.33,45.09,22.74,74.4,5.97,177.68,coffee,Perennial,6,TN
82.29,42.14,74.7,16.78,65.17,6.25,191.47,coffee,Perennial,6,TN
54.97,39.89,73.7,23.52,60.0,5.68,266.74,coffee,Perennial,7,TN
83.14,66.04,53.27,21.54,70.09,6.62,203.73,coffee,Perennial,7,KA
86.34,25.17,50.95,18.87,76.3,5.57,247.74,coffee,Perennial,6,TN
106.64,42.96,51.16,25.98,81.09,6.27,159.5,coffee,Perennial,12,AP
101.82,78.0,79.08,28.12,68.74,6.61,288.87,coffee,Perennial,9,KL
90.78,55.44,32.3,16.58,69.95,5.65,212.09,coffee,Perennial,12,KL
62.39,68.52,57.1,21.8,82.26,6.16,257.59,coffee,Perennial,3,AP
85.21,73.14,80.19,21.63,83.04,6.5,254.42,coffee,Perennial,12,NE
64.0,58.07,86.96,24.32,65.48,5.71,225.14,coffee,Perennial,10,AP
55.69,50.11,55.51,22.22,65.97,6.05,243.05,coffee,Perennial,6,TN
51.6,33.05,55.91,17.45,70.47,5.76,311.46,coffee,Perennial,2,KA
67.33,46.62,51.6,15.63,77.27,6.32,291.81,coffee,Perennial,9,KA
70.17,63.19,77.2,26.01,77.43,5.87,288.27,coffee,Perennial,9,KA
75.43,39.9,74.07,18.14,74.14,5.85,271.49,coffee,Perennial,4,KL
109.87,39.91,82.46,26.76,72.42,5.55,195.62,coffee,Perennial,9,KA
85.51,42.18,37.23,23.98,80.95,6.29,230.34,coffee,Perennial,7,TN
75.13,27.04,56.59,15.92,63.5,6.22,290.87,coffee,Perennial,8,KL
98.35,69.38,77.71,29.47,69.31,6.13,198.03,coffee,Perennial,3,KL
100.98,40.73,33.98,25.08,67.19,6.1,266.28,coffee,Perennial,12,NE
74.66,49.17,43.69,23.26,77.58,5.62,293.43,coffee,Perennial,5,KL
41.76,45.02,74.88,18.45,74.5,5.34,277.2,coffee,Perennial,4,TN
104.16,35.43,48.1,16.24,79.46,5.99,168.9,coffee,Perennial,6,TN
53.49,51.85,93.93,23.27,78.08,5.86,156.37,coffee,Perennial,3,AP
58.96,63.71,65.94,19.3,86.06,5.58,232.65,coffee,Perennial,12,KL
46.88,46.89,65.32,23.22,79.82,5.71,233.84,coffee,Perennial,11,KL
62.46,41.7,62.73,18.53,66.76,6.34,143.91,coffee,Perennial,12,TN
74.24,58.26,52.06,15.77,72.77,5.53,269.48,coffee,Perennial,3,KL
97.6,48.43,72.89,19.79,72.13,5.82,188.21,coffee,Perennial,12,KA
73.15,33.43,38.6,26.18,74.87,6.08,295.96,coffee,Perennial,1,NE
62.28,52.49,55.27,23.86,79.85,5.85,200.66,coffee,Perennial,10,KL
80.07,60.02,68.66,18.95,69.64,6.57,280.9,coffee,Perennial,3,KA
103.82,61.73,74.08,14.51,75.92,5.84,210.14,coffee,Perennial,5,AP
66.14,37.85,40.47,19.8,83.9,5.9,199.01,coffee,Perennial,4,AP
103.07,32.04,59.09,22.87,65.42,5.96,155.96,coffee,Perennial,4,AP
86.37,40.32,46.58,20.61,65.05,6.14,298.98,coffee,Perennial,11,NE
62.53,50.24,37.69,22.92,75.3,6.2,264.68,coffee,Perennial,10,KL
91.21,68.37,82.61,22.02,73.92,6.27,232.9,coffee,Perennial,10,KL
63.59,62.31,48.66,19.33,83.94,5.84,207.42,coffee,Perennial,7,TN
66.73,67.81,75.57,17.47,80.74,5.38,203.24,coffee,Perennial,7,KA
61.15,50.79,62.39,18.97,81.25,6.23,221.13,coffee,Perennial,11,KA
103.11,39.57,78.09,16.35,75.41,6.19,260.54,coffee,Perennial,11,NE
60.69,52.48,73.65,26.29,77.18,5.63,177.67,coffee,Perennial,10,KA
89.66,64.27,82.93,21.79,78.22,6.2,254.27,coffee,Perennial,5,AP
63.45,43.34,65.34,13.57,75.8,5.65,249.97,coffee,Perennial,11,TN
92.74,43.09,56.81,17.7,66.72,6.13,267.94,coffee,Perennial,6,TN
86.78,23.31,76.16,17.07,78.16,6.03,166.48,coffee,Perennial,1,NE
68.04,33.59,65.11,16.27,72.56,5.76,181.07,coffee,Perennial,6,TN
102.95,66.11,86.5,23.35,83.1,6.28,198.5,coffee,Perennial,11,KA
62.41,57.09,40.92,18.06,76.58,6.52,223.95,coffee,Perennial,1,NE
102.63,58.03,76.81,29.87,76.54,6.43,171.99,coffee,Perennial,10,KA
81.79,25.89,69.29,22.14,72.8,5.52,276.2,coffee,Perennial,9,KA
52.0,40.78,80.51,17.38,73.83,6.02,273.99,coffee,Perennial,6,TN
61.47,60.73,48.05,19.54,84.12,5.89,244.68,coffee,Perennial,8,TN
48.14,45.68,34.6,18.0,75.76,6.23,266.41,coffee,Perennial,2,AP
82.27,40.54,56.48,16.78,67.36,6.06,227.87,coffee,Perennial,6,AP
92.1,34.41,79.2,18.69,69.45,6.41,207.9,coffee,Perennial,8,KA
84.52,56.19,46.31,16.26,81.26,5.99,178.49,coffee,Perennial,4,NE
88.47,59.72,75.71,16.35,80.83,6.48,154.59,coffee,Perennial,5,KL
85.6,56.27,42.37,22.84,72.9,6.12,189.91,coffee,Perennial,12,KL
55.61,52.6,77.82,19.33,81.25,5.87,287.03,coffee,Perennial,5,KL
100.89,20.15,65.23,14.86,82.19,6.76,174.92,coffee,Perennial,10,TN
102.57,54.71,84.25,22.35,66.71,5.83,150.31,coffee,Perennial,2,KA
60.31,56.04,52.93,25.51,69.15,6.08,265.36,coffee,Perennial,7,NE
82.45,58.36,85.59,14.36,65.93,5.63,182.8,coffee,Perennial,10,TN
68.83,25.56,32.41,25.73,69.19,5.78,201.78,coffee,Perennial,5,KL
47.19,40.34,75.43,19.84,72.4,6.33,212.26,coffee,Perennial,1,TN
90.46,40.28,66.19,27.32,65.92,5.82,286.3,coffee,Perennial,3,TN
52.96,49.57,58.79,15.38,76.54,5.62,253.44,coffee,Perennial,11,NE
69.83,27.33,89.56,29.98,81.09,5.7,225.46,coffee,Perennial,9,NE
102.59,49.27,76.76,14.75,86.87,5.93,227.35,coffee,Perennial,10,KL
55.22,58.19,76.34,24.73,78.74,5.47,167.95,coffee,Perennial,12,NE
91.71,64.26,33.37,15.04,81.38,5.84,264.35,coffee,Perennial,6,KA
53.94,38.06,36.38,16.28,66.89,6.16,275.74,coffee,Perennial,12,AP
59.52,42.71,74.78,18.18,70.58,6.26,243.11,coffee,Perennial,1,TN
87.06,51.43,47.49,25.38,70.89,5.17,243.27,tea,Perennial,8,WB
53.0,37.19,47.37,12.8,83.96,4.74,218.64,tea,Perennial,9,WB
74.45,68.66,35.39,25.79,85.44,4.92,163.75,tea,Perennial,6,HP
68.65,48.66,87.27,22.31,71.79,5.56,287.5,tea,Perennial,5,AS
115.54,36.22,44.33,24.53,90.65,4.91,175.72,tea,Perennial,6,KL
77.13,68.23,77.29,23.4,71.28,5.35,260.8,tea,Perennial,5,KL
54.62,35.63,70.97,27.96,89.71,5.1,196.59,tea,Perennial,12,AS
53.51,38.25,46.85,18.32,78.89,5.72,256.81,tea,Perennial,2,KL
59.54,42.28,77.91,22.08,83.02,5.37,230.63,tea,Perennial,8,AS
97.26,27.19,63.5,15.41,76.93,5.06,219.68,tea,Perennial,2,WB
59.12,65.41,43.61,20.51,79.92,5.33,171.73,tea,Perennial,4,TN
101.72,29.33,64.46,20.5,77.13,5.25,256.26,tea,Perennial,12,TN
101.02,33.06,76.17,26.13,88.72,4.77,284.53,tea,Perennial,7,TN
70.94,43.5,78.01,23.03,74.47,5.06,226.29,tea,Perennial,5,HP
58.27,48.2,80.64,19.91,85.85,4.39,222.35,tea,Perennial,12,AS
105.8,37.89,52.32,26.36,82.03,5.05,234.62,tea,Perennial,7,KL
53.23,60.41,81.74,21.82,79.36,5.6,287.38,tea,Perennial,5,AS
102.52,33.51,63.41,24.04,81.48,5.43,135.0,tea,Perennial,4,AS
73.56,40.02,73.76,14.99,81.8,5.69,159.25,tea,Perennial,10,HP
66.11,65.21,48.59,23.63,72.75,4.92,272.02,tea,Perennial,9,AS
58.73,39.83,77.58,20.93,83.45,4.89,267.03,tea,Perennial,9,HP
105.42,49.37,65.11,23.81,74.11,5.3,270.25,tea,Perennial,10,TN
58.32,56.68,83.9,21.91,79.76,5.69,256.41,tea,Perennial,7,AS
45.64,56.84,49.41,13.94,81.89,4.83,245.9,tea,Perennial,10,TN
102.11,49.23,61.26,17.88,82.45,4.61,141.48,tea,Perennial,2,HP
107.79,63.56,64.46,25.52,75.85,5.01,206.9,tea,Perennial,1,WB
87.36,28.23,35.59,27.67,77.84,4.29,199.07,tea,Perennial,5,AS
75.06,49.84,80.37,27.56,84.79,5.3,199.17,tea,Perennial,3,KL
52.28,70.94,38.85,21.44,74.59,4.89,305.31,tea,Perennial,7,TN
71.79,44.53,77.15,22.82,81.46,4.63,220.01,tea,Perennial,2,HP
112.67,26.61,59.1,24.78,73.47,5.34,156.74,tea,Perennial,9,KL
88.63,64.42,38.59,23.69,79.27,4.89,291.35,tea,Perennial,7,TN
120.0,69.05,44.99,23.36,73.79,4.49,233.83,tea,Perennial,10,AS
109.34,48.21,60.11,16.84,69.25,5.03,273.93,tea,Perennial,3,HP
105.52,57.95,55.42,21.22,80.0,4.76,222.6,tea,Perennial,9,TN
96.89,64.65,51.36,16.76,73.76,4.5,249.43,tea,Perennial,3,HP
81.16,57.28,62.34,17.86,74.37,5.45,234.29,tea,Perennial,7,HP
80.39,39.01,69.38,15.38,86.51,4.78,260.29,tea,Perennial,12,AS
89.88,37.83,45.78,22.05,81.69,4.67,273.14,tea,Perennial,9,KL
70.49,60.33,44.7,27.31,72.23,5.75,277.08,tea,Perennial,5,WB
97.03,57.66,47.72,17.92,72.07,5.39,210.25,tea,Perennial,2,HP
78.03,45.53,42.55,20.83,90.38,4.2,235.34,tea,Perennial,4,KL
78.93,68.18,83.46,17.74,66.44,5.08,231.73,tea,Perennial,3,AS
117.33,48.5,42.54,26.17,78.75,5.04,258.49,tea,Perennial,1,KL
58.56,28.73,86.32,21.0,79.28,5.29,211.25,tea,Perennial,4,AS
61.76,52.55,79.1,18.63,72.1,5.12,246.5,tea,Perennial,1,HP
92.37,64.9,88.84,13.74,68.96,5.05,221.27,tea,Perennial,1,HP
47.13,54.92,74.38,25.33,71.82,5.6,200.39,tea,Perennial,12,TN
88.09,61.12,70.57,21.98,89.14,5.27,163.09,tea,Perennial,4,AS
57.22,55.07,55.83,22.89,83.35,5.43,163.36,tea,Perennial,7,KL
106.51,41.9,33.48,25.98,75.91,4.91,176.24,tea,Perennial,5,TN
102.85,55.48,73.7,20.33,83.65,4.89,225.96,tea,Perennial,8,HP
78.07,33.74,54.48,25.59,80.51,4.86,222.97,tea,Perennial,7,WB
84.43,27.11,63.63,18.59,83.38,4.73,224.07,tea,Perennial,7,TN
84.49,69.46,77.21,21.52,80.27,4.77,227.72,tea,Perennial,2,KL
100.84,61.13,74.93,16.38,79.41,5.52,233.4,tea,Perennial,4,WB
67.64,26.06,63.5,15.29,80.09,4.49,184.01,tea,Perennial,7,WB
69.5,45.45,59.69,26.18,86.87,5.69,265.34,tea,Perennial,3,HP
112.86,36.23,47.73,17.69,83.28,5.14,284.32,tea,Perennial,3,TN
87.51,47.04,47.24,16.29,72.37,5.66,285.98,tea,Perennial,2,HP
100.77,35.62,64.58,25.54,84.56,4.92,207.82,tea,Perennial,7,KL
79.42,45.42,39.03,19.47,88.57,4.86,149.71,tea,Perennial,3,AS
98.06,68.59,81.53,19.79,70.54,4.88,278.48,tea,Perennial,2,AS
86.05,21.19,44.64,25.97,94.47,5.22,205.68,tea,Perennial,6,TN
105.97,51.88,71.62,17.87,79.54,5.08,204.13,tea,Perennial,6,TN
99.61,67.95,43.54,22.29,73.61,5.62,151.64,tea,Perennial,3,AS
58.72,45.44,52.86,22.79,81.0,5.17,175.84,tea,Perennial,7,WB
48.05,48.89,68.25,28.57,68.12,5.55,301.07,tea,Perennial,9,HP
59.77,65.52,41.11,20.0,80.88,5.29,221.15,tea,Perennial,11,HP
84.13,63.8,87.8,21.02,79.62,4.94,200.45,tea,Perennial,11,TN
84.07,38.52,39.09,16.13,85.79,5.41,277.38,tea,Perennial,7,TN
66.24,29.44,71.93,22.29,73.67,5.16,291.44,tea,Perennial,2,KL
88.98,44.47,45.53,17.95,84.08,4.95,283.92,tea,Perennial,3,HP
77.03,46.98,60.97,20.37,86.78,4.48,262.12,tea,Perennial,11,AS
104.97,59.84,51.96,28.6,83.75,4.96,216.65,tea,Perennial,2,WB
98.91,40.42,45.63,17.67,75.71,4.83,195.5,tea,Perennial,8,HP
66.61,40.71,50.2,25.23,72.77,5.36,135.07,tea,Perennial,6,KL
107.51,60.11,51.77,25.5,80.93,5.05,225.22,tea,Perennial,5,TN
55.39,35.11,74.55,18.27,75.43,4.73,252.38,tea,Perennial,10,TN
72.65,22.26,76.02,17.35,76.99,4.77,154.36,tea,Perennial,2,TN
105.88,49.36,73.94,18.19,82.13,5.22,257.76,tea,Perennial,11,KL
79.08,50.07,81.41,24.82,85.87,4.62,256.81,tea,Perennial,12,AS
79.71,22.19,55.29,23.28,72.35,4.69,192.73,tea,Perennial,2,AS
81.85,66.15,72.28,23.69,83.27,4.43,196.78,tea,Perennial,11,WB
91.6,47.59,48.21,13.95,87.28,5.78,271.94,tea,Perennial,6,AS
90.55,30.71,57.26,24.62,86.22,5.39,199.66,tea,Perennial,5,WB
81.66,27.42,61.41,16.83,74.67,5.49,198.25,tea,Perennial,2,AS
90.38,37.89,61.7,21.29,77.34,4.77,252.9,tea,Perennial,1,KL
80.62,54.65,44.19,18.33,87.76,4.8,233.65,tea,Perennial,12,TN
92.24,25.81,43.72,23.67,82.43,5.06,280.06,tea,Perennial,3,HP
101.1,39.05,55.9,20.83,87.07,5.16,212.46,tea,Perennial,9,HP
60.63,51.56,31.38,22.67,72.79,4.74,258.84,tea,Perennial,8,KL
59.24,38.7,78.94,22.9,79.04,4.51,255.86,tea,Perennial,10,HP
62.14,61.54,65.7,28.97,83.14,4.96,220.85,tea,Perennial,6,KL
97.96,56.46,38.95,23.14,80.99,5.26,228.76,tea,Perennial,4,AS
96.03,41.23,47.33,25.04,67.83,5.16,207.79,tea,Perennial,11,KL
81.91,37.99,77.66,14.92,73.93,4.97,293.45,tea,Perennial,11,TN
56.39,52.97,40.39,17.16,88.64,5.19,263.63,tea,Perennial,8,WB
104.81,29.38,86.47,15.83,77.72,5.3,271.08,tea,Perennial,2,HP
96.39,33.31,76.71,26.66,91.48,4.6,243.07,tea,Perennial,7,TN
92.51,50.8,61.04,27.97,80.2,5.64,157.54,tea,Perennial,5,KL
74.1,73.5,46.07,24.82,81.34,5.27,185.73,tea,Perennial,9,HP
63.52,64.45,64.32,14.85,81.92,5.25,176.32,tea,Perennial,4,HP
55.27,53.69,77.15,20.51,84.09,4.9,173.95,tea,Perennial,3,KL
59.79,29.4,75.8,18.58,73.63,4.76,296.86,tea,Perennial,10,KL
64.86,43.86,72.32,23.87,93.56,5.19,277.85,tea,Perennial,12,TN
82.33,45.27,68.24,31.0,76.16,4.47,282.43,tea,Perennial,9,HP
72.29,42.81,68.67,19.03,78.03,4.94,253.0,tea,Perennial,11,HP
86.8,37.88,75.45,13.39,75.57,4.81,206.55,tea,Perennial,9,WB
65.21,43.79,33.48,25.33,79.17,5.12,260.48,tea,Perennial,7,WB
52.93,29.04,64.0,23.95,82.34,4.8,236.31,tea,Perennial,2,KL
103.95,55.43,82.95,16.78,78.49,4.89,146.61,tea,Perennial,9,AS
99.91,60.14,94.13,26.93,87.65,4.73,241.09,tea,Perennial,12,AS
50.6,68.36,48.82,28.67,89.71,4.7,256.73,tea,Perennial,5,WB
75.31,42.94,37.97,22.09,84.22,4.86,180.55,tea,Perennial,6,TN
88.85,25.26,70.43,25.05,82.57,5.35,268.54,tea,Perennial,12,TN
88.51,41.67,41.69,27.74,66.67,4.87,176.47,tea,Perennial,9,KL
102.33,41.37,60.25,28.15,85.72,4.93,167.57,tea,Perennial,7,WB
56.32,47.08,66.82,26.73,71.51,4.72,182.35,tea,Perennial,9,HP
89.17,64.47,71.79,16.1,75.42,4.78,292.23,tea,Perennial,3,TN
87.53,66.18,75.31,17.49,78.25,5.38,174.85,tea,Perennial,12,TN
75.1,64.06,32.47,29.18,82.5,5.06,167.35,tea,Perennial,9,HP
101.56,37.39,36.09,24.96,75.86,5.2,238.6,tea,Perennial,7,WB
88.88,60.0,37.17,26.07,80.5,4.24,144.61,tea,Perennial,6,TN
63.44,51.43,43.23,17.91,84.1,5.2,186.9,tea,Perennial,7,TN
68.47,47.46,73.05,27.0,85.67,4.77,244.98,tea,Perennial,4,AS
101.55,34.91,54.38,27.09,78.04,4.59,216.12,tea,Perennial,10,TN
46.69,59.73,78.55,24.91,68.37,4.86,145.26,tea,Perennial,11,HP
51.82,26.33,78.33,26.97,83.97,5.03,179.18,tea,Perennial,8,TN
66.26,33.75,76.14,24.46,73.52,4.58,155.46,tea,Perennial,8,WB
79.6,20.86,77.1,26.05,91.03,5.14,224.27,tea,Perennial,4,AS
60.2,63.64,27.79,24.24,79.7,4.62,294.31,tea,Perennial,8,HP
73.42,60.93,76.22,16.09,82.01,4.42,152.3,tea,Perennial,2,TN
81.48,43.2,39.95,17.65,73.15,5.07,224.77,tea,Perennial,1,HP
100.04,49.01,67.72,14.9,84.0,5.28,179.66,tea,Perennial,11,WB
55.15,66.44,63.45,21.64,79.95,5.12,187.41,tea,Perennial,9,WB
48.76,26.41,39.88,27.17,83.34,5.13,196.75,tea,Perennial,8,TN
87.54,31.8,44.29,18.9,89.95,4.68,173.05,tea,Perennial,8,TN
78.98,47.9,38.18,26.69,80.46,4.55,261.58,tea,Perennial,7,HP
106.46,72.33,68.64,16.69,79.24,4.59,315.0,tea,Perennial,4,HP
61.01,58.28,66.85,19.43,77.44,5.54,188.27,tea,Perennial,7,TN
81.51,40.97,65.3,21.49,86.96,5.05,202.17,tea,Perennial,6,WB
56.36,65.65,82.48,17.59,80.53,4.82,159.76,tea,Perennial,4,KL
102.06,67.76,70.39,19.49,73.41,5.0,263.91,tea,Perennial,4,KL
70.55,37.09,50.18,28.28,85.8,4.92,216.17,tea,Perennial,11,AS
109.97,64.75,40.74,26.03,71.77,4.52,199.95,tea,Perennial,5,WB
47.07,47.41,84.24,26.47,87.27,5.37,229.02,tea,Perennial,5,WB
57.51,48.41,75.21,27.22,86.52,5.45,188.85,tea,Perennial,10,WB
68.64,59.05,81.51,20.97,77.0,5.13,255.7,tea,Perennial,9,AS
79.67,36.21,53.12,27.22,71.34,4.89,258.09,tea,Perennial,10,TN
110.32,66.73,108.87,26.06,76.39,6.42,306.55,coconut,Perennial,5,OD
54.28,76.42,82.85,24.6,83.43,5.99,186.14,coconut,Perennial,4,TN
57.56,41.59,71.12,29.44,69.96,6.15,197.93,coconut,Perennial,8,AP
99.66,30.62,67.05,33.1,80.81,6.46,209.92,coconut,Perennial,10,OD
120.77,73.52,57.68,26.48,75.63,6.48,277.63,coconut,Perennial,9,AP
74.33,70.6,60.51,24.83,77.91,6.58,168.06,coconut,Perennial,12,AP
100.92,38.43,74.49,31.43,70.62,7.11,183.86,coconut,Perennial,5,KA
81.57,48.53,72.55,24.95,78.23,6.54,232.25,coconut,Perennial,11,KL
112.47,44.41,76.95,29.54,80.91,5.89,178.76,coconut,Perennial,6,KA
114.65,51.38,69.96,31.45,70.17,7.64,244.52,coconut,Perennial,9,TN
89.41,73.5,96.59,25.33,78.35,6.11,207.36,coconut,Perennial,1,OD
96.13,39.11,93.29,24.9,75.04,5.99,278.39,coconut,Perennial,6,KA
57.22,66.74,105.03,29.17,84.43,7.16,172.48,coconut,Perennial,8,KA
72.58,46.89,97.96,22.38,73.85,6.94,205.77,coconut,Perennial,2,AP
53.56,48.53,88.18,22.67,72.53,5.82,223.57,coconut,Perennial,1,KA
73.29,78.67,64.01,29.36,85.22,6.62,192.13,coconut,Perennial,12,TN
52.35,53.72,80.74,32.8,77.21,7.37,266.06,coconut,Perennial,4,KL
97.17,60.1,77.34,24.85,77.18,6.79,301.16,coconut,Perennial,3,KA
70.18,75.53,86.68,29.76,79.76,7.14,226.48,coconut,Perennial,12,OD
75.59,36.31,56.39,28.35,75.96,6.6,271.41,coconut,Perennial,2,OD
102.69,59.44,47.41,22.61,70.59,7.22,193.5,coconut,Perennial,8,AP
50.29,50.28,91.37,32.37,74.13,6.68,191.53,coconut,Perennial,6,KA
61.05,67.51,98.74,27.65,84.2,6.57,278.52,coconut,Perennial,8,TN
56.78,46.13,66.94,27.3,83.23,7.63,206.37,coconut,Perennial,10,OD
115.8,62.5,84.43,25.5,78.36,7.27,148.49,coconut,Perennial,9,TN
81.71,61.45,58.11,24.97,72.26,7.2,192.77,coconut,Perennial,4,KA
71.68,38.1,75.66,29.32,75.34,6.96,190.93,coconut,Perennial,10,KL
113.07,35.26,96.93,22.92,72.13,6.38,171.31,coconut,Perennial,12,KA
61.51,66.96,72.26,29.48,80.7,6.14,247.1,coconut,Perennial,6,OD
100.75,39.79,69.22,30.73,83.77,7.65,248.13,coconut,Perennial,8,OD
55.78,79.89,64.38,30.95,68.96,7.6,186.16,coconut,Perennial,12,AP
59.41,41.55,57.85,21.06,79.54,6.11,230.41,coconut,Perennial,9,KA
64.45,65.43,101.29,21.06,82.02,7.06,281.23,coconut,Perennial,7,KA
70.86,73.25,76.4,28.77,83.09,6.66,234.15,coconut,Perennial,7,OD
79.09,30.15,50.83,28.46,84.32,6.15,194.32,coconut,Perennial,1,AP
70.0,34.73,53.31,27.35,68.7,6.6,258.12,coconut,Perennial,2,KA
63.49,61.1,91.43,22.0,86.7,7.29,290.22,coconut,Perennial,10,KL
96.48,75.16,105.9,29.14,87.16,7.35,191.3,coconut,Perennial,5,AP
59.64,81.1,104.77,29.34,70.33,6.25,261.33,coconut,Perennial,7,KL
73.82,71.66,71.02,28.48,82.86,6.39,221.06,coconut,Perennial,9,TN
79.61,52.78,91.64,25.51,71.87,6.0,219.26,coconut,Perennial,10,KA
89.17,58.48,82.14,23.13,73.78,6.68,199.0,coconut,Perennial,11,KA
103.32,43.09,54.63,29.28,81.35,6.64,240.36,coconut,Perennial,7,KL
89.2,66.86,94.43,22.13,69.23,7.16,204.66,coconut,Perennial,9,AP
53.83,37.65,89.63,25.64,90.0,6.4,206.13,coconut,Perennial,1,TN
53.34,38.0,88.01,27.47,83.97,6.59,177.31,coconut,Perennial,10,KA
102.47,52.97,77.07,26.41,70.88,7.58,214.46,coconut,Perennial,10,TN
59.8,61.92,104.0,22.4,78.6,7.48,233.99,coconut,Perennial,12,KL
114.08,30.1,84.29,32.63,80.36,6.06,169.23,coconut,Perennial,6,OD
70.13,26.71,44.79,24.11,73.2,6.81,181.16,coconut,Perennial,8,AP
94.39,59.31,46.3,22.58,79.48,6.56,212.52,coconut,Perennial,2,AP
63.57,60.86,95.72,26.75,71.66,7.27,233.3,coconut,Perennial,9,AP
122.37,38.62,89.08,29.17,69.2,7.07,215.27,coconut,Perennial,2,TN
93.29,47.09,111.1,27.37,69.14,7.07,171.59,coconut,Perennial,11,KA
71.74,70.61,110.07,33.53,76.11,6.86,282.28,coconut,Perennial,1,AP
70.89,76.03,82.38,21.95,77.45,6.37,152.46,coconut,Perennial,11,KL
88.37,77.33,107.93,22.85,78.25,6.28,221.27,coconut,Perennial,6,KA
84.54,46.43,108.03,26.33,82.89,6.35,276.71,coconut,Perennial,5,KL
104.7,83.58,67.33,24.27,78.96,6.7,244.8,coconut,Perennial,4,KA
74.63,57.37,74.45,31.82,68.89,6.09,244.51,coconut,Perennial,2,TN
57.32,26.49,93.77,30.16,68.55,6.58,170.74,coconut,Perennial,6,OD
110.77,78.33,68.98,31.8,71.51,5.9,213.92,coconut,Perennial,11,AP
66.26,33.41,65.63,23.23,83.2,6.61,246.81,coconut,Perennial,2,KL
73.08,40.58,104.75,30.62,78.0,5.7,224.95,coconut,Perennial,5,KL
96.74,48.79,68.64,30.2,83.61,6.23,301.75,coconut,Perennial,9,TN
111.12,57.12,86.56,25.84,85.06,6.55,173.6,coconut,Perennial,1,TN
68.05,54.91,74.89,26.03,73.87,7.46,273.7,coconut,Perennial,12,OD
101.35,66.49,88.22,32.7,85.14,6.31,233.42,coconut,Perennial,7,KL
77.94,55.03,73.05,23.04,85.19,6.33,192.47,coconut,Perennial,2,KA
101.03,67.36,57.4,31.14,72.74,7.74,282.39,coconut,Perennial,3,OD
89.88,35.42,68.79,22.4,75.64,6.41,179.3,coconut,Perennial,12,KL
84.17,74.58,93.99,32.59,85.18,7.07,281.98,coconut,Perennial,1,KA
59.22,36.46,107.29,22.16,76.6,7.49,174.86,coconut,Perennial,11,OD
115.05,46.34,92.66,32.6,75.24,6.59,221.33,coconut,Perennial,8,AP
92.48,36.12,62.41,32.33,75.39,6.05,240.88,coconut,Perennial,12,KA
73.29,61.92,98.83,33.74,77.86,5.81,214.99,coconut,Perennial,10,KL
60.08,33.34,93.81,24.14,75.52,7.02,256.21,coconut,Perennial,3,OD
57.93,52.71,104.28,32.81,82.73,6.15,241.15,coconut,Perennial,3,AP
90.51,62.56,99.33,21.45,82.78,7.21,263.6,coconut,Perennial,9,TN
102.49,34.94,98.83,29.96,66.29,6.58,175.65,coconut,Perennial,5,TN
67.62,70.8,98.76,31.54,73.19,6.13,221.82,coconut,Perennial,6,OD
75.29,74.22,89.56,34.67,78.82,6.51,265.93,coconut,Perennial,8,AP
66.65,31.39,53.2,23.39,77.61,7.44,233.5,coconut,Perennial,8,OD
53.96,73.48,80.5,29.85,78.29,6.45,172.47,coconut,Perennial,6,AP
122.85,56.98,77.02,23.0,79.58,7.04,275.11,coconut,Perennial,7,AP
81.45,71.7,62.46,24.33,77.19,7.39,194.78,coconut,Perennial,1,TN
69.47,65.04,60.25,32.21,81.07,7.31,257.95,coconut,Perennial,10,KA
71.35,73.76,84.16,28.43,74.29,6.73,218.33,coconut,Perennial,4,OD
55.6,47.0,103.29,28.25,67.12,6.81,211.72,coconut,Perennial,6,AP
91.42,38.97,49.02,30.56,78.24,7.46,236.26,coconut,Perennial,12,KL
61.33,77.99,99.05,26.39,79.84,6.84,208.03,coconut,Perennial,8,TN
90.45,32.41,102.8,27.66,85.93,6.58,180.75,coconut,Perennial,7,KL
113.45,57.31,63.03,25.34,80.21,6.57,247.79,coconut,Perennial,10,AP
115.75,56.7,62.4,26.87,77.37,6.9,261.5,coconut,Perennial,11,AP
90.55,76.72,95.56,27.51,73.13,6.98,175.95,coconut,Perennial,6,KA
110.53,42.75,62.73,25.66,78.52,6.51,155.25,coconut,Perennial,5,TN
113.37,45.93,109.94,33.45,72.06,6.27,185.14,coconut,Perennial,5,TN
87.49,40.53,68.72,25.52,76.86,7.15,270.13,coconut,Perennial,5,TN
59.6,58.64,53.19,27.02,70.06,6.39,264.51,coconut,Perennial,5,OD
79.42,69.07,108.11,20.41,74.99,7.06,207.71,coconut,Perennial,6,TN
83.44,36.58,73.7,22.36,76.5,6.82,195.01,coconut,Perennial,5,KA
54.56,64.67,59.33,20.41,80.19,6.2,173.93,coconut,Perennial,5,OD
93.43,52.44,64.93,25.63,87.55,7.53,204.61,coconut,Perennial,1,KL
52.2,63.77,89.95,34.78,74.04,6.39,167.41,coconut,Perennial,3,OD
89.6,76.63,91.91,25.26,79.57,7.42,206.31,coconut,Perennial,1,KL
116.66,82.7,75.76,29.78,72.6,6.83,172.63,coconut,Perennial,11,AP
106.1,52.6,100.67,25.63,76.45,6.82,259.28,coconut,Perennial,12,KL
110.42,61.9,98.66,25.73,81.78,6.31,171.56,coconut,Perennial,3,TN
56.46,64.07,83.43,23.56,74.53,6.85,141.79,coconut,Perennial,1,KL
75.81,25.9,94.07,23.1,79.52,6.05,250.73,coconut,Perennial,6,TN
66.27,33.02,106.02,21.88,76.07,5.95,263.01,coconut,Perennial,6,OD
105.69,51.82,102.08,27.63,78.92,7.25,267.73,coconut,Perennial,6,KL
62.64,71.41,88.97,22.03,80.3,7.24,160.3,coconut,Perennial,7,AP
91.65,60.43,68.65,22.57,77.97,6.26,195.59,coconut,Perennial,10,TN
103.54,40.03,62.69,25.15,76.77,5.9,254.65,coconut,Perennial,1,KL
61.01,51.74,96.76,27.91,74.98,6.92,279.41,coconut,Perennial,10,OD
75.12,54.46,94.99,23.79,84.04,6.4,272.43,coconut,Perennial,10,TN
98.52,33.67,90.08,29.88,77.6,7.16,180.6,coconut,Perennial,8,KL
59.47,62.36,89.09,28.92,80.7,6.87,249.77,coconut,Perennial,12,TN
111.56,66.85,113.61,32.53,72.14,6.96,238.77,coconut,Perennial,4,KA
85.69,62.39,105.98,23.7,66.11,6.93,168.49,coconut,Perennial,9,KA
54.07,37.43,95.4,29.07,73.63,6.06,288.63,coconut,Perennial,2,OD
102.64,45.32,62.34,29.82,73.02,6.18,213.72,coconut,Perennial,2,AP
89.29,37.81,97.14,24.63,79.89,7.47,141.33,coconut,Perennial,8,KA
41.12,38.36,61.42,22.76,85.25,6.33,267.57,coconut,Perennial,1,OD
88.69,51.06,97.12,27.57,80.58,6.24,239.32,coconut,Perennial,4,KA
94.89,79.35,48.42,25.71,85.89,6.69,144.7,coconut,Perennial,7,OD
102.66,61.59,102.98,24.58,76.57,6.02,212.99,coconut,Perennial,12,AP
51.15,54.52,89.68,24.16,75.78,7.37,143.41,coconut,Perennial,11,KA
72.91,53.05,96.48,30.48,80.62,6.81,168.67,coconut,Perennial,4,KA
65.34,36.72,66.38,23.91,73.4,7.32,270.01,coconut,Perennial,9,KL
86.33,56.46,86.53,21.15,83.41,7.0,178.51,coconut,Perennial,3,OD
48.21,22.0,60.27,29.49,89.96,6.33,266.88,coconut,Perennial,5,TN
98.33,71.66,110.48,20.55,78.6,6.72,257.16,coconut,Perennial,3,OD
74.96,65.96,89.91,28.6,69.11,6.71,179.56,coconut,Perennial,3,OD
101.25,79.56,112.46,27.48,83.95,6.13,135.9,coconut,Perennial,6,KA
49.97,69.04,56.87,30.73,80.49,6.26,249.48,coconut,Perennial,6,KA
83.43,74.11,85.01,25.47,77.83,6.45,159.62,coconut,Perennial,2,OD
69.03,60.01,70.81,26.59,69.45,7.58,280.35,coconut,Perennial,5,OD
110.22,80.26,88.86,24.97,84.6,6.98,180.82,coconut,Perennial,7,OD
69.23,37.45,55.51,29.62,89.61,6.58,233.83,coconut,Perennial,1,AP
63.21,80.18,102.09,24.01,79.98,6.62,238.59,coconut,Perennial,3,KA
73.53,52.96,59.14,24.18,78.72,6.85,174.15,coconut,Perennial,3,TN
66.16,44.2,74.71,28.37,68.27,7.24,207.27,coconut,Perennial,11,TN
63.94,22.35,70.22,28.38,76.82,7.13,236.23,coconut,Perennial,7,TN
56.11,54.94,104.33,25.21,78.97,6.08,177.17,coconut,Perennial,5,TN
63.33,81.46,108.91,34.55,71.61,7.5,287.89,coconut,Perennial,1,TN
84.09,53.46,105.72,24.74,75.44,7.63,158.52,coconut,Perennial,6,TN
80.51,58.4,70.14,33.18,81.86,7.34,258.76,coconut,Perennial,10,AP
75.19,30.55,95.95,29.64,76.99,7.34,176.13,coconut,Perennial,11,KL
69.82,81.04,105.0,25.15,74.93,6.34,286.49,coconut,Perennial,11,TN
112.63,51.15,104.03,29.4,82.49,7.51,266.26,coconut,Perennial,7,AP
96.95,56.87,102.3,23.9,81.94,6.84,184.87,coconut,Perennial,6,AP
57.37,57.83,53.2,30.59,72.88,7.18,202.75,coconut,Perennial,1,AP
104.88,70.08,82.47,23.48,82.95,6.73,243.65,coconut,Perennial,6,TN
97.57,52.1,80.32,27.74,78.66,7.01,164.67,coconut,Perennial,7,KA
74.71,39.92,104.46,26.44,71.28,6.84,264.0,coconut,Perennial,7,KL
83.06,26.71,110.61,22.82,72.85,6.94,241.81,coconut,Perennial,4,KL
114.26,54.96,65.02,22.37,85.78,7.01,176.22,coconut,Perennial,1,KL
117.34,57.21,55.91,31.93,72.06,6.75,262.29,coconut,Perennial,4,TN
65.86,58.7,88.52,23.01,79.89,7.8,238.66,coconut,Perennial,2,TN
61.78,80.35,98.65,25.11,67.0,6.62,286.45,coconut,Perennial,3,OD
91.62,51.21,100.43,25.3,77.55,7.43,183.11,coconut,Perennial,8,AP
116.23,40.35,79.69,27.6,80.11,6.63,245.98,coconut,Perennial,5,TN
99.58,35.61,106.87,27.08,82.58,6.79,221.2,coconut,Perennial,3,KL
88.13,38.05,68.01,28.8,80.2,7.33,238.6,coconut,Perennial,12,KL
56.68,32.94,74.04,30.93,73.8,6.18,281.15,coconut,Perennial,10,TN
72.58,64.42,78.91,32.46,78.01,6.85,194.64,coconut,Perennial,1,TN
104.68,48.91,81.72,25.42,73.23,7.47,259.78,coconut,Perennial,3,KA
98.59,37.29,115.65,30.52,88.34,6.78,191.61,coconut,Perennial,6,OD
78.09,33.86,53.12,25.84,79.72,6.83,208.13,coconut,Perennial,2,TN
93.7,69.36,93.71,26.97,72.4,6.84,176.47,coconut,Perennial,10,TN
96.51,61.65,91.0,27.51,84.79,6.39,152.54,coconut,Perennial,6,OD
86.04,62.18,59.21,26.69,82.12,6.88,243.7,coconut,Perennial,1,OD
113.35,44.81,52.04,25.29,69.79,6.59,192.5,coconut,Perennial,6,KL
53.99,35.18,102.56,26.9,74.76,6.49,210.51,coconut,Perennial,2,AP
81.29,46.08,92.9,25.23,81.89,6.95,178.21,coconut,Perennial,12,TN
99.75,48.3,105.09,19.83,85.38,6.15,272.12,coconut,Perennial,2,TN
76.89,51.99,79.67,28.52,80.92,7.46,279.24,coconut,Perennial,3,KA
69.66,66.5,72.01,25.63,71.23,7.1,196.08,coconut,Perennial,7,KA
69.25,40.32,106.91,26.48,80.83,6.45,275.36,coconut,Perennial,8,OD
90.0,53.06,88.9,25.03,79.63,6.0,256.39,coconut,Perennial,7,OD
97.67,77.58,69.56,26.49,79.63,5.95,240.89,coconut,Perennial,1,OD
113.6,49.2,100.35,26.17,76.54,6.91,135.0,coconut,Perennial,8,KL
60.59,67.8,59.26,27.42,79.19,7.32,273.75,coconut,Perennial,6,OD
68.4,38.46,51.25,23.06,76.85,7.03,294.06,coconut,Perennial,7,KA
65.29,59.16,104.07,22.37,83.06,7.2,208.99,coconut,Perennial,6,KL
69.1,62.64,74.05,24.03,82.93,6.57,176.36,coconut,Perennial,10,AP
105.08,68.66,106.66,26.2,71.73,7.35,165.25,coconut,Perennial,2,KL
63.73,65.12,60.77,24.29,78.36,6.18,269.97,coconut,Perennial,10,KA
107.58,44.96,101.47,26.58,73.39,6.4,160.35,coconut,Perennial,9,KL
53.91,74.51,89.55,24.01,73.76,6.36,277.4,coconut,Perennial,3,TN
79.11,56.76,88.73,30.44,80.72,6.46,279.1,coconut,Perennial,5,TN
85.51,70.66,50.78,33.33,72.17,7.08,197.02,coconut,Perennial,6,TN
78.28,44.16,64.91,33.66,72.65,7.07,198.02,coconut,Perennial,8,KL
53.67,33.6,99.49,29.03,81.79,6.79,268.05,coconut,Perennial,11,AP
115.76,63.19,82.49,25.18,72.05,6.57,166.78,coconut,Perennial,3,KL
85.56,75.1,83.66,31.95,81.36,6.63,174.13,coconut,Perennial,8,AP
74.36,77.45,84.15,25.61,74.9,6.49,195.05,coconut,Perennial,2,KA
67.0,74.64,77.62,31.1,65.0,7.28,152.28,coconut,Perennial,3,AP
72.61,28.48,69.01,20.28,76.63,6.97,178.46,arecanut,Perennial,4,AP
59.57,29.51,61.97,27.62,80.76,6.23,244.65,arecanut,Perennial,10,AP
103.07,46.83,42.79,19.87,79.96,6.0,197.47,arecanut,Perennial,2,TN
74.8,54.42,47.62,22.88,76.27,5.73,221.51,arecanut,Perennial,2,AP
109.93,66.76,78.77,31.44,85.88,6.52,288.93,arecanut,Perennial,10,AP
68.29,44.21,66.86,22.08,83.16,6.68,280.88,arecanut,Perennial,1,AP
48.34,25.99,67.37,28.86,81.99,6.38,210.84,arecanut,Perennial,1,KA
109.51,42.56,75.77,23.56,75.69,6.52,259.29,arecanut,Perennial,12,NE
77.64,25.77,60.65,24.24,82.92,6.72,172.92,arecanut,Perennial,9,KL
49.67,28.35,55.65,26.05,85.8,6.35,255.97,arecanut,Perennial,3,AP
66.29,58.7,68.05,26.36,89.12,7.08,171.61,arecanut,Perennial,1,TN
53.86,29.76,72.27,32.94,77.76,6.71,230.52,arecanut,Perennial,10,KL
72.49,61.78,80.34,30.86,72.19,6.76,159.14,arecanut,Perennial,8,KA
65.66,57.58,81.85,28.28,72.47,6.23,204.71,arecanut,Perennial,9,NE
64.09,54.85,87.39,24.99,71.55,6.26,257.22,arecanut,Perennial,12,NE
98.38,36.97,44.2,30.95,78.63,6.78,284.15,arecanut,Perennial,12,NE
61.48,50.87,65.6,26.26,81.49,6.3,309.64,arecanut,Perennial,2,NE
117.82,32.65,67.42,20.5,83.67,6.71,162.47,arecanut,Perennial,11,TN
68.27,65.99,50.66,21.86,84.72,6.53,219.82,arecanut,Perennial,4,NE
68.47,35.54,79.85,21.01,75.32,6.55,286.22,arecanut,Perennial,9,AP
75.7,30.63,86.45,30.27,78.42,7.04,182.25,arecanut,Perennial,12,AP
92.16,31.25,46.22,27.2,77.03,6.19,217.56,arecanut,Perennial,3,TN
94.96,57.28,41.99,17.65,87.98,6.46,244.81,arecanut,Perennial,11,TN
79.96,49.3,73.53,19.28,81.38,6.14,197.51,arecanut,Perennial,11,KL
60.61,32.73,35.95,21.73,81.36,6.38,271.89,arecanut,Perennial,12,KA
83.61,61.45,87.05,20.5,77.87,6.47,279.75,arecanut,Perennial,7,AP
110.19,29.52,72.63,20.54,79.17,7.02,245.84,arecanut,Perennial,7,KL
79.03,33.22,87.91,28.62,69.01,6.25,179.05,arecanut,Perennial,5,KL
50.07,66.36,82.5,26.58,78.29,6.96,262.84,arecanut,Perennial,5,AP
102.23,42.58,75.14,30.2,79.23,6.13,197.41,arecanut,Perennial,6,AP
89.92,40.84,51.09,26.5,82.02,6.16,261.15,arecanut,Perennial,1,NE
100.34,55.34,100.0,31.33,80.3,6.12,284.15,arecanut,Perennial,12,KL
114.89,52.37,70.32,23.99,71.74,6.64,267.81,arecanut,Perennial,9,AP
90.63,46.72,38.0,27.9,81.0,6.47,200.13,arecanut,Perennial,2,KA
66.67,51.54,70.85,28.1,83.17,6.2,143.5,arecanut,Perennial,10,KA
82.58,54.97,55.53,25.67,78.86,6.04,179.24,arecanut,Perennial,4,AP
87.11,66.8,67.07,23.32,81.7,6.71,315.0,arecanut,Perennial,4,AP
58.77,41.97,39.64,27.25,78.5,6.99,165.37,arecanut,Perennial,2,NE
100.52,55.37,100.0,32.61,71.62,6.41,193.25,arecanut,Perennial,1,AP
80.16,43.55,80.48,26.03,78.45,6.3,226.88,arecanut,Perennial,2,AP
85.99,42.48,83.29,21.49,70.95,6.34,236.55,arecanut,Perennial,4,TN
85.84,40.76,63.9,29.75,75.69,7.3,236.82,arecanut,Perennial,4,TN
62.09,61.26,63.92,24.04,75.82,6.2,264.09,arecanut,Perennial,8,KL
63.69,38.5,80.07,28.84,80.39,6.22,235.5,arecanut,Perennial,1,TN
99.98,41.6,81.41,21.19,76.81,6.38,302.48,arecanut,Perennial,1,NE
66.08,50.72,69.28,20.94,74.86,7.0,213.51,arecanut,Perennial,11,KA
51.65,31.97,71.3,23.87,76.11,6.25,209.53,arecanut,Perennial,4,AP
93.03,42.59,68.68,26.48,68.48,6.24,254.42,arecanut,Perennial,3,AP
82.19,48.48,63.43,27.15,76.22,6.48,251.93,arecanut,Perennial,7,NE
106.28,68.36,73.91,28.0,72.71,6.51,298.42,arecanut,Perennial,3,TN
62.5,43.9,65.17,21.84,79.58,6.84,173.33,arecanut,Perennial,11,AP
106.71,71.84,79.92,26.78,72.82,6.02,242.91,arecanut,Perennial,12,KL
103.8,67.58,70.3,22.04,74.0,6.94,283.19,arecanut,Perennial,12,KL
80.71,62.3,57.76,18.75,80.37,6.59,212.99,arecanut,Perennial,12,AP
104.22,47.05,67.72,27.0,69.63,6.77,277.4,arecanut,Perennial,8,NE
57.3,56.53,53.82,29.88,79.12,6.19,180.35,arecanut,Perennial,1,TN
71.87,51.96,61.84,25.91,79.39,7.24,200.62,arecanut,Perennial,3,TN
105.24,47.9,95.26,24.44,81.45,6.32,171.23,arecanut,Perennial,12,KA
89.66,63.59,87.31,21.44,78.96,6.9,268.77,arecanut,Perennial,3,KL
77.55,39.84,43.12,23.76,71.8,5.86,182.7,arecanut,Perennial,9,TN
103.89,29.31,83.47,26.91,83.69,6.75,226.17,arecanut,Perennial,8,KA
79.37,25.33,70.94,19.4,72.89,6.67,218.64,arecanut,Perennial,7,AP
104.58,40.35,44.46,29.99,78.65,6.7,281.14,arecanut,Perennial,8,NE
92.25,66.46,75.41,28.83,67.32,6.57,187.54,arecanut,Perennial,7,KA
68.31,40.86,78.51,25.19,70.04,6.75,208.34,arecanut,Perennial,5,AP
67.94,28.2,52.15,23.14,73.6,6.35,214.79,arecanut,Perennial,1,AP
74.29,67.58,77.35,24.86,76.99,6.82,199.55,arecanut,Perennial,7,KL
89.25,33.99,79.93,28.54,69.97,5.92,172.62,arecanut,Perennial,6,KA
65.64,40.73,43.38,28.51,71.94,6.46,210.7,arecanut,Perennial,4,KL
58.25,22.61,74.91,24.54,83.37,6.67,175.05,arecanut,Perennial,6,KA
45.19,73.16,78.76,23.71,82.75,6.39,267.78,arecanut,Perennial,10,KA
84.79,33.84,84.46,25.06,65.0,6.17,260.03,arecanut,Perennial,8,KL
98.53,65.43,68.79,22.32,81.12,6.23,219.78,arecanut,Perennial,4,TN
53.65,51.79,38.78,20.85,80.69,6.25,177.84,arecanut,Perennial,8,KL
107.5,45.1,65.6,29.9,72.38,5.92,250.96,arecanut,Perennial,8,NE
58.1,42.48,59.42,28.0,83.39,6.71,185.95,arecanut,Perennial,9,KL
86.63,65.18,50.75,28.32,70.91,6.35,249.66,arecanut,Perennial,4,KL
72.74,36.41,80.98,24.43,85.95,6.8,221.98,arecanut,Perennial,3,KA
102.74,24.95,41.86,29.62,84.61,6.24,252.81,arecanut,Perennial,12,KL
48.9,56.78,78.58,23.72,73.5,6.41,163.02,arecanut,Perennial,2,TN
68.34,25.67,59.07,31.16,86.62,6.04,298.44,arecanut,Perennial,5,KL
114.61,71.04,78.21,28.32,72.47,7.0,285.67,arecanut,Perennial,1,NE
60.43,39.3,71.8,29.8,81.67,5.91,250.8,arecanut,Perennial,8,TN
59.75,58.4,48.16,30.91,76.09,6.32,278.54,arecanut,Perennial,12,AP
85.17,51.25,42.92,24.82,72.32,6.51,178.28,arecanut,Perennial,8,KL
114.97,68.36,39.08,31.26,82.14,6.94,270.71,arecanut,Perennial,7,KA
84.78,31.83,42.53,25.85,75.18,6.52,182.03,arecanut,Perennial,11,TN
41.37,57.59,45.41,30.89,75.05,6.92,204.04,arecanut,Perennial,6,AP
79.31,35.01,48.8,29.8,73.59,6.7,245.77,arecanut,Perennial,4,NE
62.08,24.26,85.12,25.22,65.0,6.22,174.25,arecanut,Perennial,4,NE
78.51,68.78,65.93,25.5,71.1,6.25,248.11,arecanut,Perennial,4,TN
96.1,60.16,52.9,27.39,80.01,6.36,162.53,arecanut,Perennial,3,AP
102.21,63.62,52.51,28.07,78.67,6.52,144.79,arecanut,Perennial,2,NE
84.82,33.78,85.73,33.67,84.45,6.35,315.0,arecanut,Perennial,3,TN
50.16,32.3,87.65,30.11,81.26,6.38,199.35,arecanut,Perennial,6,TN
70.7,28.75,50.48,25.31,81.12,6.27,222.33,arecanut,Perennial,3,KA
89.87,35.97,82.65,30.32,72.62,6.85,187.21,arecanut,Perennial,4,KA
88.34,56.75,86.49,19.22,69.5,6.7,232.12,arecanut,Perennial,6,KL
104.66,23.82,42.61,31.02,68.4,5.99,242.35,arecanut,Perennial,8,TN
98.71,43.19,58.37,24.3,85.86,6.2,188.24,arecanut,Perennial,10,NE
89.76,34.73,66.15,28.27,85.71,5.89,197.4,arecanut,Perennial,4,KL
84.87,63.09,75.84,23.58,84.71,6.36,300.72,arecanut,Perennial,11,KL
113.14,64.69,76.26,29.06,74.63,6.1,156.56,arecanut,Perennial,2,NE
104.54,67.01,82.15,29.08,72.33,6.87,286.0,arecanut,Perennial,12,NE
70.23,58.77,91.7,22.2,77.33,6.89,259.53,arecanut,Perennial,1,TN
54.4,50.5,49.98,27.02,65.98,6.51,226.99,arecanut,Perennial,11,KL
95.6,35.91,86.47,23.0,69.14,6.51,258.02,arecanut,Perennial,8,AP
97.68,51.34,80.74,21.14,80.81,6.52,286.74,arecanut,Perennial,12,AP
104.49,73.54,54.88,27.56,84.25,6.96,150.4,arecanut,Perennial,8,TN
87.23,32.67,79.49,27.98,79.62,6.48,217.63,arecanut,Perennial,1,TN
51.01,49.47,67.8,28.19,89.5,6.77,215.21,arecanut,Perennial,11,NE
57.02,63.53,49.42,21.94,82.38,6.38,278.22,arecanut,Perennial,6,NE
49.42,22.01,61.35,30.57,85.09,6.71,246.66,arecanut,Perennial,1,TN
89.81,50.3,39.65,29.9,70.23,6.4,188.8,arecanut,Perennial,12,AP
85.41,48.28,70.21,21.59,70.04,6.42,296.74,arecanut,Perennial,7,KL
50.42,27.44,72.4,23.75,76.01,6.93,145.51,arecanut,Perennial,10,KA
96.96,63.13,78.39,23.4,85.52,6.85,160.05,arecanut,Perennial,3,KL
58.81,32.68,62.25,19.8,81.97,6.15,222.46,arecanut,Perennial,12,KA
54.91,29.19,91.55,22.78,75.2,6.86,173.18,arecanut,Perennial,12,KA
88.03,49.78,90.72,30.7,71.05,5.9,255.52,arecanut,Perennial,12,AP
98.09,56.52,61.4,18.13,79.54,6.91,197.48,arecanut,Perennial,10,AP
72.22,53.64,38.79,24.09,74.37,7.17,252.69,arecanut,Perennial,10,KL
62.38,70.18,74.26,30.43,80.29,6.9,242.07,arecanut,Perennial,8,TN
70.75,41.28,60.0,22.76,73.21,6.2,220.3,arecanut,Perennial,8,AP
107.77,53.57,45.65,28.01,83.66,6.06,279.07,arecanut,Perennial,2,KL
66.4,48.51,58.15,23.61,81.24,6.83,290.97,arecanut,Perennial,10,NE
86.16,61.83,68.7,32.01,74.82,6.18,191.83,arecanut,Perennial,11,AP
112.31,24.35,80.42,22.39,73.03,6.38,242.59,arecanut,Perennial,7,AP
61.96,30.58,59.81,23.27,79.62,6.37,155.22,arecanut,Perennial,12,NE
106.05,37.66,61.42,22.68,86.55,6.74,280.16,arecanut,Perennial,10,NE
79.8,63.37,70.86,23.12,79.12,6.64,233.49,arecanut,Perennial,1,KA
83.41,58.92,60.49,20.79,80.99,6.48,239.17,arecanut,Perennial,11,KA
99.06,51.47,82.4,26.34,79.69,6.4,273.73,arecanut,Perennial,2,KA
59.8,64.77,41.02,28.62,80.08,6.81,267.3,arecanut,Perennial,1,KL
84.93,34.16,59.27,26.08,74.34,6.28,213.69,arecanut,Perennial,4,KA
98.29,36.05,81.17,29.68,80.39,7.15,281.29,arecanut,Perennial,10,KA
80.4,45.75,70.07,28.78,66.99,6.15,285.48,arecanut,Perennial,6,AP
73.93,55.88,74.87,25.96,71.96,6.86,272.46,arecanut,Perennial,1,NE
71.92,59.2,36.87,24.84,85.63,6.94,227.96,arecanut,Perennial,1,KL
105.0,27.78,75.29,24.7,68.54,5.75,273.91,arecanut,Perennial,10,NE
102.83,34.22,61.8,25.1,68.45,6.72,220.28,arecanut,Perennial,4,KA
99.88,56.91,40.73,31.97,77.93,7.1,164.29,arecanut,Perennial,10,TN
63.81,57.3,90.94,22.19,73.0,6.55,157.39,arecanut,Perennial,2,KA
108.16,50.11,63.36,17.56,78.74,6.59,190.08,arecanut,Perennial,6,KA
93.62,38.66,74.02,22.92,83.79,6.27,232.73,arecanut,Perennial,4,KA
80.35,45.52,56.18,28.36,76.19,6.31,241.41,arecanut,Perennial,11,KA
88.43,54.12,50.01,19.61,75.05,6.17,210.74,arecanut,Perennial,2,NE
96.5,68.75,51.3,27.77,69.7,7.0,192.0,arecanut,Perennial,8,KL
74.75,45.77,62.87,25.16,79.19,6.14,174.03,arecanut,Perennial,7,AP
67.87,51.83,47.12,20.95,71.43,6.54,294.55,arecanut,Perennial,3,AP
59.33,75.14,33.43,30.55,78.16,6.92,120.33,jute,Kharif,6,BR
69.69,43.89,85.28,31.74,74.53,6.1,140.24,jute,Kharif,10,BR
68.87,65.58,49.98,30.33,71.37,6.57,108.26,jute,Kharif,8,AS
107.45,43.01,43.9,26.19,76.23,6.66,187.62,jute,Kharif,6,AS
80.47,42.61,43.03,31.11,71.52,6.91,100.49,jute,Kharif,9,OD
115.67,51.05,71.31,25.11,74.95,6.27,119.03,jute,Kharif,9,WB
126.67,29.48,68.29,24.32,79.54,6.51,176.38,jute,Kharif,9,BR
71.02,40.46,77.54,23.16,70.21,6.28,197.32,jute,Kharif,6,UP
105.79,31.72,69.85,22.9,70.4,6.01,160.92,jute,Kharif,6,OD
120.38,54.36,72.74,26.19,83.14,6.05,118.39,jute,Kharif,9,AS
95.68,51.36,59.04,29.15,73.44,7.08,122.65,jute,Kharif,8,WB
85.85,88.0,76.36,31.04,79.06,6.23,136.22,jute,Kharif,6,UP
95.04,67.86,80.39,24.01,81.88,7.0,114.75,jute,Kharif,7,WB
81.05,42.66,54.35,26.19,69.38,6.28,165.32,jute,Kharif,6,WB
101.83,71.1,71.09,23.09,81.79,5.99,120.36,jute,Kharif,6,OD
73.89,41.41,58.52,28.84,77.24,6.77,110.52,jute,Kharif,9,WB
67.42,39.24,51.86,22.09,65.94,6.35,94.84,jute,Kharif,9,AS
117.55,78.6,73.21,29.2,81.69,6.92,182.97,jute,Kharif,7,WB
80.22,75.09,62.79,21.59,77.43,6.68,122.27,jute,Kharif,9,WB
118.52,64.52,59.83,29.8,84.52,6.47,134.35,jute,Kharif,7,BR
126.93,61.55,52.59,29.05,82.61,6.91,195.54,jute,Kharif,7,AS
114.04,63.26,66.64,25.61,82.49,6.48,171.3,jute,Kharif,8,OD
79.21,37.8,70.24,31.15,82.86,6.42,183.54,jute,Kharif,7,AS
119.18,74.38,42.43,28.46,83.32,6.99,186.17,jute,Kharif,6,UP
115.45,76.03,43.77,23.12,88.48,7.23,127.42,jute,Kharif,9,WB
76.83,55.92,48.78,27.87,75.79,6.14,116.14,jute,Kharif,6,BR
92.66,42.3,54.25,26.25,71.06,5.98,91.35,jute,Kharif,9,WB
80.15,74.46,62.13,25.11,75.62,5.94,157.22,jute,Kharif,8,BR
91.61,40.36,82.31,23.87,74.86,6.84,144.56,jute,Kharif,9,BR
79.36,33.34,45.06,26.88,72.26,6.28,194.84,jute,Kharif,7,BR
110.33,68.86,75.85,31.61,77.78,6.72,177.06,jute,Kharif,9,UP
116.89,53.9,76.23,28.19,80.54,7.27,148.24,jute,Kharif,7,OD
106.44,46.11,80.86,26.76,79.4,6.13,154.5,jute,Kharif,8,AS
90.25,75.13,35.85,25.96,72.01,6.2,209.58,jute,Kharif,6,OD
64.84,76.04,85.89,26.61,77.82,6.46,159.18,jute,Kharif,9,BR
98.33,38.47,58.41,23.89,81.91,6.57,178.16,jute,Kharif,6,AS
89.9,71.83,57.03,27.51,81.77,6.42,181.5,jute,Kharif,10,OD
76.12,69.22,60.07,31.96,76.51,7.3,155.22,jute,Kharif,8,WB
106.19,62.34,57.58,27.41,77.39,6.07,112.84,jute,Kharif,10,UP
120.79,34.18,45.57,24.08,83.24,6.14,145.5,jute,Kharif,6,WB
84.2,57.96,85.93,24.59,82.14,6.66,191.7,jute,Kharif,7,OD
63.84,52.04,64.1,27.19,74.97,6.91,147.3,jute,Kharif,8,AS
105.73,68.28,70.43,30.34,75.53,6.63,157.47,jute,Kharif,10,WB
62.68,79.23,58.72,20.42,77.7,6.25,131.86,jute,Kharif,7,UP
114.43,68.9,80.51,23.95,88.24,6.07,121.7,jute,Kharif,8,WB
91.21,74.49,83.63,24.95,71.26,5.98,100.04,jute,Kharif,9,AS
131.53,36.49,55.08,25.7,68.06,6.57,164.07,jute,Kharif,10,AS
96.56,23.14,78.93,32.05,69.16,6.18,130.44,jute,Kharif,10,UP
87.94,72.98,64.94,29.91,90.0,6.89,156.5,jute,Kharif,7,AS
64.23,46.38,44.67,23.24,83.09,6.17,183.55,jute,Kharif,8,BR
101.07,34.75,52.56,24.81,80.48,5.8,203.73,jute,Kharif,7,UP
123.26,49.16,37.18,27.41,77.24,6.54,167.71,jute,Kharif,9,UP
114.36,41.91,76.54,32.71,73.02,6.25,150.15,jute,Kharif,6,AS
97.87,63.13,70.7,25.47,77.73,6.38,181.86,jute,Kharif,8,OD
60.82,39.87,74.07,29.05,75.56,6.45,154.16,jute,Kharif,6,BR
122.56,50.74,42.62,29.1,77.31,6.95,130.37,jute,Kharif,9,AS
99.22,44.52,38.36,27.26,85.19,6.84,199.39,jute,Kharif,7,UP
78.95,58.21,69.49,26.61,77.73,6.61,124.11,jute,Kharif,10,OD
105.52,40.42,83.44,28.17,79.51,6.53,180.46,jute,Kharif,8,BR
72.38,42.95,42.98,25.03,83.34,6.74,193.2,jute,Kharif,7,OD
110.57,66.12,86.45,29.09,76.08,6.74,168.71,jute,Kharif,6,WB
110.32,47.92,71.23,31.04,80.84,6.62,123.3,jute,Kharif,9,AS
50.0,51.63,57.31,25.51,68.61,6.7,185.36,jute,Kharif,7,BR
114.5,49.79,52.41,29.62,72.61,6.23,134.93,jute,Kharif,8,OD
97.57,32.68,48.77,22.12,75.49,6.69,162.09,jute,Kharif,10,BR
81.92,59.36,78.11,26.25,72.05,6.51,173.6,jute,Kharif,6,UP
96.02,79.53,45.46,26.06,82.89,7.02,174.24,jute,Kharif,6,UP
101.91,72.45,79.71,25.48,82.25,6.48,171.2,jute,Kharif,8,AS
118.33,32.12,44.06,21.79,77.77,6.31,91.43,jute,Kharif,8,UP
92.03,74.95,41.56,22.29,79.37,6.91,184.51,jute,Kharif,6,BR
78.83,54.19,65.14,26.96,84.07,6.47,161.81,jute,Kharif,6,BR
79.81,68.14,41.3,27.12,83.3,6.08,121.23,jute,Kharif,7,BR
80.9,33.32,83.72,23.71,70.61,7.1,146.0,jute,Kharif,6,WB
112.82,71.47,69.61,29.71,81.2,6.48,133.43,jute,Kharif,7,AS
122.08,34.58,50.58,24.75,72.58,6.18,175.71,jute,Kharif,9,WB
103.92,66.11,77.89,24.53,74.18,6.05,131.14,jute,Kharif,6,BR
122.91,82.96,52.86,29.1,72.11,6.48,130.36,jute,Kharif,9,WB
84.0,46.21,78.1,29.39,71.67,6.52,185.63,jute,Kharif,8,AS
96.05,79.11,85.49,26.94,84.9,6.11,123.78,jute,Kharif,9,UP
83.54,68.18,44.54,24.23,73.96,6.48,107.81,jute,Kharif,8,WB
134.06,44.36,43.97,27.83,75.57,6.83,133.67,jute,Kharif,8,AS
81.74,33.63,61.55,30.77,76.8,6.25,119.81,jute,Kharif,6,BR
92.59,48.2,73.51,25.97,84.15,6.26,126.08,jute,Kharif,6,AS
93.79,50.28,75.01,24.83,69.38,6.25,176.54,jute,Kharif,7,UP
124.4,55.88,60.55,24.73,74.01,6.55,187.2,jute,Kharif,7,WB
86.69,43.74,61.58,30.95,83.1,6.01,170.45,jute,Kharif,8,AS
125.53,53.1,59.56,25.36,75.77,6.37,142.99,jute,Kharif,6,OD
119.2,75.96,36.39,27.48,82.16,6.44,131.08,jute,Kharif,7,WB
110.05,68.51,83.96,20.15,80.62,6.8,164.62,jute,Kharif,10,WB
93.16,63.1,72.91,23.13,77.92,6.76,143.79,jute,Kharif,8,WB
81.86,56.4,61.96,23.19,73.94,6.41,173.69,jute,Kharif,8,WB
101.17,42.88,57.55,23.94,89.01,5.93,115.6,jute,Kharif,10,UP
118.87,63.19,62.59,26.95,81.63,6.92,105.5,jute,Kharif,6,BR
89.98,39.61,64.08,32.32,77.45,5.98,141.11,jute,Kharif,6,WB
92.7,33.34,49.59,25.24,79.4,5.86,203.07,jute,Kharif,6,OD
82.71,37.11,57.43,28.09,72.73,6.82,168.2,jute,Kharif,10,OD
75.27,22.0,46.09,27.34,86.77,6.41,202.9,jute,Kharif,10,OD
82.27,34.3,37.13,22.35,85.53,6.42,167.73,jute,Kharif,6,UP
134.87,49.45,67.3,28.7,73.56,6.47,127.14,jute,Kharif,10,AS
73.87,78.16,56.37,32.16,80.61,6.62,113.91,jute,Kharif,9,WB
86.14,25.76,52.9,21.88,74.18,6.31,119.73,jute,Kharif,8,OD
91.01,69.84,39.47,22.23,83.55,5.89,137.33,jute,Kharif,6,BR
119.71,74.5,53.21,28.95,83.62,5.79,171.31,jute,Kharif,6,OD
66.65,34.09,38.86,25.08,73.42,6.87,170.31,jute,Kharif,8,AS
78.99,33.02,41.51,31.48,78.3,6.83,155.05,jute,Kharif,10,BR
94.82,68.61,79.72,23.66,87.4,6.75,173.18,jute,Kharif,8,WB
78.89,64.74,84.61,24.21,79.78,6.58,182.0,jute,Kharif,6,OD
107.04,49.26,42.57,28.12,72.57,6.68,155.1,jute,Kharif,10,BR
101.0,66.71,39.85,32.52,74.31,7.3,165.1,jute,Kharif,7,WB
96.8,35.24,47.23,23.44,78.19,6.82,182.14,jute,Kharif,10,UP
119.81,44.07,63.72,27.7,72.93,6.31,139.19,jute,Kharif,10,OD
124.39,25.8,44.89,21.23,80.1,6.87,134.96,jute,Kharif,6,OD
73.06,52.25,71.27,24.41,77.39,5.9,190.23,jute,Kharif,6,UP
85.71,38.33,47.06,31.51,79.3,6.9,103.22,jute,Kharif,7,OD
118.67,69.2,53.37,24.49,80.01,6.87,114.74,jute,Kharif,6,OD
91.42,59.42,36.7,30.19,76.99,6.26,146.18,jute,Kharif,10,WB
99.19,63.41,58.85,25.67,77.42,6.18,188.15,jute,Kharif,7,BR
104.4,49.65,52.07,24.71,83.08,6.04,178.55,jute,Kharif,10,OD
118.52,61.77,71.68,23.97,81.4,6.83,131.78,jute,Kharif,10,WB
106.22,60.07,75.87,27.05,79.79,6.19,99.35,jute,Kharif,10,OD
115.66,55.4,68.88,27.93,73.69,7.3,117.15,jute,Kharif,7,AS
111.16,75.53,71.25,28.45,81.02,6.58,148.61,jute,Kharif,6,AS
75.55,64.0,59.93,23.25,81.11,6.66,193.86,jute,Kharif,8,WB
101.64,78.59,77.63,33.84,86.9,6.37,144.99,jute,Kharif,7,OD
93.72,73.28,57.0,23.51,65.0,6.71,165.84,jute,Kharif,6,WB
136.06,34.59,51.19,32.59,78.82,6.24,130.09,jute,Kharif,10,OD
91.64,82.94,67.03,31.18,78.54,6.47,171.84,jute,Kharif,8,WB
73.89,44.36,25.88,22.78,76.8,6.29,141.38,jute,Kharif,10,OD
78.17,64.3,67.2,27.11,76.56,6.82,105.2,jute,Kharif,8,AS
80.27,73.47,49.12,30.04,73.34,6.12,136.64,jute,Kharif,7,WB
115.23,45.29,60.34,32.33,78.92,6.27,195.09,jute,Kharif,7,WB
80.86,22.0,47.5,29.99,71.83,7.14,111.07,jute,Kharif,10,AS
77.92,40.63,46.12,24.39,70.46,6.53,102.32,jute,Kharif,8,BR
66.07,75.5,69.62,29.11,81.19,6.37,180.28,jute,Kharif,9,WB
100.93,86.58,60.83,30.93,82.47,7.22,139.25,jute,Kharif,10,AS
94.09,47.73,43.45,23.18,79.7,6.26,113.18,jute,Kharif,9,OD
93.01,51.09,70.83,25.62,74.87,6.59,199.41,jute,Kharif,7,WB
107.14,78.86,36.69,27.72,84.6,6.47,153.19,jute,Kharif,10,BR
96.81,79.07,32.86,25.23,78.52,6.7,170.46,jute,Kharif,8,BR
112.68,43.15,49.84,22.27,82.78,6.7,182.69,jute,Kharif,7,AS
97.98,39.16,71.12,28.67,80.86,6.74,135.61,jute,Kharif,9,AS
73.6,35.52,80.88,32.17,81.36,6.57,174.15,jute,Kharif,6,UP
105.7,36.93,48.07,23.94,72.06,6.58,150.13,jute,Kharif,10,WB
77.78,36.51,85.1,24.8,72.77,7.1,201.2,jute,Kharif,9,BR
84.39,76.81,61.7,29.69,75.32,6.22,111.71,jute,Kharif,8,AS
97.11,60.67,60.78,26.53,77.48,6.68,191.45,jute,Kharif,9,OD
87.81,69.38,48.67,22.46,79.65,6.21,151.58,jute,Kharif,7,BR
122.36,62.52,77.24,27.06,73.84,6.97,126.3,jute,Kharif,7,UP
115.47,43.02,57.65,27.36,75.58,6.63,97.6,jute,Kharif,9,UP
88.21,58.24,62.47,23.51,72.01,5.77,107.32,jute,Kharif,10,BR
84.35,67.7,63.89,24.66,74.86,6.63,105.55,jute,Kharif,6,UP
65.08,41.04,50.86,29.12,82.78,6.23,107.64,jute,Kharif,7,OD
106.11,60.67,75.39,27.4,79.4,6.63,151.57,jute,Kharif,7,OD
61.53,26.99,55.35,25.98,67.94,5.78,189.68,jute,Kharif,7,WB
78.79,39.27,72.18,30.28,71.13,6.23,111.11,jute,Kharif,8,BR
78.84,40.87,45.33,29.07,77.73,5.87,133.55,jute,Kharif,7,BR
65.39,33.64,43.67,28.8,77.76,6.45,108.74,jute,Kharif,7,OD
125.26,76.75,60.93,28.43,76.82,6.35,194.15,jute,Kharif,9,BR
91.97,80.31,52.41,27.35,80.97,5.7,127.91,jute,Kharif,6,UP
119.64,59.48,42.65,25.03,84.28,6.77,146.95,jute,Kharif,6,AS
82.38,31.41,53.21,31.58,80.14,6.27,189.74,jute,Kharif,6,AS
76.57,40.98,58.96,25.57,73.62,6.3,166.88,jute,Kharif,10,AS
63.02,45.02,65.56,23.33,82.81,5.77,197.0,jute,Kharif,6,BR
93.93,65.73,58.06,29.7,72.2,6.28,146.5,jute,Kharif,8,OD
98.3,43.77,66.6,28.53,75.24,7.05,201.88,jute,Kharif,7,BR
79.39,76.25,92.57,24.84,75.14,6.11,158.88,jute,Kharif,8,UP
93.37,27.13,73.47,30.76,68.52,5.7,105.94,jute,Kharif,7,UP
89.23,42.97,77.77,23.36,82.59,5.89,119.54,jute,Kharif,10,BR
118.51,59.17,35.88,31.66,82.66,6.37,142.1,jute,Kharif,9,UP
82.5,36.54,36.21,28.4,85.16,6.03,111.67,jute,Kharif,9,AS
63.39,39.85,46.39,26.96,82.07,6.19,166.38,jute,Kharif,8,BR
121.89,41.34,76.3,29.23,75.17,6.88,103.71,jute,Kharif,6,BR
63.36,38.76,59.4,32.71,79.17,6.15,139.59,jute,Kharif,7,UP
116.57,46.96,46.98,22.06,83.11,6.64,139.47,jute,Kharif,7,WB
77.79,66.35,77.11,26.04,73.57,6.03,171.17,jute,Kharif,10,OD
125.12,38.76,77.92,30.39,77.3,6.37,183.91,jute,Kharif,6,OD
57.37,39.83,45.4,23.91,74.04,6.27,113.75,jute,Kharif,10,WB
74.77,48.05,48.51,28.7,83.2,6.79,191.43,jute,Kharif,10,BR
84.47,79.21,85.42,27.9,73.81,7.14,187.91,jute,Kharif,9,UP
70.1,50.06,67.9,29.67,69.6,6.09,164.17,jute,Kharif,7,UP
129.86,53.65,75.46,27.11,76.61,6.94,93.92,jute,Kharif,10,AS
87.21,35.9,40.57,31.52,76.06,6.11,123.59,jute,Kharif,10,OD
114.85,71.66,44.21,27.33,85.38,5.92,182.15,jute,Kharif,10,AS
130.08,60.69,80.0,25.72,67.35,6.02,106.38,jute,Kharif,10,OD
71.56,44.97,61.32,28.54,72.64,5.97,159.45,jute,Kharif,9,WB
76.44,43.66,65.49,27.33,76.07,6.88,175.72,jute,Kharif,7,BR
78.81,32.72,44.61,23.21,87.61,6.91,114.81,jute,Kharif,8,UP
74.38,64.63,49.57,32.6,80.29,6.21,187.18,jute,Kharif,7,WB
81.88,51.93,55.91,27.61,80.15,6.9,182.78,jute,Kharif,6,UP
57.58,53.62,82.64,27.28,83.29,6.39,116.02,jute,Kharif,9,UP
83.27,58.2,71.81,29.65,84.19,6.36,117.86,jute,Kharif,9,OD
109.65,43.94,87.97,19.96,82.59,6.55,141.46,jute,Kharif,8,WB
58.81,38.07,77.53,22.64,83.1,5.97,201.47,jute,Kharif,6,BR
67.06,24.64,74.76,32.22,78.56,6.55,120.11,jute,Kharif,7,WB
108.7,45.28,43.99,22.37,77.07,7.0,163.4,jute,Kharif,7,AS
122.81,78.09,56.55,30.64,80.58,6.52,204.47,jute,Kharif,9,BR
113.34,70.07,72.42,31.19,79.36,6.16,154.96,jute,Kharif,10,OD
73.59,52.18,56.81,26.88,73.62,6.25,138.0,jute,Kharif,9,WB
122.77,68.76,75.63,24.42,77.11,6.78,102.17,jute,Kharif,8,WB
76.38,44.89,55.47,27.99,81.59,7.02,185.89,jute,Kharif,10,AS
88.72,46.01,35.96,16.62,68.18,6.66,57.85,lentil,Rabi,3,UP
71.84,44.12,49.96,23.88,44.94,6.52,31.69,lentil,Rabi,10,WB
68.38,59.71,68.68,19.39,71.03,6.22,35.48,lentil,Rabi,3,RJ
52.5,33.7,46.43,22.94,67.49,7.38,57.65,lentil,Rabi,10,MP
46.96,58.5,57.76,21.18,62.11,6.42,44.31,lentil,Rabi,10,WB
96.54,42.91,45.35,19.84,61.76,6.07,59.63,lentil,Rabi,12,BR
105.35,45.68,78.11,24.02,64.1,6.31,46.5,lentil,Rabi,1,UP
89.9,57.22,67.82,23.95,51.02,7.59,72.64,lentil,Rabi,11,BR
66.71,38.08,28.7,22.92,55.51,6.36,39.66,lentil,Rabi,11,WB
69.11,26.23,42.24,21.15,64.88,6.83,46.3,lentil,Rabi,12,RJ
69.48,45.51,64.21,17.48,66.88,5.94,45.89,lentil,Rabi,12,RJ
92.04,37.63,66.91,16.1,52.1,7.34,48.66,lentil,Rabi,12,MP
80.89,57.48,47.86,16.78,55.84,6.12,59.72,lentil,Rabi,1,WB
56.09,47.6,31.87,15.06,49.0,6.06,36.32,lentil,Rabi,12,BR
36.89,63.79,65.23,16.0,52.71,6.23,37.49,lentil,Rabi,3,WB
83.78,50.56,65.42,15.88,49.31,6.6,59.14,lentil,Rabi,10,WB
60.2,24.61,75.68,22.16,56.29,7.31,45.82,lentil,Rabi,11,UP
54.56,37.73,39.44,23.42,68.92,7.13,27.2,lentil,Rabi,3,MP
69.18,31.71,53.98,21.56,61.94,6.38,64.97,lentil,Rabi,1,MP
52.23,30.12,48.04,16.95,65.19,6.34,55.61,lentil,Rabi,2,WB
75.38,44.26,48.99,22.72,54.67,6.62,74.06,lentil,Rabi,3,BR
50.78,39.23,29.01,24.2,46.27,7.05,70.36,lentil,Rabi,1,MP
82.7,62.6,44.03,21.96,65.25,6.75,60.14,lentil,Rabi,3,BR
64.53,33.78,22.58,17.28,57.8,7.29,85.0,lentil,Rabi,2,WB
44.17,36.54,49.81,22.78,64.95,7.19,59.39,lentil,Rabi,11,MP
50.3,54.67,49.37,15.49,55.06,6.55,34.21,lentil,Rabi,12,BR
58.91,51.88,41.86,24.95,64.2,6.83,60.3,lentil,Rabi,2,MP
60.44,29.37,21.84,19.15,46.42,7.19,74.21,lentil,Rabi,12,UP
40.32,43.02,55.71,19.53,50.15,6.04,74.47,lentil,Rabi,10,WB
45.87,60.56,56.26,15.98,58.73,7.63,80.9,lentil,Rabi,2,BR
64.8,51.75,26.35,20.32,46.11,7.18,45.62,lentil,Rabi,12,MP
90.72,39.8,46.78,17.11,68.1,5.7,44.12,lentil,Rabi,11,WB
74.19,20.08,62.31,17.58,61.36,7.34,49.3,lentil,Rabi,3,WB
68.62,45.05,66.07,24.01,73.83,7.32,35.73,lentil,Rabi,11,WB
54.68,58.97,42.66,24.79,46.34,6.37,53.08,lentil,Rabi,11,RJ
59.49,47.52,63.23,16.69,41.87,6.42,50.85,lentil,Rabi,2,RJ
56.05,62.8,82.25,22.68,55.79,7.25,50.38,lentil,Rabi,2,WB
69.71,26.78,30.25,17.56,42.24,6.17,68.29,lentil,Rabi,2,BR
80.55,39.87,31.43,17.08,49.74,7.19,31.0,lentil,Rabi,3,WB
78.04,28.14,66.38,20.59,49.82,6.77,44.55,lentil,Rabi,11,RJ
77.45,43.63,37.54,17.42,50.0,6.61,48.61,lentil,Rabi,10,BR
95.54,33.77,41.01,14.72,53.06,6.35,57.47,lentil,Rabi,2,BR
78.19,16.72,36.1,16.34,55.46,7.31,55.88,lentil,Rabi,11,WB
53.27,26.72,40.48,19.93,46.85,6.7,74.6,lentil,Rabi,11,BR
84.53,29.12,27.21,15.77,47.88,7.25,44.04,lentil,Rabi,10,MP
77.57,37.07,55.98,17.24,68.77,6.81,84.08,lentil,Rabi,10,UP
27.88,49.65,68.49,22.72,42.33,7.7,53.41,lentil,Rabi,12,UP
56.23,22.16,46.71,23.32,49.37,6.76,50.03,lentil,Rabi,10,WB
96.2,64.9,36.44,14.96,57.81,6.67,21.31,lentil,Rabi,3,MP
56.0,39.51,35.85,20.82,55.29,7.27,68.54,lentil,Rabi,1,WB
51.45,59.51,65.37,19.18,64.32,6.12,71.56,lentil,Rabi,3,RJ
75.65,49.53,46.3,18.55,47.36,6.36,56.39,lentil,Rabi,12,UP
86.35,21.59,60.4,15.89,55.84,6.39,56.5,lentil,Rabi,11,MP
72.88,26.74,57.09,23.65,68.62,6.26,49.45,lentil,Rabi,12,WB
55.1,43.4,70.73,17.99,47.45,7.31,39.83,lentil,Rabi,2,UP
104.51,24.9,68.77,16.78,58.58,7.8,49.53,lentil,Rabi,1,WB
30.76,30.4,32.07,19.13,69.66,6.77,41.2,lentil,Rabi,10,BR
29.91,53.9,38.51,16.66,57.34,7.46,59.79,lentil,Rabi,11,BR
83.85,41.34,60.93,13.99,58.01,5.9,69.55,lentil,Rabi,3,BR
57.46,65.29,39.85,23.2,45.63,6.37,41.65,lentil,Rabi,1,UP
41.94,17.84,49.31,20.58,52.52,6.23,20.73,lentil,Rabi,12,BR
66.01,59.08,53.09,20.23,64.17,6.48,66.86,lentil,Rabi,12,RJ
67.56,35.07,43.1,19.6,43.72,6.61,39.01,lentil,Rabi,3,MP
42.04,41.57,22.74,19.81,61.22,6.25,45.15,lentil,Rabi,11,UP
31.43,66.78,26.19,20.14,59.89,6.83,73.37,lentil,Rabi,11,MP
76.85,56.5,76.46,19.95,60.22,6.45,62.77,lentil,Rabi,1,WB
56.57,59.38,72.96,21.5,45.43,7.38,66.82,lentil,Rabi,10,WB
52.55,62.2,44.36,18.97,58.83,6.49,49.52,lentil,Rabi,10,UP
103.59,52.24,67.96,23.24,60.99,6.95,63.57,lentil,Rabi,12,UP
90.97,52.76,46.17,23.39,59.63,7.56,57.24,lentil,Rabi,3,RJ
84.97,39.46,63.31,21.69,66.55,6.16,38.9,lentil,Rabi,3,BR
101.71,46.4,71.81,22.47,58.71,6.18,56.88,lentil,Rabi,1,RJ
62.22,42.99,61.97,17.68,52.85,7.22,64.24,lentil,Rabi,1,MP
69.42,39.47,31.34,13.56,68.82,6.32,77.18,lentil,Rabi,2,RJ
97.69,57.26,46.22,21.38,59.93,7.07,36.41,lentil,Rabi,11,BR
85.26,47.71,25.41,18.42,59.84,6.69,49.29,lentil,Rabi,10,UP
72.99,46.71,31.25,21.67,63.61,6.63,79.58,lentil,Rabi,1,MP
89.03,53.4,49.25,21.54,68.47,6.69,66.3,lentil,Rabi,3,BR
82.62,40.27,39.34,18.47,62.08,7.31,47.54,lentil,Rabi,11,BR
88.44,45.66,66.55,19.95,51.91,6.53,51.02,lentil,Rabi,12,UP
52.32,49.86,43.39,16.31,61.82,6.61,79.55,lentil,Rabi,10,BR
95.87,47.78,41.04,18.97,47.73,6.87,57.22,lentil,Rabi,1,WB
49.42,60.38,55.18,21.14,51.76,7.33,72.25,lentil,Rabi,12,BR
53.25,51.75,70.68,21.75,60.25,5.83,47.72,lentil,Rabi,3,RJ
58.48,40.68,35.22,23.83,45.74,7.8,30.29,lentil,Rabi,2,WB
74.25,60.72,66.19,20.8,54.91,6.39,45.83,lentil,Rabi,3,BR
50.59,28.03,42.74,24.71,51.67,6.86,22.6,lentil,Rabi,2,MP
35.42,61.2,73.2,23.98,63.8,6.13,29.35,lentil,Rabi,2,UP
83.21,35.93,47.57,21.56,64.96,6.3,39.06,lentil,Rabi,3,WB
93.47,36.95,69.85,19.25,44.2,7.21,33.56,lentil,Rabi,3,WB
39.68,44.48,51.55,17.18,67.45,6.8,34.78,lentil,Rabi,12,WB
42.99,31.08,61.81,18.71,66.22,6.61,49.92,lentil,Rabi,10,BR
36.61,44.05,57.88,14.65,59.36,6.73,61.2,lentil,Rabi,12,RJ
82.92,42.69,75.01,23.66,53.74,7.21,48.5,lentil,Rabi,12,BR
29.91,53.33,78.4,26.49,51.03,6.11,27.57,lentil,Rabi,1,WB
49.56,50.92,52.18,19.32,68.67,6.05,38.28,lentil,Rabi,2,UP
86.15,21.11,43.34,14.96,65.9,7.51,56.13,lentil,Rabi,10,WB
57.25,49.78,32.06,23.7,47.41,6.81,56.46,lentil,Rabi,1,WB
64.23,32.8,55.25,15.82,63.22,6.39,42.22,lentil,Rabi,10,MP
102.67,60.05,68.42,16.0,60.49,7.15,48.1,lentil,Rabi,2,MP
52.35,49.56,63.27,16.22,54.14,7.53,54.24,lentil,Rabi,1,RJ
99.92,41.33,63.62,18.06,60.6,5.87,60.99,lentil,Rabi,11,MP
80.7,42.95,49.63,19.09,52.19,6.58,35.88,lentil,Rabi,10,UP
67.21,52.42,78.0,16.67,62.32,6.93,55.35,lentil,Rabi,10,RJ
51.45,61.51,24.99,17.81,65.98,7.49,46.12,lentil,Rabi,2,BR
50.17,21.21,34.19,17.57,50.41,6.76,44.12,lentil,Rabi,10,WB
83.93,67.07,48.44,18.61,55.57,6.85,42.57,lentil,Rabi,12,RJ
87.12,39.75,29.8,23.15,47.92,6.04,52.69,lentil,Rabi,12,WB
87.85,27.71,18.03,19.03,65.6,6.63,64.97,lentil,Rabi,1,MP
86.48,33.18,41.6,19.94,46.25,6.73,47.28,lentil,Rabi,11,BR
81.6,29.41,44.69,24.93,53.11,6.97,27.33,lentil,Rabi,1,RJ
45.73,28.83,21.33,21.1,54.82,6.69,42.25,lentil,Rabi,11,MP
38.61,34.5,27.92,19.23,58.51,6.28,64.46,lentil,Rabi,12,MP
71.11,39.91,85.0,22.04,52.95,7.42,49.87,lentil,Rabi,12,BR
93.56,25.48,48.56,13.74,56.25,6.27,57.83,lentil,Rabi,2,RJ
57.84,26.0,55.53,16.74,69.19,7.0,27.67,lentil,Rabi,12,WB
56.43,29.93,40.13,20.32,60.73,7.32,72.55,lentil,Rabi,12,UP
62.74,56.3,43.55,15.93,54.49,6.57,71.38,lentil,Rabi,3,UP
56.24,33.71,44.31,12.0,54.49,6.08,37.11,lentil,Rabi,10,BR
48.38,27.17,60.4,14.46,58.89,6.63,48.98,lentil,Rabi,2,WB
71.64,60.53,35.95,21.96,47.74,6.45,68.17,lentil,Rabi,11,MP
83.43,38.73,36.04,22.71,72.76,6.32,27.87,lentil,Rabi,10,UP
84.74,15.73,46.42,20.75,71.61,7.07,34.97,lentil,Rabi,3,RJ
49.12,49.09,41.39,21.79,56.71,5.71,52.46,lentil,Rabi,10,WB
76.02,35.2,34.01,20.21,45.8,7.29,43.73,lentil,Rabi,1,MP
48.61,41.93,30.43,19.71,45.93,6.51,55.44,lentil,Rabi,2,MP
63.12,51.32,59.2,22.86,60.1,7.04,38.36,lentil,Rabi,1,UP
48.9,39.87,61.74,12.66,64.86,6.94,50.26,lentil,Rabi,12,UP
95.3,32.94,70.44,18.51,65.19,6.13,63.96,lentil,Rabi,12,BR
33.95,59.32,50.73,16.85,54.14,6.26,43.69,lentil,Rabi,3,MP
69.22,27.59,60.0,20.97,43.04,6.22,66.76,lentil,Rabi,3,RJ
71.92,53.26,64.86,17.83,58.7,7.16,61.36,lentil,Rabi,11,WB
56.71,42.01,29.93,18.19,69.47,6.59,28.63,lentil,Rabi,3,UP
85.72,54.08,50.38,25.02,47.63,7.35,60.24,lentil,Rabi,12,MP
97.65,30.64,28.59,22.71,55.5,7.03,51.1,lentil,Rabi,10,UP
91.16,39.51,56.85,17.98,44.53,6.6,48.97,lentil,Rabi,1,BR
61.85,60.22,37.91,17.59,56.82,6.92,53.43,lentil,Rabi,10,UP
71.21,37.64,23.1,20.85,51.42,6.47,26.14,lentil,Rabi,10,WB
84.65,51.16,66.23,20.76,61.18,6.28,28.51,lentil,Rabi,2,WB
51.13,52.27,67.25,20.83,47.95,6.81,80.48,lentil,Rabi,3,BR
79.66,34.31,62.14,21.99,57.86,6.29,15.0,lentil,Rabi,11,RJ
37.66,53.37,61.36,14.39,52.94,6.66,50.38,lentil,Rabi,3,BR
65.34,30.79,48.04,19.76,51.38,7.29,22.35,lentil,Rabi,2,UP
78.04,43.34,75.57,16.05,63.46,6.82,38.63,lentil,Rabi,3,BR
47.86,67.66,36.72,18.38,64.19,6.78,47.76,lentil,Rabi,2,WB
45.06,56.1,64.02,21.4,46.6,7.32,51.32,lentil,Rabi,12,RJ
92.73,54.46,30.93,20.43,56.7,6.07,40.7,lentil,Rabi,12,BR
55.37,48.34,42.45,21.35,68.95,7.1,74.57,lentil,Rabi,2,MP
43.59,23.41,46.62,21.95,57.21,6.46,48.68,lentil,Rabi,11,UP
33.37,34.72,36.52,17.31,44.56,7.27,25.6,lentil,Rabi,2,RJ
69.24,60.56,24.29,16.76,64.17,6.39,40.7,lentil,Rabi,3,UP
100.25,52.0,47.7,21.59,58.11,7.05,39.98,lentil,Rabi,10,RJ
88.94,60.91,47.63,21.07,50.31,6.93,55.31,lentil,Rabi,11,UP
56.51,19.72,72.49,18.96,45.45,5.97,26.69,lentil,Rabi,10,MP
67.75,57.26,54.61,21.02,48.62,6.72,52.08,lentil,Rabi,11,RJ
60.89,48.17,38.74,19.53,65.96,7.45,74.03,lentil,Rabi,3,UP
53.54,41.72,15.0,19.52,52.29,7.21,37.82,lentil,Rabi,11,WB
82.49,36.73,41.72,15.35,48.3,6.41,37.63,lentil,Rabi,12,BR
80.05,27.7,63.44,18.54,45.26,6.66,43.15,lentil,Rabi,2,WB
41.87,24.78,68.92,16.56,44.58,6.21,44.94,lentil,Rabi,10,WB
39.13,54.7,46.56,16.8,67.83,6.8,42.87,lentil,Rabi,11,MP
89.56,38.46,50.25,16.73,62.57,6.91,46.96,lentil,Rabi,10,UP
69.2,52.49,37.41,27.2,62.14,6.15,39.9,lentil,Rabi,10,WB
74.77,26.26,33.83,17.14,56.72,7.32,41.61,lentil,Rabi,10,WB
89.01,33.4,59.33,22.63,56.68,7.49,35.81,lentil,Rabi,3,BR
95.35,63.96,25.92,20.32,59.11,5.83,61.09,lentil,Rabi,3,RJ
67.62,32.29,77.47,16.37,60.87,6.46,49.81,lentil,Rabi,3,MP
48.9,45.99,68.54,19.57,54.56,6.04,31.34,lentil,Rabi,12,UP
81.72,46.0,75.58,22.37,40.08,7.19,18.16,lentil,Rabi,10,MP
50.93,34.06,49.64,27.53,64.23,7.36,36.74,lentil,Rabi,1,MP
42.36,31.91,32.1,16.19,59.25,7.41,52.46,lentil,Rabi,10,UP
76.37,30.84,38.64,14.8,58.93,7.08,34.43,lentil,Rabi,11,RJ
89.92,32.22,44.14,20.53,65.32,6.87,45.25,lentil,Rabi,12,WB
47.92,53.18,39.08,21.36,61.73,6.09,70.73,lentil,Rabi,12,MP
97.48,46.25,73.02,19.9,64.02,6.4,35.11,lentil,Rabi,2,UP
93.43,44.04,60.03,20.15,44.91,6.42,47.82,lentil,Rabi,3,RJ
89.69,29.65,62.99,17.82,61.63,6.21,24.81,lentil,Rabi,10,BR
48.85,31.25,22.53,22.14,66.89,7.38,85.0,lentil,Rabi,3,WB
87.02,29.01,67.39,21.05,43.17,6.13,38.98,lentil,Rabi,12,MP
48.37,23.89,46.93,15.34,55.16,6.45,55.36,lentil,Rabi,3,MP
76.13,56.35,50.2,18.36,45.37,6.31,40.23,lentil,Rabi,12,UP
88.83,49.93,61.99,24.47,59.35,6.59,73.19,lentil,Rabi,1,RJ
39.31,36.99,60.39,22.99,65.37,6.75,43.93,lentil,Rabi,2,RJ
82.39,30.51,33.42,16.98,52.58,6.88,58.79,lentil,Rabi,11,MP
85.39,21.4,69.93,23.37,54.89,5.7,76.92,lentil,Rabi,11,MP
82.51,31.64,78.47,17.31,50.9,7.39,41.89,lentil,Rabi,2,MP
81.17,24.99,68.47,17.36,46.21,6.77,61.75,lentil,Rabi,3,MP
74.05,39.35,63.13,16.56,52.26,6.23,55.74,lentil,Rabi,2,RJ
85.37,29.58,55.34,22.93,52.4,6.97,64.86,lentil,Rabi,11,BR
63.77,26.75,49.23,14.69,51.83,5.95,83.8,lentil,Rabi,2,RJ
101.22,60.4,31.89,21.32,47.16,7.11,37.71,lentil,Rabi,1,MP
85.5,46.04,80.21,20.16,56.55,6.38,37.61,lentil,Rabi,1,BR
94.02,47.98,59.46,18.92,47.36,6.51,31.07,lentil,Rabi,11,MP
74.57,18.82,62.87,18.45,64.3,6.49,49.46,lentil,Rabi,10,BR
88.6,51.88,34.25,23.81,57.46,6.16,55.92,lentil,Rabi,10,RJ
91.8,61.63,42.59,15.82,66.49,6.43,38.99,lentil,Rabi,1,UP
93.15,45.36,19.24,20.65,42.39,7.47,45.38,lentil,Rabi,3,RJ
64.8,28.93,49.17,15.62,67.11,6.24,52.53,lentil,Rabi,12,BR
92.11,20.49,54.28,20.09,58.05,7.3,41.14,lentil,Rabi,12,RJ
30.93,64.24,44.8,15.76,59.22,7.02,73.14,lentil,Rabi,11,RJ
84.51,27.56,65.33,23.97,64.68,7.31,21.1,safflower,Rabi,10,KA
56.53,40.44,57.85,16.68,64.1,7.31,49.89,safflower,Rabi,11,AP
66.72,38.92,70.55,21.22,71.54,8.03,30.87,safflower,Rabi,10,MH
72.55,18.9,60.99,16.55,65.52,7.72,52.3,safflower,Rabi,1,MH
61.65,67.64,30.8,19.84,60.02,8.02,52.92,safflower,Rabi,12,KA
66.75,42.46,54.97,17.35,66.46,6.61,45.75,safflower,Rabi,10,RJ
75.21,66.14,39.32,14.96,63.47,7.9,68.63,safflower,Rabi,2,KA
43.39,24.39,36.53,13.88,65.59,7.09,41.49,safflower,Rabi,2,TS
71.87,30.73,64.41,22.11,49.86,7.59,66.23,safflower,Rabi,1,MH
65.47,60.38,54.64,22.94,67.17,7.6,48.66,safflower,Rabi,3,MH
85.12,36.34,44.66,20.04,47.75,6.79,62.32,safflower,Rabi,11,KA
30.42,28.76,75.57,18.93,67.77,7.24,50.62,safflower,Rabi,3,TS
52.78,35.67,38.25,20.28,54.32,7.62,15.0,safflower,Rabi,11,RJ
66.33,26.07,41.96,24.64,61.75,6.59,15.0,safflower,Rabi,12,RJ
87.46,47.85,44.35,19.59,50.18,7.74,64.62,safflower,Rabi,3,RJ
50.0,59.39,58.87,16.09,43.89,7.9,42.72,safflower,Rabi,2,TS
92.15,68.26,61.56,15.57,55.87,6.82,73.9,safflower,Rabi,2,KA
84.97,44.41,40.75,16.77,50.4,7.22,66.63,safflower,Rabi,2,KA
75.12,45.73,68.57,21.33,61.58,8.12,35.6,safflower,Rabi,2,AP
62.25,49.71,72.59,23.59,60.46,7.71,85.0,safflower,Rabi,3,MH
67.5,47.6,66.84,20.97,51.77,7.91,15.1,safflower,Rabi,10,TS
59.64,39.97,38.64,21.48,50.91,7.9,60.78,safflower,Rabi,11,AP
67.25,38.8,51.89,18.16,58.67,6.38,43.07,safflower,Rabi,11,RJ
51.44,37.82,37.55,14.37,49.81,6.85,78.62,safflower,Rabi,12,KA
46.14,28.97,69.07,18.63,54.45,7.31,47.41,safflower,Rabi,10,TS
82.01,29.55,44.77,22.1,67.88,6.48,38.26,safflower,Rabi,10,RJ
79.07,18.4,43.27,17.22,44.33,6.57,51.63,safflower,Rabi,10,TS
74.67,40.49,67.57,17.81,50.06,7.88,64.99,safflower,Rabi,2,AP
88.98,43.25,56.62,15.04,50.25,7.42,47.69,safflower,Rabi,3,RJ
76.16,57.98,64.29,26.72,55.6,8.09,41.68,safflower,Rabi,11,MH
44.98,38.84,75.86,22.61,59.28,7.46,26.97,safflower,Rabi,10,RJ
39.42,30.21,68.8,23.93,50.45,6.81,53.21,safflower,Rabi,2,AP
64.93,56.93,45.87,24.6,48.96,6.72,66.17,safflower,Rabi,1,AP
60.33,36.16,29.34,22.05,66.05,7.04,28.6,safflower,Rabi,3,MH
54.23,40.04,30.53,15.15,49.74,7.66,55.51,safflower,Rabi,12,RJ
99.0,46.62,63.63,22.51,55.71,7.18,61.45,safflower,Rabi,3,TS
92.66,61.31,42.28,21.1,73.34,7.26,37.47,safflower,Rabi,2,MH
57.36,27.18,34.69,23.09,58.48,6.63,69.94,safflower,Rabi,1,KA
71.33,36.19,38.14,16.79,67.34,7.01,44.82,safflower,Rabi,1,AP
60.01,21.03,73.01,20.74,47.92,7.47,55.77,safflower,Rabi,3,MH
62.68,53.09,65.14,23.34,63.6,7.63,62.57,safflower,Rabi,1,MH
85.36,33.92,65.31,20.03,56.99,7.77,52.15,safflower,Rabi,3,TS
105.6,47.73,76.94,22.89,62.75,6.76,60.12,safflower,Rabi,10,AP
46.94,54.08,54.79,18.93,52.38,7.8,44.22,safflower,Rabi,10,AP
85.6,59.84,51.66,14.74,57.42,6.64,54.4,safflower,Rabi,10,TS
54.25,37.48,35.01,21.56,50.13,7.3,43.28,safflower,Rabi,3,AP
55.14,41.41,74.38,15.93,50.39,6.99,64.67,safflower,Rabi,12,AP
67.32,25.59,36.35,24.07,60.79,7.35,40.71,safflower,Rabi,12,AP
74.74,25.39,46.97,16.89,72.96,7.46,40.28,safflower,Rabi,12,MH
65.44,52.86,40.13,24.14,65.75,6.57,61.19,safflower,Rabi,10,RJ
35.35,59.37,31.68,14.21,63.81,7.68,50.18,safflower,Rabi,1,RJ
72.27,38.66,68.51,16.74,70.13,7.91,68.01,safflower,Rabi,1,AP
96.2,36.21,77.6,20.44,69.46,7.92,40.53,safflower,Rabi,2,RJ
34.3,47.05,71.13,15.16,43.21,7.01,45.7,safflower,Rabi,2,RJ
48.14,15.22,53.69,22.96,53.66,7.14,58.11,safflower,Rabi,11,MH
78.12,32.67,39.0,20.0,50.8,7.11,60.75,safflower,Rabi,12,RJ
38.65,61.22,64.07,23.76,60.18,6.67,28.17,safflower,Rabi,12,TS
79.31,59.7,36.5,22.16,50.84,7.82,40.1,safflower,Rabi,11,TS
73.28,40.89,55.91,13.43,49.22,7.34,52.98,safflower,Rabi,11,TS
70.33,60.66,53.96,15.1,64.71,6.62,36.24,safflower,Rabi,3,RJ
54.41,70.85,27.2,20.36,56.66,7.68,63.02,safflower,Rabi,11,TS
100.71,47.87,34.21,25.77,44.33,7.36,42.2,safflower,Rabi,3,AP
71.83,58.1,59.98,22.93,50.68,7.12,39.29,safflower,Rabi,2,TS
92.75,30.08,65.47,22.34,63.34,7.42,42.37,safflower,Rabi,11,MH
50.62,46.64,24.11,21.35,52.96,6.6,35.11,safflower,Rabi,2,AP
68.84,48.55,48.9,24.35,48.84,6.88,50.54,safflower,Rabi,10,RJ
88.3,60.45,50.87,21.5,60.11,7.53,33.68,safflower,Rabi,3,MH
74.46,24.87,48.61,16.64,64.37,7.99,32.2,safflower,Rabi,3,RJ
57.65,30.16,20.36,24.95,67.57,7.77,69.61,safflower,Rabi,3,KA
94.19,19.33,39.66,22.31,60.26,7.21,42.11,safflower,Rabi,2,AP
64.33,37.55,51.34,20.15,55.69,7.12,37.31,safflower,Rabi,2,AP
49.87,31.22,44.6,22.3,68.34,7.24,38.74,safflower,Rabi,2,TS
99.37,54.87,44.49,25.57,63.77,7.73,51.28,safflower,Rabi,11,RJ
77.69,32.08,63.73,20.96,51.82,7.21,57.19,safflower,Rabi,3,TS
60.08,34.67,50.03,20.89,59.97,6.86,24.46,safflower,Rabi,10,AP
60.06,53.74,29.91,24.42,47.71,6.77,79.43,safflower,Rabi,11,KA
64.37,35.41,63.7,17.64,57.64,7.22,59.3,safflower,Rabi,10,MH
88.0,33.86,67.88,16.18,53.17,6.94,67.16,safflower,Rabi,12,KA
81.65,25.52,54.16,16.55,53.01,7.49,58.27,safflower,Rabi,11,TS
90.61,34.35,44.62,15.41,51.21,6.65,25.51,safflower,Rabi,3,RJ
39.34,22.87,46.98,22.03,52.51,7.72,52.83,safflower,Rabi,10,RJ
38.78,64.6,63.1,19.79,52.63,7.02,47.16,safflower,Rabi,1,AP
66.2,38.42,23.95,14.87,61.02,7.16,42.12,safflower,Rabi,1,MH
48.65,53.67,62.81,19.79,55.0,6.45,44.35,safflower,Rabi,11,KA
84.23,46.85,63.63,20.33,62.95,7.96,47.15,safflower,Rabi,11,MH
42.68,65.76,66.4,24.08,58.16,7.73,78.38,safflower,Rabi,11,AP
81.12,55.63,29.92,22.51,44.22,7.83,48.27,safflower,Rabi,12,KA
83.79,57.63,71.64,23.39,44.52,7.61,41.41,safflower,Rabi,2,MH
47.13,46.88,66.33,16.95,55.85,6.75,53.58,safflower,Rabi,1,RJ
66.6,34.3,58.53,25.26,71.39,7.96,64.23,safflower,Rabi,2,AP
98.31,63.75,46.79,16.98,62.55,7.52,51.16,safflower,Rabi,12,RJ
110.0,68.35,35.23,15.9,62.01,7.28,65.74,safflower,Rabi,3,MH
66.63,72.42,65.7,21.36,59.56,7.17,26.34,safflower,Rabi,3,RJ
44.79,66.95,51.67,16.45,56.35,6.83,20.15,safflower,Rabi,11,AP
55.96,30.33,43.87,22.69,65.13,7.47,62.37,safflower,Rabi,10,MH
99.41,44.99,51.96,20.71,74.08,7.01,40.96,safflower,Rabi,3,RJ
61.36,24.37,34.28,24.88,50.12,7.07,46.89,safflower,Rabi,11,KA
55.2,24.34,33.18,23.34,60.84,6.97,41.16,safflower,Rabi,1,TS
48.76,60.61,54.94,12.88,48.65,6.69,59.11,safflower,Rabi,10,AP
93.63,50.32,47.35,23.57,51.86,7.53,69.98,safflower,Rabi,2,RJ
57.04,18.45,64.79,21.91,62.14,6.94,71.74,safflower,Rabi,11,TS
86.11,67.58,69.36,20.94,46.12,7.31,47.02,safflower,Rabi,3,MH
97.99,62.59,73.91,22.26,53.6,6.75,19.07,safflower,Rabi,10,MH
91.57,61.49,65.17,18.37,57.27,7.2,56.32,safflower,Rabi,11,AP
37.09,52.91,44.66,19.09,52.74,7.02,54.06,safflower,Rabi,10,KA
49.14,26.68,53.0,19.41,59.16,6.85,79.25,safflower,Rabi,10,KA
46.8,58.0,49.28,15.78,67.81,7.81,30.21,safflower,Rabi,11,MH
54.12,57.33,54.71,17.34,51.86,6.93,28.56,safflower,Rabi,3,RJ
84.57,30.03,17.65,13.85,67.11,7.08,74.64,safflower,Rabi,2,AP
37.77,55.97,35.97,16.43,59.12,6.44,28.31,safflower,Rabi,12,TS
64.97,63.0,44.43,18.61,68.61,6.33,51.72,safflower,Rabi,10,AP
67.96,35.38,46.27,19.09,51.47,7.12,60.11,safflower,Rabi,1,RJ
57.07,52.1,59.56,20.17,60.46,7.15,62.23,safflower,Rabi,11,TS
77.88,59.16,54.42,15.12,47.16,6.71,52.86,safflower,Rabi,10,RJ
58.75,58.49,47.6,19.66,58.97,6.99,56.21,safflower,Rabi,12,KA
60.55,47.87,46.63,20.08,70.99,7.51,58.12,safflower,Rabi,10,RJ
48.28,48.03,65.09,21.55,48.7,7.48,17.69,safflower,Rabi,10,RJ
55.79,66.37,41.64,18.82,65.74,6.94,61.92,safflower,Rabi,10,MH
58.01,57.8,46.38,16.15,47.48,7.25,39.34,safflower,Rabi,12,RJ
91.16,39.42,34.13,21.75,65.18,7.85,47.13,safflower,Rabi,10,MH
92.67,69.75,70.66,20.85,56.29,6.95,47.46,safflower,Rabi,12,MH
59.99,41.11,38.02,18.99,48.67,7.41,82.41,safflower,Rabi,11,TS
87.1,65.59,33.41,18.42,60.79,7.58,25.21,safflower,Rabi,3,TS
44.25,37.35,29.19,15.22,58.12,7.0,53.0,safflower,Rabi,12,AP
72.03,29.73,39.35,22.71,66.37,7.06,81.71,safflower,Rabi,2,MH
90.68,22.1,68.69,16.87,59.77,6.56,46.55,safflower,Rabi,1,KA
50.04,60.67,50.36,20.4,59.28,7.9,40.0,safflower,Rabi,2,RJ
48.31,44.47,51.88,19.31,53.2,6.99,37.04,safflower,Rabi,1,MH
93.75,49.41,47.07,16.88,64.12,7.96,39.82,safflower,Rabi,11,RJ
77.84,39.89,55.85,19.6,56.66,7.96,48.86,safflower,Rabi,10,TS
69.1,38.76,52.62,15.66,58.06,7.54,68.01,safflower,Rabi,2,TS
99.75,35.05,55.66,19.12,52.39,7.03,43.07,safflower,Rabi,3,TS
70.74,58.69,38.64,23.41,54.33,6.98,57.39,safflower,Rabi,2,RJ
104.62,63.58,34.25,16.04,58.75,7.87,36.23,safflower,Rabi,2,RJ
79.72,34.39,38.79,14.84,52.16,7.93,54.71,safflower,Rabi,12,RJ
95.73,26.92,30.8,20.49,54.4,6.56,34.68,safflower,Rabi,10,RJ
63.02,21.04,62.83,18.28,67.73,6.94,50.93,safflower,Rabi,1,TS
50.82,62.97,51.54,20.63,46.07,6.82,25.66,safflower,Rabi,3,AP
56.33,31.87,76.83,20.76,42.79,6.62,62.16,safflower,Rabi,11,MH
59.56,31.99,75.64,17.59,47.63,7.06,56.61,safflower,Rabi,1,MH
81.98,18.84,67.83,20.59,54.16,7.32,33.92,safflower,Rabi,1,RJ
85.51,36.47,69.06,16.46,59.65,7.08,58.2,safflower,Rabi,10,RJ
45.45,37.35,31.6,20.06,63.06,7.68,47.17,safflower,Rabi,3,RJ
101.54,34.61,31.64,17.62,55.44,7.54,57.64,safflower,Rabi,2,AP
75.67,69.29,50.26,23.58,49.81,7.65,42.72,safflower,Rabi,12,TS
48.14,31.33,32.41,20.15,62.03,6.72,23.99,safflower,Rabi,12,TS
88.2,70.5,62.57,17.97,49.6,7.04,44.88,safflower,Rabi,3,TS
60.57,33.73,62.38,20.91,63.61,7.97,45.22,safflower,Rabi,12,AP
78.5,52.18,38.64,16.87,56.42,7.59,42.86,safflower,Rabi,2,RJ
56.88,64.82,62.1,16.52,45.72,7.52,68.08,safflower,Rabi,11,RJ
79.97,28.15,35.08,12.41,58.53,6.11,89.2,sunflower,Rabi,1,AP
84.06,60.78,56.1,16.47,55.69,6.95,39.96,sunflower,Rabi,1,KA
94.19,30.01,70.08,16.42,48.06,6.83,76.41,sunflower,Rabi,10,MH
73.51,60.62,64.2,17.77,52.59,7.24,45.01,sunflower,Rabi,10,KA
49.59,35.31,66.23,25.57,58.27,6.85,59.35,sunflower,Rabi,1,PB
69.88,66.42,47.16,15.68,56.15,7.59,25.0,sunflower,Rabi,2,KA
86.32,25.79,44.55,15.95,56.64,6.09,35.18,sunflower,Rabi,2,TN
58.42,79.33,66.33,15.67,47.16,6.68,53.6,sunflower,Rabi,11,TN
73.35,27.13,90.78,16.69,64.96,6.86,68.12,sunflower,Rabi,1,MH
54.86,57.43,62.82,16.72,66.93,6.49,59.45,sunflower,Rabi,1,AP
79.17,51.69,35.84,24.42,43.83,6.49,54.03,sunflower,Rabi,3,PB
94.13,47.8,38.07,13.68,52.55,6.73,72.02,sunflower,Rabi,2,MH
88.02,71.47,30.3,20.97,61.85,7.17,50.83,sunflower,Rabi,3,KA
59.29,66.72,61.71,18.21,52.22,7.3,59.12,sunflower,Rabi,3,AP
107.43,43.13,51.77,18.74,51.99,7.01,49.17,sunflower,Rabi,11,KA
46.4,77.42,44.55,20.9,58.9,6.25,84.1,sunflower,Rabi,12,AP
68.62,32.22,38.09,15.42,54.6,6.45,42.13,sunflower,Rabi,12,PB
51.71,40.68,70.45,19.02,62.01,7.13,52.86,sunflower,Rabi,10,PB
87.69,32.24,55.43,24.12,60.37,5.95,59.1,sunflower,Rabi,12,PB
73.58,67.86,77.08,19.98,46.5,6.95,48.21,sunflower,Rabi,10,KA
113.35,49.26,78.07,23.05,49.08,7.17,47.62,sunflower,Rabi,11,KA
85.44,69.13,68.03,20.72,65.33,7.32,55.14,sunflower,Rabi,11,KA
99.76,64.02,45.91,18.54,61.24,6.9,82.8,sunflower,Rabi,10,PB
88.52,61.25,54.29,16.83,69.08,6.89,71.6,sunflower,Rabi,1,PB
70.63,62.41,31.37,19.64,57.59,5.9,37.35,sunflower,Rabi,12,PB
105.34,41.13,46.91,18.11,52.25,6.88,77.94,sunflower,Rabi,1,PB
45.34,62.54,59.53,19.88,50.98,7.08,55.11,sunflower,Rabi,11,PB
111.56,39.03,52.97,25.96,55.76,5.83,64.66,sunflower,Rabi,10,AP
69.03,48.55,73.45,18.34,65.31,6.44,47.6,sunflower,Rabi,11,MH
87.34,71.45,33.99,20.88,46.42,7.2,63.77,sunflower,Rabi,11,KA
67.74,47.41,34.68,18.08,54.08,6.11,56.13,sunflower,Rabi,10,TN
71.09,29.11,43.9,23.63,63.35,6.08,41.24,sunflower,Rabi,12,TN
66.68,58.28,62.76,22.1,66.2,6.54,79.38,sunflower,Rabi,12,PB
103.29,51.21,47.28,18.62,48.38,6.69,57.6,sunflower,Rabi,12,KA
91.1,52.97,48.0,19.13,62.34,6.46,71.46,sunflower,Rabi,2,PB
84.38,31.3,69.27,20.34,49.19,7.1,32.77,sunflower,Rabi,3,PB
49.42,40.2,70.22,15.03,67.98,6.92,62.45,sunflower,Rabi,10,MH
54.73,48.5,60.14,15.71,56.58,7.31,42.36,sunflower,Rabi,11,KA
72.28,45.11,72.13,21.32,67.77,6.53,53.61,sunflower,Rabi,12,TN
103.77,55.78,84.76,19.27,68.06,7.13,74.55,sunflower,Rabi,2,MH
76.43,26.87,68.79,22.24,65.63,7.2,63.59,sunflower,Rabi,11,MH
109.38,27.05,59.86,25.49,50.63,6.64,65.78,sunflower,Rabi,2,KA
89.76,47.06,78.12,23.29,56.19,7.19,85.85,sunflower,Rabi,2,PB
59.98,55.53,53.61,19.72,64.82,7.36,28.56,sunflower,Rabi,12,MH
65.5,65.9,76.1,21.4,65.57,6.15,47.86,sunflower,Rabi,2,PB
100.06,34.97,81.24,20.48,48.27,6.3,49.48,sunflower,Rabi,3,MH
53.62,44.71,32.1,24.14,57.81,7.0,93.25,sunflower,Rabi,1,AP
94.41,58.5,78.07,17.07,55.16,6.58,78.88,sunflower,Rabi,10,AP
78.34,66.72,71.48,23.07,61.69,6.24,46.48,sunflower,Rabi,10,PB
48.7,43.15,39.48,23.54,57.76,6.88,52.96,sunflower,Rabi,2,TN
51.34,39.6,38.19,15.6,56.85,6.97,91.34,sunflower,Rabi,11,KA
70.85,55.17,78.56,19.55,47.52,6.41,91.48,sunflower,Rabi,11,PB
97.18,61.19,73.45,24.43,56.25,6.82,40.0,sunflower,Rabi,2,TN
53.34,52.71,41.53,19.84,60.65,6.33,42.71,sunflower,Rabi,3,MH
63.88,34.9,68.41,19.17,56.24,6.57,69.08,sunflower,Rabi,10,PB
76.13,71.37,48.18,19.17,60.58,6.25,37.35,sunflower,Rabi,11,PB
88.52,34.98,81.07,18.11,51.61,6.93,48.0,sunflower,Rabi,3,TN
53.66,56.8,48.83,19.64,60.41,6.85,90.35,sunflower,Rabi,12,AP
68.31,66.22,60.87,17.79,52.9,6.31,30.2,sunflower,Rabi,1,MH
62.38,36.38,46.76,19.88,53.16,7.47,48.19,sunflower,Rabi,11,AP
108.54,74.99,50.44,22.04,55.19,7.16,63.98,sunflower,Rabi,11,PB
68.68,35.11,56.31,23.75,69.66,6.96,38.41,sunflower,Rabi,2,MH
78.73,70.4,45.52,23.08,65.64,7.3,70.17,sunflower,Rabi,1,MH
72.57,22.67,56.2,20.77,45.5,6.74,52.41,sunflower,Rabi,3,KA
78.25,65.53,55.62,19.67,50.04,6.92,26.32,sunflower,Rabi,11,PB
110.59,49.69,41.82,23.37,61.14,6.33,75.96,sunflower,Rabi,10,PB
74.26,75.95,40.23,25.63,48.07,6.81,63.94,sunflower,Rabi,3,PB
77.13,25.64,39.5,16.09,48.93,7.19,69.66,sunflower,Rabi,10,PB
117.46,78.26,52.5,15.72,55.73,7.25,62.64,sunflower,Rabi,3,PB
61.78,68.38,43.18,16.06,62.14,7.17,51.34,sunflower,Rabi,12,AP
81.81,22.85,34.54,18.46,54.74,6.24,59.68,sunflower,Rabi,10,KA
70.33,46.48,28.52,24.33,65.86,6.48,45.66,sunflower,Rabi,11,KA
76.33,57.89,76.12,19.35,59.1,7.04,84.33,sunflower,Rabi,10,TN
87.38,32.45,52.87,25.38,46.37,7.34,68.1,sunflower,Rabi,10,TN
77.7,60.5,85.03,15.82,59.49,5.7,50.76,sunflower,Rabi,1,PB
87.06,46.66,57.32,21.86,51.89,6.45,62.34,sunflower,Rabi,10,KA
76.9,77.3,47.2,15.2,70.61,6.5,75.61,sunflower,Rabi,11,TN
57.06,26.02,39.57,22.46,52.67,6.13,70.28,sunflower,Rabi,11,MH
67.73,47.02,66.54,19.33,64.93,5.93,39.02,sunflower,Rabi,10,TN
77.67,50.19,61.52,14.96,57.12,6.75,70.35,sunflower,Rabi,12,KA
93.36,68.85,92.47,22.14,64.31,6.21,58.0,sunflower,Rabi,1,AP
80.61,63.88,52.88,18.64,54.51,6.51,60.88,sunflower,Rabi,1,TN
53.37,37.12,75.38,18.95,65.61,6.73,86.38,sunflower,Rabi,11,AP
100.2,29.2,52.66,19.55,48.91,7.09,59.55,sunflower,Rabi,1,KA
89.34,38.1,38.37,21.99,62.29,6.6,95.0,sunflower,Rabi,1,AP
95.31,34.28,57.98,25.97,67.11,6.8,48.92,sunflower,Rabi,12,AP
110.14,30.85,32.15,22.98,57.34,6.2,74.73,sunflower,Rabi,1,AP
65.48,50.4,36.99,21.14,54.65,6.6,49.9,sunflower,Rabi,12,TN
53.96,30.08,40.52,26.49,52.21,7.08,76.04,sunflower,Rabi,10,PB
65.44,48.88,44.36,14.65,53.23,6.93,33.57,sunflower,Rabi,1,KA
82.1,43.88,52.34,22.85,57.51,7.09,80.2,sunflower,Rabi,10,KA
103.68,63.69,50.27,22.76,50.32,7.01,52.2,sunflower,Rabi,10,TN
72.78,36.85,70.07,15.6,48.2,7.11,47.72,sunflower,Rabi,2,KA
94.22,25.68,78.11,20.31,68.88,6.8,70.46,sunflower,Rabi,12,MH
51.11,29.61,61.81,21.76,47.53,7.02,53.41,sunflower,Rabi,12,KA
48.91,48.63,63.6,14.52,55.77,7.01,80.99,sunflower,Rabi,12,AP
103.58,66.81,59.13,17.0,59.23,6.8,57.38,sunflower,Rabi,2,MH
103.58,56.51,60.5,15.39,62.95,6.91,52.07,sunflower,Rabi,3,PB
91.39,41.59,75.95,22.83,53.86,6.76,62.24,sunflower,Rabi,12,TN
85.5,49.41,27.67,12.89,68.26,7.4,70.16,sunflower,Rabi,3,PB
81.24,37.02,42.9,23.0,62.26,7.5,56.35,sunflower,Rabi,11,MH
62.85,58.08,68.88,19.31,53.31,6.5,69.27,sunflower,Rabi,11,TN
52.83,54.99,76.68,20.02,50.3,6.56,65.45,sunflower,Rabi,12,KA
95.29,29.03,45.46,17.42,69.59,6.83,39.31,sunflower,Rabi,10,MH
90.0,48.29,43.96,22.63,59.97,5.88,33.35,sunflower,Rabi,10,AP
51.87,37.75,71.2,19.31,71.25,7.48,60.95,sunflower,Rabi,2,AP
66.95,42.89,60.59,24.62,64.88,6.73,54.05,sunflower,Rabi,3,PB
55.05,57.96,56.77,16.87,67.58,6.97,79.63,sunflower,Rabi,2,PB
109.62,50.25,44.16,25.42,63.83,6.67,69.35,sunflower,Rabi,12,MH
74.94,68.99,62.27,24.64,48.11,6.03,69.66,sunflower,Rabi,2,PB
88.02,30.35,46.57,15.91,49.31,6.61,37.51,sunflower,Rabi,11,MH
59.98,61.35,33.61,20.47,51.89,7.25,61.35,sunflower,Rabi,11,KA
109.67,56.45,86.51,16.17,53.19,6.4,33.06,sunflower,Rabi,11,AP
108.66,70.78,35.25,24.05,47.83,6.98,55.31,sunflower,Rabi,12,AP
64.97,29.59,69.9,22.94,53.65,6.59,59.69,sunflower,Rabi,11,MH
63.4,32.78,54.82,17.24,48.48,6.37,32.05,sunflower,Rabi,10,PB
63.82,44.34,75.98,20.4,47.36,7.19,49.5,sunflower,Rabi,2,KA
89.02,25.04,39.93,19.04,49.3,6.23,36.95,sunflower,Rabi,1,AP
68.15,34.6,45.27,23.8,54.21,6.59,70.56,sunflower,Rabi,1,PB
75.0,51.47,62.69,18.95,45.19,6.86,44.87,sunflower,Rabi,10,MH
109.63,27.41,74.92,19.77,69.22,7.18,38.72,sunflower,Rabi,11,MH
78.9,60.66,71.03,21.08,61.34,6.77,46.7,sunflower,Rabi,11,TN
73.57,50.7,66.62,27.57,49.74,6.25,70.99,sunflower,Rabi,3,PB
48.27,36.98,60.33,23.75,49.71,6.59,68.23,sunflower,Rabi,1,PB
82.15,26.04,71.0,24.53,59.54,6.6,58.91,sunflower,Rabi,10,TN
60.27,64.99,73.58,25.13,49.86,7.12,83.18,sunflower,Rabi,11,MH
56.44,56.53,44.26,17.12,55.38,6.75,92.35,sunflower,Rabi,11,PB
79.95,65.99,75.16,17.01,62.45,7.27,75.8,sunflower,Rabi,11,MH
107.59,55.39,75.55,20.24,50.89,7.01,28.49,sunflower,Rabi,2,PB
52.34,47.19,41.47,21.29,70.07,6.15,68.26,sunflower,Rabi,2,KA
112.88,44.81,51.45,15.92,47.54,6.72,62.38,sunflower,Rabi,12,AP
79.2,60.11,75.25,22.84,48.36,6.41,68.68,sunflower,Rabi,1,PB
73.02,49.32,51.43,20.31,57.28,7.52,72.83,sunflower,Rabi,10,TN
55.53,45.03,72.2,20.21,50.83,7.45,67.97,sunflower,Rabi,1,TN
52.28,35.91,51.14,17.17,53.36,7.02,60.99,sunflower,Rabi,12,KA
107.14,46.58,55.17,23.83,53.69,5.99,57.47,sunflower,Rabi,1,AP
64.42,61.28,63.66,19.27,60.65,7.34,52.85,sunflower,Rabi,2,MH
96.82,40.31,35.65,14.51,45.57,6.36,79.86,sunflower,Rabi,11,KA
98.13,78.88,63.85,26.3,63.21,6.56,58.9,sunflower,Rabi,11,AP
67.4,31.11,62.24,20.4,43.54,6.73,65.02,sunflower,Rabi,11,AP
84.53,53.68,64.9,25.03,61.68,6.55,68.47,sunflower,Rabi,12,TN
102.96,37.18,76.92,20.58,56.91,6.01,70.52,sunflower,Rabi,11,MH
69.83,35.94,45.42,22.19,64.85,6.11,72.34,sunflower,Rabi,11,AP
70.86,55.25,38.09,18.9,51.92,6.68,68.39,sunflower,Rabi,2,KA
78.28,36.07,74.64,18.8,67.69,6.98,43.04,sunflower,Rabi,11,PB
72.67,37.76,51.3,12.76,49.41,6.56,78.19,sunflower,Rabi,3,KA
112.58,59.16,37.01,17.68,47.14,7.23,46.84,sunflower,Rabi,10,TN
109.74,43.9,61.73,18.92,66.12,6.42,65.4,sunflower,Rabi,12,KA
55.87,59.8,71.91,19.04,62.7,6.22,46.78,sunflower,Rabi,1,MH
78.49,73.97,50.38,20.79,63.13,7.56,33.16,sunflower,Rabi,10,PB
113.58,53.83,85.07,23.61,63.59,6.94,72.53,sunflower,Rabi,1,AP
73.1,38.56,64.24,16.65,51.68,7.36,77.15,sunflower,Rabi,3,MH
98.96,63.93,74.0,17.98,58.54,6.26,39.17,sunflower,Rabi,1,KA
51.77,65.15,59.91,24.84,63.66,6.89,68.63,sunflower,Rabi,1,TN
90.38,56.29,43.51,15.94,66.45,6.34,56.91,sunflower,Rabi,11,KA
74.98,61.28,61.13,24.98,63.32,6.01,80.25,sunflower,Rabi,12,AP
72.34,55.34,42.8,25.93,52.8,6.52,80.01,sunflower,Rabi,2,KA
87.56,48.76,44.37,22.46,50.5,6.45,72.74,sunflower,Rabi,3,MH
88.55,42.27,56.27,19.03,68.62,6.63,81.75,sunflower,Rabi,2,PB
73.5,73.55,73.78,16.36,67.29,6.3,44.16,sunflower,Rabi,12,MH
92.31,28.6,54.28,22.42,68.26,5.97,48.66,sunflower,Rabi,10,KA
90.15,25.66,39.56,16.84,42.49,6.61,92.83,sunflower,Rabi,12,AP
98.42,55.08,44.58,21.02,49.23,6.55,34.11,sunflower,Rabi,1,TN
58.96,74.8,46.07,18.97,53.57,7.26,65.24,sunflower,Rabi,2,PB
52.18,20.11,40.55,15.15,59.79,6.56,86.7,sunflower,Rabi,11,AP
91.6,48.71,82.62,16.72,45.83,6.82,72.67,sunflower,Rabi,2,KA
75.42,47.68,45.37,16.5,68.31,6.5,32.73,sunflower,Rabi,3,MH
55.22,39.69,59.53,16.01,55.42,7.16,67.68,sunflower,Rabi,2,KA
72.68,33.11,40.33,20.24,53.06,7.31,67.33,sunflower,Rabi,1,KA
62.36,63.2,41.58,22.5,56.14,7.0,29.35,sunflower,Rabi,1,TN
63.23,75.6,60.7,21.23,64.05,6.63,56.5,sunflower,Rabi,2,KA
48.29,58.71,46.1,12.75,56.27,6.66,48.3,sunflower,Rabi,2,PB
101.64,22.8,31.11,18.56,65.84,6.07,60.36,sunflower,Rabi,10,AP
69.86,60.83,41.34,20.98,46.9,6.73,33.53,sunflower,Rabi,1,AP
53.91,43.97,67.51,21.85,52.05,5.71,63.58,sunflower,Rabi,3,TN
62.45,42.57,46.39,16.41,51.84,6.05,60.32,sunflower,Rabi,10,TN
90.72,41.74,85.8,14.62,48.45,7.58,44.26,sunflower,Rabi,10,MH
81.56,49.89,85.6,19.96,59.27,6.08,64.39,sunflower,Rabi,11,PB
68.3,60.17,81.62,16.35,52.67,6.76,93.99,sunflower,Rabi,10,TN
65.11,68.21,52.58,19.12,72.93,6.67,80.22,sunflower,Rabi,1,TN
